time_s,Rp_ohm,Lp_H,Csh_F,electron_density_m3,momentum_collision_Hz,sheath_thickness_m
0.0,27.83359049367427,2.658355668771279e-07,3.594844623306067e-11,416419755852971.25,104702282.01833978,0.0019344543576277728
2e-10,27.737120807676376,2.646371863406611e-07,3.587771970854578e-11,418305467144399.75,104811879.20419863,0.0019382677893246345
4e-10,27.640311457113203,2.6344158008220036e-07,3.580957733417164e-11,420203909426404.44,104920079.23915707,0.0019419561369447406
6e-10,27.543255802327764,2.6224965917722755e-07,3.5744073502890066e-11,422113730112417.8,105026850.70684539,0.0019455149245893655
8e-10,27.446043766014984,2.610622961210816e-07,3.568126223561516e-11,424033587005099.9,105132162.60568479,0.001948939698553604
1e-09,27.34876181169553,2.5988032495317616e-07,3.5621197189533834e-11,425962149600801.8,105235984.3578889,0.0019522260325917462
1.2e-09,27.25149293259761,2.5870454147690715e-07,3.556393166877001e-11,427898100373669.7,105338285.81834221,0.001955369533187976
1.4000000000000001e-09,27.15431665022863,2.5753570356731524e-07,3.550951863729119e-11,429840136037972.75,105439037.28335273,0.0019583658448262408
1.6e-09,27.057309021926606,2.5637453155875294e-07,3.545801073394473e-11,431786968787268.4,105538209.49927674,0.0019612106552531197
1.8e-09,26.960542656693253,2.552217087050262e-07,3.540946028951014e-11,433737327509044.06,105635773.6710126,0.001963899700727518
2e-09,26.86408673862641,2.5407788170473056e-07,3.5363919345652517e-11,435689958973507.7,105731701.47036155,0.001966428771251027
2.2000000000000003e-09,26.768007057288205,2.5294366128477733e-07,3.5321439675662525e-11,437643628995228.4,105825965.04425296,0.001968793715772785
2.4e-09,26.672366044367113,2.518196228354027e-07,3.5282072806867674e-11,439597123566364.5,105918537.0228317,0.001970990447362712
2.6e-09,26.57722281601518,2.507063070902631e-07,3.524587004460015e-11,441549249960250.1,106009390.52740481,0.0019730149483470016
2.8000000000000003e-09,26.482633220268056,2.496042208455471e-07,3.521288249760677e-11,443498837804147.06,106098499.17824617,0.001974863275399797
3e-09,26.38864988898158,2.485138377123646e-07,3.5183161104787354e-11,445444740120006.8,106185837.10225579,0.0019765315645850125
3.2e-09,26.295322293747176,2.4743559889701304e-07,3.5156756663148377e-11,447385834332127.4,106271378.94047228,0.0019780160363423115
3.4000000000000003e-09,26.20269680527695,2.463699140040602e-07,3.5133719856860086e-11,449321023240627.75,106355099.85543579,0.001979313000411303
3.6e-09,26.110816755778597,2.4531716185752065e-07,3.5114101287305545e-11,451249235959706.3,106436975.53839983,0.001980418860688092
3.8e-09,26.01972250386969,2.442776913357401e-07,3.509795150401204e-11,453169428819689.75,106516982.21638942,0.0019813301200083634
4e-09,25.929451501610114,2.4325182221592993e-07,3.508532103635547e-11,455080586231926.6,106595096.65910351,0.0019820433848512825
4.2e-09,25.84003836326111,2.4223984602462134e-07,3.507626042592985e-11,456981721515618.44,106671296.18566023,0.001982555369958553
4.4000000000000005e-09,25.7515149354073,2.412420268906172e-07,3.507082025947505e-11,458871877685733.8,106745558.67118225,0.0019828629028630766
4.6e-09,25.66391036810712,2.402586023973317e-07,3.5069051202256545e-11,460750128201192.06,106817862.55322088,0.0019829629283217463
4.8e-09,25.577251186763814,2.3928978443169545e-07,3.507100403179192e-11,462615577672554.44,106888186.83801675,0.0019828525126470067
5e-09,25.49156136443638,2.383357600270902e-07,3.50767296718195e-11,464467362528507.2,106956511.1065956,0.0019825288479319255
5.2e-09,25.40686239433511,2.3739669219804569e-07,3.5086279226404984e-11,466304651640470.94,107022815.52069691,0.001981989256163632
5.4e-09,25.323173362271447,2.364727207646877e-07,3.509970401408202e-11,468126646904721.6,107087080.82853393,0.0019812311932200957
5.6000000000000005e-09,25.240511018855635,2.3556396316517344e-07,3.5117055601923095e-11,469932583781456.56,107149288.3703838,0.0019802522527453494
5.8e-09,25.158889851257914,2.3467051525457703e-07,3.5138385839436585e-11,471721731790294.5,107209420.08400527,0.0019790501698983827
6e-09,25.078322154371108,2.3379245208891104e-07,3.516374689218539e-11,473493394961745.9,107267458.50988315,0.0019776228249710854
6.2e-09,24.998818101232423,2.3292982869316938e-07,3.519319127502197e-11,475246912244245.5,107323386.7962979,0.0019759682468707433
6.4e-09,24.920385812581806,2.3208268081247292e-07,3.522677188483333e-11,476981657866391.1,107377188.70421846,0.0019740846164627473
6.6e-09,24.843031425452242,2.31251025645575e-07,3.526454203268808e-11,478697041654085.44,107428848.61201745,0.001971970269769333
6.8000000000000005e-09,24.766759160704634,2.3043486256015338e-07,3.5306555475275866e-11,480392509302330.8,107478351.52000687,0.0019696237010203145
7.000000000000001e-09,24.691571389435488,2.2963417378946625e-07,3.5352866445527355e-11,482067542601482.7,107525683.05479337,0.0019670435655519468
7.2e-09,24.61746869820087,2.2884892511009618e-07,3.540352968230007e-11,483721659617819.44,107570829.47345167,0.001964228682550221
7.4e-09,24.544449953013633,2.280790665006347e-07,3.545860045901271e-11,485354414828340.8,107613777.66751483,0.001961178037635052
7.6e-09,24.472512362083776,2.2732453278128196e-07,3.5518134611106554e-11,486965399209762.8,107654515.16678035,0.00195789078528202
7.8e-09,24.40165153728354,2.2658524423444572e-07,3.558218856220898e-11,488554240281729.75,107693030.14293098,0.001954366251078479
8e-09,24.331861554329745,2.25861107206525e-07,3.565081934886939e-11,490120602104317.4,107729311.41296916,0.0019506039338110547
8.2e-09,24.26313501168556,2.2515201469115377e-07,3.5724084643733084e-11,491664185229958.6,107763348.44246392,0.0019466035073817099
8.4e-09,24.195463088193115,2.2445784689426206e-07,3.580204277701245e-11,493184726609972.94,107795131.34860975,0.0019423648225497935
8.600000000000001e-09,24.128835599456213,2.237784717813855e-07,3.5884752756109765e-11,494681999455937.2,107824650.903096,0.001937887908497624
8.800000000000001e-09,24.063241053,2.231137456077201e-07,3.597227428323821e-11,496155813056187.75,107851898.53478652,0.0019331729742174057
9e-09,23.998666702240733,2.2246351343147615e-07,3.6064667770881074e-11,497606012547795.5,107876866.3322081,0.0019282204097174468
9.2e-09,23.935098599304677,2.2182760961113555e-07,3.6161994354921205e-11,499032478644411.3,107899547.04584779,0.0019230307870458554
9.4e-09,23.872521646740093,2.2120585828726092e-07,3.626431590526393e-11,500435127320427.25,107919934.09025775,0.0019176048611301052
9.6e-09,23.810919648170856,2.2059807384954273e-07,3.637169503376823e-11,501813909451953.56,107938021.54596741,0.001911943570431044
9.8e-09,23.750275357943625,2.2000406138980056e-07,3.648419509929042e-11,503168810415160.1,107953804.16120215,0.0019060480374101605
1e-08,23.69057052982398,2.1942361714168143e-07,3.660188020963499e-11,504499849642582.2,107967277.35340823,0.0018999195688090963
1.02e-08,23.631785964799008,2.1885652890781777e-07,3.6724815220195684e-11,505807080138039.9,107978437.21058328,0.0018935596557406278
1.04e-08,23.573901558046085,2.1830257647522187e-07,3.685306572905828e-11,507090587950868.94,107987280.49241236,0.0018869699735905496
1.06e-08,23.516896345128863,2.1776153201970681e-07,3.698669806832449e-11,508350491610207.06,107993804.63120846,0.001880152381730087
1.08e-08,23.460748547482215,2.1723316050012388e-07,3.7125779291402765e-11,509586941520130.8,107998007.73265846,0.0018731089230387
1.1000000000000001e-08,23.405435617248568,2.1671722004321578e-07,3.727037715599866e-11,510800119316476.94,107999888.57637279,0.0018658418232373416
1.1200000000000001e-08,23.35093428152774,2.1621346231987483e-07,3.74205601025226e-11,511990237186235.06,107999446.61624,0.0018583534900324494
1.1400000000000001e-08,23.297220586101805,2.157216329135927e-07,3.757639722761817e-11,513157537150436.7,107996681.98058516,0.0018506465120711583
1.16e-08,23.244269938695872,2.1524147168187783e-07,3.7737958252498e-11,514302290311510.06,107991595.47213277,0.0018427236577084499
1.18e-08,23.192057151833936,2.1477271311140167e-07,3.7905313485758535e-11,515424796066112.1,107984188.56777358,0.0018345878735871455
1.2e-08,23.14055648534736,2.1431508666761836e-07,3.807853378032774e-11,516525381284488.7,107974463.41813579,0.0018262422830318697
1.22e-08,23.089741688591484,2.1386831713958256e-07,3.825769048418238e-11,517604399457453.4,107962422.8469606,0.0018176901842583372
1.24e-08,23.039586042423135,2.1343212498066558e-07,3.8442855384454063e-11,518662229812113.94,107948070.35028231,0.0018089350483994873
1.26e-08,22.990062400989345,2.1300622664584586e-07,3.863410064452424e-11,519699276397508.56,107931410.09541331,0.001799980517350238
1.28e-08,22.9411432333739,2.1259033492621742e-07,3.8831498733690135e-11,520715967141354.6,107912446.91973396,0.0017908304014328086
1.3e-08,22.892800665145604,2.1218415928133253e-07,3.9035122348964446e-11,521712752879139.44,107891186.32928815,0.001781488676884773
1.32e-08,22.845006519847573,2.1178740616995603e-07,3.924504432855225e-11,522690106356822.1,107867634.4971845,0.0017719594831722095
1.3400000000000001e-08,22.797732360463687,2.11399779379776e-07,3.9461337556529664e-11,523648521208438.3,107841798.26180404,0.0017622471201304989
1.3600000000000001e-08,22.75094953089333,2.1102098035657371e-07,3.968407485822895e-11,524588510909935.75,107813685.12481461,0.0017523560449355378
1.3800000000000001e-08,22.704629197461653,2.106507085333166e-07,3.9913328885816463e-11,525510607710591.0,107783303.24899277,0.0017422908689082995
1.4000000000000001e-08,22.658742390487433,2.102886616595938e-07,4.014917199353032e-11,526415361543385.9,107750661.45585361,0.0017320563541558902
1.42e-08,22.613260045925852,2.0993453613176785e-07,4.0391676102027e-11,527303338915747.3,107715769.2230895,0.0017216574100524169
1.44e-08,22.56815304709865,2.0958802732417365e-07,4.064091255126851e-11,528175121782072.7,107678636.68181807,0.0017110990895631687
1.46e-08,22.52339226651843,2.0924882992164012e-07,4.089695194136524e-11,529031306399489.25,107639274.61364076,0.001700386585415795
1.48e-08,22.478948607808835,2.0891663825356805e-07,4.115986396077441e-11,529872502168310.25,107597694.4475121,0.001689525226122334
1.5000000000000002e-08,22.434793047716827,2.0859114662974e-07,4.14297172012407e-11,530699330458672.44,107553908.25642152,0.001678520471856114
1.52e-08,22.390896678207675,2.082720496779915e-07,4.17065789588533e-11,531512423424848.94,107507928.75388773,0.0016673779101877186
1.54e-08,22.347230748627446,2.079590426838134e-07,4.199051502058506e-11,532312422808754.0,107459769.29026735,0.0016561032516843606
1.56e-08,22.303766707912626,2.0765182193190827e-07,4.228158943567149e-11,533099978734159.7,107409443.84887853,0.0016447023253771753
1.58e-08,22.260476246820442,2.073500850496641e-07,4.2579864271184755e-11,533875748493160.1,107356967.04194096,0.0016331810741010843
1.6e-08,22.217331340147986,2.0705353135245646e-07,4.28853993511573e-11,534640395326425.7,107302354.10633291,0.0016215455497120208
1.62e-08,22.174304288902835,2.0676186219063592e-07,4.319825197861326e-11,535394587198795.75,107245620.8991674,0.0016098019081864775
1.64e-08,22.13136776238202,2.0647478129800067e-07,4.351847663987601e-11,536138995571764.4,107186783.89318784,0.0015979564046084227
1.66e-08,22.088494840111505,2.06191995141505e-07,4.384612469053277e-11,536874294174414.4,107125860.17198513,0.0015860153880488115
1.68e-08,22.045659053592388,2.0591321327189536e-07,4.418124402245873e-11,537601157774360.7,107062867.42503741,0.0015739852963429955
1.7e-08,22.002834427795822,2.056381486749192e-07,4.452387871132913e-11,538320260950254.9,106997823.94257382,0.0015618726507714892
1.7200000000000002e-08,21.959995522343295,2.0536651812269705e-07,4.487406864408287e-11,539032276867410.94,106930748.61026376,0.0015496840506496303
1.74e-08,21.91711747230484,2.0509804252480136e-07,4.5231849125843675e-11,539737876058098.3,106861660.90373352,0.0015374261678317979
1.7600000000000002e-08,21.87417602854328,2.0483244727853704e-07,4.55972504658571e-11,540437725208047.25,106790580.88291131,0.0015251057411359362
1.78e-08,21.83114759752889,2.0456946261787498e-07,4.597029754206353e-11,541132485950701.6,106717529.18620278,0.0015127295706942327
1.8e-08,21.78800928054538,2.0430882396044584e-07,4.6351009344001e-11,541822813670745.56,106642527.02449864,0.001500304512235875
1.82e-08,21.74473891220465,2.040502722519621e-07,4.673939849381648e-11,542509356318417.44,106565596.17501591,0.001487837471307894
1.84e-08,21.70131509818568,2.0379355430740123e-07,4.713547074526271e-11,543192753236109.2,106486758.97497484,0.001475335397440175
1.86e-08,21.657717252109958,2.0353842314824567e-07,4.7539224460670146e-11,543873633998740.75,106406038.31511323,0.0014628052782607722
1.88e-08,21.61392563146464,2.0328463833505105e-07,4.795065006601067e-11,544552617269372.2,106323457.63303989,0.001450254133567734
1.9e-08,21.569921372482945,2.0303196629458223e-07,4.836972948431356e-11,545230309671505.9,106239040.90642954,0.0014376890093636791
1.92e-08,21.52568652389084,2.0278018064074007e-07,4.879643554785437e-11,545907304679506.3,106152812.64606078,0.0014251169718594266
1.9400000000000002e-08,21.48120407942848,2.0252906248848135e-07,4.9230731389716106e-11,546584181528543.5,106064797.88869908,0.0014125451014529995
1.96e-08,21.436458009055656,2.0227840075992273e-07,4.967256981551921e-11,547261504145441.8,105975022.18982762,0.0013999804866903687
1.9800000000000002e-08,21.391433288750793,2.0202799248181093e-07,5.012189265633427e-11,547939820101792.6,105883511.61622672,0.0013874302182143065
2e-08,21.346115928815077,2.017776430735379e-07,5.057863010402775e-11,548619659590658.8,105790292.73840553,0.0013749013827077563
2.0200000000000002e-08,21.30049300059491,2.0152716662488227e-07,5.10427000305501e-11,549301534428172.3,105695392.62288703,0.0013624010568381063
2.04e-08,21.25455266153868,2.0127638616266456e-07,5.151400729295354e-11,549985937081295.75,105598838.82434918,0.0013499363012087816
2.06e-08,21.2082841785069,2.010251339055136e-07,5.199244302622785e-11,550673339722986.7,105500659.37762427,0.0013375141543245388
2.08e-08,21.161677949258635,2.007732515059629e-07,5.2477883926363156e-11,551364193315971.0,105400882.78955895,0.001325141626576848
2.1e-08,21.1147255220413,2.005205902791131e-07,5.2970191526390373e-11,552058926726292.44,105299538.030737,0.00131282569425572
2.12e-08,21.067419613215737,2.0026701141712597e-07,5.346921146851116e-11,552757945867780.06,105196654.52706777,0.0013005732935943042
2.14e-08,21.019754122853904,2.0001238618884822e-07,5.3974772775808545e-11,553461632878523.56,105092262.15124206,0.0012883913148525558
2.16e-08,20.971724148252246,1.99756596123898e-07,5.4486687127425665e-11,554170345330420.0,104986391.21405855,0.001276286596446215
2.18e-08,20.92332599531004,1.9949953318058987e-07,5.500474814150979e-11,554884415472808.75,104879072.45562296,0.001264265919127307
2.2000000000000002e-08,20.874557187728755,1.9924109989711996e-07,5.552873067064129e-11,555604149511172.1,104770337.03642236,0.0012523360002222935
2.22e-08,20.82541647399568,1.9898120952548322e-07,5.60583901148964e-11,556329826921836.6,104660216.52827777,0.0012405034879339652
2.2400000000000002e-08,20.775903832122108,1.987197861476471e-07,5.65934617581269e-11,557061699803568.0,104548742.905177,0.0012287749557130735
2.26e-08,20.72602047211444,1.9845676477356555e-07,5.713366013347252e-11,557799992266904.7,104435948.53399093,0.0012171568967056356
2.2800000000000002e-08,20.675768836164504,1.9819209142067893e-07,5.7678678424549087e-11,558544899862032.1,104321866.16507564,0.0012056557182817517
2.3e-08,20.625152596553157,1.9792572317460377e-07,5.822818790916892e-11,559296589045954.94,104206528.92276314,0.001194277736651696
2.32e-08,20.57417665127025,1.976576282307917e-07,5.878183745284565e-11,560055196689670.3,104089970.29574364,0.0011830291715749254
2.34e-08,20.522847117361632,1.9738778591699541e-07,5.933925305970211e-11,560820829626005.9,103972224.12734191,0.0011719161411675681
2.36e-08,20.471171322022975,1.9711618669645592e-07,5.990003748873258e-11,561593564238731.06,103853324.60569075,0.001160944656813825
2.38e-08,20.41915779146841,1.9684283215179575e-07,6.046376994365716e-11,562373446093500.1,103733306.25380424,0.0011501206181866095
2.4e-08,20.366816237610163,1.9656773494967108e-07,6.10300058448383e-11,563160489611141.2,103612203.919554,0.001139449808382632
2.42e-08,20.314157542593808,1.9629091878631153e-07,6.159827669189816e-11,563954677783746.1,103490052.7655507,0.0011289378891769935
2.44e-08,20.261193741241968,1.960124183141468e-07,6.216809002576642e-11,564755961933970.5,103366888.25893465,0.0011185903964022353
2.4600000000000002e-08,20.20793800146666,1.9573227904978974e-07,6.273892949889547e-11,565564261517899.6,103242746.16107765,0.0011084127354566383
2.48e-08,20.15440460271854,1.954505572637168e-07,6.331025506228842e-11,566379463971781.0,103117662.51719958,0.001098410176946431
2.5000000000000002e-08,20.1006089125482,1.9516731985205404e-07,6.388150327778737e-11,567201424602874.0,102991673.64590241,0.0010885878524664009
2.52e-08,20.04656736136162,1.9488264419094316e-07,6.445208776375208e-11,568029966524614.5,102864816.12862502,0.0010789507505232687
2.5400000000000002e-08,19.99229741545838,1.9459661797402713e-07,6.502139978181648e-11,568864880636234.2,102737126.79902154,0.0010695037126060034
2.56e-08,19.937817548446976,1.9430933903365297e-07,6.558880897182948e-11,569705925646926.9,102608642.73226666,0.0010602514294071072
2.58e-08,19.883147211137295,1.9402091514645011e-07,6.615366424136533e-11,570552828144596.0,102479401.23429051,0.0010511984371987173
2.6e-08,19.82830680001517,1.9373146382399435e-07,6.671529481531591e-11,571405282709164.8,102349439.83094686,0.0010423491143672107
2.62e-08,19.773317624408214,1.934411120893184e-07,6.727301145005608e-11,572262952070375.8,102218796.25711723,0.0010337076781098066
2.64e-08,19.718201872456174,1.931499962400758e-07,6.782610781549664e-11,573125467309956.6,102087508.44575442,0.001025278181296488
2.66e-08,19.66298257600197,1.928582615992053e-07,6.837386204701299e-11,573992428107969.5,101955614.51686855,0.0010170645095003799
2.6800000000000002e-08,19.607683574522532,1.9256606225398137e-07,6.89155384677658e-11,574863403033111.9,101823152.76645866,0.0010090703781995185
2.7e-08,19.552329478220386,1.92273560784367e-07,6.945038948031801e-11,575737929876681.9,101690161.65539338,0.001001299330152777
2.7200000000000002e-08,19.496945630398084,1.9198092798161055e-07,6.997765762471747e-11,576615516029870.8,101556679.79824358,0.0009937547329524903
2.74e-08,19.44155806923898,1.9168834255805404e-07,7.049657779836533e-11,577495638903987.4,101422745.9520705,0.0009864397767561477
2.7600000000000002e-08,19.386193489117254,1.913959908491325e-07,7.100637963105268e-11,578377746393174.0,101288399.00517237,0.0009793574721993039
2.78e-08,19.330879201560276,1.9110406650855876e-07,7.150629000653816e-11,579261257379115.2,101153677.96579319,0.0009725106484916707
2.8000000000000003e-08,19.275643095984897,1.9081277019769274e-07,7.199553571999155e-11,580145562277195.8,101018621.95079632,0.000965901951698125
2.82e-08,19.220513600328044,1.9052230927009707e-07,7.247334625856317e-11,581030023623508.1,100883270.17430682,0.0009595338432061878
2.84e-08,19.165519641689492,1.9023289745227518e-07,7.29389566902986e-11,581913976702066.1,100747661.93632548,0.0009534085983812997
2.86e-08,19.110690607102434,1.899447545215836e-07,7.339161064463062e-11,582796730211525.5,100611836.61131778,0.0009475283054110156
2.88e-08,19.05605630454386,1.8965810598229214e-07,7.38305633657866e-11,583677566970670.2,100475833.6367815,0.0009418948643390324
2.9e-08,19.001646924293475,1.893731827407527e-07,7.425508481868685e-11,584555744661873.9,100339692.50179562,0.00093650998628974
2.92e-08,18.947493000745848,1.890902207806137e-07,7.466446282531411e-11,585430496611695.5,100203452.7355548,0.0009313751928837954
2.9400000000000002e-08,18.893625374775695,1.888094608389917e-07,7.505800620814988e-11,586301032607731.1,100067153.89589156,0.0009264918158449712
2.96e-08,18.840075156752008,1.885311480844833e-07,7.543504791612618e-11,587166539750789.9,99930835.55779082,0.0009218609967983569
2.9800000000000002e-08,18.7868736902909,1.8825553179786563e-07,7.57949481076767e-11,588026183341428.2,99794537.3018988,0.0009174836872597403
3.0000000000000004e-08,18.734052516832495,1.87982865056302e-07,7.61370971649072e-11,588879107799823.9,99658298.7030309,0.0009133606488158086
3.02e-08,18.681643341120772,1.8771340442182452e-07,7.646091861267528e-11,589724437617942.2,99522159.31868076,0.000909492453494586
3.04e-08,18.629677997660103,1.8744740963483055e-07,7.676587191648943e-11,590561278342895.0,99386158.67753462,0.0009058794843253056
3.06e-08,18.578188418215827,1.8718514331328126e-07,7.70514551336174e-11,591388717590363.5,99250336.26799408,0.0009025219360867263
3.08e-08,18.52720660042037,1.8692687065824822e-07,7.731720739264915e-11,592205826086915.0,99114731.52671029,0.000899419816242657
3.1e-08,18.476764577540084,1.8667285916640548e-07,7.756271117797413e-11,593011658740006.9,98979383.8271335,0.0008965729460632843
3.12e-08,18.42689438945189,1.86423378350017e-07,7.778759439721207e-11,593805255734438.2,98844332.46808074,0.000893980961930663
3.14e-08,18.377628054872496,1.8617869946491993e-07,7.799153221155215e-11,594585643653977.1,98709616.66232519,0.000891643316826535
3.16e-08,18.328997544876795,1.859390952469532e-07,7.81742486111872e-11,595351836626857.6,98575275.52521063,0.0008895592820004442
3.18e-08,18.281034757735835,1.8570483965723232e-07,7.833551772054567e-11,596102837493813.2,98441348.06329413,0.0008877279488159039
3.2e-08,18.23377149509886,1.8547620763662017e-07,7.847516482078202e-11,596837638997280.9,98307873.16302024,0.0008861482307721888
3.2200000000000004e-08,18.18723943953765,1.8525347486969076e-07,7.859306707994545e-11,597555224990390.9,98174889.57943025,0.0008848188656991164
3.24e-08,18.141470133466004,1.8503691755843912e-07,7.868915398435399e-11,598254571664318.5,98042435.92490937,0.0008837384181220056
3.26e-08,18.096494959441,1.848268122059316e-07,7.87634074679069e-11,598934648792569.2,97910550.65797555,0.0008829052817937958
3.28e-08,18.052345121847793,1.8462343541005375e-07,7.881586173931338e-11,599594420990725.6,97779272.07211281,0.000882317682391145
3.3000000000000004e-08,18.009051629963803,1.844270636674539e-07,7.884660281044894e-11,600232848990183.4,97648638.2846526,0.0008819736803711245
3.32e-08,17.96664528239364,1.8423797318774387e-07,7.885576773221201e-11,600848890924370.5,97518687.2257062,0.0008818711739849698
3.34e-08,17.9251566528608,1.8405643971796606e-07,7.884354354729336e-11,601441503625935.2,97389456.62715161,0.0008820079024451608
3.36e-08,17.88461607733776,1.8388273837729636e-07,7.881016597213632e-11,602009643933373.2,97260984.01167785,0.0008823814492419455
3.38e-08,17.845053642491834,1.8371714350190982e-07,7.875591782301314e-11,602552270005542.8,97133306.68189019,0.0008829892456052559
3.4e-08,17.80649917541959,1.8355992849989305e-07,7.868112720353177e-11,603068342642519.0,97006461.70947905,0.0008838285741077997
3.42e-08,17.768982234639353,1.8341136571605304e-07,7.858616547298218e-11,603556826611214.1,96880485.92445613,0.0008848965724049721
3.4400000000000004e-08,17.73253210230708,1.8327172630642956e-07,7.847144501670953e-11,604016691974195.9,96755415.90446067,0.0008861902371070659
3.46e-08,17.697177777618002,1.8314128012228972e-07,7.833741684113866e-11,604446915420118.1,96631287.96413888,0.0008877064277791306
3.48e-08,17.66294797135296,1.8302029560334323e-07,7.81845680171637e-11,604846481594184.9,96508138.14459991,0.0008894418710636835
3.5e-08,17.629871101525687,1.8290903967989143e-07,7.801341899635045e-11,605214384427058.0,96386002.2029511,0.0008913931649213462
3.5200000000000004e-08,17.597975290084516,1.8280777768358938e-07,7.782452082478253e-11,605549628460623.4,96264915.60191579,0.0008935567829843586
3.54e-08,17.567288360619706,1.8271677326647546e-07,7.761845227942545e-11,605851230169029.5,96144913.4995365,0.0008959290790177898
3.56e-08,17.537837837025194,1.8263628832789475e-07,7.739581695159965e-11,606118219273416.4,96026030.73896663,0.0008985062914831678
3.58e-08,17.509650943061903,1.8256658294892054e-07,7.715724030157004e-11,606349640048758.6,95908301.83835366,0.0009012845481991254
3.6e-08,17.482754602767653,1.8250791533385395e-07,7.69033667073966e-11,606544552621252.1,95791760.9808166,0.0009042598710935687
3.62e-08,17.457175441657377,1.8246054175836208e-07,7.663485653008446e-11,606702034254683.0,95676442.0045208,0.0009074281810417745
3.64e-08,17.43293978865587,1.824247165237957e-07,7.635238321574909e-11,606821180624228.0,95562378.3928528,0.0009107853027847318
3.6600000000000003e-08,17.410073678704023,1.8240069191720845e-07,7.605663045401219e-11,606901107076151.4,95449603.26469839,0.0009143269699219687
3.68e-08,17.388602855978586,1.823887181765861e-07,7.57482894102002e-11,606940949871869.0,95338149.36482635,0.0009180488299730188
3.7e-08,17.36855277766441,1.823890434607764e-07,7.542805604716366e-11,606939867414876.8,95228049.05438082,0.0009219464495016222
3.72e-08,17.349948618217386,1.824019138235968e-07,7.509662855071166e-11,606897041459051.8,95119334.30148512,0.0009260153192966862
3.7400000000000004e-08,17.33281527405574,1.824275731915877e-07,7.475470487078722e-11,606811678296855.8,95012036.67195968,0.0009302508596039835
3.76e-08,17.317177368616584,1.8246626334486254e-07,7.440298038863527e-11,606683009925991.4,94906187.32015678,0.0009346484254025114
3.78e-08,17.30305925771423,1.8251822390049945e-07,7.404214571835799e-11,606510295193086.8,94801816.97991465,0.0009392033117193957
3.8e-08,17.290485035136413,1.825836922979061e-07,7.367288464943976e-11,606292820913006.1,94698955.95563385,0.0009439107589771933
3.8200000000000005e-08,17.279478538414153,1.8266290378558403e-07,7.32958722350808e-11,606029902962411.5,94597634.11347821,0.0009487659583674131
3.84e-08,17.27006335470073,1.8275609140870593e-07,7.291177302951859e-11,605720887346228.5,94497880.8727031,0.0009537640572440631
3.86e-08,17.262262826695014,1.8286348599691553e-07,7.252123947596076e-11,605365151235698.5,94399725.19711336,0.000958900164531015
3.8800000000000003e-08,17.256100058544053,1.8298531615174942e-07,7.212491044531082e-11,604962103976731.9,94303195.58665352,0.0009641693561369693
3.9e-08,17.251597921659883,1.8312180823307497e-07,7.172340992454916e-11,604511188067307.5,94208320.06913279,0.0009695666803718133
3.92e-08,17.2487790603849,1.8327318634393065e-07,7.13173458524427e-11,604011880102698.6,94115126.19208696,0.0009750871633581699
3.94e-08,17.247665897440502,1.8343967231315018e-07,7.09073090992013e-11,603463691687341.4,94023641.01477996,0.0009807258144319457
3.9600000000000004e-08,17.248280639092805,1.8362148567514306e-07,7.049387258577556e-11,602866170312199.0,93933891.10034695,0.000986477631525722
3.98e-08,17.25064527996969,1.8381884364620085e-07,7.007759053770177e-11,602218900196512.8,93845902.50808175,0.000992337606528852
4e-08,17.254781607462665,1.840319610966911e-07,6.965899786773724e-11,601521503092867.9,93759700.78587021,0.0009983007306181737
4.02e-08,17.26071120564699,1.842610505184934e-07,6.923860968099341e-11,600773639054551.4,93675310.96277244,0.001004361999553284
4.0400000000000004e-08,17.26845545865312,1.845063219870295e-07,6.881692089585237e-11,599975007164208.6,93592757.54175548,0.001010516418930379
4.06e-08,17.278035553422054,1.8476798311722957e-07,6.839440597364354e-11,599125346222860.5,93512064.49257864,0.0010167590093887221
4.08e-08,17.289472481776933,1.8504623901277272e-07,6.797151874984787e-11,598224435398380.9,93433255.24483389,0.0010230848117638617
4.1e-08,17.302787041742626,1.8534129220793377e-07,6.754869235948151e-11,597272094832579.4,93356352.68114288,0.001029488892181801
4.12e-08,17.317999838044436,1.8565334260135946e-07,6.71263392492792e-11,596268186206086.6,93281379.13051303,0.0010359663470883916
4.14e-08,17.33513128171679,1.8598258738109552e-07,6.670485126933937e-11,595212613260277.6,93208356.36185394,0.0010425123082083234
4.16e-08,17.354201588751742,1.86329220940174e-07,6.628459983700266e-11,594105322275526.2,93137305.57765695,0.0010491219474281506
4.1800000000000004e-08,17.375230777716805,1.8669343478206894e-07,6.586593616589845e-11,592946302505126.8,93068247.40783878,0.001055790481597922
4.2e-08,17.39823866627067,1.8707541741531902e-07,6.544919155330847e-11,591735586564271.9,93001201.90375148,0.0010625131772460618
4.22e-08,17.42324486650475,1.8747535423661094e-07,6.503467771924822e-11,590473250773525.0,92936188.53236052,0.0010692853552022763
4.24e-08,17.450268779037614,1.8789342740161087e-07,6.46226871909523e-11,589159415456278.8,92873226.17059253,0.001076102395123367
4.2600000000000004e-08,17.47932958578861,1.8832981568282636e-07,6.421349372676055e-11,587794245189740.1,92812333.09985411,0.0010829597399169594
4.28e-08,17.510446241356128,1.8878469431377492e-07,6.380735277372998e-11,586377949009039.5,92753527.00072388,0.0010898529000582886
4.3e-08,17.543637462925147,1.8925823481873153e-07,6.340450195364146e-11,584910780564109.6,92696824.94781883,0.0010967774577952981
4.32e-08,17.57892171862785,1.8975060482732335e-07,6.300516157241761e-11,583393038229038.4,92642243.4048366,0.0011037290712374809
4.3400000000000005e-08,17.616317214280276,1.9026196787323615e-07,6.260953514832391e-11,581825065163649.5,92589798.21977514,0.0011107034783239967
4.36e-08,17.65584187841731,1.9079248317629584e-07,6.221780995467568e-11,580207249327122.0,92539504.62033129,0.0011176965006667824
4.38e-08,17.697513345547524,1.9134230540718723e-07,6.183015757312111e-11,578540023443512.2,92491377.2094792,0.001124704047264513
4.4000000000000004e-08,17.741348937548803,1.9191158443407257e-07,6.144673445391308e-11,576823864919099.2,92445429.96123037,0.0011317221180834188
4.42e-08,17.787365643125135,1.9250046505037528e-07,6.106768247991004e-11,575059295711524.8,92401676.21657628,0.0011387468075011572
4.44e-08,17.835580095244584,1.9310908668299835e-07,6.069312953136817e-11,573246882150760.8,92360128.67961463,0.001145774307610074
4.46e-08,17.886008546478376,1.9373758308025458e-07,6.032319004889065e-11,571387234711983.4,92320799.4138608,0.001152800911376383
4.4800000000000004e-08,17.938666842160565,1.943860819787924e-07,5.995796559219125e-11,569481007740498.2,92283699.83874504,0.0011598230156519632
4.5e-08,17.99357039128854,1.9505470474881753e-07,5.959754539260581e-11,567528899128904.0,92248840.72629692,0.0011668371240356437
4.52e-08,18.0507341350844,1.9574356601692176e-07,5.924200689754349e-11,565531649946747.2,92216232.19801739,0.0011738398495810486
4.54e-08,18.11017251313863,1.9645277326585314e-07,5.889141630531397e-11,563490044022968.4,92185883.72194025,0.001180827917348237
4.5600000000000005e-08,18.171899427057806,1.9718242641058205e-07,5.854582908899265e-11,561404907481496.5,92157804.10988282,0.0011877981667965892
4.58e-08,18.23592820154037,1.9793261735004903e-07,5.8205290508197286e-11,559277108230400.44,92132001.51488753,0.0011947475540165582
4.6e-08,18.302271542805553,1.987034294940095e-07,5.78698361078428e-11,557107555405062.4,92108483.4288546,0.0012016731537981221
4.6200000000000003e-08,18.37094149430342,1.9949493726443218e-07,5.753949220312101e-11,554897198765887.06,92087256.68036671,0.0012085721615339514
4.64e-08,18.441949389636697,2.003072055709505e-07,5.721427635011418e-11,552647028051116.3,92068327.43270637,0.0012154418949555258
4.66e-08,18.515305802628436,2.0114028925991902e-07,5.689419780160155e-11,550358072285365.4,92051701.18206625,0.0012222797957006147
4.68e-08,18.59102049447378,2.0199423253668322e-07,5.657925794775194e-11,548031399044555.7,92037382.75595346,0.0012290834307107585
4.7000000000000004e-08,18.66910235791891,2.0286906836073997e-07,5.626945074151785e-11,545668113677958.56,92025376.31178784,0.0012358504934575814
4.72e-08,18.749559358415592,2.03764817813537e-07,5.596476310865551e-11,543269358488124.5,92015685.33569476,0.001242578804996974
4.74e-08,18.83239847220663,2.0468148943874645e-07,5.5665175342392286e-11,540836311869510.6,92008312.641493,0.0012492663148504024
4.76e-08,18.917625621304197,2.0561907855493697e-07,5.537066148285019e-11,538370187406677.75,92003260.36987767,0.0012559111017127823
4.7800000000000005e-08,19.00524560533195,2.0657756654067616e-07,5.508118968140889e-11,535872232932962.6,92000529.98779866,0.001262511373986597
4.8e-08,19.09526203021076,2.075569200922053e-07,5.4796722550258724e-11,533343729550586.3,92000122.28803483,0.0012690654701421292
4.82e-08,19.187677233678333,2.0855709045395613e-07,5.451721749745185e-11,530785990613199.75,92002037.38896358,0.001275571858903882
4.84e-08,19.282492207644925,2.0957801262231605e-07,5.424262704780862e-11,528200360671911.7,92006274.73452675,0.0012820291392634773
4.8600000000000005e-08,19.37970651740002,2.106196045232e-07,5.3972899150077384e-11,525588214385884.3,92012833.09439185,0.001288436040319546
4.88e-08,19.47931821769898,2.1168176616414718e-07,5.370797747078241e-11,522950955398628.44,92021710.56430943,0.0012947914209452886
4.9e-08,19.5813237657747,2.1276437876184344e-07,5.344780167522079e-11,520290015181161.0,92032904.56666593,0.0013010942692846428
4.9200000000000004e-08,19.68571793133587,2.1386730384615598e-07,5.319230769609404e-11,517606851843236.94,92046411.8512321,0.0013073437020781548
4.94e-08,19.792493703632577,2.149903823419785e-07,5.2941427990275656e-11,514902948913891.75,92062228.49610674,0.001313538963819888
4.96e-08,19.90164219568975,2.161334336304014e-07,5.2695091784230034e-11,512179814092579.3,92080349.90885547,0.0013196794257468814
4.98e-08,20.013152545831076,2.172962545909622e-07,5.2453225308605374e-11,509438977972214.06,92100770.8278441,0.0013257645846628844
5.0000000000000004e-08,20.127011816639346,2.1847861862698009e-07,5.2215752022528256e-11,506681992735464.3,92123485.32376635,0.0013317940615982875
5.02e-08,20.243204891524535,2.196802746762472e-07,5.198259282812844e-11,503910430825672.44,92148486.8013656,0.0013377676003083591
5.04e-08,20.36171436909758,2.209009462096311e-07,5.17536662758198e-11,501125883593808.8,92175768.00134967,0.0013436850656121048
5.06e-08,20.48252045557671,2.221403302204397e-07,5.152888876085894e-11,498329959922892.44,92205321.00249873,0.0013495464415742375
5.0800000000000005e-08,20.60560085548337,2.2339809620771278e-07,5.1308174711694826e-11,495524284831340.1,92237137.22396514,0.0013553518295329515
5.1e-08,20.73093066091675,2.2467388515692789e-07,5.109143677061347e-11,492710498056726.94,92271207.42776503,0.0013611014459763628
5.12e-08,20.858482239729604,2.25967308521947e-07,5.087858596716946e-11,489890252621467.9,92307521.72146057,0.0013667956202706682
5.1400000000000004e-08,20.988225122963144,2.2727794721238083e-07,5.0669531884883005e-11,487065213381949.8,92346069.56103228,0.0013724347922432452
5.16e-08,21.12012589193536,2.2860535059090538e-07,5.046418282166534e-11,484237055562660.8,92386839.7539405,0.001378019509624094
5.18e-08,21.254148065415098,2.2994903548543488e-07,5.0262445944419524e-11,481407463276885.75,92429820.46237524,0.001383550425349182
5.2e-08,21.390251987353032,2.3130848522142853e-07,5.006422743824515e-11,478578128035549.3,92474999.2066933,0.001389028294729428
5.2200000000000004e-08,21.52839471568088,2.3268314867998593e-07,4.986943265065722e-11,475750747245803.94,92522362.86904188,0.0013944539724892065
5.24e-08,21.668529912730687,2.3407243938776632e-07,4.967796623120896e-11,472927022700970.94,92571897.69716726,0.0013998284096784282
5.26e-08,21.81060773786729,2.3547573464514206e-07,4.9489732266888476e-11,470108659063455.5,92623589.30840796,0.0014051526504623797
5.28e-08,21.954574742968095,2.3689237469936748e-07,4.93046344136372e-11,467297362342264.5,92677422.69387077,0.0014104278287936686
5.3000000000000005e-08,22.100373771425613,2.38321661969907e-07,4.91225760243164e-11,464494838366760.94,92733382.22278862,0.0014156551649707513
5.32e-08,22.247943861388467,2.3976286033341294e-07,4.894346027342566e-11,461702791258296.3,92791451.64705908,0.0014208359620876598
5.34e-08,22.3972201539959,2.4121519447616976e-07,4.876719027885439e-11,458922921901364.9,92851614.10596204,0.0014259716023796627
5.3600000000000004e-08,22.54813380739902,2.4267784932213116e-07,4.859366922092417e-11,456156926415922.9,92913852.13105533,0.0014310635434697343
5.38e-08,22.700611917397225,2.441499695449443e-07,4.842280045895657e-11,453406494632520.44,92978147.65124674,0.0014361133145208097
5.4e-08,22.85457744555235,2.456306591726044e-07,4.825448764557741e-11,450673308571881.44,93044481.99804106,0.0014411225122989237
5.42e-08,23.00994915567206,2.4711898129357163e-07,4.8088634838945226e-11,447959040930578.0,93112835.91096054,0.0014460927971524258
5.4400000000000004e-08,23.166641559581194,2.486139578733423e-07,4.7925146613067437e-11,445265353574420.44,93183189.54313725,0.00145102588891258
5.46e-08,23.324564873120586,2.5011456969055553e-07,4.776392816634514e-11,442593896041194.4,93255522.46707575,0.0014559235627209322
5.48e-08,23.483624983330028,2.5161975640175746e-07,4.7604885428463484e-11,439946304054352.9,93329813.68058428,0.0014607876447889274
5.5e-08,23.64372342778198,2.5312841674390686e-07,4.744792516572185e-11,437324198049267.4,93406041.61287282,0.0014656200080953308
5.5200000000000005e-08,23.80475738703693,2.5463940888360257e-07,4.7292955084875257e-11,434729181713625.4,93484184.13081633,0.0014704225680270857
5.54e-08,23.96661969118782,2.561515509218236e-07,4.7139883935536253e-11,432162840543545.06,93564218.5453811,0.0014751972779693018
5.56e-08,24.129198841449004,2.576636215626921e-07,4.6988621611164305e-11,429626740416964.94,93646121.61821273,0.0014799461248501346
5.5800000000000003e-08,24.29237904772519,2.591743609544017e-07,4.68390792486492e-11,427122426185844.3,93729869.56838341,0.001484671124646358
5.6000000000000005e-08,24.456040283065914,2.6068247170998243e-07,4.669116932647362e-11,424651420288688.2,93815438.07929687,0.0014893743178554916
5.62e-08,24.62005835587093,2.621866201149961e-07,4.654480576142072e-11,422215221384892.5,93902802.30574876,0.0014940577649403702
5.64e-08,24.78430500066173,2.6368543752857457e-07,4.639990400377331e-11,419815303012377.25,93991936.88114062,0.0014987235417520852
5.6600000000000004e-08,24.94864798817218,2.651775219834147e-07,4.6256381130933316e-11,417453112269951.06,94082815.92484514,0.0015033737349372444
5.68e-08,25.11295125543849,2.666614399894363e-07,4.611415593937288e-11,415130068525824.8,94175413.04972076,0.0015080104373355165
5.7e-08,25.277075056483653,2.681357285447868e-07,4.597314903481259e-11,412847562153656.44,94269701.36977331,0.0015126357433734449
5.72e-08,25.440876134093855,2.695988973567296e-07,4.583328292050763e-11,410606953297491.25,94365653.50796236,0.0015172517444605011
5.7400000000000004e-08,25.604207913076753,2.710494312737175e-07,4.5694482083508744e-11,408409570666912.56,94463241.60415046,0.0015218605243933663
5.76e-08,25.76692071526931,2.724857929285812e-07,4.5556673078752784e-11,406256710363700.25,94562437.32319228,0.001526464154774397
5.78e-08,25.92886199643175,2.739064255913118e-07,4.54197846108269e-11,404149634741249.1,94663211.86316194,0.001531064690450232
5.8e-08,26.089876605020685,2.7530975622836226e-07,4.528374761324069e-11,402089571297966.4,94765535.96371576,0.0015356641649764571
5.8200000000000005e-08,26.249807062680816,2.766941987637505e-07,4.5148495325032994e-11,400077711605829.3,94869379.91458815,0.0015402645861142235
5.84e-08,26.40849386613239,2.7805815753554275e-07,4.50139633645336e-11,398115210275245.06,94974713.56421804,0.0015448679313646665
5.86e-08,26.565775809960297,2.7940003093952204e-07,4.48800898000953e-11,396203183957310.9,95081506.32850371,0.0015494761435469373
5.8800000000000004e-08,26.721490329632783,2.807182152500363e-07,4.4746815217609076e-11,394342710384539.25,95189727.19968276,0.0015540911264255918
5.9e-08,26.875473863895103,2.82011108606184e-07,4.4614082784613245e-11,392534827451057.25,95299344.75533554,0.0015587147403930371
5.92e-08,27.02756223549623,2.832771151496506e-07,4.4481838310808364e-11,390780532333257.0,95410327.16750881,0.0015633487982126553
5.94e-08,27.177591049018215,2.8451464929867994e-07,4.435003030479124e-11,389080780651822.1,95522642.21195696,0.0015679950608281604
5.9600000000000004e-08,27.325396104390475,2.857221401408774e-07,4.4218610026825476e-11,387436485676009.5,95636257.27749865,0.0015726552332446604
5.98e-08,27.47081382448484,2.868980359258055e-07,4.4087531537471275e-11,385848517571021.8,95751139.37548546,0.0015773309604868056
6.000000000000001e-08,27.613681695008136,2.880408086366974e-07,4.395675174190418e-11,384317702689251.25,95867255.14938045,0.001582023823639327
6.02e-08,27.753838714734695,2.891489586190662e-07,4.382623042976174e-11,382844822906135.2,95984570.88444321,0.00158673533597514
6.04e-08,27.891125853959455,2.90221019242599e-07,4.369593031036634e-11,381430615001304.06,96103052.51751925,0.001591466939176123
6.06e-08,28.02538651890088,2.912555615714743e-07,4.356581704318547e-11,380075770085661.2,96222665.64693026,0.0015962199996515246
6.08e-08,28.15646701964794,2.922511990171873e-07,4.3435859263402685e-11,378780933074972.9,96343375.5424629,0.0016009958049588776
6.1e-08,28.28421703912611,2.9320659194710326e-07,4.3306028602488016e-11,377546702210504.1,96465147.15545277,0.0016057955603321396
6.12e-08,28.408490100459566,2.941204522213355e-07,4.317629970367175e-11,376373628627175.3,96587945.12896106,0.0016106203853216746
6.140000000000001e-08,28.529144030028444,2.949915476301447e-07,4.3046650232242597e-11,375262215969667.5,96711733.80804047,0.0016154713105505458
6.16e-08,28.64604141346706,2.9581870620392745e-07,4.291706088060912e-11,374212920056845.6,96836477.25008792,0.0016203492745914456
6.18e-08,28.75905004181985,2.966008203679938e-07,4.278751536808198e-11,373226148594818.1,96962139.23528056,0.0016252551209684596
6.2e-08,28.868043345069367,2.9733685091474153e-07,4.265800043535412e-11,372302260938896.25,97088683.27709235,0.0016301895952876868
6.22e-08,28.972900810276087,2.980258307665328e-07,4.252850583367596e-11,371441567904660.0,97216072.63288817,0.0016351533425006091
6.24e-08,29.073508381622055,2.9866686850354736e-07,4.23990243087431e-11,370644331628283.7,97344270.31459212,0.001640146904303926
6.26e-08,29.169758839731443,2.9925915163214104e-07,4.226955157933502e-11,369910765476221.06,97473239.09942727,0.0016451707166794105
6.28e-08,29.261552157749836,2.998019495707607e-07,4.2140086310763886e-11,369241034004290.4,97602941.54072331,0.001650225107577178
6.300000000000001e-08,29.348795831799567,3.00294616332246e-07,4.201063008321355e-11,368635252966147.8,97733339.97878955,0.0016553102947455835
6.32e-08,29.43140518359012,3.0073659288336897e-07,4.188118735506949e-11,368093489371082.06,97864396.55184942,0.0016604263837107852
6.34e-08,29.509303633148978,3.011274091647058e-07,4.175176542136069e-11,367615761591006.0,97996073.20703396,0.0016655733659088367
6.36e-08,29.582422939846786,3.0146668575637136e-07,4.16223743674544e-11,367202039516468.25,98128331.71143049,0.0016707511169729784
6.38e-08,29.650703410119736,3.017541351777543e-07,4.149302701816353e-11,366852244761452.06,98261133.66318376,0.00167595939517863
6.4e-08,29.7140940705388,3.0198956281213547e-07,4.136373888244552e-11,366566250916673.5,98394440.5026462,0.0016811978400483633
6.42e-08,29.77255280513653,3.0217286744992266e-07,4.1234528093888017e-11,366343883851038.75,98528213.52357376,0.0016864659711189845
6.440000000000001e-08,29.826046456174943,3.023040414471516e-07,4.110541534719426e-11,366184922060865.25,98662413.88436447,0.0016917631868726161
6.46e-08,29.874550887819545,3.0238317049886444e-07,4.097642383089514e-11,366089097066417.3,98797002.61933637,0.001697088763833512
6.48e-08,29.91805101246947,3.0241043302992165e-07,4.084757915653013e-11,366056093855256.6,98931940.65004121,0.0017024418558321034
6.5e-08,29.956540779781374,3.02386099208723e-07,4.0718909284551e-11,366085551371855.0,99067188.79661123,0.0017078214934375963
6.52e-08,29.990023128708984,3.023105295921526e-07,4.059044444721412e-11,366177063052862.1,99202707.78913507,0.0017132265835602286
6.54e-08,30.018509903158954,3.021841734127928e-07,4.046221706873657e-11,366330177407376.5,99338458.27906002,0.001718655909224089
6.56e-08,30.042021732133463,3.020075665220465e-07,4.0334261682999686e-11,366544398641511.5,99474400.8506171,0.0017241081295112013
6.580000000000001e-08,30.06058787548701,3.017813290052274e-07,4.0206614849090513e-11,366819187326503.8,99610496.03226548,0.0017295817796773541
6.600000000000001e-08,30.074246036667304,3.015061624869044e-07,4.007931506497619e-11,367153961109560.75,99746704.30815339,0.0017350752714399764
6.62e-08,30.083042144033737,3.011828471467902e-07,3.9952402679610414e-11,367548095466596.56,99882986.12959155,0.0017405868934381196
6.64e-08,30.08703010255159,3.0081223846823396e-07,3.982591980377251e-11,368000924495961.75,100019301.9265365,0.0017461148118644249
6.66e-08,30.086271517841265,3.0039526374288727e-07,3.969991021994022e-11,368511741752223.06,100155612.11907971,0.0017516570712687275
6.68e-08,30.08083539472062,2.999329183563616e-07,3.9574419291495996e-11,369079801119008.7,100291877.12894003,0.0017572115955327545
6.7e-08,30.070797812511,2.994262618806688e-07,3.944949387156361e-11,369704317719890.06,100428057.39095524,0.0017627761890151624
6.72e-08,30.05624157948584,2.9887641399993706e-07,3.9325182211768065e-11,370384468866228.8,100564113.36457004,0.0017683485378659444
6.740000000000001e-08,30.03725586892151,2.982845502963174e-07,3.920153387120594e-11,371119395040878.44,100700005.54531686,0.001773926211509046
6.76e-08,30.013935839266228,2.9765189792315767e-07,3.90785996259062e-11,371908200916589.1,100835694.47628611,0.0017795066642918198
6.78e-08,29.986382240972095,2.9697973119241225e-07,3.8956431379053876e-11,372749956407927.9,100971140.75958271,0.0017850872372997327
6.8e-08,29.954701012540653,2.9626936710291045e-07,3.88350820722391e-11,373643697755488.75,101106305.06776543,0.001790665160334562
6.82e-08,29.919002868313306,2.955221608355215e-07,3.8714605597984e-11,374588428641131.8,101241148.15526575,0.0017962375540540986
6.84e-08,29.87940288049637,2.9473950124045534e-07,3.8595056713788526e-11,375583121332959.1,101375630.86978307,0.0018018014322711883
6.86e-08,29.83602005784847,2.9392280634094986e-07,3.8476490957924046e-11,376626717858698.5,101509714.1636527,0.0018073537044097402
6.880000000000001e-08,29.78897692337596,2.9307351887642205e-07,3.835896456719089e-11,377718131206140.94,101643359.10518356,0.0018128911781151477
6.900000000000001e-08,29.738399093283878,2.921931019068492e-07,3.824253439684187e-11,378856246549244.6,101776526.88996212,0.0018184105620163784
6.92e-08,29.684414859315737,2.9128303449869625e-07,3.812725784286069e-11,380039922498491.0,101909178.85211952,0.0018239084686367854
6.94e-08,29.62715477648842,2.9034480751115406e-07,3.801319276676856e-11,381267992374057.25,102041276.47555828,0.0018293814174505456
6.96e-08,29.566751258091468,2.8937991949982576e-07,3.7900397423118544e-11,382539265500336.4,102172781.40513572,0.0018348258380814074
6.98e-08,29.50333817967276,2.8838987275330226e-07,3.7788930389821254e-11,383852528520324.75,102303655.4578005,0.001840238073640296
7e-08,29.437050493580788,2.8737616947634787e-07,3.767885050143105e-11,385206546728366.6,102433860.63367918,0.0018456143841981255
7.02e-08,29.368023855475773,2.863403081316702e-07,3.757021678550639e-11,386600065419731.6,102563359.12710983,0.0018509509503900137
7.040000000000001e-08,29.29639426406293,2.8528377995051816e-07,3.7463088402143017e-11,388031811255481.6,102692113.33761886,0.0018562438771469235
7.06e-08,29.222297715140417,2.8420806562063205e-07,3.7357524586763714e-11,389500493641070.06,102820085.88083866,0.0018614891975506083
7.08e-08,29.145869870896227,2.8311463215840106e-07,3.7253584596233726e-11,391004806117100.44,102947239.59936227,0.0018666828768075742
7.1e-08,29.06724574523165,2.820049299704614e-07,3.715132765835671e-11,392543427760660.0,103073537.57353212,0.0018718208163376266
7.12e-08,28.986559405737164,2.808803901084145e-07,3.705081292479179e-11,394115024595636.7,103198943.13215993,0.001876898857972431
7.14e-08,28.90394369280011,2.797424217188713e-07,3.695209942741913e-11,395718251010415.44,103323419.8631743,0.0018819127882593726
7.16e-08,28.819529956183388,2.7859240968964e-07,3.6855246038168225e-11,397351751181347.3,103446931.62419313,0.001886858342865867
7.180000000000001e-08,28.733447809282087,2.7743171249158053e-07,3.6760311432310686e-11,399014160500376.5,103569442.55301775,0.0018917312110791524
7.2e-08,28.645824901140074,2.762616602144533e-07,3.6667354055207396e-11,400704107005212.0,103690917.07804556,0.0018965270403964677
7.22e-08,28.556786706193357,2.7508355279399886e-07,3.657643209248865e-11,402420212810428.7,103811319.9285986,0.001901241441200406
7.24e-08,28.466456331600195,2.7389865842650125e-07,3.64876034436353e-11,404161095537878.06,103930616.14516439,0.0019058699915141233
7.26e-08,28.374954341920642,2.7270821216620167e-07,3.640092569891889e-11,405925369744803.7,104048771.08954667,0.0019104082418309836
7.28e-08,28.282398600820905,2.7151341470016116e-07,3.6316456119649685e-11,407711648348047.9,104165750.45492262,0.0019148517200131118
7.3e-08,28.188904129399365,2.703154312944923e-07,3.623425162167252e-11,409518544042754.75,104281520.27580424,0.0019191959362532573
7.320000000000001e-08,28.094582980662825,2.69115390905317e-07,3.615436876204303e-11,411344670713973.2,104396046.93790017,0.0019234363880942578
7.340000000000001e-08,27.999544129621704,2.67914385447326e-07,3.607686372880915e-11,413188644839581.1,104509297.18787582,0.00192756856550034
7.36e-08,27.90389337842264,2.667134692124393e-07,3.600179233381649e-11,415049086882961.5,104621238.14300872,0.0019315879559744134
7.38e-08,27.807733275894847,2.655136584307725e-07,3.592921000845019e-11,416924622673874.44,104731837.30073597,0.0019354900497154446
7.4e-08,27.711163050853035,2.6431593096590034e-07,3.585917180222076e-11,418813884775985.0,104841062.54809166,0.0019392703448099504
7.42e-08,27.614278558473256,2.631212261362761e-07,3.579173238409676e-11,420715513839527.1,104948882.17103104,0.0019429243524515928
7.44e-08,27.517172239039393,2.619304446545976e-07,3.572694604648311e-11,422628159937599.5,105055264.86363865,0.0019464476021828167
7.46e-08,27.419933088346085,2.6074444867691303e-07,3.566486671174051e-11,424550483884611.94,105160179.73721837,0.0019498356471524354
7.480000000000001e-08,27.322646639037124,2.5956406195331355e-07,3.560554794113865e-11,426481158535424.25,105263596.3292619,0.0019530840693830374
7.5e-08,27.225394952158645,2.5839007007216913e-07,3.5549042946133294e-11,428418870063741.94,105365484.61229376,0.001956188485042068
7.52e-08,27.12825661821053,2.572232207900193e-07,3.549540460185564e-11,430362319218363.1,105465815.00258996,0.0019591445497104273
7.54e-08,27.031306766988973,2.5606422443942555e-07,3.544468546270105e-11,432310222555891.44,105564558.36876771,0.0019619479636424054
7.56e-08,26.934617085525684,2.5491375440731645e-07,3.539693777990287e-11,434261313648568.44,105661686.04024379,0.001964594477010794
7.58e-08,26.838255843446486,2.537724476766204e-07,3.535221352097679e-11,436214344265901.6,105757169.81555931,0.0019670798951310045
7.6e-08,26.74228792509107,2.526409054242575e-07,3.5310564390920744e-11,438168085528801.1,105850981.97056806,0.0019694000836580393
7.620000000000001e-08,26.646774867758108,2.515196936688658e-07,3.5272041855055275e-11,440121329034970.25,105943095.26648633,0.0019715509737501962
7.640000000000001e-08,26.551774905464114,2.504093439619533e-07,3.523669716338969e-11,442072887954329.7,106033482.95780183,0.0019735285671933916
7.66e-08,26.45734301763021,2.4931035411649156e-07,3.520458137639976e-11,444021598093294.75,106122118.8000394,0.0019753289414800464
7.68e-08,26.363530982138386,2.4822318896730406e-07,3.517574539210339e-11,445966318926758.6,106208977.05738117,0.0019769482548365014
7.7e-08,26.27038743222718,2.47148281157941e-07,3.515023997432142e-11,447905934596676.8,106294032.51013911,0.0019783827511929922
7.72e-08,26.177957916725134,2.460860319490677e-07,3.5128115782011856e-11,449839354876188.9,106377260.46207763,0.0019796287650902626
7.74e-08,26.086284963150433,2.4503681204373846e-07,3.510942339956667e-11,451765516098251.7,106458636.74758427,0.001980682726516955
7.760000000000001e-08,25.995408143233913,2.440009624252557e-07,3.5094213367961157e-11,453683382047806.6,106538137.7386863,0.0019815411656720077
7.780000000000001e-08,25.905364140452253,2.42978795203647e-07,3.5082536216647585e-11,455591944816542.06,106615740.35191128,0.001982200717646321
7.8e-08,25.816186819187305,2.419705944671121e-07,3.5074442496084964e-11,457490225619360.06,106691422.05498925,0.001982658127018101
7.82e-08,25.727907295155998,2.409766171351044e-07,3.506998281079851e-11,459377275571703.7,106765160.87339526,0.001982910252356309
7.84e-08,25.640554006783283,2.3999709381001323e-07,3.506920785286273e-11,461252176426942.94,106836935.3967298,0.0019829540706268116
7.86e-08,25.554152787217635,2.3903222962470377e-07,3.507216843570327e-11,463114041273073.3,106906724.78493518,0.0019827866814958587
7.88e-08,25.468726936715633,2.3808220508345273e-07,3.507891552811277e-11,464962015188020.7,106974508.77434674,0.001982405311525694
7.9e-08,25.38429729514681,2.3714717689408023e-07,3.508950028837671e-11,466795275852904.8,107040267.68357646,0.001981807318257166
7.920000000000001e-08,25.300882314395164,2.3622727878933758e-07,3.5103974098405626e-11,468613034122655.1,107103982.4192275,0.0019809901941743495
7.94e-08,25.21849813045676,2.3532262233584605e-07,3.512238859776951e-11,470414534553430.8,107165634.48143801,0.00197995157054632
7.96e-08,25.137158635055368,2.3443329772911358e-07,3.514479571753033e-11,472199055886344.75,107225205.9692528,0.0019786892211413488
7.98e-08,25.056875546619285,2.3355937457336744e-07,3.517124771376818e-11,473965911487043.06,107282679.58582081,0.0019772010658089174
8e-08,24.977658480482635,2.3270090264514453e-07,3.520179720069527e-11,475714449740745.9,107338038.6434174,0.001975485173925109
8.02e-08,24.899515018193398,2.3185791263976693e-07,3.523649718325096e-11,477444054402408.7,107391267.06828973,0.0019735397676970794
8.04e-08,24.822450775828354,2.3103041690000874e-07,3.5275401089069847e-11,479154144901712.4,107442349.40532376,0.001971363225322453
8.060000000000001e-08,24.74646947123166,2.3021841012641962e-07,3.5318562799712204e-11,480844176602651.6,107491270.82253176,0.0019689540839996625
8.080000000000001e-08,24.6715729901099,2.2942187006892678e-07,3.5366036681044703e-11,482513641017535.5,107538017.11535893,0.001966311042785405
8.1e-08,24.59776145093031,2.2864075819947127e-07,3.5417877612655516e-11,484162065975277.2,107582574.71080759,0.001963432965295573
8.12e-08,24.525033268583083,2.278750203655672e-07,3.547414101618594e-11,485789015743898.9,107624930.67137828,0.0019603188822461494
8.14e-08,24.453385216780774,2.2712458742478859e-07,3.553488288245584e-11,487394091107231.56,107665072.69882621,0.0019569679938307963
8.16e-08,24.382812489179344,2.263893758602954e-07,3.560015979725691e-11,488976929395848.1,107702989.13773209,0.001953379671931984
8.18e-08,24.31330875921614,2.2566928837760995e-07,3.567002896568261e-11,490537204472316.44,107738668.97888625,0.001949553462162744
8.2e-08,24.244866238669534,2.24964214482941e-07,3.574454823485913e-11,492074626670919.25,107772101.86248541,0.0019454890857362648
8.220000000000001e-08,24.17747573495374,2.242740310434348e-07,3.582377611493497e-11,493588942692035.8,107803278.0811405,0.0019411864411608005
8.24e-08,24.11112670717038,2.2359860282980163e-07,3.590777179818165e-11,495079935451437.56,107832188.58269541,0.001936645605757509
8.26e-08,24.045807320945173,2.2293778304183066e-07,3.5996595176050553e-11,496547423884801.56,107858824.97285517,0.0019318668369990462
8.28e-08,23.981504502084743,2.2229141381736178e-07,3.6090306854023506e-11,497991262707798.7,107883179.51762336,0.0019268505736669624
8.3e-08,23.918203989093843,2.216593267253305e-07,3.618896816408714e-11,499411342132166.94,107905245.14554772,0.00192159743682612
8.32e-08,23.85589038459835,2.21041343243546e-07,3.629264117465181e-11,500807587538228.6,107925015.44977333,0.001916108230614579
8.34e-08,23.79454720572343,2.204372752218961e-07,3.640138869772725e-11,502179959104366.6,107942484.68990289,0.0019103839428475902
8.360000000000001e-08,23.734156933479905,2.1984692533170368e-07,3.6515274293156776e-11,503528451394021.4,107957647.7936635,0.001904425745434543
8.380000000000001e-08,23.67470106121476,2.1927008750198325e-07,3.6634362269701274e-11,504853092900820.56,107970500.35837936,0.001898234994607945
8.4e-08,23.616160142183972,2.187065473433641e-07,3.675871768275349e-11,506153945552506.5,107981038.65225013,0.0018918132309636874
8.42e-08,23.55851383630786,2.1815608256046158e-07,3.688840632845061e-11,507431104174368.9,107989259.61543456,0.0018851621793120918
8.44e-08,23.501740956170025,2.176184633534861e-07,3.702349473394098e-11,508684695912942.06,107995160.8609387,0.0018782837483394324
8.46e-08,23.445819512322142,2.1709345280988385e-07,3.716405014354736e-11,509914879620772.56,107998740.6753093,0.0018711800300798473
8.48e-08,23.390726757956738,2.1658080728680505e-07,3.731014050055548e-11,511121845203104.7,107999998.019131,0.0018638532991977492
8.500000000000001e-08,23.33643923301003,2.1608027678518867e-07,3.746183442434188e-11,512305812927382.06,107998932.52732837,0.0018563060120810827
8.520000000000001e-08,23.282932807756413,2.1559160531624993e-07,3.7619201182539496e-11,513467032696499.94,107995544.50927174,0.0018485408057459859
8.54e-08,23.230182725954695,2.151145312611391e-07,3.778231065792466e-11,514605783286792.94,107989834.94868752,0.0018405604965535925
8.56e-08,23.178163647605167,2.146487877245327e-07,3.79512333096916e-11,515722371551776.25,107981805.50337245,0.001832368078739969
8.58e-08,23.12684969137441,2.141941028828935e-07,3.8126040128763965e-11,516817131592705.1,107971458.50471228,0.0018239667227603683
8.6e-08,23.07621447674259,2.1375020032811952e-07,3.830680258677569e-11,517890423897052.9,107958796.95700495,0.0018153597734491883
8.62e-08,23.02623116592555,2.1331679940727598e-07,3.8493592578334906e-11,518942634446042.6,107943824.53658806,0.001806550747997239
8.64e-08,22.97687250562083,2.1289361555907592e-07,3.8686482356166694e-11,519974173792411.5,107926545.59077169,0.001797543333748125
8.660000000000001e-08,22.9281108686238,2.1248036064774964e-07,3.8885544458711006e-11,520985476109611.56,107906965.13657592,0.001788341385815768
8.680000000000001e-08,22.87991829535624,2.1207674329490436e-07,3.909085162973392e-11,521976998213691.5,107885088.8592742,0.0017789489245252658
8.7e-08,22.83226653534629,2.1168246920994745e-07,3.930247672949031e-11,522949218559133.25,107860923.11074264,0.001769370132679517
8.72e-08,22.78512708869414,2.112972415196038e-07,3.9520492636957076e-11,523902636209944.7,107834474.90761574,0.0017596093526542197
8.74e-08,22.738471247553854,2.1092076109702142e-07,3.974497214263702e-11,524837769787343.44,107805751.92924885,0.00174967108332405
8.76e-08,22.69227013765715,2.10552726890917e-07,3.997598783141402e-11,525755156395389.5,107774762.5154888,0.0017395599768230202
8.78e-08,22.646494759899838,2.101928362551688e-07,4.021361195492214e-11,526655350525951.25,107741515.66425206,0.0017292808351421947
8.800000000000001e-08,22.6011160320071,2.0984078527921956e-07,4.045791629287252e-11,527538922944415.3,107706021.02891234,0.0017188386065681513
8.820000000000001e-08,22.556104830288387,2.094962691196043e-07,4.0708972002765435e-11,528406459557569.06,107668288.91549757,0.001708238381965722
8.84e-08,22.511432031487622,2.0915898233287033e-07,4.096684945739855e-11,529258560265106.56,107628330.27969769,0.0016974853909087451
8.86e-08,22.467068554728616,2.088286192101037e-07,4.123161806956728e-11,530095837796229.94,107586156.72368339,0.0016865849976627348
8.88e-08,22.42298540355076,2.085048741132293e-07,4.15033461033402e-11,530918916532829.94,107541780.49273746,0.0016755426970235358
8.9e-08,22.379153708023793,2.0818744181319464e-07,4.1782100471281877e-11,531728431320749.56,107495214.47169939,0.0016643641100161854
8.92e-08,22.335544766925246,2.078760178300978e-07,4.206794651698552e-11,532525026270644.56,107446472.1812241,0.0016530549794583843
8.94e-08,22.292130089958427,2.0757029877526392e-07,4.236094778227285e-11,533309353549968.44,107395567.77385615,0.001641621165393121
8.960000000000001e-08,22.24888143998309,2.072699826952207e-07,4.2661165758415503e-11,534082072167618.06,107342516.02992058,0.0016300686403951364
8.98e-08,22.205770875225436,2.0697476941746926e-07,4.296865962073309e-11,534843846752784.3,107287332.3532313,0.0016184034847560708
9e-08,22.162770791428596,2.0668436089789223e-07,4.3283485945928665e-11,535595346329557.3,107230032.76661853,0.0016066318815532703
9.02e-08,22.119853963899068,2.0639846156958492e-07,4.360569841153208e-11,536337243088843.56,107170633.90727653,0.0015947601116073629
9.04e-08,22.07699358939979,2.0611677869284482e-07,4.393534747683824e-11,537070211159149.3,107109153.02193289,0.0015827945483338265
9.06e-08,22.034163327834808,2.0583902270599886e-07,4.4272480044748186e-11,537794925377789.6,107045607.96184084,0.001570741652493921
9.08e-08,21.99133734366614,2.055649075766982e-07,4.461713910395055e-11,538512060064079.25,106980017.17759615,0.001558607966850446
9.100000000000001e-08,21.948490346998295,2.0529415115325847e-07,4.496936335091714e-11,539222287796058.2,106912399.71377979,0.0015464001107339145
9.120000000000001e-08,21.905597634261827,2.0502647551557535e-07,4.532918679123246e-11,539926278192302.3,106842775.20342837,0.001534124774524797
9.14e-08,21.86263512842305,2.047616073251001e-07,4.569663831983009e-11,540624696700356.75,106771163.86233349,0.0015217887140576531
9.16e-08,21.819579418643173,2.0449927817331148e-07,4.6071741279775546e-11,541318203393330.06,106697586.48317212,0.0015093987449529864
9.18e-08,21.77640779930693,2.0423922492808315e-07,4.645451299931019e-11,542007451776167.25,106622064.42946918,0.001496961736882798
9.2e-08,21.73309830833754,2.039811900773033e-07,4.684496430696105e-11,542693087603115.94,106544619.6293947,0.0014844846077758315
9.22e-08,21.689629764712468,2.0372492206906957e-07,4.724309902462128e-11,543375747707877.75,106465274.56939685,0.0014719743179686415
9.240000000000001e-08,21.645981805092,2.0347017564774805e-07,4.764891343862375e-11,544056058847929.6,106384052.2876728,0.0014594378643086317
9.260000000000001e-08,21.602134919471442,2.032167121851585e-07,4.806239574896222e-11,544734636564474.9,106300976.36747962,0.0014468822742152517
9.28e-08,21.558070485766088,2.0296430000612079e-07,4.8483525496960544e-11,545412084059469.75,106216070.93028657,0.0014343145997056555
9.3e-08,21.51377080323805,2.0271271470757992e-07,4.8912272971857696e-11,546088991091146.8,106129360.62877163,0.001421741911391094
9.32e-08,21.469219124673266,2.0246173947050754e-07,4.934859859695844e-11,546765932889435.0,106040870.63966312,0.0014091712924503997
9.34e-08,21.424399687218283,2.02211165363769e-07,4.9792452296203474e-11,547443469092652.94,105950626.65642983,0.0013966098325868992
9.36e-08,21.379297741786534,2.0196079163913557e-07,5.024377284223311e-11,548122142706825.94,105858654.88182062,0.0013840646219751744
9.38e-08,21.33389958094638,2.0171042601662284e-07,5.0702487187263174e-11,548802479088944.75,105764982.02025643,0.001371542745204046
9.400000000000001e-08,21.28819256520451,2.0145988495933512e-07,5.116850977835491e-11,549484984955464.25,105669635.27007648,0.0013590512752221814
9.420000000000001e-08,21.242165147601636,2.0120899393700692e-07,5.164174185894463e-11,550170147417300.3,105572642.31564112,0.001346597267292739
9.44e-08,21.195806896540578,2.009575876774456e-07,5.2122070758805834e-11,550858433042556.3,105474031.31929356,0.001334187752963427
9.46e-08,21.149108516770408,2.0070551040509382e-07,5.2609369174942105e-11,551550286948176.9,105373830.9131828,0.001321829734058362
9.48e-08,21.10206186845541,2.0045261606596088e-07,5.3103494446256725e-11,552246131921686.56,105272070.19095013,0.0013095301766980767
9.5e-08,21.054659984261825,2.0019876853819183e-07,5.3604287825211426e-11,552946367574143.06,105168778.69928174,0.0012972960053539825
9.52e-08,21.006897084401363,1.9994384182758453e-07,5.4111573750069205e-11,553651369525388.4,105063986.42932959,0.0012851340969435945
9.540000000000001e-08,20.958768589576195,1.996877202473973e-07,5.462515912171833e-11,554361488622646.75,104957723.8080035,0.0012730512749727324
9.560000000000001e-08,20.910271131776323,1.994302985818349e-07,5.5144832589486846e-11,555077050193479.75,104850021.68913633,0.0012610543037308913
9.58e-08,20.861402562887605,1.9917148223264843e-07,5.5670363850781216e-11,555798353334059.1,104740911.3445257,0.0012491498825459185
9.6e-08,20.812161961075073,1.9891118734833334e-07,5.620150296981548e-11,556525670233687.6,104630424.45485385,0.00123734464010403
9.62e-08,20.76254963491445,1.9864934093546727e-07,5.673797972112911e-11,557259245536441.4,104518593.10048917,0.0012256451288411862
9.64e-08,20.712567125251987,1.983858809517864e-07,5.727950296402647e-11,557999295740773.9,104405449.75217138,0.0012140578194116986
9.66e-08,20.662217204781168,1.9812075638066168e-07,5.7825760054491625e-11,558746008637866.4,104291027.26158369,0.0012025890952399219
9.68e-08,20.611503875332694,1.9785392728670018e-07,5.837641630154512e-11,559499542789470.0,104175358.85181394,0.001191245247160732
9.700000000000001e-08,20.560432362882832,1.9758536485226356e-07,5.89311144753953e-11,560260027045933.25,104058478.10770833,0.0011800324681544288
9.720000000000001e-08,20.509009110293363,1.9731505139476525e-07,5.948947437509607e-11,561027560105060.7,103940418.96611981,0.0011689568481815923
9.74e-08,20.457241767804955,1.9704298036467697e-07,6.005109246374436e-11,561802210112400.25,103821215.70605433,0.0011580243691232898
9.76e-08,20.405139181314276,1.9676915632424836e-07,6.06155415795233e-11,562584014303506.4,103700902.93871783,0.001147240899831927
9.78e-08,20.352711378473288,1.9649359490701333e-07,6.118237073111263e-11,563372978688674.2,103579515.59746669,0.001136612191297924
9.8e-08,20.299969552657593,1.962163227582302e-07,6.175110498613754e-11,564169077780592.4,103457088.92766477,0.0011261438719372394
9.82e-08,20.246926044858537,1.9593737745647456e-07,6.232124546139674e-11,564972254365303.4,103333658.4764496,0.0011158414430046495
9.840000000000001e-08,20.19359432356158,1.956568074166724e-07,6.289226942359213e-11,565782419316818.8,103209260.08241118,0.001105710274137537
9.860000000000001e-08,20.139988962681134,1.9537467177493479e-07,6.346363050916234e-11,566599451455670.9,103083929.86518611,0.0010957555990348238
9.88e-08,20.086125617628742,1.9509104025561794e-07,6.403475907159563e-11,567423197451642.2,102957704.21497013,0.0010859825112754823
9.9e-08,20.032020999598608,1.9480599302110293e-07,6.460506266424615e-11,568253471770850.5,102830619.78195189,0.0010763959602809456
9.92e-08,19.977692848160604,1.9451962050484826e-07,6.517392666619776e-11,569090056667320.8,102702713.46567158,0.001067000747425564
9.94e-08,19.92315990225686,1.942320232283327e-07,6.574071505810361e-11,569932702219116.2,102574022.4043069,0.0010578015222990776
9.96e-08,19.868441869703073,1.9394331160255763e-07,6.630477135416667e-11,570781126409053.0,102444583.96388987,0.0010488027791249125
9.980000000000001e-08,19.813559395300835,1.936536057148349e-07,6.686541969551492e-11,571635015249962.1,102314435.72745731,0.0010400088533379299
1.0000000000000001e-07,19.75853402767137,1.9336303510163406e-07,6.742196610916022e-11,572494022954412.8,102183615.48413861,0.0010314239183250966
1.002e-07,19.70338818492454,1.9307173850830553e-07,6.797369993551597e-11,573357772148758.9,102052161.21818337,0.00102305198233232
1.004e-07,19.648145119280407,1.9277986363653972e-07,6.851989542607895e-11,574225854131311.8,101920111.0979325,0.001014896885540553
1.006e-07,19.59282888076285,1.9248756688045434e-07,6.905981351137237e-11,575097829174391.6,101787503.464736,0.0010069622973140574
1.008e-07,19.537464280086517,1.9219501305223475e-07,6.959270373760165e-11,575973226869960.4,101654376.82182017,0.000999251713623513
1.01e-07,19.482076850859873,1.9190237509827631e-07,7.01178063687048e-11,576851546518478.2,101520769.82310815,0.0009917684546464861
1.012e-07,19.426692811227458,1.9160983380679932e-07,7.063435464860536e-11,577732257560580.5,101386721.26199661,0.0009845156625475724
1.0140000000000001e-07,19.371339025074594,1.9131757750792124e-07,7.114157721651782e-11,578614800051116.4,101252270.06009184,0.0009774962994402911
1.0160000000000001e-07,19.316042962917102,1.91025801767182e-07,7.163870066613095e-11,579498585175040.9,101117455.25590865,0.0009707131455326497
1.018e-07,19.260832662597593,1.907347090735233e-07,7.212495223743839e-11,580382995804597.5,100982315.9935355,0.0009641687974580727
1.02e-07,19.20573668990774,1.9044450852272102e-07,7.259956262792778e-11,581267387097185.9,100846891.51126873,0.0009578656667931611
1.022e-07,19.150784099254242,1.901554154972691e-07,7.30617689078045e-11,582151087133248.8,100711221.13021953,0.0009518059787635873
1.024e-07,19.09600439448277,1.8986765134369812e-07,7.35108175219656e-11,583033397593475.9,100575344.24289691,0.000945991771139161
1.026e-07,19.041427489971525,1.895814430483042e-07,7.394596735957235e-11,583913594474562.1,100439300.30176997,0.0009404248933189434
1.0280000000000001e-07,18.987083672101697,1.892970229122383e-07,7.436649287035179e-11,584790928842721.9,100303128.80781263,0.0009351070056070393
1.0300000000000001e-07,18.933003561208345,1.8901462822688897e-07,7.47716872052139e-11,585664627624106.1,100166869.29903428,0.000930039578679492
1.032e-07,18.879218074110884,1.8873450095046355e-07,7.516086535744565e-11,586533894431228.6,100030561.33899993,0.0009252238932425092
1.034e-07,18.825758387316654,1.884568873866385e-07,7.553336727967201e-11,587397910424463.0,99894244.50534245,0.0009206610398820004
1.036e-07,18.77265590098708,1.8818203786612386e-07,7.588856095098306e-11,588255835207626.1,99757958.37827142,0.0009163519191042332
1.038e-07,18.719942203749202,1.8791020643194117e-07,7.622584536815405e-11,589106807756627.8,99621742.52908047,0.000912297241567161
1.04e-07,18.66764903843089,1.8764165052918297e-07,7.654465343474388e-11,589949947380117.0,99485636.50865778,0.0009084975285018035
1.042e-07,18.61580826879116,1.8737663069997305e-07,7.684445472207603e-11,590784354711026.0,99349679.83600229,0.0009049531123228093
1.0440000000000001e-07,18.56445184731177,1.8711541028430796e-07,7.712475807668495e-11,591609112727864.6,99213911.98674905,0.000901664137427152
1.0460000000000001e-07,18.51361178410978,1.8685825512741153e-07,7.738511404976248e-11,592423287804588.9,99078372.38170747,0.000898630561179684
1.048e-07,18.46332011702454,1.8660543329418654e-07,7.762511712545511e-11,593225930787828.1,98943100.37541518,0.0008958521550840648
1.05e-07,18.4136088829267,1.8635721479130222e-07,7.784440772653142e-11,594016078100220.8,98808135.24471128,0.000893328506137386
1.052e-07,18.364510090290068,1.8611387129740148e-07,7.8042673977945e-11,594792752868578.8,98673516.1773322,0.0008910590183665953
1.054e-07,18.316055693061546,1.8587567590186772e-07,7.821965321112797e-11,595554966075566.4,98539282.26053327,0.000889042914544636
1.056e-07,18.268277565857755,1.856429028525357e-07,7.837513319443638e-11,596301717733551.2,98405472.46973965,0.0008872792380840047
1.0580000000000001e-07,18.22120748051118,1.8541582731268314e-07,7.850895307798463e-11,597031998079257.6,98272125.65722959,0.0008857668551052476
1.0600000000000001e-07,18.174877083982683,1.8519472512758875e-07,7.862100404411067e-11,597744788787824.8,98139280.54085349,0.0008845044566777069
1.062e-07,18.129317877651392,1.8497987260089215e-07,7.8711229657852e-11,598439064204847.5,98006975.69279197,0.0008834905612296547
1.064e-07,18.084561197987522,1.8477154628094278e-07,7.877962591503497e-11,599113792594954.6,97875249.52835637,0.0008827235171247516
1.066e-07,18.04063819860795,1.8457002275727558e-07,7.882624098882692e-11,599767937405459.0,97744140.29483455,0.0008822015054015935
1.068e-07,17.99757983370956,1.843755784673052e-07,7.885117467882045e-11,600400458543590.5,97613686.0603858,0.00088192254267292
1.07e-07,17.955416842869784,1.841884895132824e-07,7.885457756985231e-11,601010313665811.0,97483924.70298728,0.000881884484180899
1.0720000000000001e-07,17.91417973719968,1.84009031489514e-07,7.883664991075802e-11,601596459477686.8,97354893.89943637,0.0008820850270047105
1.0740000000000001e-07,17.873898786829585,1.8383747931980298e-07,7.879764022607382e-11,602157853042784.2,97226631.11441068,0.0008825217134165039
1.076e-07,17.834604009703664,1.8367410710502343e-07,7.873784367627982e-11,602693453099041.6,97099173.58959027,0.0008831919343816292
1.078e-07,17.79632516165529,1.8351918798070688e-07,7.865760018449033e-11,603202221381055.1,96972558.33284415,0.0008840929331988937
1.08e-07,17.759091727731366,1.8337299398447485e-07,7.855729234951099e-11,603683123946714.2,96846822.10748507,0.0008852218092764342
1.082e-07,17.722932914730475,1.8323579593312147e-07,7.84373431668687e-11,604135132506606.2,96722001.42159505,0.000886575522038657
1.084e-07,17.687877644915844,1.8310786330910896e-07,7.829821358076658e-11,604557225754613.1,96598132.51742497,0.0008881508949595509
1.086e-07,17.653954550861663,1.8298946415621084e-07,7.814039989090918e-11,604948390698113.1,96475251.3608717,0.0008899446197175428
1.0880000000000001e-07,17.62119197138811,1.8288086498400597e-07,7.796443103878278e-11,605307623986200.5,96353393.6310351,0.0008919532604669362
1.0900000000000001e-07,17.589617948537853,1.8278233068089472e-07,7.777086579826621e-11,605633933234338.8,96232594.70985837,0.0008941732582208466
1.092e-07,17.559260225544676,1.8269412443528495e-07,7.756028989540146e-11,605926338343860.5,96112889.67185491,0.0008966009353404307
1.094e-07,17.530146245742582,1.8261650766456875e-07,7.73333130817871e-11,606183872814733.8,95994313.27392414,0.0008992325001250922
1.096e-07,17.502303152361783,1.8254973995148565e-07,7.709056618539645e-11,606405585050020.8,95876899.9452598,0.0009020640514982394
1.098e-07,17.47575778915631,1.8249407898744802e-07,7.683269816169118e-11,606590539650460.1,95760683.77735311,0.0009050915837830734
1.1e-07,17.450536701806662,1.824497805223845e-07,7.656037316673262e-11,606737818697613.0,95645698.5140943,0.0009083109915627871
1.1020000000000001e-07,17.42666614003912,1.8241709832063495e-07,7.627426767262078e-11,606846523024029.2,95531977.54197487,0.0009117180746194701
1.1040000000000001e-07,17.40417206040268,1.8239628412241827e-07,7.5975067644047e-11,606915773468895.0,95419553.88039365,0.0009153085429459401
1.106e-07,17.383080129643076,1.8238758761037307e-07,7.566346579307185e-11,606944712117646.0,95308460.17206949,0.0009190780218246283
1.108e-07,17.363415728612868,1.82391256380661e-07,7.534015892746136e-11,606932503524041.0,95198728.6735633,0.0009230220569676083
1.11e-07,17.345203956655556,1.824075359181068e-07,7.500584540607777e-11,606878335913210.4,95090391.2459122,0.0009271361197117709
1.112e-07,17.328469636401067,1.8243666957483592e-07,7.466122271294723e-11,606781422364218.0,94983479.34537849,0.0009314156122631066
1.114e-07,17.313237318909614,1.8247889855186261e-07,7.430698515975407e-11,606641001970689.9,94878024.01431632,0.0009358558729840151
1.1160000000000001e-07,17.299531289100123,1.8253446188306704e-07,7.394382172466491e-11,606456340978091.8,94774055.87215818,0.0009404521817175124
1.1180000000000001e-07,17.28737557139944,1.8260359642099287e-07,7.357241403358965e-11,606226733896262.8,94671605.10652468,0.0009451997651421764
1.1200000000000001e-07,17.27679393554777,1.8268653682388736e-07,7.319343448826316e-11,605951504585833.4,94570701.46445912,0.0009500938021516534
1.122e-07,17.26780990249598,1.8278351554339704e-07,7.280754454389882e-11,605630007317193.0,94471374.24379061,0.0009551294292525254
1.124e-07,17.260446750329713,1.828947628123251e-07,7.2415393137639e-11,605261627800694.5,94373652.28462708,0.0009603017459743252
1.126e-07,17.25472752015539,1.8302050663184893e-07,7.201761526761738e-11,604845784186820.2,94277563.96098159,0.0009656058202854816
1.128e-07,17.2506750218828,1.831609727575899e-07,7.161483072116269e-11,604381928035062.9,94183137.1725337,0.0009710366940089987
1.13e-07,17.24831183983871,1.8331638468391962e-07,7.120764294952188e-11,603869545250312.0,94090399.3365287,0.000976589388231658
1.1320000000000001e-07,17.247660338146073,1.8348696362588258e-07,7.079663808545934e-11,603308156985571.5,93999377.3798169,0.0009822589087005616
1.1340000000000001e-07,17.24874266580262,1.8367292849810618e-07,7.038238409920192e-11,602697320509871.5,93910097.73103535,0.0009880402512008745
1.136e-07,17.25158076139299,1.838744958900665e-07,6.996543008744556e-11,602036630040273.8,93822586.312934,0.00099392840690863
1.138e-07,17.256196357367845,1.8409188003706795e-07,6.954630568951107e-11,601325717536916.4,93736868.53484908,0.0009999183677125206
1.14e-07,17.26261098382327,1.8432529278629262e-07,6.912552062423176e-11,600564253460076.2,93652969.28532538,0.0010060051314986355
1.142e-07,17.270845971713456,1.8457494355726719e-07,6.870356434076509e-11,599751947488277.0,93570912.92488958,0.0010121837073921672
1.144e-07,17.28092245542923,1.8484103929608914e-07,6.828090577623963e-11,598888549196509.2,93490723.27897725,0.0010184491209501592
1.1460000000000001e-07,17.292861374674466,1.8512378442274845e-07,6.785799321296488e-11,597973848693678.9,93412423.63101496,0.0010247964192994369
1.1480000000000001e-07,17.30668347557207,1.8542338077087413e-07,6.743525422783919e-11,597007677218439.4,93336036.71565977,0.0010312206762139492
1.1500000000000001e-07,17.322409310930656,1.8574002751922962e-07,6.701309572658042e-11,595989907692616.9,93261584.71219818,0.001037716997125816
1.152e-07,17.340059239602375,1.8607392111427327e-07,6.659190405546563e-11,594920455231479.1,93189089.23810636,0.0010442805240644603
1.154e-07,17.359653424861666,1.8642525518309438e-07,6.617204518338801e-11,593799277610152.6,93118571.34277315,0.0010509064405183224
1.156e-07,17.38121183173433,1.8679422043602996e-07,6.575386494722137e-11,592626375685537.5,93050051.50138864,0.0010575899762137184
1.158e-07,17.40475422320516,1.8718100455825964e-07,6.533768935370289e-11,591401793773122.6,92983549.60899876,0.001064326411805544
1.16e-07,17.430300155231876,1.8758579208966996e-07,6.492382493131036e-11,590125619978155.1,92919084.97472893,0.0010711110834746124
1.1620000000000001e-07,17.457868970492314,1.8800876429227556e-07,6.451255912590003e-11,588797986480665.0,92856676.31617735,0.001077939387426552
1.1640000000000001e-07,17.48747979079083,1.8845009900447616e-07,6.410416073418929e-11,587419069773905.6,92796341.75398049,0.001084806784287297
1.166e-07,17.519151508049166,1.889099704814256e-07,6.369888036949994e-11,585989090855817.0,92738098.80655146,0.001091708803390351
1.168e-07,17.552902773806334,1.8938854922078425e-07,6.329695095452352e-11,584508315373172.8,92681964.3849936,0.0010986410469511277
1.17e-07,17.588751987150818,1.898860017731206e-07,6.289858823622158e-11,582977053718131.9,92627954.7881902,0.0011055991941238093
1.172e-07,17.626717281008137,1.9040249053622727e-07,6.250399131832598e-11,581395661076961.8,92576085.69807209,0.0011125790049363263
1.174e-07,17.66681650670572,1.909381735326147e-07,6.211334320725626e-11,579764537430756.1,92526372.17506431,0.0011195763240991988
1.1760000000000001e-07,17.709067216736443,1.914932041694431e-07,6.172681136761725e-11,578084127508031.2,92478828.65371318,0.0011265870846841424
1.1780000000000001e-07,17.753486645641612,1.92067730980157e-07,6.13445482837784e-11,576354920689131.4,92433468.9384953,0.0011336073116684896
1.18e-07,17.800091688933705,1.9266189734708846e-07,6.096669202436273e-11,574577450862433.0,92390306.19980918,0.0011406331253416696
1.182e-07,17.84889887997887,1.932758412043005e-07,6.059336680679036e-11,572752296232389.6,92349352.97015135,0.001147660744570128
1.184e-07,17.899924364758736,1.9390969471994798e-07,6.022468355932256e-11,570880079079521.6,92310621.14047733,0.0011546864899172604
1.186e-07,17.953183874431595,1.9456358395744628e-07,5.986074047833911e-11,568961465472496.9,92274121.95674913,0.0011617067866151022
1.188e-07,18.00869269561271,1.9523762851474782e-07,5.9501623578853e-11,566997164932516.2,92239866.0166699,0.0011687181673847094
1.1900000000000001e-07,18.066465638294495,1.959319411410467e-07,5.91474072365222e-11,564987930050262.4,92207863.26660685,0.0011757172751023332
1.1920000000000001e-07,18.126517001327667,1.966466273302469e-07,5.879815471965653e-11,562934556055733.5,92178122.99870329,0.001182700865308688
1.194e-07,18.188860535386066,1.9738178489056043e-07,5.845391870994026e-11,560837880341327.75,92150653.84818055,0.0011896658085588077
1.196e-07,18.25350940333913,1.9813750348962577e-07,5.8114741810796876e-11,558698781938604.0,92125463.79083079,0.001196609092610169
1.198e-07,18.320476137957904,1.9891386417457337e-07,5.778065704251341e-11,556518180949199.94,92102560.14070114,0.001203527824446957
1.2000000000000002e-07,18.389772596883407,1.997109388665067e-07,5.7451688323414945e-11,554297037930429.75,92081949.54797007,0.001210419232138562
1.202e-07,18.461409914788472,2.0052878982890905e-07,5.712785093654131e-11,552036353236152.44,92063637.99701643,0.0012172806665305673
1.204e-07,18.53539845266867,2.0136746910954594e-07,5.680915198142097e-11,549737166313533.56,92047630.8046819,0.001224109602766728
1.206e-07,18.61174774420142,2.0222701795548695e-07,5.6495590810670416e-11,547400554956391.94,92033932.61872719,0.0012309036416406083
1.208e-07,18.690466439117756,2.031074662009413e-07,5.618715945126472e-11,545027634515863.9,92022547.4164826,0.0012376605107757696
1.21e-07,18.77156224353735,2.040088316276829e-07,5.588384301043003e-11,542619557069158.44,92013478.50369312,0.0012443780656336216
1.212e-07,18.855041857223046,2.0493111929791602e-07,5.5585620066205446e-11,540177510547250.06,92006728.51355858,0.0012510542903482105
1.2140000000000002e-07,18.940910907720077,2.0587432085954122e-07,5.529246304280244e-11,537702717822369.3,92002299.40596919,0.0012576872983874822
1.216e-07,19.02917388135223,2.0683841382387385e-07,5.500433857096531e-11,535196435756231.9,92000192.46693638,0.001264275333040724
1.218e-07,19.119834051058277,2.0782336081599856e-07,5.472120783359899e-11,532659954209960.1,92000408.30821942,0.0012708167677321213
1.22e-07,19.212893401061564,2.0882910879805802e-07,5.44430268969862e-11,530094595016723.2,92002946.86714782,0.0012773101061605643
1.222e-07,19.308352548378355,2.09855588265926e-07,5.416974702796315e-11,527501710918145.25,92007807.4066395,0.001283753982266044
1.224e-07,19.406210661183522,2.1090271241986286e-07,5.3901314997461886e-11,524882684465579.94,92014988.51541485,0.00129014716002321
1.226e-07,19.50646537406659,2.1197037630991916e-07,5.3637673370862404e-11,522238926887396.5,92024488.10840642,0.0012964885330628167
1.2280000000000001e-07,19.60911270022783,2.1305845595703935e-07,5.3378760785621503e-11,519571876923443.75,92036303.42736441,0.0013027771241220698
1.23e-07,19.714146940680404,2.1416680745100206e-07,5.312451221667006e-11,516882999627923.2,92050431.04165749,0.0013090120843249943
1.232e-07,19.82156059054507,2.1529526602655822e-07,5.287485923008299e-11,514173785141909.5,92066866.84926893,0.001315192692294242
1.234e-07,19.931344242543247,2.1644364511933957e-07,5.2629730225540555e-11,511445747436817.06,92085606.0779876,0.0013213183530958838
1.236e-07,20.04348648781744,2.176117354033603e-07,5.238905066810501e-11,508700423030128.6,92106643.2867937,0.001327388597018975
1.238e-07,20.157973814231557,2.1879930381218714e-07,5.2152743309840586e-11,505939369674739.6,92129972.36743839,0.0013334030781918702
1.24e-07,20.27479050232924,2.200060925461213e-07,5.19207284018056e-11,503164165023308.3,92155586.54621759,0.0013393615730374374
1.2420000000000001e-07,20.39391851915616,2.212318180680302e-07,5.169292389694087e-11,500376405269015.6,92183478.38593858,0.001345263978569555
1.244e-07,20.515337410180553,2.2247617009075685e-07,5.146924564437485e-11,497577703764188.44,92213639.78807949,0.0013511103105334147
1.2460000000000002e-07,20.63902418957794,2.237388105593619e-07,5.124960757565585e-11,494769689618240.5,92246061.9951407,0.0013569007013923848
1.248e-07,20.764953229177507,2.250193726317717e-07,5.103392188341276e-11,491954006276433.75,92280735.59318772,0.0013626353981643386
1.25e-07,20.89309614640249,2.263174596617553e-07,5.082209919293238e-11,489132310080964.3,92317650.51458445,0.0013683147601105511
1.252e-07,21.023421691571738,2.2763264418849936e-07,5.061404872712802e-11,486306268815914.56,92356796.04091643,0.0013739392562804335
1.254e-07,21.15589563496695,2.2896446693741542e-07,5.040967846535851e-11,483477560237624.3,92398160.80610293,0.0013795094629155424
1.256e-07,21.290480654108443,2.303124358371847e-07,5.0208895296538785e-11,480647870592044.94,92441732.79969724,0.0013850260607164917
1.258e-07,21.427136221720897,2.3167602505841526e-07,5.0011605166967085e-11,477818893120675.25,92487499.37037385,0.0013904898319765156
1.2600000000000002e-07,21.565818494911657,2.3305467407967316e-07,4.9817713223272313e-11,474992326556667.4,92535447.22960186,0.0013959016575856404
1.262e-07,21.70648020612407,2.3444778678701884e-07,4.9627123950867315e-11,472169873612725.2,92585562.45550337,0.0014012625139095244
1.264e-07,21.849070556470377,2.3585473061356413e-07,4.9439741308270936e-11,469353239462407.6,92637830.4968958,0.0014065734695472248
1.266e-07,21.9935351120891,2.3727483572592663e-07,4.9255468857641947e-11,466544130216476.56,92692236.17751683,0.0014118356819722512
1.268e-07,22.139815704213316,2.387073942648193e-07,4.9074209891844925e-11,463744251395921.9,92748763.70043088,0.0014170503940614243
1.27e-07,22.28785033367651,2.401516596473595e-07,4.8895867558345426e-11,460955306403300.75,92807396.65261592,0.0014222189305162023
1.272e-07,22.437573080620936,2.416068459389945e-07,4.8720344980210014e-11,458178994994046.0,92868118.00972892,0.0014273426941812295
1.2740000000000002e-07,22.588914020211874,2.4307212730324886e-07,4.854754537446228e-11,455417011749377.3,92930910.14104913,0.001432423162265022
1.276e-07,22.74179914519534,2.445466375377564e-07,4.83773721680233e-11,452671044552467.25,92995754.81459709,0.0014374618824677954
1.278e-07,22.896150296170152,2.460294697052769e-07,4.8209729111441255e-11,449942773069495.75,93062633.20242839,0.0014424604690215599
1.28e-07,23.0518851004734,2.47519675868575e-07,4.804452039059135e-11,447233867237235.4,93131525.88610052,0.001447420598647711
1.282e-07,23.20891692060405,2.490162669381837e-07,4.7881650736503855e-11,444545985758793.8,93202412.86231104,0.0014523440064374336
1.284e-07,23.367154813129734,2.505182126421541e-07,4.772102553345397e-11,441880774609130.0,93275273.54870564,0.0014572324816603467
1.286e-07,23.526503499035925,2.520244416269025e-07,4.756255092542542e-11,439239865551965.4,93350086.78985433,0.0014620878635068688
1.2880000000000002e-07,23.686863346486962,2.53533841698229e-07,4.7406133921034585e-11,436624874669672.44,93426830.86339405,0.0014669120367699086
1.29e-07,23.848130366968565,2.550452602114353e-07,4.725168249698183e-11,434037400907740.8,93505483.48633574,0.0014717069274714984
1.292e-07,24.010196225777708,2.56557504619273e-07,4.7099105700072244e-11,431479024635375.75,93586021.82153445,0.0014764744984401101
1.294e-07,24.17294826781039,2.580693431861402e-07,4.6948313747828044e-11,428951306223787.8,93668422.48432016,0.0014812167448444097
1.296e-07,24.336269559575786,2.5957950587655327e-07,4.679921812769277e-11,426455784643701.4,93752661.54928751,0.0014859356896892732
1.298e-07,24.500038948332758,2.6108668542542114e-07,4.665173169480739e-11,423993976083590.06,93838714.55724287,0.0014906333792799418
1.3e-07,24.664131139201213,2.62589538597041e-07,4.6505768768319115e-11,421567372590132.6,93926556.52230595,0.0014953118786601954
1.3020000000000001e-07,24.828416791048664,2.6408668763903006e-07,4.636124522616417e-11,419177440732341.06,94016161.93916473,0.0014999732670305055
1.304e-07,24.99276263188582,2.655767219365682e-07,4.621807859824881e-11,416825620290809.3,94107504.79048096,0.0015046196331520967
1.306e-07,25.15703159443032,2.6705819987139974e-07,4.6076188157935385e-11,414513322973480.44,94200558.55444445,0.001509253070742906
1.308e-07,25.321082972408377,2.6852965088897827e-07,4.5935495011724984e-11,412241931159317.75,94295296.21247377,0.0015138756738714088
1.31e-07,25.484772598064353,2.6998957777597265e-07,4.579592218701365e-11,410012796671225.1,94391690.25706123,0.001518489532354292
1.312e-07,25.647953041236338,2.7143645914907665e-07,4.5657394717785235e-11,407827239579530.0,94489712.6997598,0.001523096727163963
1.314e-07,25.810473830231338,2.7286875215467156e-07,4.5519839728093486e-11,405686547037315.7,94589335.0793097,0.001527699325851833
1.3160000000000001e-07,25.972181694599403,2.7428489537741635e-07,4.5383186513173624e-11,403591972148840.4,94690528.46990225,0.001532299377993345
1.318e-07,26.132920829758977,2.7568331195425073e-07,4.5247366618016553e-11,401544732872261.06,94793263.48957857,0.0015368989106606323
1.3200000000000002e-07,26.292533183270887,2.770624128886507e-07,4.511231391322964e-11,399546010957823.4,94897510.30876087,0.0015414999239287174
1.322e-07,26.450858762392166,2.784206005582366e-07,4.497796466800351e-11,397596950922656.6,95003238.65891345,0.0015461043864210648
1.324e-07,26.60773596236911,2.7975627240706306e-07,4.484425761999907e-11,395698659063255.94,95110417.84133144,0.001550714230900303
1.326e-07,26.76300191474859,2.8106782481208814e-07,4.471113404196681e-11,393852202506705.7,95219016.73605427,0.0015553313499098369
1.328e-07,26.916492854802975,2.8235365711148776e-07,4.4578537804909846e-11,392058608301645.1,95329003.81090143,0.0015599575914720279
1.33e-07,27.068044506976563,2.8361217578063545e-07,4.4446415437601787e-11,390318862549934.8,95440347.1306281,0.0015645947548485618
1.332e-07,27.217492487072207,2.848417987397431e-07,4.431471618227479e-11,388633909579943.56,95553014.36619748,0.001569244586368514
1.3340000000000002e-07,27.364672719710633,2.86040959775393e-07,4.418339204629553e-11,387004651162315.2,95666972.804168,0.0015739087753295846
1.336e-07,27.509421869408975,2.8720811305646695e-07,4.405239784965421e-11,385431945769044.6,95782189.3561915,0.0015785889499778446
1.338e-07,27.651577783448083,2.883417377233751e-07,4.3921691268098364e-11,383916607876625.6,95898630.56862074,0.0015832866735712733
1.34e-07,27.790979944526406,2.894403425279731e-07,4.37912328717525e-11,382459407314000.2,96016262.63222285,0.0015880034405322493
1.342e-07,27.9274699310391,2.9050247050020644e-07,4.3660986159075874e-11,381061068655976.0,96135051.39199583,0.001592740672694045
1.344e-07,28.060891882673854,2.9152670361631644e-07,4.3530917586021885e-11,379722270662734.94,96254962.35708582,0.0015974997156462866
1.346e-07,28.191092968883563,2.925116674424393e-07,4.340099659027724e-11,378443645766004.44,96375960.71080148,0.0016022818351841834
1.3480000000000002e-07,28.317923857683322,2.934560357266341e-07,4.327119561047279e-11,377225779602401.75,96498011.32072331,0.0016070882138662515
1.35e-07,28.44123918212457,2.9435853491179383e-07,4.314149010027517e-11,376069210594425.0,96621078.74890444,0.001611919947685079
1.352e-07,28.560898001729758,2.952179485415875e-07,4.3011858537284325e-11,374974429579492.7,96745127.26216024,0.0016167780428555866
1.354e-07,28.676764256122297,2.9603312153150113e-07,4.2882282426681296e-11,373941879487394.5,96870120.84244357,0.001621663412725061
1.356e-07,28.788707208065638,2.9680296427726307e-07,4.2752746299588665e-11,372971955066454.3,96996023.19730279,0.0016265768748091154
1.358e-07,28.89660187313001,2.975264565734224e-07,4.262323770612594e-11,372065002658652.25,97122797.77041952,0.001631519147957578
1.36e-07,29.0003294332374,2.982026513156144e-07,4.249374720316303e-11,371221320023902.1,97250407.75222273,0.001636490849654126
1.3620000000000002e-07,29.09977763139646,2.9883067796110113e-07,4.2364268336794126e-11,370441156213618.56,97378816.09057684,0.0016414924934533713
1.364e-07,29.19484114502625,2.99409745723495e-07,4.223479761957665e-11,369724711493661.75,97507985.50153972,0.001646524486558886
1.366e-07,29.285421935384846,2.999391464791721e-07,4.210533450259965e-11,369072137316683.3,97637878.48018844,0.0016515871275455216
1.368e-07,29.371429570760913,3.00418257364724e-07,4.1975881342467405e-11,368483536343848.2,97768457.31150891,0.0016566806042291951
1.37e-07,29.45278152125471,3.008465430468793e-07,4.184644336330466e-11,367958962515850.25,97899684.08134656,0.0016618049916871168
1.372e-07,29.52940342316827,3.012235576486285e-07,4.1717028613909355e-11,367498421173082.0,98031520.687415,0.0016669602504312965
1.374e-07,29.601229311237557,3.0154894631776217e-07,4.158764792019968e-11,367101869224768.25,98163928.85035908,0.0016721462247379249
1.3760000000000001e-07,29.668201817174932,3.018224464266918e-07,4.145831483311963e-11,366769215366813.4,98296870.12486959,0.0016773626411350968
1.378e-07,29.73027233323935,3.02043888395184e-07,4.1329045572187105e-11,366500320348063.94,98430305.91084586,0.0016826091070510985
1.3800000000000002e-07,29.787401139818193,3.0221319613052614e-07,4.1199858964884154e-11,366294997284627.94,98564197.46460372,0.0016878851096253367
1.382e-07,29.839557496278502,3.023303870825619e-07,4.107077638210657e-11,366153012021843.25,98698505.91012463,0.0016931900146837469
1.384e-07,29.886719694629107,3.023955719140011e-07,4.0941821669903774e-11,366074083543431.5,98833192.25034371,0.0016985230658803595
1.386e-07,29.928875075820873,3.0240895378934993e-07,4.081302107775454e-11,366057884427323.9,98968217.37847264,0.0017038833840064725
1.388e-07,29.966020008799333,3.023708272887072e-07,4.068440318363588e-11,366104041347589.8,99103542.08935449,0.0017092699664686885
1.3900000000000001e-07,29.998159832707135,3.0228157695548575e-07,4.055599881615332e-11,366212135621852.56,99239127.09084712,0.0017146816869368804
1.392e-07,30.025308762910452,3.021416754898168e-07,4.04278409740107e-11,366381703803521.6,99374933.01523182,0.0017201172951629188
1.3940000000000002e-07,30.047489761790125,3.0195168160194347e-07,4.029996474310439e-11,366612238318123.3,99510920.43064392,0.0017255754169708249
1.396e-07,30.064734375491675,3.017122375422813e-07,4.017240721153453e-11,366903188142962.44,99647049.85252205,0.0017310545544187603
1.398e-07,30.07708253806584,3.014240663269912e-07,4.004520738282896e-11,367253959529299.9,99783281.75507256,0.0017365530861331068
1.4e-07,30.08458234465042,3.0108796867985675e-07,3.991840608767994e-11,367663916766182.5,99919576.58274615,0.0017420692678146359
1.402e-07,30.0872897955421,3.007048197129534e-07,3.979204589449442e-11,368132382985018.2,100055894.76172283,0.0017476012329165878
1.404e-07,30.085268513182893,3.002755653700423e-07,3.9666171019058374e-11,368658641003940.9,100192196.71140254,0.0017531469934942742
1.406e-07,30.078589434237006,2.9980121865779514e-07,3.954082723361501e-11,369241934210968.56,100328442.85589741,0.0017587044412255754
1.4080000000000002e-07,30.06733047906062,2.992828556908553e-07,3.941606177565212e-11,369881467484915.56,100464593.63552289,0.0017642713486015532
1.41e-07,30.051576200967546,2.9872161157737036e-07,3.929192325669067e-11,370576408152974.1,100600609.51828402,0.00176984537028613
1.412e-07,30.03141741776809,2.981186761719778e-07,3.91684615713595e-11,371325886983846.7,100736451.0113538,0.0017754240446436358
1.414e-07,30.006950828107247,2.974752897233187e-07,3.904572780703461e-11,372128999215265.75,100872078.67254004,0.0017810047954327855
1.416e-07,29.97827861515128,2.967927384429784e-07,3.892377415431278e-11,372984805614703.3,101007453.12173763,0.0017865849336654513
1.418e-07,29.945508040170033,2.960723500223412e-07,3.88026538185791e-11,373892333572036.0,101142535.05236267,0.0017921616596284233
1.42e-07,29.90875102853748,2.9531548912320393e-07,3.8682420932918655e-11,374850578222894.1,101277285.2427653,0.0017977320650660977
1.4220000000000002e-07,29.868123750625518,2.945235528671398e-07,3.856313047260938e-11,375858503601395.94,101411664.5676181,0.0018032931355219
1.424e-07,29.823746199998524,2.9369796634756533e-07,3.844483817142232e-11,376915043820927.25,101545634.00927599,0.001808841752836
1.426e-07,29.775741771229637,2.9284017818724873e-07,3.832760043994118e-11,378019104281606.5,101679154.66910535,0.001814374697796725
1.428e-07,29.724236839557022,2.919516561626492e-07,3.821147428610019e-11,379169562903038.2,101812187.77877852,0.0018198886529428677
1.43e-07,29.66936034448034,2.9103388291499493e-07,3.8096517238124705e-11,380365271380936.7,101944694.71153004,0.0018253802055138999
1.432e-07,29.611243379268203,2.9008835176643567e-07,3.798278727004424e-11,381605056466173.1,102076636.9933725,0.0018308458505449463
1.434e-07,29.550018788206767,2.891165626579564e-07,3.787034272993341e-11,382887721264776.2,102207976.31426723,0.001836281994103151
1.4360000000000002e-07,29.485820773271566,2.881200182240329e-07,3.775924227102025e-11,384212046557395.7,102338674.53924821,0.0018416849566619475
1.438e-07,29.418784511750527,2.871002200172842e-07,3.764954478578716e-11,385576792136716.0,102468693.71949431,0.0018470509766095166
1.44e-07,29.349045786188086,2.8605866489462824e-07,3.754130934317381e-11,386980698161290.25,102597996.1033483,0.001852376213887611
1.442e-07,29.27674062786023,2.849968415747199e-07,3.7434595128976945e-11,388422486524247.7,102726544.1472779,0.0018576567537567058
1.444e-07,29.20200497483084,2.839162273747459e-07,3.732946138952671e-11,389900862235310.2,102854300.52677691,0.0018628886106833158
1.446e-07,29.124974345480545,2.828182851329856e-07,3.7225967378704715e-11,391414514814547.2,102981228.14720245,0.0018680677323451621
1.448e-07,29.045783528245156,2.817044603219519e-07,3.712417230835489e-11,392962119696276.44,103107290.15454555,0.0018731900037497024
1.4500000000000001e-07,28.96456628814919,2.8057617835538405e-07,3.70241353021241e-11,394542339641520.7,103232449.946132,0.00187825125146143
1.452e-07,28.881455090575766,2.794348420909204e-07,3.6925915352756455e-11,396153826157410.0,103356671.18124996,0.0018832472479331731
1.4540000000000002e-07,28.796580842575683,2.782818295289073e-07,3.682957128285183e-11,397795220921927.4,103479917.79170172,0.001888173715936537
1.456e-07,28.710072651888346,2.771184917065407e-07,3.6735161709087473e-11,399465157212376.06,103602153.9922762,0.0018930263330864574
1.458e-07,28.62205760372482,2.759461507853621e-07,3.664274500988921e-11,401162261335960.5,103723344.29113954,0.0018978007364547648
1.46e-07,28.532660555249983,2.7476609832907283e-07,3.6552379296528096e-11,402885154060859.56,103843453.50014006,0.0019024925272674977
1.462e-07,28.442003947597005,2.7357959376766935e-07,3.6464122387607843e-11,404632452046179.75,103962446.7450254,0.0019070972756806276
1.4640000000000001e-07,28.350207635152245,2.723878630430508e-07,3.637803178689818e-11,406402769269179.3,104080289.47556853,0.0019116105256287528
1.466e-07,28.25738873176413,2.7119209743050674e-07,3.6294164664461046e-11,408194718448153.2,104196947.47559935,0.0019160277997411943
1.4680000000000002e-07,28.163661473453317,2.699934525298397e-07,3.6212577841007045e-11,410006912459387.6,104312386.8729397,0.0019203446043198902
1.47e-07,28.069137097136185,2.687930474193473e-07,3.613332777541295e-11,411837965746586.6,104426574.14923824,0.0019245564343733394
1.472e-07,27.97392373481546,2.675919639654236e-07,3.605647055532316e-11,413686495721200.4,104539476.14970253,0.001928658778700827
1.474e-07,27.878126322644906,2.6639124628019555e-07,3.598206189075207e-11,415551124152083.56,104651060.09272596,0.001932647125021062
1.476e-07,27.78184652423418,2.651919003193335e-07,3.5910157110598755e-11,417430478542935.44,104761293.57940567,0.0019365169651392928
1.478e-07,27.685182667528906,2.6399489361198134e-07,3.584081116197982e-11,419323193495988.7,104870144.60295008,0.001940263800146942
1.48e-07,27.58822969457703,2.6280115511464655e-07,3.5774078612282345e-11,421227912060422.56,104977581.5579719,0.0019438831456477109
1.4820000000000002e-07,27.491079123474663,2.6161157518082657e-07,3.571001365383469e-11,423143287064015.56,105083573.24966513,0.0019473705370041028
1.484e-07,27.393819021775453,2.60427005638183e-07,3.5648670111089984e-11,425067982426548.5,105188088.90286244,0.001950721534598241
1.486e-07,27.296533990641606,2.59248259965127e-07,3.559010145021389e-11,427000674453516.5,105291098.17097104,0.0019539317291008725
1.488e-07,27.199305159016888,2.5807611355881657e-07,3.553436079096665e-11,428940053108716.06,105392571.14478384,0.0019569967467423853
1.49e-07,27.102210187106806,2.569113040867215e-07,3.548150092076711e-11,430884823264307.7,105492478.36116366,0.0019599122545796866
1.492e-07,27.005323278462143,2.557545319141207e-07,3.543157431082559e-11,432833705926983.3,105590790.81159824,0.0019626739657527662
1.494e-07,26.908715199975596,2.5460646060013343e-07,3.538463313423106e-11,434785439438891.4,105687479.95062265,0.0019652776447247763
1.4960000000000002e-07,26.81245330911899,2.534677174551477e-07,3.5340729285878064e-11,436738780652011.7,105782517.70410794,0.001967719112499467
1.498e-07,26.716601587768842,2.523388941528017e-07,3.52999144041183e-11,438692506074695.1,105875876.47741228,0.0019699942518098252
1.5e-07,26.621220681990543,2.512205473899722e-07,3.526223989402174e-11,440645412989130.8,105967529.16339345,0.0019720990122718105
1.502e-07,26.526367947176396,2.5011319958855086e-07,3.5227756952132934e-11,442596320538522.8,106057449.15027933,0.0019740294154970725
1.504e-07,26.432097497959102,2.490173396331141e-07,3.5196516592608286e-11,444544070782808.75,106145610.32939485,0.0019757815601586072
1.506e-07,26.338460262349404,2.4793342363892765e-07,3.51685696746208e-11,446487529721785.7,106231987.1027427,0.0019773516270033442
1.508e-07,26.24550403957591,2.4686187574507125e-07,3.514396693092007e-11,448425588284544.94,106316554.39043595,0.0019787358838056854
1.5100000000000002e-07,26.153273561132877,2.458030889277993e-07,3.512275899743566e-11,450357163284168.0,106399287.63797992,0.001979930690256113
1.512e-07,26.06181055457282,2.44757425829603e-07,3.510499644381355e-11,452281198336663.2,106480162.82340182,0.0019809325027790124
1.514e-07,25.971153809608264,2.4372521959975713e-07,3.509072980477588e-11,454196664743184.1,106559156.4642256,0.0019817378792739543
1.516e-07,25.881339246118092,2.427067747424773e-07,3.508000961219594e-11,456102562334597.3,106636245.62429024,0.001982343483774741
1.518e-07,25.792399983681726,2.417023679691209e-07,3.5072886427780506e-11,457997920277522.3,106711407.92040928,0.0019827460910206186
1.52e-07,25.70436641229306,2.4071224905117746e-07,3.5069410876253416e-11,459881797841015.6,106784621.5288699,0.001982942590934141
1.522e-07,25.617266263934383,2.397366416710975e-07,3.506963367893456e-11,461753285123104.4,106855865.19176964,0.0019829299930002745
1.5240000000000001e-07,25.531124684716676,2.387757442682893e-07,3.507360568760933e-11,463611503736442.3,106925118.22318858,0.0019827054305414328
1.526e-07,25.44596430731995,2.3782973087789722e-07,3.508137791858424e-11,465455607452388.8,106992360.5151957,0.0019822661648832497
1.5280000000000002e-07,25.361805323491183,2.36898751960229e-07,3.509300158682473e-11,467284782802883.56,107057572.54368722,0.001981609589406001
1.53e-07,25.278665556383157,2.359829352189603e-07,3.510852814007124e-11,469098249639517.0,107120735.37405562,0.001980733233476725
1.532e-07,25.19656053253913,2.350823864064711e-07,3.5128009292829685e-11,470895261649269.1,107181830.66668727,0.0019796347662572075
1.534e-07,25.115503553351612,2.3419719011490205e-07,3.515149706013212e-11,472675106826424.6,107240840.68228751,0.001978312000383136
1.536e-07,25.035505765843624,2.3332741055172334e-07,3.517904379096258e-11,474437107900232.44,107297748.28703131,0.001976762895509876
1.5380000000000001e-07,24.956576232640963,2.3247309229880803e-07,3.521070220124228e-11,476180622717932.5,107352536.95753813,0.0019749855617204478
1.54e-07,24.87872200102278,2.3163426105418924e-07,3.5246525406267204e-11,477905044582815.44,107405190.78566955,0.0019729782627914538
1.5420000000000002e-07,24.80194817095503,2.3081092435584773e-07,3.5286566952488914e-11,479609802547048.1,107455694.4831483,0.001970739419312847
1.544e-07,24.72625796202824,2.3000307228704308e-07,3.5330880848528166e-11,481294361659037.3,107504033.38599734,0.0019682676116576036
1.546e-07,24.651652779235647,2.2921067816284041e-07,3.5379521595307844e-11,482958223165173.3,107550193.45879745,0.001965561582797508
1.548e-07,24.57813227754322,2.2843369919763358e-07,3.543254421518903e-11,484600924665832.25,107594161.29876266,0.001962620240961461
1.55e-07,24.50569442521497,2.276720771535787e-07,3.5490004279990925e-11,486222040225584.8,107635924.13963167,0.001959442662132857
1.5520000000000001e-07,24.434335565870303,2.2692573896997626e-07,3.555195793777133e-11,487821180437605.7,107675469.85537468,0.001956028092382786
1.554e-07,24.36405047926069,2.2619459737373946e-07,3.5618461938240117e-11,489397992442332.56,107712786.96371414,0.0019523759500359788
1.5560000000000002e-07,24.294832440763635,2.254785514711844e-07,3.568957365667365e-11,490952159900481.25,107747864.6294588,0.001948485827666602
1.558e-07,24.226673279601144,2.247774873214631e-07,3.5765351116192226e-11,492483402920571.75,107780692.66764972,0.0019443574939212165
1.56e-07,24.15956343579835,2.2409127849203585e-07,3.5845853008257694e-11,493991477941182.06,107811261.54651742,0.0019399908951663685
1.562e-07,24.093492015905895,2.234197865966519e-07,3.593113871124085e-11,495476177568189.94,107839562.39024961,0.0019353861569585192
1.564e-07,24.028446847516307,2.2276286181636603e-07,3.6021268306902287e-11,496937330367323.0,107865586.98156828,0.0019305435853341883
1.566e-07,23.964414532610572,2.2212034340417165e-07,3.611630259462229e-11,498374800612390.7,107889327.76411553,0.0019254636679183902
1.568e-07,23.901380499777154,2.2149206017388214e-07,3.6216303103207e-11,499788487989616.9,107910777.84464778,0.0019201470748496687
1.5700000000000002e-07,23.839329055349367,2.2087783097392668e-07,3.632133210009001e-11,501178327258552.25,107929930.99503706,0.001914594659520199
1.572e-07,23.778243433512074,2.2027746514676617e-07,3.643145259773807e-11,502544287870088.3,107946781.6540795,0.001908807459129683
1.574e-07,23.718105845431182,2.1969076297465843e-07,3.6546728357060806e-11,503886373542155.1,107961324.92910998,0.0019027866950519167
1.576e-07,23.658897527462734,2.1911751611252796e-07,3.666722388761212e-11,505204621793723.5,107973556.59742278,0.0018965337730131768
1.578e-07,23.600598788500424,2.1855750800871166e-07,3.67930044443609e-11,506499103437788.8,107983473.10749768,0.0018900502830817363
1.58e-07,23.543189056521694,2.180105143143623e-07,3.692413602079579e-11,507769922034063.44,107991071.5800311,0.0018833379994680553
1.582e-07,23.48664692439439,2.1747630328230454e-07,3.706068533811618e-11,509017213302140.44,107996349.80877218,0.001876398880135407
1.5840000000000002e-07,23.430950195005646,2.1695463615613478e-07,3.7202719830248545e-11,510241144495955.5,107999306.26116328,0.0018692350662208913
1.586e-07,23.37607592577571,2.1644526755036209e-07,3.735030762441231e-11,511441913740398.7,107999940.07878508,0.001861848881267041
1.588e-07,23.322000472618253,2.1594794582237673e-07,3.750351751694611e-11,512619749330993.94,107998251.07760578,0.00185424283026438
1.59e-07,23.26869953340865,2.1546241343702905e-07,3.766241894408812e-11,513774908997585.8,107994239.74803452,0.0018464195985055738
1.592e-07,23.21614819102011,2.1498840732458664e-07,3.7827081947389836e-11,514907679133031.8,107987907.254779,0.0018383820502519725
1.594e-07,23.16432095598598,2.145256592328218e-07,3.7997577133425113e-11,516018373987931.5,107979255.43650725,0.0018301332272135712
1.596e-07,23.113191808844796,2.1407389607396483e-07,3.81739756274391e-11,517107334832463.9,107968286.8053139,0.0018216763468436527
1.5980000000000001e-07,23.062734242222128,2.1363284026723396e-07,3.8356349020564786e-11,518174929086445.1,107955004.5459906,0.001813014800449533
1.6e-07,23.0129213027007,2.1320221007763065e-07,3.854476931021572e-11,519221549418752.75,107939412.51510148,0.001804152151121091
1.6020000000000002e-07,22.963725632527137,2.1278171995165766e-07,3.873930883324589e-11,520247612817303.1,107921515.23986326,0.0017950921314789298
1.604e-07,22.915119511200622,2.1237108085059124e-07,3.8940040191447864e-11,521253559630793.9,107901317.9168308,0.0017858386412442542
1.606e-07,22.86707489698473,2.1197000058190048e-07,3.914703616894236e-11,522239852583470.25,107878826.4103882,0.0017763957446327078
1.608e-07,22.81956346838036,2.115781841293769e-07,3.936036964099191e-11,523206975764188.06,107854047.25104615,0.0017667676675746642
1.61e-07,22.77255666559297,2.1119533398249434e-07,3.9580113473752724e-11,524155433591091.94,107826987.63354568,0.0017569587947646307
1.6120000000000001e-07,22.726025732023352,2.1082115046548306e-07,3.98063404144599e-11,525085749753244.9,107797655.4147692,0.0017469736665426002
1.614e-07,22.679941755806315,2.1045533206655678e-07,4.003912297152111e-11,525998466130575.56,107766059.1114591,0.0017368169756104427
1.6160000000000002e-07,22.634275711416972,2.1009757576768947e-07,4.027853328397706e-11,526894141693538.0,107732207.89774509,0.0017264935635865222
1.618e-07,22.588998501359253,2.0974757737529156e-07,4.052464297976724e-11,527773351383891.8,107696111.6024802,0.0017160084174020112
1.62e-07,22.544080997946008,2.0940503185208716e-07,4.077752302222478e-11,528636684978047.5,107657780.70638712,0.0017053666655424487
1.622e-07,22.49949408517497,2.0906963365044586e-07,4.103724354420634e-11,529484745934425.75,107617226.33901496,0.0016945735741383558
1.624e-07,22.455208700699227,2.0874107704737198e-07,4.1303873669249696e-11,530318150226309.25,107574460.2755078,0.0016836345429088453
1.6260000000000001e-07,22.411195877885373,2.084190564813008e-07,4.157748131913928e-11,531137525161676.7,107529494.93318567,0.0016725551009623182
1.628e-07,22.36742678794698,2.0810326689080118e-07,4.1858133007248215e-11,531943508191524.0,107482343.36793917,0.0016613409024585533
1.6300000000000002e-07,22.323872782135375,2.077934040552281e-07,4.2145893617018594e-11,532736745708192.75,107433019.27043869,0.001649997722136594
1.632e-07,22.28050543396393,2.074891649373161e-07,4.244082616493533e-11,533517891835232.9,107381536.96215908,0.001638531450713051
1.634e-07,22.237296581436716,2.0719024802764892e-07,4.274299154734875e-11,534287607210341.94,107327911.39122154,0.001626948090155504
1.636e-07,22.19421836924657,2.0689635369088815e-07,4.305244827050092e-11,535046557762922.3,107272158.12805317,0.0016152537488359378
1.638e-07,22.15124329090226,2.0660718451358622e-07,4.336925216311948e-11,535795413487813.0,107214293.36086628,0.0016034546365691806
1.64e-07,22.108344230738773,2.0632244565335657e-07,4.3693456070953224e-11,536534847216749.6,107154333.89095783,0.0015915570595414973
1.642e-07,22.0654945057601,2.0604184518912235e-07,4.402510953264068e-11,537265533389107.75,107092297.12783127,0.0015795674151346231
1.6440000000000002e-07,22.022667907258,2.0576509447210685e-07,4.4364258436327974e-11,537988146823493.4,107028201.08414139,0.0015674921866505962
1.646e-07,21.979838742146224,2.0549190847718452e-07,4.4710944656481355e-11,538703361491727.94,106962064.37046456,0.0015553379379429238
1.648e-07,21.936981873944287,2.0522200615415508e-07,4.5065205670380615e-11,539411849296789.0,106893906.1898949,0.0015431113079596552
1.65e-07,21.894072763341143,2.049551107784596e-07,4.5427074153825605e-11,540114278856246.44,106823746.33246846,0.0015308190052040936
1.652e-07,21.851087508264797,2.0469095030080897e-07,4.5796577555646196e-11,540811314292737.0,106751605.1694174,0.0015184678021189454
1.654e-07,21.808002883380176,2.044292576951521e-07,4.6173737650674254e-11,541503614033007.2,106677503.6472548,0.001506064529399786
1.656e-07,21.764796378934445,2.0416977130437004e-07,4.655857007091485e-11,542191829617043.8,106601463.28169294,0.0014936160702438315
1.6580000000000002e-07,21.721446238865955,2.0391223518304455e-07,4.6951083814747237e-11,542876604518798.1,106523506.151396,0.0014811293545400402
1.66e-07,21.677931498090523,2.0365639943661343e-07,4.735128073409043e-11,543558572979996.75,106443654.89156957,0.0014686113530066845
1.6620000000000002e-07,21.63423201887678,2.034020205561951e-07,4.77591549995903e-11,544238358858516.25,106361932.68738823,0.001456069071282531
1.664e-07,21.590328526220812,2.0314886174833613e-07,4.8174692544018505e-11,544916574492775.75,106278363.26726377,0.0014435095439779043
1.666e-07,21.546202642129195,2.0289669325891155e-07,4.859787048422949e-11,545593819583591.1,106192970.89595546,0.0014309398286918467
1.668e-07,21.501836918719277,2.0264529269038998e-07,4.9028656522187983e-11,546270680094902.0,106105780.3675247,0.001418367000001748
1.67e-07,21.45721487004537,2.0239444531165884e-07,4.946700832577087e-11,546947727174768.7,106016816.99813594,0.0014057981434317558
1.6720000000000001e-07,21.41232100256017,2.021439443595943e-07,4.9912872890254384e-11,547625516098007.7,105926106.61870605,0.0013932403494063329
1.674e-07,21.36714084412224,2.0189359133155844e-07,5.0366185881623745e-11,548304585231805.56,105833675.56740417,0.0013807007071953807
1.6760000000000002e-07,21.32166097146144,2.0164319626799924e-07,5.0826870963093525e-11,548985455025629.1,105739550.68200427,0.0013681862988572883
1.678e-07,21.275869036017543,2.013925780243415e-07,5.129483910649297e-11,549668627026712.25,105643759.29209276,0.0013557041931863542
1.68e-07,21.22975378806899,2.0114156453135705e-07,5.1769987890464716e-11,550354582922379.1,105546329.21113312,0.0013432614396709233
1.682e-07,21.18330509907331,2.0088999304322557e-07,5.225220078773255e-11,551043783610419.2,105447288.72839022,0.0013308650624686842
1.684e-07,21.136513982144095,2.0063771037251173e-07,5.274134644402943e-11,551736668298703.25,105346666.60071641,0.0013185220544054623
1.6860000000000001e-07,21.089372610594065,2.0038457311131034e-07,5.323727795162829e-11,552433653635193.94,105244492.04420175,0.0013062393710038468
1.688e-07,21.041874334479175,2.001304478378421e-07,5.373983212078758e-11,553135132869462.5,105140794.72569105,0.0012940239245479942
1.6900000000000002e-07,20.994013695083947,1.9987521130781586e-07,5.4248828752815126e-11,553841475046791.1,105035604.75416996,0.0012818825781908377
1.692e-07,20.94578643729454,1.996187506299139e-07,5.476406991885438e-11,554553024235895.5,104928952.67202272,0.0012698221401099736
1.694e-07,20.89718951981219,1.9936096342479778e-07,5.528533924891802e-11,555270098791267.9,104820869.44616394,0.001257849357718337
1.696e-07,20.848221123167235,1.991017579670859e-07,5.5812401236115793e-11,555992990651091.2,104711386.45904733,0.0012459709119358347
1.698e-07,20.79888065550028,1.9884105330979916e-07,5.63450005614603e-11,556721964671640.5,104600535.49955362,0.0012341934115279315
1.7000000000000001e-07,20.74916875608556,1.9857877939083433e-07,5.6882861445065736e-11,557457257999035.0,104488348.75376047,0.0012225233875171756
1.702e-07,20.6990872965787,1.983148771210778e-07,5.742568702998538e-11,558199079479167.25,104374858.79559718,0.001210967287673556
1.7040000000000002e-07,20.64863937997954,1.980492984538392e-07,5.7973158805357076e-11,558947609106584.56,104260098.57738663,0.0011995314710894435
1.706e-07,20.59782933730883,1.9778200643534784e-07,5.852493607592464e-11,559702997513051.3,104144101.42027743,0.001188222202844896
1.708e-07,20.54666272200602,1.975129752361225e-07,5.908065548539253e-11,560465365496475.94,104026901.00456908,0.0011770456487688354
1.71e-07,20.495146302063592,1.9724219016309356e-07,5.963993060141251e-11,561234803590834.3,103908531.35993257,0.0011660078703016616
1.712e-07,20.443288049922273,1.9696964765242966e-07,6.020235157031484e-11,562011371677672.4,103789026.85552984,0.0011551148194646548
1.714e-07,20.391097130159352,1.9669535524308887e-07,6.0767484849955e-11,562795098639724.2,103668422.1900345,0.0011443723339414039
1.716e-07,20.338583885011044,1.9641933153118984e-07,6.133487302924297e-11,563585982057125.8,103546752.38155688,0.0011337861322764397
1.7180000000000002e-07,20.285759817777766,1.9614160610536818e-07,6.19040347430541e-11,564383987946655.6,103424052.75747646,0.0011233618091960422
1.72e-07,20.232637574169264,1.9586221946335588e-07,6.247446469126673e-11,565189050544383.6,103300358.9441843,0.0011131048310560865
1.722e-07,20.179230921654067,1.955812229100914e-07,6.304563377062614e-11,566001072132053.2,103175706.85673876,0.0011030205314216679
1.724e-07,20.125554726885365,1.9529867843773782e-07,6.361698932798853e-11,566819922907472.4,103050132.68843748,0.001093114106783064
1.726e-07,20.07162493128224,1.9501465858805435e-07,6.418795554323704e-11,567645440899132.0,102923672.90030849,0.0010833906124124689
1.728e-07,20.017458524851616,1.9472924629762733e-07,6.475793394978015e-11,568477431925224.9,102796364.21052341,0.0010738549583657307
1.73e-07,19.963073518343247,1.9444253472653713e-07,6.532630410002247e-11,569315669597171.8,102668243.58373645,0.0010645119056332468
1.7320000000000002e-07,19.908488913834596,1.9415462707108653e-07,6.589242438254925e-11,570159895367722.2,102539348.22035134,0.0010553660624438767
1.734e-07,19.85372467384875,1.9386563636128065e-07,6.645563299695524e-11,571009818623631.8,102409715.54572003,0.0010464218807257168
1.7360000000000002e-07,19.798801689112572,1.9357568524379486e-07,6.701524909130608e-11,571865116822869.8,102279383.19927621,0.0010376836527272333
1.738e-07,19.743741745066377,1.9328490575121658e-07,6.757057406610595e-11,572725435676257.1,102148389.02360643,0.0010291555078022366
1.74e-07,19.688567487240185,1.929934390583908e-07,6.812089304739635e-11,573590389373378.8,102016771.05346231,0.0010208414093618495
1.742e-07,19.633302385614375,1.9270143522673724e-07,6.866547653019848e-11,574459560852561.5,101884567.50471707,0.0010127451519965573
1.744e-07,19.577970698084737,1.9240905293744166e-07,6.920358219196884e-11,575332502114657.0,101751816.76326926,0.0010048703587711414
1.7460000000000001e-07,19.522597433153823,1.9211645921445217e-07,6.973445687405399e-11,576208734580313.1,101618557.37389737,0.0009972204786951712
1.748e-07,19.46720831197132,1.918238291382369e-07,7.02573387273356e-11,577087749490367.0,101484828.02906813,0.0009897987843714776
1.7500000000000002e-07,19.411829729846737,1.915313455512764e-07,7.077145951635344e-11,577969008348942.2,101350667.55770189,0.0009826083698248852
1.752e-07,19.35648871735764,1.912391987562812e-07,7.127604707421814e-11,578851943408772.1,101216114.91389854,0.0009756521485132419
1.754e-07,19.301212901175536,1.9094758620812926e-07,7.17703278985909e-11,579735958198234.6,101081209.16562715,0.0009689328515225751
1.756e-07,19.246030464730566,1.9065671220052663e-07,7.225352987694424e-11,580620428089518.0,100945989.48338209,0.0009624530259480374
1.758e-07,19.190970108834254,1.9036678754839072e-07,7.272488512726471e-11,581504700907296.5,100810495.12881,0.00095621503346206
1.7600000000000001e-07,19.136061012376558,1.9007802926694793e-07,7.318363293834177e-11,582388097577245.5,100674765.4433098,0.0009502210490709152
1.762e-07,19.0813327932116,1.8979066024853195e-07,7.36290227918406e-11,583269912813668.5,100538839.8366099,0.0009444730600607433
1.7640000000000002e-07,19.026815469341795,1.8950490893804705e-07,7.406031744653653e-11,584149415845473.2,100402757.7753252,0.0009389728651337829
1.766e-07,18.972539420507477,1.8922100900804687e-07,7.447679606340335e-11,585025851179676.2,100266558.77149796,0.0009337220737354329
1.768e-07,18.91853535028378,1.8893919903435068e-07,7.48777573487649e-11,585898439401575.9,100130282.3711253,0.0009287221055725031
1.77e-07,18.864834248782714,1.886597221730953e-07,7.526252269145974e-11,586766378010688.0,99993968.14267662,0.000923974190322787
1.772e-07,18.811467356053097,1.883828258400875e-07,7.563043926896259e-11,587628842291489.0,99857655.66560502,0.0009194793675359514
1.7740000000000001e-07,18.758466126265514,1.8810876139328691e-07,7.598088309670822e-11,588484986217980.4,99721384.51885502,0.000915238486725415
1.776e-07,18.705862192764545,1.8783778381921464e-07,7.631326199446969e-11,589333943391031.2,99585194.26937069,0.0009112522076507672
1.7780000000000002e-07,18.653687334064156,1.875701514240386e-07,7.662701844360048e-11,590174828007431.0,99449124.4606072,0.0009075210007900235
1.78e-07,18.601973440856842,1.8730612553004908e-07,7.692163230926347e-11,591006735859530.8,99313214.60104929,0.0009040451480008089
1.782e-07,18.55075248410036,1.870459701781871e-07,7.719662340245071e-11,591828745364327.0,99177504.1527396,0.0009008247433693354
1.784e-07,18.50005648424064,1.8678995183724948e-07,7.745155385764288e-11,592639918620795.2,99042032.51982088,0.0008978596942458846
1.786e-07,18.449917481622446,1.8653833912033973e-07,7.768603030337687e-11,593439302494247.5,98906839.0370948,0.0008951497224652126
1.788e-07,18.400367508133467,1.862914025090884e-07,7.789970580474543e-11,594225929726463.0,98771962.95860079,0.000892694365750168
1.79e-07,18.351438560121604,1.8604941408611847e-07,7.80922815589444e-11,594998820070292.9,98637443.44621854,0.0008904929792965817
1.7920000000000002e-07,18.303162572618344,1.858126472761763e-07,7.826350832737462e-11,595756981447424.5,98503319.55829714,0.0008885447375372557
1.794e-07,18.255571394895764,1.8558137659630364e-07,7.841318759045175e-11,596499411127952.0,98369630.2383144,0.0008868486360827367
1.796e-07,18.208696767377923,1.8535587741537033e-07,7.85411724141527e-11,597225096930378.0,98236414.30356929,0.0008854034938363239
1.798e-07,18.162570299922375,1.8513642572324332e-07,7.864736802037241e-11,597933018440637.6,98103710.43391122,0.000884207955280569
1.8e-07,18.11722345148096,1.8492329790981123e-07,7.873173205632829e-11,598622148248723.0,97971557.16050929,0.0008832604929323713
1.802e-07,18.072687511143958,1.847167705540401e-07,7.87942745614879e-11,599291453201451.5,97839992.85466436,0.0008825594099635396
1.804e-07,18.028993580566347,1.8451712022318537e-07,7.883505763373863e-11,599939895669908.6,97709055.716668,0.0008821028429835379
1.8060000000000002e-07,17.98617255776919,1.8432462328223737e-07,7.885419479971917e-11,600566434830074.2,97578783.76471065,0.000881888764980954
1.808e-07,17.94425512230516,1.8413955571363622e-07,7.885185009733694e-11,601170027955118.5,97449214.8238431,0.0008819149884200433
1.8100000000000002e-07,17.903271721771212,1.839621929472399e-07,7.882823688144693e-11,601749631717850.6,97320386.51499356,0.0008821791684885321
1.812e-07,17.863252559648263,1.8379280970049564e-07,7.878361636642044e-11,602304203501772.1,97192336.24404453,0.0008826788064927148
1.814e-07,17.824227584442347,1.836316798287155e-07,7.871829592184671e-11,602832702719191.5,97065101.1909715,0.0008834112533956959
1.816e-07,17.786226480098673,1.8347907618532407e-07,7.863262713984457e-11,603334092134830.0,96938718.29904787,0.0008843737134944893
1.818e-07,17.749278657655317,1.8333527049190218e-07,7.852700369438865e-11,603807339193356.9,96813224.26411831,0.0008855632482315266
1.8200000000000002e-07,17.71341324810062,1.8320053321782043e-07,7.840185901465219e-11,604251417349268.9,96688655.52394356,0.0008869767801359882
1.822e-07,17.67865909639471,1.8307513346921803e-07,7.825766379561994e-11,604665307397536.9,96565048.24762109,0.0008886110968902201
1.8240000000000002e-07,17.645044756612485,1.829593388870524e-07,7.809492337012214e-11,605047998803431.0,96442438.32508285,0.0008904628555163808
1.826e-07,17.612598488162945,1.8285341555391378e-07,7.791417496698754e-11,605398491029939.1,96320861.35667466,0.0008925285866783094
1.828e-07,17.581348253037017,1.8275762790927062e-07,7.771598488020945e-11,605715794861191.9,96200352.64281946,0.0008948046990935139
1.83e-07,17.551321714033733,1.826722386727852e-07,7.75009455738875e-11,605998933720310.1,96080947.17376755,0.0008972874840500309
1.832e-07,17.522546233912742,1.8259750877531307e-07,7.72696727472581e-11,606246944980095.9,95962679.6194372,0.000899973120022817
1.8340000000000001e-07,17.495048875419073,1.825336972971786e-07,7.702280238339051e-11,606458881264993.0,95845584.31934799,0.0009028576773842224
1.836e-07,17.468856402124388,1.8248106141329396e-07,7.676098780412833e-11,606633811742752.2,95729695.27265015,0.0009059371232029911
1.8380000000000002e-07,17.44399528002778,1.8243985634467374e-07,7.648489675262808e-11,606770823404244.8,95615046.12825273,0.0009092073261261535
1.84e-07,17.42049167985747,1.824103353158733e-07,7.619520852342624e-11,606869022329880.9,95501670.17505364,0.0009126640613380776
1.842e-07,17.39837148001401,1.8239274951786848e-07,7.589261115838274e-11,606927534941102.1,95389600.33227386,0.0009163030155908765
1.844e-07,17.37766027009421,1.8238734807587128e-07,7.557779872514273e-11,606945509235432.6,95278869.13989934,0.000920119792300296
1.846e-07,17.358383354934645,1.8239437802156936e-07,7.525146869296315e-11,606922116003591.2,95169508.74923295,0.0009241099167011305
1.8480000000000001e-07,17.340565759112284,1.8241408426925803e-07,7.491431941889677e-11,606856550027183.2,95061550.91355884,0.0009282688410561815
1.85e-07,17.324232231839787,1.824467095953244e-07,7.45670477554548e-11,606748031255515.4,94955026.97892316,0.0009325919499126852
1.8520000000000002e-07,17.309407252191956,1.8249249462053182e-07,7.42103467889964e-11,606595805960094.9,94849967.87503235,0.0009370745654001322
1.854e-07,17.29611503459981,1.8255167779454274e-07,7.384490371626177e-11,606399147865400.0,94746404.10627258,0.0009417119525633289
1.856e-07,17.28437953454796,1.826244953821059e-07,7.347139786468395e-11,606157359254537.5,94644365.74285278,0.0009464993247245472
1.858e-07,17.27422445441112,1.827111814503312e-07,7.309049886041635e-11,605869772048420.8,94543882.4120734,0.0009514318488685682
1.86e-07,17.26567324936498,1.8281196785646002e-07,7.270286494640655e-11,605535748857144.9,94444983.28972429,0.0009565046510444159
1.862e-07,17.258749133306477,1.8292708423553736e-07,7.230914145134979e-11,605154684002251.2,94347697.09161313,0.0009617128217775816
1.864e-07,17.25347508471843,1.8305675798738108e-07,7.19099594089812e-11,604726004508617.0,94252052.06522772,0.0009670514214865016
1.8660000000000002e-07,17.249873852413245,1.8320121426223905e-07,7.150593432591271e-11,604249171064729.2,94158075.98153427,0.0009725154858971108
1.868e-07,17.247967961090076,1.8336067594451703e-07,7.109766509510686e-11,603723678950148.5,94065796.12691396,0.0009781000314492449
1.87e-07,17.24777971663971,1.835353636339538e-07,7.068573305109089e-11,603149058928993.1,93975239.29524006,0.0009838000606887487
1.872e-07,17.24933121113145,1.8372549562361653e-07,7.027070116216786e-11,602524878108317.6,93886431.78009847,0.0009896105676391199
1.874e-07,17.25264432741542,1.8393128787407783e-07,6.985311335415878e-11,601850740760300.5,93799399.36715305,0.00099552654314658
1.876e-07,17.257740743274102,1.841529539831362e-07,6.943349395961472e-11,601126289107190.1,93714167.32665868,0.0010015429801925207
1.878e-07,17.26464193505629,1.8439070515043124e-07,6.901234728596857e-11,600351204068004.6,93630760.40612404,0.0010076548791672637
1.8800000000000002e-07,17.273369180726117,1.846447501362999e-07,6.85901572957302e-11,599525205966021.6,93549202.82312587,0.0010138572530992121
1.882e-07,17.283943562259825,1.8491529521421484e-07,6.816738739157949e-11,598648055196140.0,93469518.25827748,0.001020145132833447
1.8840000000000002e-07,17.296385967322063,1.8520254411613865e-07,6.774448029904977e-11,597719552851236.6,93391729.8483528,0.001026513572153971
1.886e-07,17.31071709015343,1.855066979701225e-07,6.732185803942904e-11,596739541306691.2,93315860.1795687,0.0010329576528437965
1.888e-07,17.32695743159995,1.8582795522946994e-07,6.689992198551025e-11,595707904762298.9,93241931.28102675,0.0010394724896772465
1.89e-07,17.34512729821505,1.8616651159278217e-07,6.647905299290663e-11,594624569740832.5,93169964.61831719,0.0010460532353388358
1.892e-07,17.36524680036351,1.8652255991419233e-07,6.605961159978272e-11,593489505542577.6,93099981.08728619,0.001052695085263272
1.8940000000000002e-07,17.38733584925655,1.8689629010309304e-07,6.564193828804586e-11,592302724655195.2,93032001.00796865,0.0010593932823911758
1.896e-07,17.411414152846174,1.8728788901265186e-07,6.522635379927936e-11,591064283118337.5,92966044.11868821,0.0010661431218352145
1.8980000000000002e-07,17.43750121050627,1.876975403164061e-07,6.481315949896498e-11,589774280842474.6,92902129.5703261,0.0010729399554515226
1.9e-07,17.465616306427165,1.8812542437222066e-07,6.44026377828479e-11,588432861881459.1,92840275.92076069,0.0010797791963113098
1.902e-07,17.495778501649447,1.8857171807288876e-07,6.399505251961297e-11,587040214658388.9,92780501.12947898,0.001086656323067777
1.904e-07,17.52800662466207,1.890365946826491e-07,6.359064952438136e-11,585596572144401.0,92722822.5523621,0.0010935668842135236
1.906e-07,17.562319260488866,1.8952022365888896e-07,6.31896570578837e-11,584102211990069.9,92667256.93664593,0.0011005065022237819
1.9080000000000001e-07,17.59873473818698,1.90022770458301e-07,6.27922863465149e-11,582557456609137.6,92613820.4160584,0.0011074708775809937
1.91e-07,17.637271116679635,1.9054439632675582e-07,6.239873211883202e-11,580962673214366.6,92562528.50613508,0.0011144557926763459
1.9120000000000002e-07,17.677946168845228,1.9108525807215358e-07,6.200917315440661e-11,579318273805350.0,92513396.09971407,0.0011214571155840364
1.914e-07,17.720777363783796,1.9164550781951614e-07,6.162377284128443e-11,577624715108176.5,92466437.46261194,0.0011284708037042424
1.916e-07,17.76578184718175,1.9222529274758597e-07,6.124267973864314e-11,575882498466893.4,92421666.22948144,0.0011354929072708894
1.918e-07,17.812976419694756,1.9282475480619568e-07,6.086602814156458e-11,574092169686777.8,92379095.39985271,0.0011425195727204607
1.92e-07,17.862377513268772,1.9344403041368295e-07,6.049393864514548e-11,572254318829472.0,92338737.33435874,0.0011495470459183335
1.9220000000000001e-07,17.91400116531916,1.940832501336336e-07,6.012651870547261e-11,570369579960090.8,92300603.75114647,0.001156571675239239
1.924e-07,17.967862990687298,1.9474253833024028e-07,5.976386319527064e-11,568438630846479.2,92264705.72247434,0.0011635899144986153
1.9260000000000002e-07,18.023978151295214,1.9542201280158688e-07,5.940605495229423e-11,566462192610836.2,92231053.6714974,0.0011705983257318836
1.928e-07,18.08236132341861,1.9612178439017855e-07,5.905316531879289e-11,564441029333982.8,92199657.36924095,0.0011775935818187466
1.93e-07,18.143026662500233,1.968419565700651e-07,5.870525467060503e-11,562375947612606.1,92170525.93176343,0.0011845724689499113
1.932e-07,18.205987765426116,1.975826250099255e-07,5.836237293466016e-11,560267796069866.2,92143667.81750947,0.0011915318889337554
1.934e-07,18.271257630189414,1.9834387711151567e-07,5.802456009386951e-11,558117464819803.6,92119090.8248541,0.00119846886134065
1.936e-07,18.33884861286854,1.9912579152291737e-07,5.769184667856776e-11,555925884886034.25,92096802.08983839,0.0012053805254829172
1.938e-07,18.40877238184862,1.9992843762606507e-07,5.7364254243843335e-11,553694027575283.44,92076808.08409736,0.0012122641422285274
1.9400000000000002e-07,18.481039869219003,2.0075187499807905e-07,5.7041795832249136e-11,551422903806348.3,92059114.61298104,0.0012191170956468455
1.942e-07,18.555661219282783,2.0159615284598487e-07,5.672447642152442e-11,549113563395138.75,92043726.81386887,0.0012259368944850114
1.9440000000000002e-07,18.632645734119368,2.0246130941446554e-07,5.64122933570895e-11,546767094296489.5,92030649.15467793,0.0012327211734736632
1.946e-07,18.71200181614561,2.0334737136635742e-07,5.6105236769189517e-11,544384621803497.3,92019885.43256573,0.0012394676944609295
1.948e-07,18.79373690762787,2.0425435313568783e-07,5.580328997466332e-11,541967307705170.1,92011438.77282771,0.0012461743473738882
1.95e-07,18.8778574271035,2.0518225625313243e-07,5.5506429863407954e-11,539516349403238.44,92005311.62798975,0.001252839151006825
1.952e-07,18.96436870267848,2.061310686438753e-07,5.5214627269690036e-11,537032978989016.5,92001505.77709608,0.001259460253635835
1.9540000000000002e-07,19.053274902176867,2.0710076389796095e-07,5.492784732852182e-11,534518462281247.7,92000022.32519269,0.001266035933459607
1.956e-07,19.14457896012709,2.080913005133456e-07,5.464604981738781e-11,531974097825921.75,92000861.70300658,0.001272564598866299
1.9580000000000002e-07,19.238282501582102,2.091026211119938e-07,5.436918948365412e-11,529401215859078.94,92004023.66682062,0.0012790447885267632
1.96e-07,19.334385762781505,2.1013465162949964e-07,5.409721635804314e-11,526801177233680.8,92009507.29854427,0.0012854751713144783
1.962e-07,19.432887508678803,2.1118730047888318e-07,5.383007605459009e-11,524175372311644.9,92017311.00598028,0.001291854546052832
1.964e-07,19.53378494737039,2.1226045768936895e-07,5.356771005753351e-11,521525219822204.1,92027432.52328688,0.0012981818410905178
1.966e-07,19.637073641480637,2.133539940211509e-07,5.331005599561099e-11,518852165687770.5,92039868.9116357,0.0013044561137061492
1.9680000000000002e-07,19.742747416574428,2.1446776005733935e-07,5.30570479042589e-11,516157681818533.6,92054616.56006514,0.0013106765493432185
1.97e-07,19.85079826668828,2.1560158527450202e-07,5.280861647622218e-11,513443264877058.2,92071671.18652871,0.0013168424606769152
1.9720000000000002e-07,19.961216257092598,2.167552770934448e-07,5.25646893010952e-11,510710435014168.44,92091027.83913848,0.001322953286514394
1.974e-07,20.073989424419388,2.1792861991211265e-07,5.2325191094320915e-11,507960734577464.5,92112680.89760274,0.0013290085905302972
1.976e-07,20.189103674315444,2.1912137412276416e-07,5.209004391617425e-11,505195726793817.3,92136624.07485802,0.0013350080598396106
1.978e-07,20.306542676805883,2.2033327511583568e-07,5.1859167381258595e-11,502416994427246.6,92162850.41889445,0.0013409515034100454
1.98e-07,20.42628775958156,2.2156403227321023e-07,5.1632478859040485e-11,499626138413597.94,92191352.31477435,0.0013468388503163223
1.9820000000000001e-07,20.548317799453244,2.2281332795390883e-07,5.140989366593668e-11,496824776473465.9,92222121.48684332,0.00135267014783904
1.984e-07,20.67260911224626,2.2408081647553764e-07,5.1191325249466224e-11,494014541704843.2,92255149.00113298,0.0013584455594108107
1.9860000000000002e-07,20.799135341443016,2.25366123095164e-07,5.097668536496183e-11,491197081156982.56,92290425.26795515,0.001364165362412711
1.988e-07,20.927867345914056,2.2666884299362803e-07,5.076588424532733e-11,488374054387005.9,92327940.0446861,0.0013698299458241518
1.99e-07,21.058773087115682,2.279885402676646e-07,5.0558830764310783e-11,485547132000784.06,92367682.43874067,0.001375439807729499
1.992e-07,21.191817516167966,2.2932474693456128e-07,5.0355432593749204e-11,482717994179661.06,92409640.9107349,0.0013809955526849
1.994e-07,21.326962461266753,2.306769619544612e-07,5.015559635521917e-11,479888329194587.44,92453803.2778366,0.0013864978889490472
1.9960000000000001e-07,21.46416651592206,2.3204465027578775e-07,4.995922776651599e-11,477059831909257.75,92500156.71730268,0.0013919476255815925
1.998e-07,21.603384928555663,2.3342724190965014e-07,4.9766231783357374e-11,474234202273857.94,92548687.77020217,0.0013973456694132789
2.0000000000000002e-07,21.744569494032472,2.348241310394705e-07,4.957651273669253e-11,471413143811028.94,92599382.34532434,0.0014026930218918674
2.002e-07,21.88766844773997,2.3623467517243704e-07,4.9389974465975585e-11,468598362095683.4,92652225.72326985,0.001407990775808114
2.004e-07,22.0326263628728,2.3765819433976605e-07,4.9206520448736957e-11,465791563230298.9,92707202.56072484,0.0014132401119062847
2.006e-07,22.179384051619323,2.390939703531018e-07,4.902605392677068e-11,462994452317327.94,92764296.89491577,0.0014184422953836642
2.008e-07,22.327878470987052,2.4054124612472203e-07,4.884847802922605e-11,460208731930371.9,92823492.14824437,0.0014235986722838272
2.01e-07,22.478042634043167,2.4199922505954e-07,4.8673695892873835e-11,457436100585752.06,92884771.13310099,0.0014287106657884414
2.012e-07,22.629805527381855,2.434670705271694e-07,4.850161077979304e-11,454678251216139.25,92948116.05685505,0.001433779772412512
2.0140000000000002e-07,22.783092035666318,2.449439054225935e-07,4.833212619269855e-11,451936869647865.8,93013508.52702136,0.0014388075581081572
2.016e-07,22.937822874123373,2.4642881182418184e-07,4.816514598810863e-11,449213633083576.75,93080929.55660027,0.0014437956542820531
2.0180000000000002e-07,23.093914529897766,2.479208307579828e-07,4.800057448752865e-11,446510208591842.56,93150359.5695908,0.001448745753731754
2.02e-07,23.251279213196156,2.494189620773359e-07,4.783831658679983e-11,443828251605368.94,93221778.40667449,0.0014536596065063136
2.022e-07,23.409824819170883,2.509221644669194e-07,4.76782778637425e-11,441169404429412.0,93295165.33106881,0.0014585390156965986
2.024e-07,23.569454901505676,2.5242935558033894e-07,4.75203646841992e-11,438535294762016.44,93370499.03454825,0.0014633858331608
2.026e-07,23.730068658673236,2.5393941232029724e-07,4.736448430655778e-11,435927534227666.2,93447757.64363106,0.001468201955190796
2.0280000000000002e-07,23.891560933835166,2.554511712702365e-07,4.7210544984814944e-11,433347716925922.56,93526918.72593053,0.0014729893181249936
2.03e-07,24.053822229345496,2.5696342928609966e-07,4.705845607021862e-11,430797417996624.06,93607959.2966682,0.001477749893913356
2.0320000000000002e-07,24.21673873680433,2.584749442565406e-07,4.690812811150212e-11,428278192203183.4,93690855.8253477,0.0014824856856404845
2.034e-07,24.38019238358182,2.5998443603948156e-07,4.675947295370855e-11,425791572535514.75,93775584.24258679,0.0014871987230124788
2.036e-07,24.544060896698138,2.614905875823963e-07,4.661240383557753e-11,423339068834086.56,93862119.94710611,0.001491891057813545
2.038e-07,24.708217884898808,2.629920462330563e-07,4.6466835485450405e-11,420922166436589.6,93950437.81287235,0.0014965647593382233
2.04e-07,24.87253293970874,2.644874252467398e-07,4.632268421563182e-11,418542324848671.94,94040512.19639347,0.0015012219098051549
2.0420000000000002e-07,25.036871756180854,2.6597530549504763e-07,4.61798680151254e-11,416200976440164.2,94132316.9441647,0.001505864599758386
2.044e-07,25.20109627397436,2.6745423738049063e-07,4.6038306640646565e-11,413899525168206.25,94225825.40026209,0.001510494923462182
2.0460000000000002e-07,25.36506483930777,2.6892274295993677e-07,4.589792170580144e-11,411639345328637.44,94321010.41408229,0.0015151149742952752
2.048e-07,25.52863238822725,2.703793182788011e-07,4.575863676830255e-11,409421780336995.1,94417844.34822583,0.001519726840150609
2.05e-07,25.69165065151666,2.7182243591656186e-07,4.5620377415083255e-11,407248141540420.2,94516299.08652177,0.0015243325988464971
2.052e-07,25.853968381447267,2.732505477427595e-07,4.548307134515988e-11,405119707061751.25,94616346.04219137,0.0015289343135551493
2.054e-07,26.01543160042833,2.746620878811373e-07,4.5346648450078795e-11,403037720677037.7,94717956.16614828,0.0015335340282545415
2.0560000000000001e-07,26.1758838714707,2.760554758779806e-07,4.5211040891779325e-11,401003390727666.56,94821099.95543328,0.0015381337632095172
2.058e-07,26.335166590216055,2.7742912006902323e-07,4.507618317769652e-11,399017889068271.94,94925747.46178041,0.0015427355104879483
2.0600000000000002e-07,26.49311929811847,2.787814211375585e-07,4.494201223291861e-11,397082350051540.0,95031868.3003127,0.0015473412295178804
2.062e-07,26.649580016189315,2.8011077585459107e-07,4.480846746921615e-11,395197869550991.8,95139431.65836447,0.0015519528426913278
2.064e-07,26.80438559853615,2.8141558099004164e-07,4.467549085075189e-11,393365504022775.0,95248406.304428,0.0015565722310205245
2.066e-07,26.957372104740248,2.8269423738216715e-07,4.454302695628319e-11,391586269607464.3,95358760.59722173,0.0015612012298522647
2.068e-07,27.10837518993012,2.8394515415052765e-07,4.441102303767065e-11,389861141272814.0,95470462.49487735,0.0015658416246458818
2.0700000000000001e-07,27.257230511220122,2.851667530360205e-07,4.42794290745065e-11,388191051998361.75,95583479.56424345,0.00157049514682043
2.072e-07,27.40377414899522,2.86357472849732e-07,4.414819782468319e-11,386576892002744.94,95697778.99030256,0.0015751634696764868
2.0740000000000002e-07,27.547843041341213,2.875157740106809e-07,4.4017284870730156e-11,385019508014532.2,95813327.58569914,0.001579848204397855
2.076e-07,27.68927542974244,2.8864014315093175e-07,4.388664866175054e-11,383519702587330.4,95930091.80037561,0.0015845508961384906
2.078e-07,27.827911314001245,2.8972909776509346e-07,4.3756250550803465e-11,382078233459873.25,96048037.73131394,0.0015892730201997386
2.08e-07,27.96359291417663,2.9078119087989845e-07,4.362605482758694e-11,380695812961753.6,96167131.13237937,0.001594015978302899
2.082e-07,28.096165137196916,2.917950157184096e-07,4.349602874628763e-11,379373107465405.25,96287337.42426398,0.0015987810949620815
2.084e-07,28.22547604567453,2.927692103324526e-07,4.336614254847996e-11,378110736884885.9,96408621.70452704,0.0016035696139621114
2.086e-07,28.351377326342508,2.937024621761267e-07,4.323636948097165e-11,376909274221970.94,96530948.75772893,0.0016083826949461325
2.0880000000000002e-07,28.473724755445232,2.9459351259274574e-07,4.310668580850694e-11,375769245160002.7,96654283.0656563,0.0016132214101175072
2.09e-07,28.592378658350672,2.954411611873045e-07,4.297707082126018e-11,374691127705893.56,96778588.81763469,0.0016180867410603302
2.0920000000000002e-07,28.707204360611474,2.962442700565759e-07,4.284750683706691e-11,373675351880624.6,96903829.92092657,0.0016229795756828743
2.094e-07,28.818072627686472,2.9700176784922044e-07,4.271797919836113e-11,372722299458529.5,97029970.01121087,0.00162790070528804
2.096e-07,28.92486009054783,2.9771265362885857e-07,4.25884762638063e-11,371832303755594.44,97156972.46314162,0.0016328508217747816
2.098e-07,29.02744965443752,2.983760005138937e-07,4.245898939462875e-11,371005649466955.56,97284800.40098222,0.0016378305149742708
2.1e-07,29.125730888105643,2.989909590690015e-07,4.2329512935680646e-11,370242572553715.6,97413416.7093125,0.001642840270124495
2.1020000000000002e-07,29.219600390958444,2.9955676042459736e-07,4.2200044191284256e-11,369543260179148.4,97542784.04380538,0.0016478804654866785
2.104e-07,29.30896213566724,3.00072719102258e-07,4.207058339592586e-11,368907850694304.6,97672864.84206986,0.0016529513701068917
2.1060000000000002e-07,29.39372778393938,3.0053823552598355e-07,4.194113367989158e-11,368336433672976.44,97803621.3345576,0.0016580531417259407
2.108e-07,29.473816973327317,3.009527982013299e-07,4.181170102995714e-11,367829049995922.75,97935015.55552931,0.001663185824840458
2.11e-07,29.549157573150328,3.0131598554678914e-07,4.168229424526188e-11,367385691984204.9,98067009.35407841,0.001668349348918018
2.112e-07,29.619685907823605,3.016274673643324e-07,4.1552924888520084e-11,367006303581422.6,98199564.40520824,0.0016735435267687749
2.114e-07,29.68534694612778,3.018870059387083e-07,4.142360723273799e-11,366690780584590.3,98332642.22095984,0.0016787680530760828
2.1160000000000002e-07,29.74609445520734,3.020944567579015e-07,4.1294358203625186e-11,366438970923336.5,98466204.16158731,0.001684022503088255
2.118e-07,29.80189111835359,3.0224976885004246e-07,4.11651973179055e-11,366250674987056.3,98600211.44677678,0.0016893063314734561
2.1200000000000002e-07,29.852708615906355,3.0235298473500705e-07,4.1036146617747296e-11,366125645999593.9,98734625.16690661,0.0016946188713395669
2.122e-07,29.89852766889173,3.0240423999189965e-07,4.0907230601548606e-11,366063590440977.5,98869406.29434498,0.0016999593334206138
2.124e-07,29.93933804530065,3.0240376244655174e-07,4.077847615132678e-11,366064168515678.75,99004515.69478165,0.001705326805431137
2.126e-07,29.97513852919899,3.0235187098604684e-07,4.064991245697119e-11,366126994666814.7,99139914.13859087,0.0017107202515897705
2.128e-07,30.005936853141463,3.022489740100666e-07,4.0521570937632225e-11,366251638135661.3,99275562.31222177,0.0017161385123129517
2.1300000000000001e-07,30.031749594636572,3.020955675315175e-07,4.039348516052472e-11,366437623565796.25,99411420.82961337,0.0017215803040796234
2.132e-07,30.052602037672347,3.0189223294139867e-07,4.026569075743439e-11,366684431651138.25,99547450.24363035,0.0017270442194674725
2.1340000000000002e-07,30.06852800056279,3.016396344551907e-07,4.0138225339219705e-11,366991499827103.94,99683611.05751686,0.001732528727361113
2.136e-07,30.079569631607264,3.0133851626015853e-07,4.001112840860759e-11,367358223004053.1,99819863.73636444,0.001738032173332348
2.138e-07,30.08577717426895,3.009896993848381e-07,3.988444127158156e-11,367783954342146.9,99956168.71859129,0.0017435527801925345
2.14e-07,30.087208703770376,3.005940783136082e-07,3.975820694766505e-11,368268006066699.44,100092486.42742905,0.0017490886487167383
2.142e-07,30.08392983717388,3.0015261737062357e-07,3.9632470079399064e-11,368809650323056.3,100228777.28241408,0.0017546377585392812
2.1440000000000001e-07,30.07601341915925,2.996663468984815e-07,3.9507276841313154e-11,369408120069991.0,100365001.71087998,0.0017601979692200038
2.146e-07,30.063539185830365,2.9913635925782533e-07,3.938267484868514e-11,370062610010568.06,100501120.15944752,0.0017657670214803513
2.1480000000000002e-07,30.04659340897668,2.9856380467463874e-07,3.925871306637846e-11,370772277559380.44,100637093.10550919,0.0017713425386082552
2.15e-07,30.02526852328223,2.979498869622633e-07,3.913544171804143e-11,371536243845027.3,100772881.0687049,0.0017769220280305072
2.152e-07,29.999662739016962,2.972958591451917e-07,3.9012912195944667e-11,372353594746663.25,100908444.62238504,0.0017825028830511286
2.154e-07,29.969879642761505,2.9660301901144854e-07,3.889117697172283e-11,373223381963407.94,101043744.40505847,0.0017880823847541002
2.156e-07,29.93602778870813,2.9587270461989543e-07,3.877028950827936e-11,374144624115373.8,101178741.13182098,0.0017936577040685126
2.1580000000000001e-07,29.898220283049923,2.951062897880947e-07,3.865030417309948e-11,375116307875033.56,101313395.60576215,0.0017992259039941016
2.16e-07,29.856574363916863,2.9430517958546385e-07,3.853127615320675e-11,376137389127613.56,101447668.72934614,0.001804783941984865
2.1620000000000002e-07,29.81121097924491,2.9347080585536066e-07,3.8413261371984894e-11,377206794159173.5,101581521.51576397,0.0018103286724883102
2.164e-07,29.7622543648731,2.9260462278849174e-07,3.829631640807423e-11,378323420870996.75,101714915.10025337,0.0018158568496376391
2.1660000000000002e-07,29.709831625056403,2.9170810256864356e-07,3.8180498416536595e-11,379486140018892.75,101847810.75138359,0.0018213651300940776
2.168e-07,29.654072317461114,2.9078273111023437e-07,3.806586505247076e-11,380693796475982.06,101980169.88230087,0.0018268500760362514
2.17e-07,29.59510804457664,2.8983000390558284e-07,3.7952474397242983e-11,381945210517514.25,102111954.06193267,0.001832308158293458
2.172e-07,29.53307205333469,2.8885142199812776e-07,3.784038488748443e-11,383239179126240.56,102243125.02614619,0.0018377357596194063
2.174e-07,29.468098844577465,2.8784848809612203e-07,3.772965524699146e-11,384574477316843.56,102373644.68885833,0.001843129178102867
2.1760000000000002e-07,29.40032379386001,2.868227028395774e-07,3.762034442164891e-11,385949859477911.94,102503475.15309444,0.0018484846307115206
2.178e-07,29.329882784914567,2.857755612315122e-07,3.751251151748252e-11,387364060729917.6,102632578.7219918,0.0018537982569650883
2.1800000000000002e-07,29.256911856943105,2.8470854924281114e-07,3.740621574193112e-11,388815798297651.3,102760917.909745,0.0018590661227336925
2.182e-07,29.18154686674619,2.8362314059832587e-07,3.730151634841417e-11,390303772895543.56,102888455.4524901,0.0018642842241572396
2.184e-07,29.10392316653693,2.825207937501858e-07,3.719847258425608e-11,391826670124301.25,103015154.31912449,0.0018694484916814663
2.186e-07,29.02417529813655,2.8140294904271685e-07,3.709714364201475e-11,393383161877261.25,103140977.72205897,0.0018745547942061217
2.188e-07,28.94243670409733,2.8027102607184176e-07,3.699758861424751e-11,394971907754868.4,103265889.1278991,0.0018795989433406557
2.1900000000000002e-07,28.858839456156343,2.7912642124041026e-07,3.689986645173469e-11,396591556485672.6,103389852.26805298,0.0018845766977626216
2.192e-07,28.773514001287488,2.7797050550957367e-07,3.6804035925168526e-11,398240747352230.06,103512831.14926195,0.0018894837676738702
2.1940000000000002e-07,28.686588925490284,2.7680462234506913e-07,3.6710155590302446e-11,399918111620298.06,103634790.06405145,0.0018943158193495135
2.196e-07,28.598190735334665,2.756300858561448e-07,3.661828375654471e-11,401622273969704.7,103755693.60109863,0.00189906847977448
2.198e-07,28.508443657169938,2.7444817912381767e-07,3.652847845896904e-11,403351853925282.2,103875506.65551442,0.001903737341362413
2.2e-07,28.417469453804692,2.732601527142327e-07,3.6440797433704935e-11,405105467286244.6,103994194.43903638,0.0019083179667515227
2.202e-07,28.32538725837209,2.72067223372061e-07,3.635529809666071e-11,406881727552403.44,104111722.4901295,0.0019128058936719134
2.2040000000000001e-07,28.232313425012585,2.7087057288815973e-07,3.627203752552307e-11,408679247345619.25,104228056.68399231,0.0019171966398788367
2.206e-07,28.138361395933245,2.6967134713510003e-07,3.619107244496939e-11,410496639824889.1,104343163.24246521,0.0019214857081461855
2.2080000000000002e-07,28.04364158433882,2.684706552636478e-07,3.611245921502076e-11,412332520093487.4,104457008.74383816,0.0019256685913145149
2.21e-07,27.948261272675367,2.6726956905286344e-07,3.603625382245756e-11,414185506596579.8,104569560.13255464,0.0019297407773877604
2.212e-07,27.852324525580908,2.660691224061445e-07,3.596251187521238e-11,416054222507757.44,104680784.72880961,0.0019336977546727948
2.214e-07,27.755932116901057,2.6487031098530036e-07,3.589128859965068e-11,417937297102933.25,104790650.23803835,0.0019375350169558616
2.216e-07,27.65918147009663,2.6367409197456254e-07,3.5822638840643646e-11,419833367120078.3,104899124.76029308,0.001941248068709905
2.2180000000000001e-07,27.562166611349245,2.624813839663483e-07,3.575661706433401e-11,421741078103284.2,105006176.79950546,0.001944832430326757
2.22e-07,27.46497813465525,2.6129306696056224e-07,3.569327736349189e-11,423659085729656.9,105111775.27263142,0.0019482836433680941
2.2220000000000002e-07,27.367703178189217,2.601099824692473e-07,3.563267346535424e-11,425586057117579.94,105215889.51867653,0.001951597275829064
2.224e-07,27.27042541121594,2.5893293371849083e-07,3.557485874183958e-11,427520672114891.3,105318489.30759831,0.0019547689274084226
2.2260000000000002e-07,27.173225030831503,2.577626859396146e-07,3.551988622202668e-11,429461624565562.6,105419544.8490838,0.0019577942347790574
2.228e-07,27.07617876782159,2.565999667418641e-07,3.546780860678517e-11,431407623553480.8,105519026.80119924,0.001960668876852697
2.23e-07,26.97935990093625,2.5544546655901876e-07,3.5418678285444305e-11,433357394621969.56,105616906.27890971,0.0019633885800326542
2.2320000000000001e-07,26.882838278895417,2.542998391625933e-07,3.537254735438519e-11,435309680967715.2,105713154.86246598,0.001965949123448437
2.234e-07,26.78668034945792,2.5316370223457133e-07,3.532946763744209e-11,437263244607792.9,105807744.60565622,0.0019683463441660496
2.2360000000000002e-07,26.6909491949072,2.5203763799290036e-07,3.528949070799721e-11,439216867518525.44,105900648.04392056,0.001970576142367869
2.238e-07,26.595704573331158,2.509221938632978e-07,3.5252667912654474e-11,441169352744933.4,105991838.20232527,0.0019726344864959638
2.2400000000000002e-07,26.50100296509766,2.498178831912254e-07,3.5219050396377786e-11,443119525479583.4,106081288.60339522,0.001974517418352768
2.242e-07,26.406897623954915,2.4872518598823406e-07,3.518868912897946e-11,445066234109666.75,106168973.27480175,0.0019762210581530893
2.244e-07,26.31343863221308,2.4764454970721057e-07,3.516163493284627e-11,447008351231186.5,106254866.75690372,0.001977741609521418
2.246e-07,26.220672959492287,2.46576390041398e-07,3.513793851179031e-11,448944774629170.25,106338944.11013994,0.0019790753644286212
2.248e-07,26.128644524551873,2.455210917424053e-07,3.5117650480913726e-11,450874428222862.0,106421180.92227045,0.001980218708062115
2.2500000000000002e-07,26.037394259743934,2.4447900945274873e-07,3.510082139737682e-11,452796262974899.7,106501553.31546476,0.001981168123623707
2.252e-07,25.9469601776653,2.434504685488132e-07,3.508750179196048e-11,454709257763510.8,106580037.95323476,0.0019819201970493546
2.2540000000000002e-07,25.857377439609536,2.4243576599042867e-07,3.507774220131457e-11,456612420216826.44,106656612.04721081,0.0019824716216451867
2.256e-07,25.768678425450865,2.4143517117359096e-07,3.507159320078543e-11,458504787508434.44,106731253.36375819,0.0019828192026341857
2.258e-07,25.680892804619308,2.404489267831502e-07,3.506910543771574e-11,460385427113360.75,106803940.2304329,0.001982959861608078
2.26e-07,25.59404760785423,2.3947724964259175e-07,3.507032966511193e-11,462253437523702.06,106874651.54227431,0.001982890640879009
2.262e-07,25.50816729945047,2.385203315583206e-07,3.5075316775573674e-11,464107948923183.4,106943366.76793304,0.0019826087077257633
2.2640000000000002e-07,25.42327384973663,2.3757834015612525e-07,3.508411783538187e-11,465948123819972.5,107010065.9556324,0.001982111358529331
2.266e-07,25.33938680755096,2.3665141970776954e-07,3.509678411864081e-11,467773157637116.06,107074729.73896144,0.0019813960227927857
2.2680000000000002e-07,25.25652337250296,2.3573969194589179e-07,3.5113367141370744e-11,469582279260032.56,107137339.34249805,0.001980460267040548
2.27e-07,25.174698466833174,2.348432568656397e-07,3.513391869544681e-11,471374751540530.1,107197876.58726056,0.001979301798592254
2.272e-07,25.093924806703942,2.3396219351167847e-07,3.5158490882280385e-11,473149871756883.4,107256323.895986,0.001977918469206534
2.274e-07,25.014212972775663,2.330965607494226e-07,3.518713614613682e-11,474906972029547.6,107312664.29823387,0.001976308278590235
2.276e-07,24.935571479942062,2.322463980195355e-07,3.521990730698441e-11,476645419692142.1,107366881.43531336,0.0019744693777686744
2.2780000000000001e-07,24.858006846116226,2.3141172607491807e-07,3.52568575927664e-11,478364617617396.1,107418959.56503347,0.0019724000723127253
2.28e-07,24.781523659977147,2.305925476995857e-07,3.529804067098675e-11,480064004497785.9,107468883.56627351,0.001970098825418683
2.2820000000000002e-07,24.706124647601694,2.2978884840897744e-07,3.5343510679498656e-11,481743055080670.25,107516638.94337384,0.0019675642608369863
2.284e-07,24.631810737922876,2.2900059713139826e-07,3.5393322256381424e-11,483401280357761.4,107562211.83034466,0.0019647951656460764
2.286e-07,24.55858112696858,2.2822774687041919e-07,3.54475305687887e-11,485038227708839.7,107605588.99489202,0.0019617904928678426
2.288e-07,24.48643334084844,2.274702353481897e-07,3.550619134064815e-11,486653480999666.06,107646757.84225988,0.0019585493639212295
2.29e-07,24.415363297468218,2.2672798562972494e-07,3.5569360879087455e-11,488246660634101.7,107685706.41888712,0.001955071070910847
2.2920000000000001e-07,24.345365366961857,2.260009067283325e-07,3.56370960994587e-11,489817423560504.94,107722423.41587833,0.0019513550787475123
2.294e-07,24.27643243084207,2.252888941924411e-07,3.5709454548827086e-11,491365463232514.6,107756898.17228724,0.0019474010270979073
2.2960000000000002e-07,24.20855593987867,2.245918306741693e-07,3.5786494427785073e-11,492890509524403.25,107789120.67821236,0.001943208732160692
2.298e-07,24.14172597072281,2.2390958648005463e-07,3.586827461044651e-11,494392328601217.1,107819081.57770325,0.0019387781882666427
2.3000000000000002e-07,24.075931281302317,2.232420201044255e-07,3.5954854662470024e-11,495870722743989.94,107846772.17147723,0.0019341095693004978
2.302e-07,24.01115936502031,2.2258897874596168e-07,3.6046294856951806e-11,497325530130355.4,107872184.41944504,0.001929203229942521
2.304e-07,23.947396503794746,2.2195029880803449e-07,3.61426561880222e-11,498756624570953.44,107895310.94304551,0.001924059706727861
2.3060000000000001e-07,23.884627819982313,2.213258063834717e-07,3.624400038197114e-11,500163915202057.8,107916145.02738793,0.0019186797189220733
2.308e-07,23.822837327234126,2.2071531772442367e-07,3.635038990571803e-11,501547346134917.5,107934680.62320155,0.0019130641692113716
2.3100000000000002e-07,23.762007980334577,2.201186396980408e-07,3.646188797243357e-11,502906896062356.06,107950912.34859231,0.001907214144206328
2.312e-07,23.702121724078182,2.1953557022870344e-07,3.657855854410949e-11,504242577823210.1,107964835.49060525,0.0019011309147579992
2.3140000000000002e-07,23.64315954124152,2.1896589872755999e-07,3.670046633086125e-11,505554437925254.56,107976446.00659312,0.0018948159360856816
2.316e-07,23.585101499709626,2.1840940651015119e-07,3.682767678673837e-11,506842556027296.1,107985740.52539007,0.0018882708477156358
2.318e-07,23.527926798817543,2.1786586720290406e-07,3.696025610180361e-11,508107044381178.06,107992716.34829049,0.0018814974732303982
2.32e-07,23.471613814968844,2.1733504713929054e-07,3.709827119022922e-11,509348047234473.1,107997371.44983263,0.001874497819828521
2.322e-07,23.416140146593424,2.1681670574644531e-07,3.72417896741466e-11,510565740194697.7,107999704.47838672,0.0018672740776946948
2.3240000000000002e-07,23.361482658506574,2.1631059592303523e-07,3.73908798629687e-11,511760329555919.3,107999714.75654733,0.0018598286191805766
2.326e-07,23.307617525731317,2.1581646440916823e-07,3.7545610727892445e-11,512932051588679.06,107997402.28133017,0.001852163997796699
2.3280000000000002e-07,23.254520276844836,2.1533405214911985e-07,3.7706051871271e-11,514081171794185.56,107992767.7241729,0.0018442829470161606
2.33e-07,23.202165836908566,2.148630946476414e-07,3.787227349052967e-11,515207984123787.2,107985812.43074012,0.00183618837889099
2.332e-07,23.15052857003991,2.1440332232059784e-07,3.804434633628396e-11,516312810164765.2,107976538.4205328,0.0018278833824822232
2.334e-07,23.09958232168143,2.1395446084066523e-07,3.8222341664299366e-11,517395998293529.25,107964948.38630171,0.0018193712221050184
2.336e-07,23.04930046062093,2.1351623147879144e-07,3.840633118091487e-11,518457922797338.06,107951045.6932658,0.0018106553353903403
2.3380000000000002e-07,22.999655920813034,2.1308835144210168e-07,3.8596386981535606e-11,519498982965701.6,107934834.37813483,0.0018017393311648556
2.34e-07,22.95062124305006,2.1267053420890036e-07,3.879258148177836e-11,520519602152656.8,107916319.14793754,0.0017926269871510487
2.3420000000000002e-07,22.902168616526016,2.122624898613877e-07,3.8994987340838255e-11,521520226811147.5,107895505.3786548,0.001783322247489593
2.344e-07,22.854269920334595,2.1186392541668064e-07,3.9203677376622513e-11,522501325500760.0,107872399.11365871,0.001773829220086368
2.346e-07,22.806896764937342,2.1147454515668508e-07,3.9418724472180554e-11,523463387870114.06,107847007.06195787,0.001764152173786588
2.348e-07,22.760020533634616,2.1109405095733407e-07,3.9640201472937696e-11,524406923615218.9,107819336.59624936,0.0017542955353788295
2.35e-07,22.713612424066973,2.1072214261766107e-07,3.98681810742242e-11,525332461415148.3,107789395.75077811,0.0017442638864317715
2.3520000000000001e-07,22.667643489770327,2.1035851818913797e-07,4.01027356985682e-11,526240547846404.5,107757193.2190041,0.0017340619599668543
2.354e-07,22.622084681803077,2.100028743056611e-07,4.034393736220692e-11,527131746277368.25,107722738.35107812,0.0017236946369700553
2.3560000000000002e-07,22.576906890458435,2.0965490651452136e-07,4.059185753025056e-11,528006635744260.1,107686041.15112703,0.0017131669427462798
2.358e-07,22.53208098707017,2.0931430960865008e-07,4.0846566959916025e-11,528865809810047.94,107647112.27434884,0.0017024840431200553
2.36e-07,22.487577865914183,2.0898077796037712e-07,4.110813553123522e-11,529709875407768.06,107605963.02391908,0.0016916512404862732
2.362e-07,22.443368486203543,2.0865400585689334e-07,4.137663206462561e-11,530539451669734.6,107562605.34770882,0.001680673969715015
2.364e-07,22.399423914168224,2.0833368783755073e-07,4.165212412469937e-11,531355168744135.4,107517051.83481555,0.0016695577939146416
2.3660000000000001e-07,22.355715365205953,2.0801951903308612e-07,4.19346778096797e-11,532157666600521.1,107469315.71190783,0.0016583084000573857
2.368e-07,22.312214246084622,2.0771119550679862e-07,4.222435752578133e-11,532947593825709.3,107419410.839385,0.0016469315944720253
2.3700000000000002e-07,22.268892197170732,2.0740841459765419e-07,4.2521225745912614e-11,533725606411639.94,107367351.70735255,0.0016354332982081673
2.372e-07,22.225721134653668,2.0711087526524276e-07,4.2825342752052045e-11,534492366536714.06,107313153.43141508,0.0016238195422769793
2.3740000000000002e-07,22.18267329272877,2.0681827843645027e-07,4.3136766360657856e-11,535248541342174.94,107256831.74828725,0.0016120964627732326
2.376e-07,22.139721265697872,2.0653032735366082e-07,4.345555163047442e-11,535994801705075.75,107198403.01122458,0.0016002702958837736
2.378e-07,22.09683804993991,2.062467279242466e-07,4.378175055211642e-11,536731821009393.56,107137884.18527527,0.0015883473727875024
2.3800000000000001e-07,22.053997085699216,2.059671890710498e-07,4.411541171882566e-11,537460273916848.8,107075292.84235431,0.0015763341144522602
2.382e-07,22.011172298634122,2.0569142308351052e-07,4.445657997782531e-11,538180835138984.06,107010647.1561413,0.001564237026333973
2.3840000000000002e-07,21.968338141063704,2.0541914596904128e-07,4.480529606172745e-11,538894178212060.56,106943965.89680375,0.0015520626929835934
2.3860000000000003e-07,21.92546963284584,2.0515007780420095e-07,4.516159619948927e-11,539600974276320.56,106875268.42554706,0.0015398177725675325
2.388e-07,21.882542401815677,2.0488394308517255e-07,4.552551170646771e-11,540301890861163.75,106804574.68899287,0.001527508991307228
2.39e-07,21.8395327237095,2.046204710770042e-07,4.589706855317867e-11,540997590677771.0,106731905.21338744,0.0015151431378437297
2.392e-07,21.796417561495524,2.0435939616102847e-07,4.6276286912438276e-11,541688730420707.0,106657281.09864186,0.0015027270575332303
2.394e-07,21.753174604029923,2.0410045817983717e-07,4.666318068464934e-11,542375959580014.5,106580724.01220553,0.0014902676466794836
2.396e-07,21.7097823039534,2.0384340277914822e-07,4.70577570010894e-11,543059919265307.5,106502256.18277484,0.0014777718467091838
2.398e-07,21.666219914741824,2.0358798174587087e-07,4.746001570516468e-11,543741241043345.44,106421900.39383921,0.0014652466382965054
2.4000000000000003e-07,21.6224675268217,2.033339533416412e-07,4.7869948811723975e-11,544420545790566.06,106339679.97706553,0.0014526990354428893
2.402e-07,21.578506102660757,2.030810826310765e-07,4.828753994466184e-11,545098442562025.56,106255618.80552386,0.001440136079518368
2.404e-07,21.534317510742504,2.0282914180397303e-07,4.8712763753198184e-11,545775527478179.25,106169741.28675571,0.0014275648332707522
2.406e-07,21.4898845583334,2.0257791049065315e-07,4.914558530740035e-11,546452382630915.75,106082072.35568725,0.001414992374808902
2.408e-07,21.445191022951594,2.02327176069655e-07,4.958595947370069e-11,547129575010227.5,105992637.46738935,0.001402425791566557
2.41e-07,21.40022168244668,2.0207673396694722e-07,5.0033830271383556e-11,547807655452885.44,105901462.58968644,0.0013898721742529694
2.412e-07,21.354962343601855,2.018263879458503e-07,5.048913021124015e-11,548487157614445.44,105808574.19561687,0.0013773386107968722
2.4140000000000003e-07,21.309399869170946,2.01575950386842e-07,5.095177961785234e-11,549168596965899.56,105713999.2557462,0.0013648321802900573
2.416e-07,21.26352220326584,2.0132524255643322e-07,5.1421685937234517e-11,549852469816247.0,105617765.23033613,0.0013523599469370457
2.418e-07,21.217318395012928,2.010740948643122e-07,5.189874303186306e-11,550539252362226.3,105519900.06137137,0.0013399289540172036
2.42e-07,21.17077862040044,2.0082234710796757e-07,5.238283046543634e-11,551229399766425.94,105420432.16444659,0.0013275462178657328
2.422e-07,21.123894202242997,2.0056984870402505e-07,5.2873812780050224e-11,551923345264947.0,105319390.42051579,0.0013152187218798456
2.424e-07,21.076657628194194,2.0031645890555556e-07,5.337153876882848e-11,552621499305765.1,105216804.16750646,0.0013029534105564694
2.426e-07,21.029062566743825,2.0006204700464843e-07,5.387584074742155e-11,553324248718887.2,105112703.19180137,0.0012907571835678508
2.4280000000000003e-07,20.981103881141067,1.9980649251957217e-07,5.4386533828187615e-11,554031955919381.4,105007117.71958986,0.0012786368898811892
2.43e-07,20.932777641192235,1.9954968536589352e-07,5.4903415201266865e-11,554744958144294.8,104900078.40809159,0.0012665993219286528
2.432e-07,20.884081132887484,1.9929152601096445e-07,5.542626342719029e-11,555463566724454.94,104791616.33665499,0.0012546512098338127
2.434e-07,20.835012865818317,1.9903192561124012e-07,5.595483774608556e-11,556188066392089.4,104681762.99773327,0.0012427992157006435
2.436e-07,20.785572578354945,1.9877080613194183e-07,5.6488877408977264e-11,556918714625169.5,104570550.28774051,0.001231049927971138
2.438e-07,20.73576124056003,1.9850810044863617e-07,5.702810103711771e-11,557655741029334.56,104458010.4977902,0.0012194098558573816
2.44e-07,20.685581054823867,1.9824375243036464e-07,5.757220601570295e-11,558399346758199.25,104344176.30431966,0.0012078854238540822
2.4420000000000003e-07,20.635035454213128,1.9797771700401513e-07,5.8120867928757124e-11,559149703972820.1,104229080.75960203,0.001196482966337199
2.444e-07,20.584129098534866,1.977099601997005e-07,5.867374004235774e-11,559906955341026.3,104112757.28214955,0.0011852087222544384
2.446e-07,20.532867868124747,1.9744045917697022e-07,5.923045284375541e-11,560671213577292.7,103995239.64701018,0.0011740688299131158
2.448e-07,20.481258855377693,1.9716920223175489e-07,5.979061364427319e-11,561442561023768.56,103876561.97596109,0.0011630693218709352
2.45e-07,20.429310354047104,1.968961887840136e-07,6.035380625417635e-11,562221049273035.4,103756758.72760113,0.0011522161199349352
2.452e-07,20.377031846347336,1.9662142934612373e-07,6.091959073794012e-11,563006698833115.5,103635864.68734547,0.0011415150302738768
2.454e-07,20.324433987902786,1.963449454721295e-07,6.148750325852409e-11,563799498835192.4,103513914.9573258,0.001130971738649209
2.4560000000000003e-07,20.271528590594077,1.960667696880308e-07,6.205705601937761e-11,564599406784471.5,103390944.946198,0.0011205918057694763
2.458e-07,20.218328603360938,1.9578694540337214e-07,6.262773731291222e-11,565406348354537.4,103266990.35886131,0.0011103806627731133
2.46e-07,20.16484809102782,1.955055268044558e-07,6.31990116841191e-11,566220217225525.8,103142087.18609095,0.0011003436068441929
2.462e-07,20.11110221122671,1.9522257872957751e-07,6.377032021781962e-11,567040874966365.4,103016271.69408835,0.001090485796965778
2.464e-07,20.057107189497344,1.9493817652674345e-07,6.434108095775677e-11,567868150961302.6,102889580.413951,0.0010808122498151516
2.466e-07,20.00288029265238,1.9465240589439601e-07,6.491068946530854e-11,568701842380859.1,102762050.13106523,0.0010713278358051926
2.468e-07,19.948439800501234,1.9436536270573872e-07,6.54785195250522e-11,569541714197317.6,102633717.87442581,0.001062037275275986
2.4700000000000003e-07,19.89380497603079,1.9407715281730108e-07,6.604392400372104e-11,570387499244792.5,102504620.90588413,0.0010529451348404715
2.472e-07,19.83899603414771,1.9378789186244915e-07,6.660623586824335e-11,571238898323865.4,102374796.70932923,0.0010440558238879194
2.474e-07,19.784034109090143,1.9349770503058876e-07,6.71647693675696e-11,572095580350733.9,102244282.9798039,0.0010353735912487102
2.476e-07,19.72894122062194,1.9320672683286317e-07,6.771882138183823e-11,572957182550750.8,102113117.61256017,0.0010269025220238442
2.4780000000000004e-07,19.673740239124516,1.9291510085518278e-07,6.826767294114374e-11,573823310696187.1,101981338.6920559,0.0010186465345822704
2.48e-07,19.618454849705223,1.9262297949946573e-07,6.881059091471776e-11,574693539387998.2,101848984.48089698,0.0010106093777290611
2.482e-07,19.56310951544272,1.9233052371400017e-07,6.934682986975058e-11,575567412381312.9,101716093.4087275,0.001002794628047242
2.4840000000000003e-07,19.507729439891417,1.9203790271386524e-07,6.987563409737367e-11,576444442954319.2,101582704.06107153,0.0009952056874158032
2.486e-07,19.452340528968254,1.9174529369237474e-07,7.039623980148566e-11,577324114320163.0,101448855.16812988,0.0009878457807063765
2.488e-07,19.39696935234455,1.9145288152451828e-07,7.090787744419355e-11,578205880081429.9,101314585.5935341,0.0009807179536606818
2.49e-07,19.341643104466616,1.91160858463395e-07,7.140977423963137e-11,579089164726718.1,101179934.32306282,0.0009738250709508318
2.4920000000000003e-07,19.286389565326527,1.9086942383063678e-07,7.190115678588725e-11,579973364168773.1,101044940.45332175,0.0009671698144242002
2.494e-07,19.231237061103922,1.9057878370182205e-07,7.238125382269649e-11,580857846323590.8,100909643.18039174,0.0009607546815344908
2.496e-07,19.176214424797358,1.9028915058787991e-07,7.28492991005167e-11,581741951729856.4,100774081.78844826,0.0009545819839603463
2.4980000000000003e-07,19.121350956961003,1.90000743113475e-07,7.330453434459502e-11,582624994208030.2,100638295.63835481,0.0009486538464126995
2.5e-07,19.06667638665977,1.8971378569335292e-07,7.374621229572834e-11,583506261558347.1,100502324.15623455,0.0009429722056317726
2.502e-07,19.012220832751968,1.89428508207608e-07,7.417359980762171e-11,584385016296949.4,100366206.82202248,0.0009375388095744848
2.504e-07,18.95801476560531,1.8914514567681695e-07,7.458598097911923e-11,585260496429319.2,100229983.15800259,0.0009323552167928206
2.5060000000000003e-07,18.90408896934683,1.8886393793795378e-07,7.498266029815731e-11,586131916260144.2,100093692.71733212,0.0009274227960034229
2.508e-07,18.850474504743392,1.8858512932197523e-07,7.536296577309096e-11,586998467238691.1,99957375.07255724,0.0009227427258485364
2.51e-07,18.79720267280397,1.8830896833393373e-07,7.572625202611942e-11,587859318838727.5,99821069.80412291,0.000918315994848207
2.512e-07,18.744304979189675,1.8803570733643797e-07,7.607190332292063e-11,588713619471987.8,99684816.48888057,0.0009141434015433548
2.514e-07,18.691813099511894,1.8776560223724445e-07,7.639933651229727e-11,589560497434135.2,99548654.68859693,0.000910225554829244
2.516e-07,18.63975884559309,1.8749891218172163e-07,7.670800384969708e-11,590399061882137.9,99412623.93846671,0.0009065628744785349
2.518e-07,18.58817413275925,1.8723589925088706e-07,7.699739567887193e-11,591228403841926.9,99276763.7356338,0.0009031555918530091
2.5200000000000003e-07,18.53709094822617,1.8697682816566949e-07,7.726704294672775e-11,592047597245181.5,99141113.52772287,0.0009000037508027469
2.522e-07,18.486541320636242,1.867219659980037e-07,7.751651952755848e-11,592855699994039.9,99005712.70138557,0.0008971072087514067
2.524e-07,18.436557290796074,1.8647158188931862e-07,7.774544433437043e-11,593651755052499.1,98870600.57086451,0.0008944656379659886
2.526e-07,18.38717088365873,1.8622594677692607e-07,7.795348319684997e-11,594434791563243.9,98735816.36657815,0.0008920785270093225
2.528e-07,18.33841408158863,1.859853331287734e-07,7.814035048770757e-11,595203825988597.5,98601399.22373015,0.0008899451823732411
2.53e-07,18.290318798940415,1.8575001468696604e-07,7.830581048158754e-11,595957863274276.8,98467388.17094606,0.0008880647302902683
2.532e-07,18.242916857977754,1.8552026622042303e-07,7.844967843345101e-11,596695898034580.6,98333822.11894152,0.0008864361187214213
2.5340000000000003e-07,18.196239966151317,1.8529636328697258e-07,7.85718213662631e-11,597416915757637.0,98200739.84922412,0.0008850581195175275
2.536e-07,18.150319694749694,1.850785820051454e-07,7.867215856089696e-11,598119894029295.1,98068180.00283302,0.0008839293307512759
2.538e-07,18.105187458931493,1.848671988358783e-07,7.875066174435688e-11,598803803774224.5,97936181.06911948,0.000883048179217047
2.54e-07,18.060874499140784,1.846624903742849e-07,7.880735497566944e-11,599467610512769.2,97804781.37457114,0.0008824129230953317
2.542e-07,18.01741186390343,1.8446473315160975e-07,7.884231423202415e-11,600110275632075.8,97674019.07168399,0.0008820216547784427
2.544e-07,17.9748303939959,1.8427420344742858e-07,7.885566670093244e-11,600730757670001.8,97543932.12788422,0.0008818723038539678
2.546e-07,17.933160707974277,1.8409117711211843e-07,7.88475897872352e-11,601328013610287.5,97414558.31450471,0.0008819626402423017
2.5480000000000003e-07,17.89243318904533,1.839159293995722e-07,7.881830984669611e-11,601901000187465.5,97285935.19581752,0.000882290277484387
2.55e-07,17.85267797325823,1.8374873481009302e-07,7.876810066060969e-11,602448675199962.6,97158100.11812724,0.0008828526761756455
2.552e-07,17.813924938990368,1.8358986694336196e-07,7.869728166829447e-11,602969998829841.9,97031090.19892704,0.0008836471475419259
2.554e-07,17.77620369769754,1.8343959836133333e-07,7.860621597649781e-11,603463934967619.1,96904942.3161217,0.0008846708571531239
2.556e-07,17.739543585894506,1.8329820046087506e-07,7.849530816657876e-11,603929452540580.2,96779693.09731989,0.0008859208287699986
2.558e-07,17.703973658328835,1.831659433559358e-07,7.836500192184135e-11,604365526843025.0,96655378.90919888,0.0008873939483195497
2.56e-07,17.669522682307814,1.8304309576898726e-07,7.821577749854748e-11,604771140866846.1,96532035.84694582,0.0008890869679941917
2.5620000000000003e-07,17.636219133134887,1.8292992493145767e-07,7.804814906494172e-11,605145286630866.2,96409699.72377692,0.0008909965104698263
2.564e-07,17.604091190609857,1.8282669649284348e-07,7.786266193307226e-11,605486966507339.2,96288406.06053913,0.0008931190732377779
2.566e-07,17.57316673654435,1.8273367443815776e-07,7.765988970829842e-11,605795194544033.2,96168190.07539636,0.0008954510330454547
2.568e-07,17.543473353241886,1.8265112101334707e-07,7.744043138115746e-11,606068997780312.4,96049086.67360389,0.0008979886504404505
2.57e-07,17.515038322889875,1.8257929665828542e-07,7.720490838573197e-11,606307417555638.1,95931130.43737343,0.0009007280744127342
2.572e-07,17.48788862780908,1.8251845994692978e-07,7.695396164785232e-11,606509510808919.8,95814355.61583179,0.0009036653471294377
2.574e-07,17.462050951504484,1.8246886753420103e-07,7.668824864540592e-11,606674351367149.9,95698796.11507691,0.0009067964087566602
2.5760000000000003e-07,17.437551680459933,1.8243077410913525e-07,7.640844050173987e-11,606801031221774.1,95584485.48833267,0.000910117102362643
2.578e-07,17.414416906618058,1.8240443235383168e-07,7.611521913167933e-11,606888661791251.6,95471456.92620687,0.0009136231788965439
2.58e-07,17.392672430485195,1.8239009290770647e-07,7.580927445806052e-11,606936375168283.5,95359743.24705389,0.0009173103022370096
2.582e-07,17.372343764800966,1.8238800433654773e-07,7.549130171494793e-11,606943325350193.5,95249376.88744597,0.00092117405430462
2.584e-07,17.353456138710605,1.8239841310585234e-07,7.516199885188628e-11,606908689450971.9,95140389.89275512,0.0009252099402322733
2.586e-07,17.33603450237765,1.8242156355791074e-07,7.482206405167972e-11,606831668893506.4,95032813.90784828,0.0009294133935874861
2.588e-07,17.320103531974453,1.8245769789209832e-07,7.447219337231575e-11,606711490580545.4,94926680.16789953,0.0009337797816405243
2.5900000000000003e-07,17.305687634986693,1.8250705614781582e-07,7.411307852178382e-11,606547408042966.2,94822019.48932046,0.0009383044106722952
2.592e-07,17.292810955768346,1.8256987618951536e-07,7.374540477272315e-11,606338702563939.5,94718862.26081276,0.0009429825313158155
2.594e-07,17.281497381282712,1.8264639369323742e-07,7.336984902206813e-11,606084684277609.6,94617238.4345444,0.0009478093439251254
2.596e-07,17.27177054696533,1.8273684213407646e-07,7.298707799918992e-11,605784693240941.2,94517177.51745324,0.0009527800039654104
2.598e-07,17.26365384264367,1.8284145277398373e-07,7.259774662444891e-11,605438100477404.8,94418708.56267935,0.0009578896274181676
2.6e-07,17.25717041844889,1.829604546493105e-07,7.220249651861172e-11,605044308991210.6,94321860.16112924,0.0009631332961951854
2.602e-07,17.252343190654496,1.8309407455748507e-07,7.180195466224389e-11,604602754750832.6,94226660.43317458,0.0009685060635551044
2.6040000000000003e-07,17.24919484737632,1.832425370422129e-07,7.139673220296939e-11,604112907640590.2,94133137.02048714,0.0009740029595163979
2.606e-07,17.247747854068482,1.8340606437658057e-07,7.098742340741327e-11,603574272379104.5,94041317.07801303,0.0009796189962605365
2.608e-07,17.248024458749384,1.8358487654343952e-07,7.057460475368809e-11,602986389403466.8,93951227.26608795,0.000985349173519216
2.61e-07,17.250046696891857,1.8377919121243899e-07,7.01588341594775e-11,602348835718008.1,93862893.74269648,0.0009911884839394515
2.612e-07,17.25383639591101,1.839892237130698e-07,6.974065034007501e-11,601661225706591.2,93776342.15587687,0.0009971319184204944
2.614e-07,17.25941517918344,1.8421518700307902e-07,6.932057229018223e-11,600923211907385.0,93691597.63627394,0.0010031744714164865
2.616e-07,17.266804469530708,1.8445729163160234e-07,6.889909888282716e-11,600134485749134.5,93608684.78984246,0.0010093111461988169
2.6180000000000003e-07,17.276025492099976,1.8471574569636357e-07,6.847670857842683e-11,599294778247965.6,93527627.69070251,0.0010155369600722932
2.62e-07,17.287099276574054,1.8499075479427635e-07,6.805385923679994e-11,598403860663824.1,93448449.87414971,0.0010218469495391672
2.622e-07,17.300046658642753,1.8528252196478367e-07,6.76309880247921e-11,597461545115681.2,93371174.32982126,0.001028236175405271
2.624e-07,17.31488828066683,1.8559124762525792e-07,6.720851141213884e-11,596467685154697.2,93295823.49502116,0.0010346997278224473
2.6260000000000004e-07,17.331644591465412,1.8591712949778525e-07,6.678682524821062e-11,595422176294565.2,93222419.24820529,0.0010412327312616955
2.628e-07,17.350335845156977,1.8626036252664521e-07,6.636630491238797e-11,594324956498320.4,93150982.90262884,0.0010478303494114137
2.63e-07,17.370982098983394,1.8662113878579343e-07,6.594730553096464e-11,593176006620943.4,93081535.20015796,0.0010544877899953027
2.6320000000000003e-07,17.39360321004588,1.8699964737564875e-07,6.553016225368358e-11,591975350807132.9,93014096.30524732,0.0010612003095045424
2.634e-07,17.418218830880765,1.8739607430847804e-07,6.511519058325357e-11,590723056843681.4,92948685.79908529,0.0010679632178390102
2.636e-07,17.444848403802546,1.878106023816706e-07,6.470268675147479e-11,589419236465925.5,92885322.6739082,0.0010747718828524047
2.638e-07,17.473511153940443,1.8824341103818026e-07,6.429292813591034e-11,588064045617816.5,92824025.32748622,0.0010816217347962179
2.6400000000000003e-07,17.50422608089422,1.886946762134175e-07,6.388617371136048e-11,586657684665182.6,92764811.55778125,0.0010885082706577232
2.642e-07,17.537011948934015,1.8916457016786183e-07,6.348266453074223e-11,585200398561829.0,92707698.55777925,0.0010954270583871922
2.644e-07,17.57188727566812,1.8965326130466404e-07,6.308262423032414e-11,583692476968164.0,92652702.9104982,0.0011023737410097052
2.6460000000000003e-07,17.60887031910192,1.9016091397150384e-07,6.268625955461586e-11,582134254322096.9,92599840.58417316,0.0011093440406171327
2.648e-07,17.647979063010233,1.9068768824596534e-07,6.229376089657062e-11,580526109862009.0,92549126.92761976,0.0011163337622358941
2.65e-07,17.689231200545017,1.9123373970369513e-07,6.190530284910003e-11,578868467601644.6,92500576.66577764,0.0011233387975664005
2.652e-07,17.732644115999076,1.9179921916860102e-07,6.152104476425188e-11,577161796256843.8,92454203.89543507,0.0011303551285900782
2.6540000000000003e-07,17.77823486464667,1.923842724443615e-07,6.114113131672447e-11,575406609124062.2,92410022.08113569,0.0011373788310402077
2.656e-07,17.82602015058075,1.9298904002650906e-07,6.076569306872097e-11,573603463910718.0,92368044.05126923,0.0011444060777328288
2.658e-07,17.87601630246707,1.936136567943682e-07,6.039484703344924e-11,571752962517413.8,92328281.99434662,0.0011514331417542517
2.66e-07,17.928239247134336,1.9425825168212455e-07,6.002869723487175e-11,569855750772188.4,92290747.45546098,0.0011584563995017786
2.662e-07,17.982704480920805,1.9492294732832672e-07,5.966733526158339e-11,567912518116961.1,92255451.33293556,0.0011654723335745379
2.664e-07,18.039427038697475,1.9560785970312939e-07,5.931084081296147e-11,565923997246409.2,92222403.87515919,0.0011724775355114315
2.666e-07,18.09842146048831,1.9631309771260143e-07,5.895928223597942e-11,563890963699586.0,92191614.67761081,0.0011794687083733746
2.6680000000000003e-07,18.159701755610197,1.9703876277945846e-07,5.861271705129972e-11,561814235404600.06,92163092.68007325,0.0011864426691673025
2.67e-07,18.223281364255147,1.9778494839959022e-07,5.827119246748407e-11,559694672176779.1,92136846.16403754,0.001193396351109449
2.672e-07,18.289173116440463,1.985517396737995e-07,5.793474588234687e-11,557533175170750.94,92112882.75029838,0.0012003268057257748
2.674e-07,18.357389188253503,1.9933921281419368e-07,5.7603405370668914e-11,555330686286966.4,92091209.39674139,0.0012072312047874396
2.676e-07,18.427941055321668,2.0014743462472503e-07,5.727719015764658e-11,553088187533205.0,92071832.39632285,0.0012141068420795803
2.678e-07,18.500839443440842,2.0097646195542004e-07,5.6956111077608754e-11,550806700341678.56,92054757.37524249,0.0012209511350017455
2.68e-07,18.57609427629928,2.0182634112988932e-07,5.6640171017670884e-11,548487284842403.94,92039989.29130994,0.0012277616259985561
2.6820000000000003e-07,18.65371462023973,2.0269710734579053e-07,5.632936534611619e-11,546131039093532.1,92027532.43250522,0.0012345359838194343
2.684e-07,18.733708626006386,2.035887840479683e-07,5.602368232541025e-11,543739098269419.1,92017390.41573365,0.0012412720046063603
2.686e-07,18.816083467431234,2.0450138227409808e-07,5.572310350985117e-11,541312633807223.06,92009566.18577565,0.0012479676128088946
2.688e-07,18.90084527701972,2.054348999727307e-07,5.5427604127949334e-11,538852852512907.8,92004062.01443185,0.0012546208619258375
2.69e-07,18.987999078405366,2.063893212937555e-07,5.513715344970442e-11,536360995627534.4,92000879.49986328,0.0012612299350732025
2.692e-07,19.0775487156513,2.0736461585139997e-07,5.485171513901914e-11,533838337854796.75,92000019.56612745,0.0012677931453783057
2.694e-07,19.169496779386186,2.0836073796000284e-07,5.4571247591548e-11,531286186350807.4,92001482.46291,0.001274308936199992
2.6960000000000003e-07,19.263844529775476,2.0937762584295207e-07,5.4295704258326325e-11,528705879677143.56,92005267.76545222,0.0012807758811753094
2.698e-07,19.36059181633911,2.1041520081530265e-07,5.402503395557458e-11,526098786718260.25,92011374.37467441,0.0012871926840930072
2.7e-07,19.459736994642864,2.1147336644077107e-07,5.375918116110146e-11,523466305564365.94,92019800.51749495,0.0012935581785946068
2.702e-07,19.561276839904114,2.1255200766396002e-07,5.349808629776629e-11,520809862360946.3,92030543.74734515,0.0012998713277038367
2.704e-07,19.665206457571188,2.1365098991887243e-07,5.324168600447873e-11,518130910126110.44,92043600.94487959,0.001306131223185571
2.706e-07,19.771519190952805,2.1477015821496595e-07,5.2989913395235896e-11,515430927537007.7,92058968.3188819,0.0013123370847355265
2.708e-07,19.88020652599376,2.1590933620221605e-07,5.274269830671046e-11,512711417686594.8,92076641.40736547,0.00131848825900218
2.7100000000000003e-07,19.99125799331591,2.170683252169031e-07,5.249996753490973e-11,509973906812036.7,92096615.07886913,0.001324584218442631
2.712e-07,20.104661067664804,2.1824690331006867e-07,5.226164506143387e-11,507219942996106.5,92118883.53394698,0.0013306245600142605
2.714e-07,20.220401064929096,2.1944482426086927e-07,5.2027652269861046e-11,504451094842929.6,92143440.30685228,0.001336609003704284
2.716e-07,20.33846103692443,2.2066181657731533e-07,5.179790815278759e-11,501668950129498.75,92170278.26741494,0.0013425373908994326
2.718e-07,20.45882166416368,2.218975824871975e-07,5.157232951004396e-11,498875114434365.94,92199389.62311165,0.0013484096825982725
2.72e-07,20.58146114686447,2.2315179692229965e-07,5.1350831138602426e-11,496071209744973.3,92230765.92132857,0.0013542259574687875
2.722e-07,20.706355094475853,2.2442410649931514e-07,5.1133326014683564e-11,493258873045118.4,92264398.05181554,0.0013599864097540311
2.7240000000000003e-07,20.833476414041396,2.2571412850123878e-07,5.0919725468553375e-11,490439754884029.1,92300276.24933127,0.0013656913470289286
2.726e-07,20.962795197748346,2.270214498633298e-07,5.070993935249545e-11,487615517928602.4,92338390.09647878,0.0013713411878113356
2.728e-07,21.094278610051035,2.2834562616812092e-07,5.050387620242111e-11,484787835500325.4,92378728.52673008,0.0013769364590308058
2.73e-07,21.227890774792197,2.2968618065429346e-07,5.030144339357061e-11,481958390098470.8,92421279.82763943,0.001382477793358518
2.732e-07,21.363592662786875,2.3104260324463431e-07,5.010254729073546e-11,479128871911118.7,92466031.64424403,0.0013879659264021246
2.734e-07,21.501341980371834,2.3241434959865118e-07,4.990709339341643e-11,476300977315611.7,92512970.98265149,0.0013934016937693563
2.736e-07,21.64109305946389,2.3380084019580153e-07,4.971498647631214e-11,473476407370060.8,92562084.21381246,0.0013987860280043755
2.7380000000000003e-07,21.782796749713345,2.352014594556851e-07,4.952613072551024e-11,470656866297493.8,92613357.07747807,0.0014041199554010882
2.74e-07,21.926400313377503,2.366155549018973e-07,4.934042987073466e-11,467844059964301.8,92666774.6863403,0.0014094045926976936
2.742e-07,22.071847323582855,2.3804243637662944e-07,4.915778731397892e-11,465039694354590.44,92722321.53035477,0.001414641143656943
2.744e-07,22.219077566682504,2.394813753134261e-07,4.897810625483466e-11,462245474042104.56,92779981.48124394,0.0014198308955366665
2.746e-07,22.368026949457672,2.4093160407586876e-07,4.88012898127996e-11,459463100661343.3,92839737.79718013,0.0014249752154553257
2.748e-07,22.518627411948614,2.423923153702472e-07,4.862724114682802e-11,456694271379519.75,92901573.12764668,0.0014300755466574125
2.75e-07,22.670806846736166,2.438626617405581e-07,4.845586357236354e-11,453940677371023.8,92965469.51847555,0.001435133404683637
2.7520000000000003e-07,22.824489025531342,2.453417551544418e-07,4.828706067606807e-11,451204002296001.5,93031408.41706054,0.0014401503734510284
2.754e-07,22.97959353395781,2.4682866668884173e-07,4.812073642844143e-11,448485920784719.44,93099370.67774405,0.0014451281012480596
2.756e-07,23.136035715442265,2.4832242632436513e-07,4.79567952944975e-11,445788096929319.2,93169336.56737624,0.0014500682966501496
2.758e-07,23.29372662514706,2.4982202285739833e-07,4.779514234264441e-11,443112182784615.2,93241285.77104439,0.001454972724360849
2.7600000000000004e-07,23.45257299490059,2.513264039391118e-07,4.763568335188875e-11,440459816879521.44,93315197.39797169,0.0014598432009842181
2.762e-07,23.612477210088866,2.5283447625043694e-07,4.747832491746323e-11,437832622740738.56,93391049.98758277,0.0014646815907339188
2.764e-07,23.77333729948075,2.5434510582203725e-07,4.732297455495319e-11,435232207430265.75,93468821.51573507,0.0014694898010846455
2.7660000000000003e-07,23.93504693895336,2.558571185080886e-07,4.716954080297624e-11,432660160098340.94,93548489.40111348,0.0014742697783715572
2.768e-07,24.097495470078197,2.5736930062246014e-07,4.701793332444548e-11,430118050553342.9,93630030.5117869,0.0014790235033434885
2.77e-07,24.260567934507083,2.5888039974550797e-07,4.6868063006426795e-11,427607427850206.1,93713421.17192496,0.0014837529866757269
2.772e-07,24.424145125069494,2.603891257092478e-07,4.6719842058580686e-11,425129818898878.44,93798637.16867214,0.0014884602644481735
2.7740000000000004e-07,24.588103654456813,2.618941517681353e-07,4.657318411015609e-11,422686727094295.5,93885653.75917818,0.0014931473935948338
2.776e-07,24.75231604231771,2.633941159619922e-07,4.6428004305488967e-11,420279630969371.1,93974445.67778224,0.001497816447330484
2.778e-07,24.916650821532187,2.6488762267687127e-07,4.628421939793507e-11,417909982872429.3,94064987.14334904,0.0015024695105605344
2.7800000000000003e-07,25.080972664358036,2.663732444087378e-07,4.61417478421541e-11,415579207670522.94,94157251.86675434,0.0015071086752799835
2.782e-07,25.24514252906353,2.6784952373386926e-07,4.600050988464176e-11,413288701480009.44,94251213.05851816,0.001511736035967495
2.784e-07,25.409017827563744,2.693149754887432e-07,4.5860427652394136e-11,411039830425756.6,94346843.43658337,0.001516353684980553
2.786e-07,25.57245261447099,2.707680891609509e-07,4.572142523957435e-11,408833929430316.3,94444115.23423694,0.001520963707957659
2.7880000000000003e-07,25.735297797853743,2.722073314913607e-07,4.5583428792037315e-11,406672301034342.94,94543000.2081723,0.0015255681792335797
2.79e-07,25.89740137186512,2.7363114928628256e-07,4.5446366589559706e-11,404556214249542.3,94643469.64668976,0.0015301691572735612
2.792e-07,26.05860867126439,2.750379724368832e-07,4.531016912561032e-11,402486903445354.2,94745494.3780333,0.0015347686801324692
2.7940000000000003e-07,26.218762647700068,2.764262171414464e-07,4.5174769184490187e-11,400465567270579.9,94849044.77886051,0.0015393687609447095
2.796e-07,26.377704167465154,2.777942893244051e-07,4.504010191566224e-11,398493367611083.3,94954090.78284386,0.0015439713834508408
2.798e-07,26.535272330264224,2.791405882442963e-07,4.4906104905087756e-11,396571428584684.7,95060601.88940088,0.0015485784975666664
2.8e-07,26.691304808354424,2.804635102809808e-07,4.477271824338294e-11,394700835574319.2,95168547.17254978,0.0015531920150005515
2.8020000000000003e-07,26.845638205243237,2.8176145289065893e-07,4.4639884590605585e-11,392882634300469.8,95277895.28988916,0.0015578138049247253
2.804e-07,26.99810843293605,2.830328187153374e-07,4.4507549237484895e-11,391117829933872.25,95388614.4916983,0.0015624456897061361
2.806e-07,27.148551106541607,2.8427601983160235e-07,4.437566016290565e-11,389407386249410.3,95500672.63015606,0.0015670894407024973
2.808e-07,27.296801954852103,2.854894821217225e-07,4.4244168087464833e-11,387752224822109.7,95614037.16867483,0.0015717467741289503
2.81e-07,27.44269724533139,2.8667164974838935e-07,4.411302652292098e-11,386153224266055.1,95728675.19134782,0.0015764193470007963
2.812e-07,27.586074221761642,2.878209897127237e-07,4.3982191817365137e-11,384611219517032.06,95844553.41250655,0.0015811087531575844
2.814e-07,27.726771552623592,2.889359964736142e-07,4.3851623195950566e-11,383127001159645.8,95961638.18638505,0.0015858165193737585
2.8160000000000003e-07,27.86462978812306,2.9001519660504674e-07,4.37212827970271e-11,381701314799596.44,96079895.51688951,0.0015905441015610004
2.818e-07,27.999491823619845,2.9105715346678144e-07,4.359113570353882e-11,380334860481771.25,96199291.0674688,0.0015952928810672496
2.82e-07,28.13120336707945,2.9206047186266054e-07,4.346114996955608e-11,379028292154733.44,96319790.1710847,0.001600064161077287
2.822e-07,28.25961340804323,2.930238026599111e-07,4.33312966418278e-11,377782217182163.0,96441357.84027712,0.001604859163119623
2.824e-07,28.384574685512643,2.9394584734214925e-07,4.320154977625408e-11,376597195901724.56,96563958.77732322,0.0016096790236843589
2.826e-07,28.505944152059314,2.948253624683373e-07,4.3071886449197164e-11,375473741231805.7,96687557.38448623,0.001614524790956494
2.828e-07,28.62358343141499,2.9566116400976346e-07,4.294228676356678e-11,374412318326509.25,96812117.77435121,0.001619397421669024
2.8300000000000003e-07,28.737359266762542,2.964521315372026e-07,4.281273384963211e-11,373413344279219.25,96937603.78024542,0.0016242977780800947
2.832e-07,28.847143956939906,2.971972122307591e-07,4.268321386053563e-11,372477187875023.9,97063978.96673913,0.001629226625078209
2.834e-07,28.952815777790452,2.9789542468554496e-07,4.2553715962499816e-11,371604169392204.06,97191206.64022523,0.0016341846274194743
2.836e-07,29.054259385938145,2.9854586248724756e-07,4.242423231974241e-11,370794560452963.4,97319249.85957293,0.0016391723471005672
2.838e-07,29.151366202344274,2.9914769753286243e-07,4.2294758074132886e-11,370048583923495.2,97448071.44685408,0.0016441902408710633
2.84e-07,29.244034773102907,2.9970018307331514e-07,4.216529131964583e-11,369366413863449.9,97577633.99813803,0.0016492386578885378
2.842e-07,29.33217110506427,3.0020265645643996e-07,4.203583307168787e-11,368748175524797.44,97707899.89435163,0.0016543178375196556
2.8440000000000003e-07,29.415688974032193,3.0065454155075797e-07,4.19063872313938e-11,368193945400026.56,97838831.31220253,0.001659427907290375
2.846e-07,29.49451020346199,3.0105535083269034e-07,4.177696054500973e-11,367703751319571.1,97970390.23516105,0.001664568880988125
2.848e-07,29.56856491179116,3.0140468712225443e-07,4.1647562558499904e-11,367277572598293.7,98102538.4644987,0.0016697406569186907
2.85e-07,29.637791726759197,3.0170224495485685e-07,4.1518205567534144e-11,366915340230807.75,98235237.63037907,0.0016749430163202998
2.852e-07,29.702137965317196,3.0194781157952525e-07,4.138890456302998e-11,366616937135358.2,98368449.20299885,0.0016801756219372865
2.854e-07,29.761559777986083,3.02141267576749e-07,4.125967717244237e-11,366382198445931.75,98502134.50377527,0.0016854380167554625
2.856e-07,29.816022256792888,3.022825870920075e-07,4.1130543597010784e-11,366210911852212.1,98636254.71657622,0.0016907296229011148
2.8580000000000003e-07,29.865499506195185,3.023718376840192e-07,4.100152654518702e-11,366102817986942.5,98770770.89899111,0.0016960497407054458
2.86e-07,29.90997467668767,3.024091797896965e-07,4.0872651162484466e-11,366057610860202.75,98905643.9936376,0.0017013975479359346
2.862e-07,29.949439961072876,3.0239486581071833e-07,4.0743944957999e-11,366074938340061.2,99040834.8395025,0.0017067720991960408
2.864e-07,29.983896553662667,3.023292388294903e-07,4.061543772786647e-11,366154402679003.44,99176304.18331186,0.0017121723254943453
2.866e-07,30.013354572957713,3.022127309650139e-07,4.0487161475929574e-11,366295561085495.94,99312012.6909288,0.0017175970339840987
2.868e-07,30.03783294862355,3.0204586138181503e-07,4.035915033189605e-11,366497926339985.1,99447920.958774,0.0017230449078739294
2.87e-07,30.057359273842007,3.018292339675314e-07,4.023144046727837e-11,366760967454590.7,99583989.52526699,0.0017285145065101934
2.8720000000000003e-07,30.071969624361607,3.0156353469703e-07,4.010407000940813e-11,367084110375696.7,99720178.88228373,0.0017340042656313476
2.874e-07,30.08170834579899,3.0124952870297335e-07,3.9977078953824265e-11,367466738728601.4,99856449.48662813,0.0017395124977944278
2.876e-07,30.086627810950674,3.0088805707456583e-07,3.985050907533511e-11,367908194603338.56,99992761.77151369,0.001745037392973558
2.878e-07,30.08678814906161,3.004800334077811e-07,3.972440383805611e-11,368407779380735.3,100129076.15805162,0.001750577019330162
2.88e-07,30.08225694915919,3.000264401316627e-07,3.959880830472203e-11,368964754597731.2,100265353.06674299,0.0017561293241544192
2.882e-07,30.073108939699694,2.9952832463632285e-07,3.947376904557289e-11,369578342850937.44,100401552.92897072,0.0017616921349771922
2.884e-07,30.059425646886957,2.989867952290175e-07,3.9349334047105644e-11,370247728737373.1,100537636.19848856,0.001767263160851562
2.8860000000000003e-07,30.041295034109307,2.984030169451521e-07,3.922555262098179e-11,370972059831274.6,100673563.3629034,0.001772839993802778
2.888e-07,30.018811125001477,2.977782072412811e-07,3.910247531337086e-11,371750447695836.44,100809294.95514794,0.0017784201104453583
2.89e-07,29.992073612673124,2.97113631597114e-07,3.898015381500456e-11,372581968928702.2,100944791.56494027,0.0017840008737657611
2.892e-07,29.961187457655143,2.9641059905323686e-07,3.8858640872206333e-11,373465666239983.8,101080013.8502266,0.001789579535068888
2.894e-07,29.92626247710034,2.9567045771071376e-07,3.87379901991501e-11,374400549561562.0,101214922.54860452,0.0017951532360865122
2.896e-07,29.887412927738538,2.948945902179859e-07,3.861825639159182e-11,375385597186374.44,101349478.48872298,0.0018007190112454864
2.898e-07,29.844757085027005,2.940844092695191e-07,3.84994948423058e-11,376419756936375.0,101483642.60165599,0.0018062737900933713
2.9000000000000003e-07,29.79841682085954,2.932413531395236e-07,3.838176165844336e-11,377501947357811.3,101617375.93224621,0.001811814399879014
2.902e-07,29.74851718210208,2.923668812727752e-07,3.8265113581019595e-11,378631058942441.0,101750639.65041591,0.0018173375682853246
2.904e-07,29.69518597211111,2.9146246995314315e-07,3.814960790671891e-11,379805955373281.2,101883395.06244163,0.0018228399263113893
2.906e-07,29.63855333726746,2.9052960806890703e-07,3.8035302412197025e-11,381025474793448.56,102015603.62218872,0.0018283180113007821
2.9080000000000004e-07,29.578751360421386,2.895697929923101e-07,3.7922255281039666e-11,382288431096642.6,102147226.94230363,0.0018337682701129
2.91e-07,29.51591366300099,2.8858452658913573e-07,3.781052503352701e-11,383593615237779.9,102278226.80535974,0.0018391870624337922
2.912e-07,29.450175017383298,2.8757531137235264e-07,3.770017045933361e-11,384939796562287.1,102408565.17495412,0.0018445706642229622
2.9140000000000003e-07,29.381670970972184,2.8654364681215696e-07,3.7591250553282475e-11,386325724152517.7,102538204.20675135,0.0018499152712922874
2.916e-07,29.310537483266575,2.8549102581297736e-07,3.7483824454253264e-11,387750128189766.06,102667106.25947188,0.0018552170030131804
2.918e-07,29.236910577043336,2.8441893136630706e-07,3.7377951387332076e-11,389211721330317.56,102795233.90582153,0.0018604719061478638
2.92e-07,29.160926004619633,2.8332883338654014e-07,3.727369060927497e-11,390709200093959.44,102922549.94335835,0.00186567595880049
2.9220000000000004e-07,29.082718930002365,2.8222218573534946e-07,3.7171101357341794e-11,392241246263384.4,103049017.40529479,0.0018708250744837477
2.924e-07,29.002423627579983,2.8110042343859006e-07,3.707024280154492e-11,393806528292880.56,103174599.57123092,0.0018759151062963568
2.926e-07,28.920173197863775,2.79964960098207e-07,3.697117400034159e-11,395403702724721.0,103299259.97781675,0.0018809418512068185
2.9280000000000003e-07,28.836099300645092,2.788171855002372e-07,3.6873953859787845e-11,397031415611630.75,103422962.42933907,0.001885901054438538
2.93e-07,28.750331905799925,2.7765846341866324e-07,3.677864109615712e-11,398688303943732.75,103545671.00823128,0.0018907884139514326
2.932e-07,28.66299906184681,2.764901296136754e-07,3.6685294202016055e-11,400372997078354.1,103667350.08550236,0.0018955995850149206
2.934e-07,28.57422668224707,2.753134900217895e-07,3.6593971415738706e-11,402084118171066.0,103787964.33108157,0.0019003301848670945
2.9360000000000003e-07,28.484138349326283,2.7412981913424166e-07,3.650473069442833e-11,403820285606361.9,103907478.72407697,0.0019049757974548159
2.938e-07,28.39285513559923,2.7294035855920727e-07,3.641762969020746e-11,405580114426341.0,104025858.56294368,0.001909531978249289
2.94e-07,28.30049544218866,2.7174631576256884e-07,3.633272572982616e-11,407362217755806.9,104143069.47555995,0.0019139942591316456
2.9420000000000003e-07,28.207174853950512,2.7054886298129307e-07,3.6250075797530784e-11,409165208222161.44,104259077.42920686,0.0019183581533429163
2.944e-07,28.113006010845623,2.693491363028604e-07,3.616973652112668e-11,410987699368517.44,104373848.74045008,0.0019226191604927324
2.946e-07,28.0180984950381,2.681482349037171e-07,3.609176416116114e-11,412828307058437.7,104487350.08492017,0.0019267727716209993
2.948e-07,27.922558733148215,2.669472204393192e-07,3.6016214603146945e-11,414685650870724.25,104599548.5069881,0.0019308144743066845
2.9500000000000003e-07,27.826489913042963,2.657471165780124e-07,3.594314335273946e-11,416558355482713.5,104710411.42933437,0.0019347397578178638
2.952e-07,27.72999191451368,2.645489086707865e-07,3.5872605533776404e-11,418445052040519.2,104819906.66240777,0.0019385441182970347
2.954e-07,27.63316125316109,2.633535435487732e-07,3.5804655889083346e-11,420344379514712.2,104928002.41377203,0.0019422230639757239
2.956e-07,27.53609103678937,2.6216192944029664e-07,3.573934878394526e-11,422254986039915.6,105034667.29733652,0.0019457721204122994
2.958e-07,27.438870933595876,2.60974935999254e-07,3.567673821213948e-11,424175530236843.3,105139870.34246965,0.0019491868357469344
2.96e-07,27.341587151437004,2.5979339443666296e-07,3.5616877804423474e-11,426104682515313.2,105243581.00299129,0.0019524627859675908
2.962e-07,27.24432242744927,2.586180977473129e-07,3.555982083936841e-11,428041126356788.4,105345769.16604182,0.0019555955801808544
2.9640000000000003e-07,27.14715602730707,2.574498010235865e-07,3.550562025642648e-11,429983559575048.9,105446405.16082573,0.001958580865881511
2.966e-07,27.0501637534088,2.562892218487288e-07,3.545432867111992e-11,431930695553590.1,105545459.76722652,0.001961414334214646
2.968e-07,26.95341796129309,2.5513704076203865e-07,3.54059983922372e-11,433881264458408.4,105642904.22429106,0.001964091725224129
2.97e-07,26.856987583605495,2.5399390178873525e-07,3.5360681440922364e-11,435834014424827.3,105738710.23858029,0.0019666088330812996
2.972e-07,26.76093816095223,2.528604130275043e-07,3.5318429571542065e-11,437787712717090.2,105832849.99238442,0.001968961511287707
2.974e-07,26.665331879001606,2.5173714728904706e-07,3.527929429421558e-11,439741146859441.9,105925296.15179999,0.001971145677845768
2.976e-07,26.57022761121612,2.5062464277925677e-07,3.524332689889288e-11,441693125737482.2,106016021.87466632,0.0019731573203912375
2.9780000000000003e-07,26.47568096662443,2.49523403820976e-07,3.521057848086646e-11,443642480668596.75,106105000.81835921,0.001974992501281412
2.98e-07,26.38174434206951,2.4843390160862263e-07,3.518109996760316e-11,445588066440315.7,106192207.1474397,0.001976647362633034
2.982e-07,26.288466978396748,2.473565749903058e-07,3.5154942146783024e-11,447528762315488.25,106277615.54115562,0.0019781181313039214
2.984e-07,26.195895020075845,2.462918312724025e-07,3.5132155695433284e-11,449463473003190.44,106361201.20079333,0.001979401123812373
2.986e-07,26.1040715777778,2.452400470418889e-07,3.511279121004637e-11,451391129594350.1,106442939.85687836,0.0019804927511884937
2.988e-07,26.013036793459495,2.442015690020716e-07,3.5096899237571836e-11,453310690461086.75,106522807.77622205,0.001981389523751644
2.99e-07,25.922827907536526,2.431767148176823e-07,3.508453030717365e-11,455221142118827.8,106600781.7688126,0.001982088055808263
2.9920000000000003e-07,25.833479327754773,2.421657739656289e-07,3.5075734962644404e-11,457121500050298.5,106676839.19454849,0.001982585070264459
2.994e-07,25.7450226993994,2.4116900858800565e-07,3.507056379537005e-11,459010809490533.06,106750957.96981192,0.0019828774031477796
2.996e-07,25.657486976508498,2.4018665434427037e-07,3.506906747773875e-11,460888146172100.25,106823116.57388118,0.0019829620080327234
2.998e-07,25.570898493785986,2.3921892125979506e-07,3.50712967968889e-11,462752617029774.8,106893294.055179,0.001982835960364622
3e-07,25.48528103893441,2.382659945682656e-07,3.5077302688691375e-11,464603360863958.25,106961470.03735618,0.0019824964616766616
3.002e-07,25.400655925154748,2.3732803554568866e-07,3.508713627186232e-11,466439548962174.0,107027624.72520782,0.0019819408436948763
3.004e-07,25.317042063584434,2.3640518233401167e-07,3.5100848882102056e-11,468260385678032.06,107091738.91042094,0.0019811665723261387
3.0060000000000003e-07,25.23445603546885,2.3549755075260848e-07,3.511849210615674e-11,470065108967098.9,107153793.97715175,0.0019801712515242218
3.008e-07,25.15291216388368,2.3460523509611157e-07,3.514011781569847e-11,471852990879164.6,107213771.90743078,0.001978952627029195
3.01e-07,25.072422584847363,2.3372830891728876e-07,3.516577820091922e-11,473623338006453.4,107271655.28639466,0.001977508589975527
3.012e-07,24.992997317683365,2.3286682579387217e-07,3.519552580373337e-11,475375491887358.5,107327427.30734232,0.001975837180364425
3.014e-07,24.914644334510342,2.3202082007842383e-07,3.52294135504824e-11,477108829365369.5,107381071.77661516,0.001973936590396058
3.016e-07,24.837369628757475,2.3119030763051674e-07,3.5267494784033313e-11,478822762902875.7,107432573.11829877,0.0019718051676575307
3.018e-07,24.761177282618434,2.3037528653066453e-07,3.530982329516181e-11,480516740849609.3,107481916.37874556,0.0019694414181625325
3.0200000000000003e-07,24.686069533373573,2.2957573777559121e-07,3.535645335310701e-11,482190247665533.06,107529087.23091656,0.001966844009238865
3.022e-07,24.61204683852477,2.2879162595457304e-07,3.540743973518401e-11,483842804098036.75,107574071.97854143,0.0019640117722601134
3.024e-07,24.53910793970062,2.2802289990671355e-07,3.5462837755335823e-11,485473967313361.7,107616857.56009513,0.001960943705217969
3.026e-07,24.467249925303538,2.2726949335914013e-07,3.552270329150335e-11,487083330982212.5,107657431.55259044,0.0019576389751318635
3.028e-07,24.396468291880183,2.2653132554620644e-07,3.558709281168814e-11,488670525319599.06,107695782.17518505,0.001954096920292746
3.03e-07,24.326757004209238,2.2580830180989885e-07,3.565606339857791e-11,490235217078972.06,107731898.29260217,0.0019503170523380165
3.032e-07,24.258108554109093,2.251003141817259e-07,3.572967277259942e-11,491777109500794.3,107765769.41836369,0.0019462990581548688
3.0340000000000003e-07,24.190514017977495,2.2440724194645474e-07,3.5807979313258714e-11,493295942215730.5,107797385.71783496,0.0019420428016093865
3.036e-07,24.123963113083164,2.2372895218813135e-07,3.589104207862139e-11,494791491102698.3,107826738.01108035,0.001937548325099036
3.038e-07,24.058444252636303,2.2306530031888207e-07,3.597892082278e-11,496263568102077.06,107853817.77552876,0.0019328158509263115
3.04e-07,23.993944599672346,2.2241613059106162e-07,3.6071676011146946e-11,497712020984410.3,107878617.14844799,0.0019278457824915677
3.0420000000000004e-07,23.930450119787448,2.217812765933466e-07,3.6169368833405586e-11,499136733075017.25,107901128.92922792,0.0019226387053031743
3.044e-07,23.86794563277089,2.2116056173143362e-07,3.627206121394078e-11,500537622934948.9,107921346.58147115,0.0019171953878034562
3.046e-07,23.806414863182475,2.2055379969402435e-07,3.6379815819564164e-11,501914643998804.25,107939264.23489082,0.0019115167820089587
3.0480000000000003e-07,23.745840489927847,2.1996079490482141e-07,3.6492696064336725e-11,503267784169947.75,107954876.68701525,0.0019056040239639072
3.05e-07,23.686204194886592,2.1938134296127516e-07,3.661076611128315e-11,504597065373741.6,107968179.40469825,0.0018994584340058383
3.052e-07,23.62748671065128,2.1881523106084651e-07,3.673409087078006e-11,505902543069441.94,107979168.52543561,0.0018930815168426457
3.054e-07,23.56966786743726,2.1826223841556703e-07,3.686273599538827e-11,507184305721453.8,107987840.85848635,0.0018864749614405129
3.0560000000000004e-07,23.51272663922397,2.1772213665567961e-07,3.699676787088824e-11,508442474230706.75,107994193.88579936,0.001879640640722336
3.058e-07,23.45664118919003,2.1719469022315874e-07,3.71362536032629e-11,509677201326933.4,107998225.7627444,0.0018725806110765533
3.06e-07,23.401388914504096,2.166796567559009e-07,3.7281261001360263e-11,510888670922703.5,107999935.31864776,0.0018652971116764159
3.0620000000000003e-07,23.346946490533963,2.1617678746338167e-07,3.743185855495116e-11,512077097430089.3,107999322.05713214,0.0018577925636100608
3.064e-07,23.29328991453517,2.1568582749456014e-07,3.758811540788573e-11,513242725040901.3,107996386.15626079,0.0018500695688218184
3.066e-07,23.240394548879777,2.1520651629880717e-07,3.77501013260338e-11,514385826971464.2,107991128.46848585,0.0018421309088655143
3.068e-07,23.188235163884816,2.1473858798062027e-07,3.79178866596785e-11,515506704672940.25,107983550.52040069,0.0018339795434707258
3.0700000000000004e-07,23.136785980297283,2.1428177164886353e-07,3.809154230001768e-11,516605687008267.4,107973654.51229689,0.001825618608923053
3.072e-07,23.086020711491404,2.138357917612602e-07,3.8271139629406315e-11,517683129396791.5,107961443.31752515,0.001817051416259868
3.074e-07,23.03591260543045,2.1340036846483241e-07,3.845675046495997e-11,518739412927736.4,107946920.48166113,0.0018082814492829846
3.0760000000000003e-07,22.98643448644355,2.1297521793296627e-07,3.8648446995115885e-11,519774943443665.1,107930090.22147593,0.0017993123623901357
3.078e-07,22.937558796863442,2.1256005269973873e-07,3.884630170873426e-11,520790150595149.3,107910957.42371179,0.0017901479782271342
3.08e-07,22.88925763856906,2.1215458199212413e-07,3.905038731630013e-11,521785486867869.44,107889527.64366306,0.0017807922851629375
3.082e-07,22.841502814472104,2.1175851206065395e-07,3.926077666276761e-11,522761426583419.94,107865807.1035634,0.0017712494345900128
3.0840000000000004e-07,22.79426586998295,2.1137154650907042e-07,3.947754263157045e-11,523718464875117.3,107839802.69077891,0.0017615237380525252
3.086e-07,22.747518134487258,2.109933866234758e-07,3.970075803930167e-11,524657116640133.94,107811521.95580854,0.00175161966420516
3.088e-07,22.70123076285964,2.1062373170143605e-07,3.993049552054767e-11,525577915469318.6,107780973.11009167,0.001741541835605503
3.0900000000000003e-07,22.65537477703665,2.1026227938145807e-07,4.01668274023411e-11,526481412556073.5,107748165.02362385,0.0017312950253431955
3.092e-07,22.60992110766557,2.0990872597320733e-07,4.040982556768279e-11,527368175585703.94,107713107.22238147,0.0017208841535090928
3.094e-07,22.56484063584138,2.0956276678879534e-07,4.0659561307560095e-11,528238787606656.9,107675809.88555574,0.0017103142835080654
3.096e-07,22.520104234938067,2.0922409647540907e-07,4.09161051608786e-11,529093845885102.0,107636283.84259719,0.0016995906182190152
3.0980000000000003e-07,22.47568281253593,2.0889240934951143e-07,4.117952674170347e-11,529933960744317.06,107594540.5700712,0.0016887184960060865
3.1e-07,22.431547352440237,2.085673997327843e-07,4.1449894553197824e-11,530759754390365.6,107550592.1883259,0.0016777033865850186
3.102e-07,22.387668956781738,2.0824876228993976e-07,4.172727578763138e-11,531571859725562.2,107504451.45797276,0.0016665508867488741
3.1040000000000003e-07,22.34401888818353,2.0793619236846785e-07,4.201173611182282e-11,532370919151237.7,107456131.77618161,0.0016552667159575438
3.106e-07,22.300568611973105,2.0762938634033525e-07,4.230333943737574e-11,533157583361333.44,107405647.17279074,0.001643856711795465
3.108e-07,22.25728983841297,2.073280419455977e-07,4.260214767506175e-11,533932510128354.75,107353012.30623314,0.001632326825302267
3.11e-07,22.21415456491763,2.0703185863783244e-07,4.290822047270475e-11,534696363083227.2,107298242.4592805,0.001620683116181172
3.1120000000000003e-07,22.171135118218857,2.0674053793124173e-07,4.32216149359273e-11,535449810490608.25,107241353.53460571,0.001608931747890043
3.114e-07,22.128204196436254,2.064537837492273e-07,4.354238533112596e-11,536193524021204.1,107182362.05016549,0.0015970789826202122
3.116e-07,22.085334911004157,2.0617130277417653e-07,4.387058277005992e-11,536928177522653.56,107121285.13440427,0.0015851311761682558
3.118e-07,22.04250082840152,2.0589280479815486e-07,4.4206254875454276e-11,537654445790530.25,107058140.52128088,0.001573094772706128
3.12e-07,21.9996760116258,2.056180030741411e-07,4.4549445427052483e-11,538373003341026.7,106992946.54511952,0.0015609762994549786
3.122e-07,21.956835061347387,2.0534661466739345e-07,4.490019398758053e-11,539084523186870.5,106925722.13528615,0.0015487823612683489
3.124e-07,21.91395315667683,2.0507836080648748e-07,4.5258535508135746e-11,539789675618023.2,106856486.81069231,0.0015365196351302876
3.1260000000000003e-07,21.871006095472758,2.0481296723351744e-07,4.56244999125596e-11,540489126988703.56,106785260.67412782,0.0015241948645742553
3.128e-07,21.827970334114333,2.0455016455290655e-07,4.5998111660422576e-11,541183538512273.6,106712064.40642372,0.0015118148540285762
3.13e-07,21.784823026658984,2.0428968857823283e-07,4.637938928831937e-11,541873565065509.9,106636919.26044753,0.001499386463094409
3.132e-07,21.741542063303125,2.0403128067643706e-07,4.676834492925869e-11,542559854003769.4,106559847.05493245,0.001486916600762296
3.134e-07,21.698106108060184,2.0377468810873814e-07,4.716498381003536e-11,543243043988557.4,106480870.16814205,0.001474412219573277
3.136e-07,21.65449463556892,2.0351966436755445e-07,4.756930372658107e-11,543923763828974.3,106400011.53137282,0.0014618803097307803
3.138e-07,21.610687966942773,2.0326596950869742e-07,4.79812944974204e-11,544602631338509.25,106317294.62229578,0.0014493278931695056
3.1400000000000003e-07,21.566667304569815,2.0301337047807676e-07,4.840093739550521e-11,545280252208630.44,106232743.45813978,0.0014367620175874908
3.142e-07,21.522414765772155,2.0276164143213783e-07,4.882820455885938e-11,545957218900595.8,106146382.58871798,0.0014241897504477146
3.144e-07,21.477913415233413,2.025105640512327e-07,4.9263058380648376e-11,546634109556893.4,106058237.08929951,0.0014116181729555185
3.146e-07,21.433147296103535,2.0225992784511554e-07,4.970545087948301e-11,547311486933683.94,105968332.55332902,0.0013990543740182888
3.148e-07,21.38810145969059,2.020095304497436e-07,5.0155323050992104e-11,547989897355609.2,105876695.08499537,0.0013865054441936516
3.15e-07,21.342761993651123,2.017591779145627e-07,5.061260420192815e-11,548669869694288.1,105783351.2916521,0.0013739784696327217
3.152e-07,21.29711604859265,2.0150868497945882e-07,5.107721126833944e-11,549351914371800.6,105688328.27609198,0.0013614805260246685
3.1540000000000003e-07,21.251151863004328,2.0125787534056327e-07,5.1549048119613404e-11,550036522390428.56,105591653.62867758,0.0013490186725491262
3.156e-07,21.20485878643521,2.010065819041121e-07,5.202800485050572e-11,550724164389888.4,105493355.41933022,0.0013365999458427426
3.158e-07,21.158227300843173,2.007546470275766e-07,5.251395706358767e-11,551415289733261.56,105393462.18937975,0.0013242313539862766
3.16e-07,21.111249040042157,2.005019227473061e-07,5.3006765144886087e-11,552110325622785.75,105292002.94327752,0.0013119198705186586
3.162e-07,21.063916807179776,2.0024827099194904e-07,5.350627353585918e-11,552809676246645.1,105189007.14017475,0.001299672428484236
3.164e-07,21.01622459018316,1.9999356378095285e-07,5.4012310005225544e-11,553513721957849.6,105084504.68536888,0.001287495914519561
3.166e-07,20.968167575116524,1.9973768340747955e-07,5.452468492456279e-11,554222818486261.06,104978525.92162052,0.0012753971629859816
3.1680000000000003e-07,20.91974215740026,1.9948052260511554e-07,5.504319055200646e-11,554937296184780.5,104871101.6203433,0.0012633829501541671
3.17e-07,20.870945950848093,1.9922198469780083e-07,5.5567600328797966e-11,555657459310673.1,104762262.97266921,0.001251459988446764
3.172e-07,20.821777794485893,1.989619837324524e-07,5.609766819386432e-11,556383585342961.3,104652041.58039205,0.0012396349207452067
3.174e-07,20.772237757123502,1.9870044459381334e-07,5.6633127922041477e-11,557115924336771.6,104540469.44679186,0.0012279143147667614
3.176e-07,20.722327139657892,1.9843730310111253e-07,5.7173692491994065e-11,557854698315486.06,104427578.96734242,0.0012163046575176084
3.178e-07,20.67204847509496,1.9817250608618583e-07,5.77190534902995e-11,558600100701488.8,104313402.92030531,0.001204812349827933
3.18e-07,20.621405526284555,1.9790601145277046e-07,5.826888055858887e-11,559352295786264.0,104197974.45721237,0.001193443700974646
3.1820000000000003e-07,20.57040328137233,1.976377882167522e-07,5.882282089101922e-11,560111418240546.3,104081327.09324025,0.0011822049233974944
3.184e-07,20.519047946979764,1.973678165272118e-07,5.938049878972635e-11,560877572665183.44,103963494.69747886,0.0011711021275140148
3.186e-07,20.467346939132902,1.970960876681896e-07,5.994151528623019e-11,561650833183312.0,103844511.48309748,0.0011601413166388008
3.188e-07,20.415308871968175,1.968226040411566e-07,6.050544783704811e-11,562431243074408.5,103724411.99741077,0.0011493283820124287
3.1900000000000004e-07,20.362943544252282,1.9654737912825195e-07,6.107185010200437e-11,563218814450717.8,103603231.11184792,0.001138669097945169
3.192e-07,20.310261923761335,1.962704374364204e-07,6.164025181388096e-11,564013527976517.5,103481004.01182738,0.0011281691170805994
3.194e-07,20.257276129572467,1.9599181442265339e-07,6.221015874814536e-11,564815332630620.5,103357766.18654062,0.0011178339657840059
3.1960000000000003e-07,20.203999412329196,1.957115564006109e-07,6.27810528014852e-11,565624145512463.2,103233553.41864794,0.0011076690396604305
3.198e-07,20.150446132548627,1.954297204289668e-07,6.335239218779009e-11,566439851692086.0,103108401.77388856,0.001097679599206902
3.2e-07,20.096631737046746,1.9514637418189336e-07,6.392361176000231e-11,567262304104244.2,102982347.59060878,0.0010878707656034577
3.202e-07,20.0425727335641,1.9486159580216294e-07,6.449412346594472e-11,568091323486847.2,102855427.4692111,0.001078247516647186
3.2040000000000004e-07,19.98828666368112,1.945754737374124e-07,6.50633169457691e-11,568926698363859.1,102727678.2615271,0.0010688146828335648
3.206e-07,19.933792074117545,1.9428810656016977e-07,6.563056027808841e-11,569768185072754.1,102599137.06011736,0.0010595769435890205
3.208e-07,19.87910848651672,1.9399960277230794e-07,6.619520088111643e-11,570615507836551.6,102469841.18750124,0.0010505388236585868
3.2100000000000003e-07,19.82425636581992,1.9371008059463887e-07,6.675656657425539e-11,571468358880407.8,102339828.18532045,0.0010417046896523613
3.212e-07,19.769257087340048,1.9341966774241107e-07,6.731396680454549e-11,572326398592695.1,102209135.80343851,0.0010330787467541737
3.214e-07,19.714132902648373,1.9312850118752248e-07,6.786669404119512e-11,573189255730431.8,102077801.98897982,0.0010246650355958211
3.216e-07,19.658906904390722,1.9283672690829797e-07,6.841402534007561e-11,574056527668881.0,101945864.87531167,0.0010164674293000027
3.2180000000000004e-07,19.60360299015229,1.9254449962771935e-07,6.895522407858537e-11,574927780695082.4,101813362.77097209,0.0010084896306948312
3.22e-07,19.54824582549205,1.9225198254102576e-07,6.948954185966163e-11,575802550345024.8,101680334.14854662,0.0010007351697027078
3.222e-07,19.492860806269242,1.9195934703362927e-07,7.00162205819779e-11,576680341784119.9,101546817.63349767,0.0009932074009060636
3.2240000000000003e-07,19.4374740203853,1.9166677239031422e-07,7.053449467150424e-11,577560630230573.8,101412851.99294962,0.0009859095012923675
3.226e-07,19.382112209063912,1.91374445496699e-07,7.104359346767186e-11,578442861421219.5,101278476.12443236,0.0009788444681804577
3.228e-07,19.326802727792675,1.9108256053395875e-07,7.154274375535881e-11,579326452119300.5,101143729.0445873,0.0009720151173302332
3.23e-07,19.271573507047467,1.9079131866780474e-07,7.203117243187517e-11,580210790663662.6,101008649.87783884,0.0009654240812373455
3.2320000000000004e-07,19.21645301291995,1.905009277327248e-07,7.250810929605094e-11,581095237558749.0,100873277.84503429,0.0009590738076145
3.234e-07,19.161470207765873,1.9021160191247968e-07,7.297278994450113e-11,581979126104751.5,100737652.25205593,0.0009529665580606205
3.236e-07,19.106654510989465,1.8992356141784455e-07,7.34244587581554e-11,582861763067217.2,100601812.47840834,0.0009471044069190076
3.2380000000000003e-07,19.052035760075956,1.8963703216257225e-07,7.386237196025351e-11,583742429385361.1,100465797.96578448,0.0009414892403254094
3.24e-07,18.997644171980344,1.8935224543853286e-07,7.428580072526151e-11,584620380918296.4,100329648.20661354,0.0009361227554466412
3.242e-07,18.943510304976936,1.8906943759096799e-07,7.46940343165781e-11,585494849228334.5,100193402.73259418,0.0009310064599102472
3.244e-07,18.889665021069387,1.8878884969476887e-07,7.508638322953089e-11,586365042400473.6,100057101.10321626,0.0009261416714254804
3.2460000000000003e-07,18.836139449056184,1.8851072723265737e-07,7.546218231504225e-11,587230145897142.4,99920782.89427464,0.0009215295175955973
3.248e-07,18.78296494834152,1.8823531977611814e-07,7.582079385849241e-11,588089323447227.4,99784487.68637817,0.0009171709359213324
3.25e-07,18.73017307357598,1.8796288066989264e-07,7.61616105877737e-11,588941717968367.4,99648255.05345708,0.0009130666739951442
3.2520000000000003e-07,18.677795540206215,1.876936667208087e-07,7.648405858432011e-11,589786452521453.6,99512124.55127287,0.0009092172898856642
3.254e-07,18.62586419100604,1.8742793789167295e-07,7.678760007104835e-11,590622631296249.0,99376135.70593283,0.0009056231527114908
3.256e-07,18.57441096365657,1.871659570009165e-07,7.707173605164747e-11,591449340626980.2,99240328.0024135,0.0009022844434033664
3.258e-07,18.523467859436177,1.8690798942863423e-07,7.733600877654245e-11,592265650036738.0,99104740.8730961,0.0008992011556534445
3.2600000000000003e-07,18.4730669130749,1.8665430282961102e-07,7.75800040120928e-11,593070613309474.5,98969413.68631719,0.0008963730970502688
3.262e-07,18.42324016382213,1.8640516685388304e-07,7.780335309119853e-11,593863269588354.9,98834385.73493786,0.0008937998903977655
3.264e-07,18.37401962776959,1.8616085287532762e-07,7.800573472542012e-11,594642644499191.9,98699696.22493467,0.0008914809752164329
3.266e-07,18.32543727146628,1.8592163372873305e-07,7.81868765609761e-11,595407751297647.5,98565384.26401637,0.0008894156094246687
3.268e-07,18.277524986854658,1.8568778345573895e-07,7.834655646351706e-11,596157592038877.2,98431488.85026859,0.0008876028711979736
3.27e-07,18.230314567552625,1.8545957705999775e-07,7.8484603519349e-11,596891158768240.2,98298048.86083053,0.0008860416610035862
3.272e-07,18.183837686498958,1.8523729027184985e-07,7.860089874374831e-11,597607434731691.0,98165103.04060693,0.000884730703807925
3.2740000000000003e-07,18.138125874974467,1.8502119932275934e-07,7.869537549013287e-11,598305395604430.9,98032689.99101828,0.0008836685514539692
3.276e-07,18.0932105030054,1.8481158072970582e-07,7.876801955705738e-11,598984010736381.9,97900848.15879275,0.000882853585205587
3.278e-07,18.04912276114996,1.8460871108967934e-07,7.881886899325277e-11,599642244413018.4,97769615.82480279,0.0008822840184555919
3.28e-07,18.005893643664212,1.8441286688438097e-07,7.88480136041558e-11,600279057130072.6,97639031.09295048,0.000881957899594146
3.282e-07,17.963553933037378,1.842243242951793e-07,7.885559416653195e-11,600893406880616.4,97509131.87910356,0.0008818731150339424
3.284e-07,17.922134185883024,1.8404335902833464e-07,7.884180136081967e-11,601484250452997.6,97379955.90008657,0.0008820273923884497
3.286e-07,17.881664720167006,1.8387024615045448e-07,7.880687443368055e-11,602050544738100.9,97251540.6627295,0.0008824183037992885
3.2880000000000003e-07,17.84217560374927,1.8370525993410394e-07,7.875109960586262e-11,602591248044384.8,97123923.45297763,0.00088304326940871
3.29e-07,17.803696644212213,1.8354867371345427e-07,7.86748082428583e-11,603105321419140.6,96997141.32506526,0.00088389956097293
3.292e-07,17.76625737994458,1.8340075974981364e-07,7.857837480790823e-11,603591729974402.6,96871231.09075688,0.000884984305611946
3.294e-07,17.729887072446147,1.832617891068476e-07,7.84622146186545e-11,604049444215938.4,96746229.30865881,0.0008862944896913288
3.296e-07,17.6946146998152,1.831320315352622e-07,7.832678143016168e-11,604477441373737.0,96622172.27360408,0.0008878269628313049
3.298e-07,17.66046895137755,1.8301175536668849e-07,7.817256486808559e-11,604874706732413.0,96499096.00611416,0.0008895784420383304
3.3e-07,17.627478223413267,1.829012274164782e-07,7.800008773647597e-11,605240234959935.1,96377036.24194022,0.0008915455159542329
3.3020000000000003e-07,17.59567061593423,1.8280071289508768e-07,7.780990322506146e-11,605573031433098.9,96256028.42168714,0.0008937246492178371
3.304e-07,17.56507393046355,1.827104753277024e-07,7.76025920408781e-11,605872113558153.0,96136107.68052307,0.0008961121869339176
3.306e-07,17.5357156687657,1.8263077648172725e-07,7.737875948880153e-11,606136512085002.2,96017308.83797781,0.0008987043592441671
3.308e-07,17.50762303247413,1.825618763017447e-07,7.713903252493498e-11,606365272413405.1,95899666.38783287,0.0009014972859947794
3.31e-07,17.480822923561426,1.8250403285151938e-07,7.688405680592442e-11,606557455889601.2,95783214.48810601,0.0009044869814951458
3.312e-07,17.45534194559548,1.8245750226260745e-07,7.661449375614768e-11,606712141091807.1,95667986.95113318,0.0009076693593620704
3.314e-07,17.431206405723987,1.824225386891114e-07,7.633101767339001e-11,606828425103028.8,95554017.23375116,0.000911040237443797
3.3160000000000003e-07,17.408442317327996,1.8239939426810095e-07,7.603431289210333e-11,606905424769656.2,95441338.42758316,0.0009145953428180997
3.318e-07,17.387075403284438,1.8238831908520593e-07,7.572507102169516e-11,606942277944316.9,95329983.24943034,0.0009183303168585814
3.32e-07,17.367131099776753,1.8238956114487228e-07,7.540398827553457e-11,606938144711480.0,95219984.03177261,0.0009222407203632612
3.322e-07,17.348634560591506,1.8240336634475742e-07,7.507176290453031e-11,606892208594326.1,95111372.7133805,0.0009263220387394869
3.3240000000000004e-07,17.33161066183883,1.824299784537304e-07,7.47290927472709e-11,606803677741410.0,95004180.8300418,0.0009305696872391311
3.326e-07,17.316084007033346,1.824696390929286e-07,7.437667290683888e-11,606671786091672.1,94898439.50540489,0.0009349790162380023
3.328e-07,17.302078932472224,1.825225877193141e-07,7.401519356255842e-11,606495794516373.1,94794179.4419418,0.0009395453165533565
3.3300000000000003e-07,17.28961951284644,1.8258906161116217e-07,7.364533792312979e-11,606274991936551.4,94691430.91203377,0.0009442638247933312
3.332e-07,17.27872956702086,1.8266929585490487e-07,7.326778032586046e-11,606008696414633.0,94590223.74918137,0.0009491297287321665
3.334e-07,17.26943266391872,1.827635233327456e-07,7.288318448505685e-11,605696256218846.4,94490587.3393423,0.0009541381727049774
3.336e-07,17.26175212844565,1.8287197471045162e-07,7.24922018910882e-11,605337050859127.9,94392550.61239898,0.0009592842630158935
3.3380000000000004e-07,17.25571104738814,1.8299487842472353e-07,7.209547036020314e-11,604930492093235.5,94296142.03375871,0.0009645630733533363
3.34e-07,17.251332275221433,1.8313246066953712e-07,7.169361273386871e-11,604476024901815.1,94201389.59608857,0.0009699696502062349
3.342e-07,17.24863843976121,1.832849453808414e-07,7.128723572522265e-11,603973128431207.6,94108320.81118754,0.0009754990182749818
3.3440000000000003e-07,17.247651947593493,1.8345255421899382e-07,7.087692890918628e-11,603421316902812.2,94016962.70199846,0.000981146185870912
3.346e-07,17.24839498921703,1.8363550654830695e-07,7.046326385186678e-11,602820140487860.4,93927341.79476172,0.0009869061502981963
3.348e-07,17.250889543831953,1.8383401941307334e-07,7.004679337410379e-11,602169186146497.5,93839484.11131328,0.0009927739032119774
3.35e-07,17.25515738370836,1.840483075094301e-07,6.962805094335966e-11,601468078430104.0,93753415.16152903,0.0009987444359466722
3.3520000000000004e-07,17.261220078068327,1.8427858315241916e-07,6.920755018762473e-11,600716480245830.2,93669159.93591806,0.001004812744808394
3.354e-07,17.269098996414133,1.8452505623759212e-07,6.878578452459762e-11,599914093582364.0,93586742.89836639,0.0010109738363255035
3.356e-07,17.278815311235608,1.847879341965039e-07,6.836322689909741e-11,599060660195984.8,93506187.97903372,0.0010172227324513558
3.3580000000000003e-07,17.290390000028548,1.850674219454303e-07,6.79403296214664e-11,598155962256020.5,93427518.56740545,0.001023554475713345
3.36e-07,17.303843846556113,1.8536372182664278e-07,6.751752429960565e-11,597199822948843.8,93350757.50550121,0.0010299641343025083
3.362e-07,17.319197441284327,1.8567703354156355e-07,6.709522185726872e-11,596192107039613.8,93275927.08124265,0.0010364468070979075
3.364e-07,17.336471180922292,1.8600755407511901e-07,6.667381263127851e-11,595132721391003.4,93203049.02198204,0.0010429976286202131
3.3660000000000004e-07,17.355685266997142,1.863554776106043e-07,6.625366654045111e-11,594021615438207.1,93132144.48819368,0.0010496117739089042
3.368e-07,17.376859703393023,1.8672099543436385e-07,6.583513331917386e-11,592858781619567.6,93063234.06732981,0.0010562844633176865
3.37e-07,17.40001429278274,1.871042958295877e-07,6.541854280880457e-11,591644255762215.4,92996337.7678429,0.0010630109672227757
3.3720000000000003e-07,17.425168631879757,1.8750556395851494e-07,6.500420530031423e-11,590378117422167.1,92931475.01337627,0.0010697866106388005
3.374e-07,17.452342105437793,1.8792498173233393e-07,6.45924119218785e-11,589060490178369.6,92868664.6371241,0.001076606777737268
3.376e-07,17.48155387892413,1.8836272766805911e-07,6.418343506544055e-11,587691541880242.1,92807924.87636341,0.001083466916262572
3.378e-07,17.512822889791956,1.8881897673166082e-07,6.377752884659545e-11,586271484848312.8,92749273.36715853,0.0010903625418406924
3.3800000000000004e-07,17.546167837276453,1.8929390016672029e-07,6.337492959248873e-11,584800576027604.1,92692727.1392406,0.0010972892421758829
3.382e-07,17.58160717063826,1.8978766530787756e-07,6.297585635277365e-11,583279117093470.0,92638302.61106277,0.0011042426811307526
3.384e-07,17.619159075777397,1.9030043537833835e-07,6.258051142902306e-11,581707454509642.0,92586015.58503298,0.001111218602685323
3.3860000000000003e-07,17.658841460139545,1.9083236927069853e-07,6.218908091834739e-11,580085979538310.9,92535881.24292593,0.0011182128347707358
3.388e-07,17.70067193583658,1.9138362131035466e-07,6.180173526731065e-11,578415128202094.1,92487914.14147466,0.001125221292973543
3.39e-07,17.744667800901865,1.9195434100075772e-07,6.141862983258516e-11,576695381197827.9,92442128.20814414,0.0011322399841065434
3.392e-07,17.790846018600945,1.9254467274977944e-07,6.103990544510685e-11,574927263762152.6,92398536.73708728,0.0011392650096424175
3.3940000000000003e-07,17.839223194717444,1.931547555764585e-07,6.066568897481833e-11,573111345488931.4,92357152.38528495,0.0011462925690064686
3.396e-07,17.889815552734206,1.9378472279740667e-07,6.029609389338571e-11,571248240098580.4,92317987.16887096,0.0011533189627250513
3.398e-07,17.94263890682906,1.9443470169215767e-07,5.99312208325682e-11,569338605159465.5,92281052.45964311,0.0011603405954263776
3.4000000000000003e-07,17.99770863260551,1.9510481314676017e-07,5.957115813619449e-11,567383141761554.2,92246358.98176135,0.0011673539786905725
3.402e-07,18.055039635478593,1.9579517127492948e-07,5.921598240395449e-11,565382594142577.0,92213916.808634,0.0011743557337460962
3.404e-07,18.11464631663699,1.9650588301609053e-07,5.886575902546075e-11,563337749267004.9,92183735.35999279,0.0011813425940097712
3.406e-07,18.176542536503806,1.972370477096719e-07,5.852054270325893e-11,561249436358205.25,92155823.39915791,0.0011883114074678477
3.4080000000000003e-07,18.240741575619523,1.979887566450358e-07,5.818037796367335e-11,559118526384186.8,92130189.0304935,0.0011952591388957917
3.41e-07,18.307256092872958,1.9876109258646524e-07,5.7845299654569234e-11,556945931497399.8,92106839.69705449,0.0012021828719146214
3.412e-07,18.37609808100797,1.9955412927266476e-07,5.751533342929201e-11,554732604429116.0,92085782.1784255,0.0012090798108817973
3.414e-07,18.447278819337008,2.0036793089028035e-07,5.7190496216201477e-11,552479537838955.2,92067022.58875233,0.0012159472826149698
3.416e-07,18.52080882359578,2.0120255152099235e-07,5.68707966733734e-11,550187763620184.9,92050566.37496677,0.0012227827379469513
3.418e-07,18.596697792877755,2.0205803456179784e-07,5.6556235628167963e-11,547858352161459.5,92036418.3152049,0.00122958375311063
3.42e-07,18.674954553591625,2.02934412118159e-07,5.624680650149223e-11,545492411565737.7,92024582.51741993,0.0012363480309526016
3.4220000000000003e-07,18.75558700039103,2.0383170436977798e-07,5.5942495716685544e-11,543091086827134.0,92015062.4181893,0.0012430734019746377
3.424e-07,18.83860203403207,2.0474991890883673e-07,5.564328309305861e-11,540655558966534.8,92007860.78171688,0.0012497578252022112
3.426e-07,18.92400549612128,2.056890500506334e-07,5.534914222419839e-11,538187044126848.56,92002979.69903043,0.0012563993888795816
3.428e-07,19.011802100725493,2.0664907811665555e-07,5.506004084123045e-11,535686792628801.25,92000420.58737437,0.0012629963109910736
3.43e-07,19.10199536282418,2.076299686902403e-07,5.4775941161291075e-11,533156087988242.56,92000184.18979838,0.0012695469396084918
3.432e-07,19.19458752359579,2.0863167184510532e-07,5.44968002215222e-11,530596245895955.56,92002270.57494153,0.0012760497530647406
3.434e-07,19.28957947254029,2.0965412134715846e-07,5.422257019895039e-11,528008613161041.3,92006679.1370125,0.0012825033599539336
3.4360000000000003e-07,19.386970666454662,2.1069723383016555e-07,5.3953198716649815e-11,525394566618942.44,92013408.59596528,0.0012889064989585473
3.438e-07,19.486759045291148,2.117609079460025e-07,5.368862913662558e-11,522755512005253.06,92022456.99787107,0.001295258038504327
3.44e-07,19.588940944944227,2.1284502349040487e-07,5.342880083988313e-11,520092882796483.0,92033821.71548541,0.0013015569762438264
3.442e-07,19.693511007029695,2.1394944050532015e-07,5.3173649494166385e-11,517408139018980.6,92047499.44901112,0.0013078024383698004
3.444e-07,19.800462085737582,2.150739983591721e-07,5.292310730987174e-11,514702766027267.25,92063486.22705635,0.0013139936787596842
3.446e-07,19.909785151861573,2.1621851480657563e-07,5.267710328464969e-11,511978273253050.9,92081777.40778783,0.0013201300779527925
3.448e-07,20.021469194128276,2.1738278502926493e-07,5.243556343722106e-11,509236192926257.0,92102367.68027839,0.0013262111419618868
3.4500000000000003e-07,20.135501117975174,2.185665806602688e-07,5.219841103093258e-11,506478078769398.9,92125251.06604928,0.0013322365009211178
3.452e-07,20.251865641949767,2.1976964879362004e-07,5.196556678758227e-11,503705504666681.9,92150420.92080589,0.0013382059075724231
3.454e-07,20.370545191930063,2.2099171098217425e-07,5.1736949092038994e-11,500920063309248.1,92177869.93636699,0.0013441192355927389
3.456e-07,20.491519793395756,2.222324622264166e-07,5.151247418817891e-11,498123364817991.4,92207590.14278673,0.0013499764777644887
3.458e-07,20.614766962008808,2.2349156995743691e-07,5.1292056366649476e-11,495317035345413.8,92239572.91066866,0.0013557777439921048
3.46e-07,20.740261592795875,2.2476867301759573e-07,5.107560814496523e-11,492502715657995.0,92273808.95367144,0.0013615232591674361
3.462e-07,20.867975848256446,2.2606338064272003e-07,5.086304044042718e-11,489682059700608.5,92310288.33120506,0.0013672133608870797
3.4640000000000003e-07,20.997879045758452,2.2737527145004376e-07,5.0654262736341336e-11,486856733144489.44,92349000.45131716,0.0013728484970249256
3.466e-07,21.129937544617732,2.287038924364486e-07,5.0449183241999253e-11,484028411920319.56,92389934.07376853,0.001378429223163298
3.468e-07,21.26411463329646,2.3004875799193568e-07,5.024770904686724e-11,481198780737996.1,92433077.31329665,0.0013839561998862414
3.47e-07,21.40037041719504,2.3140934893363709e-07,5.00497462694087e-11,478369531594662.6,92478417.6430667,0.0013894301899387725
3.4720000000000004e-07,21.538661707551356,2.327851115660466e-07,4.985520020095171e-11,475542362272605.44,92525941.89830878,0.001394852055255901
3.474e-07,21.678941912002536,2.3417545677353543e-07,4.9663975444987594e-11,472718974828621.44,92575636.28014031,0.0014002227538655564
3.476e-07,21.82116092740541,2.3557975915159086e-07,4.94759760522696e-11,469901074076474.9,92627486.35957272,0.0014055433366695932
3.4780000000000003e-07,21.96526503555217,2.3699735618358027e-07,4.9291105652059055e-11,467090366064089.06,92681477.08170079,0.0014108149441072024
3.48e-07,22.11119680246085,2.38427547470221e-07,4.910926757984208e-11,464288556547082.06,92737592.77007402,0.0014160388027052615
3.482e-07,22.258894981958154,2.3986959401926116e-07,4.893036500181956e-11,461497349460310.7,92795817.1312484,0.0014212162215202341
3.484e-07,22.408294424313304,2.4132271760321854e-07,4.875430103645098e-11,458718445389052.8,92856133.25951722,0.0014263485884763293
3.4860000000000004e-07,22.5593259907182,2.4278610019331987e-07,4.85809788733061e-11,455953540041480.6,92918523.6418197,0.0014314373666048656
3.488e-07,22.711916474445626,2.4425888347805985e-07,4.8410301889459135e-11,453204322724062.44,92982970.16282597,0.001436484090189772
3.49e-07,22.8659885295499,2.4574016847503524e-07,4.824217376363358e-11,450472474821533.9,93049454.11019711,0.0014414903608243653
3.4920000000000003e-07,23.021460608003224,2.472290152448956e-07,4.807649858828476e-11,447759668283091.44,93117956.18001814,0.0014464578433845742
3.494e-07,23.178246906189234,2.487244427164217e-07,4.791318097978025e-11,445067564116411.75,93188456.48240311,0.0014513882619239706
3.496e-07,23.33625732169368,2.5022542863180793e-07,4.775212618681973e-11,442397810891143.2,93260934.54727024,0.0014562833954959288
3.498e-07,23.495397421350326,2.517309096212742e-07,4.75932401972065e-11,439752043253469.56,93335369.33028542,0.001461145073908492
3.5000000000000004e-07,23.65556842150913,2.5323978141608695e-07,4.7436429843066364e-11,437131880453351.6,93411739.21897258,0.0014659751734174076
3.502e-07,23.816667181497863,2.547508992089593e-07,4.728160290458136e-11,434538924886027.1,93490022.03898898,0.0014707756123630434
3.504e-07,23.978586211243403,2.5626307817059894e-07,4.712866821228627e-11,431974760649348.7,93570195.06056361,0.0014755483467568666
3.5060000000000003e-07,24.14121369400748,2.5777509413089434e-07,4.697753574795514e-11,429440952118510.06,93652235.00509685,0.001480295365823204
3.508e-07,24.30443352517055,2.5928568443285157e-07,4.6828116744080316e-11,426939042539689.8,93736118.05191961,0.0014850186875021564
3.51e-07,24.468125367966184,2.607935489669088e-07,4.668032378192873e-11,424470552644137.8,93821819.84520967,0.0014897203539195039
3.512e-07,24.63216472702861,2.622973513926809e-07,4.653407088814105e-11,422036979284186.25,93909315.50106357,0.0014944024268294556
3.5140000000000004e-07,24.796423040563802,2.6379572055448683e-07,4.638927362981657e-11,419639794092660.3,93998579.61472167,0.0014990669830362438
3.516e-07,24.96076779189305,2.652872520962175e-07,4.624584920801263e-11,417280442167119.8,94089586.26794471,0.0015037161098004701
3.518e-07,25.125062641042355,2.667705102801716e-07,4.610371654956943e-11,414960340780357.25,94182309.03653911,0.0015083519002361504
3.5200000000000003e-07,25.289167576966467,2.6824403001346494e-07,4.596279639715217e-11,412680878118529.1,94276720.99802943,0.0015129764487045135
3.522e-07,25.452939090897743,2.697063190844657e-07,4.582301139739333e-11,410443412048278.4,94372794.73947543,0.001517591846210434
3.524e-07,25.616230371200864,2.7115586061045746e-07,4.568428618699793e-11,408249268914162.44,94470502.3654316,0.0015222001758075766
3.526e-07,25.778891519991415,2.72591115696352e-07,4.554654747666859e-11,406099742367690.3,94569815.50604662,0.0015268035080181297
3.5280000000000004e-07,25.940769791645646,2.740105263028287e-07,4.540972413269135e-11,403996092229202.1,94670705.32530068,0.0015314038962731386
3.53e-07,26.101709853182644,2.754125183206994e-07,4.5273747256017486e-11,401939543383819.75,94773142.52937825,0.0015360033723793214
3.532e-07,26.261554066346932,2.767955048466603e-07,4.513855025866625e-11,399931284712644.25,94877097.37517363,0.0015406039420182895
3.5340000000000003e-07,26.420142791056406,2.781578896538817e-07,4.5004068937270166e-11,397972468060335.6,94982539.67892696,0.001545207580283963
3.536e-07,26.57731470970822,2.7949807084910545e-07,4.4870241543575845e-11,396064207240177.1,95089438.82498816,0.001549816227264062
3.538e-07,26.732907171658283,2.808144447061166e-07,4.473700885171438e-11,394207577077670.9,95197763.77470656,0.0015544317836713622
3.54e-07,26.886756557004286,2.821054096635987e-07,4.460431422205215e-11,392403612493694.8,95307483.07544279,0.0015590561065304163
3.5420000000000004e-07,27.03869865861814,2.833693704735633e-07,4.447210366143317e-11,390653307628170.0,95418564.86970139,0.0015636910049253755
3.544e-07,27.188569081182994,2.8460474248469877e-07,4.434032587962658e-11,388957615005172.8,95530976.90438077,0.0015683382358144622
3.546e-07,27.336203655802603,2.858099560432012e-07,4.4208932341798596e-11,387317444740368.75,95644686.540138,0.0015729994999165073
3.5480000000000003e-07,27.48143886856669,2.86983460991933e-07,4.407787731682918e-11,385733663791592.25,95759660.76086588,0.001577676437675026
3.55e-07,27.62411230127456,2.8812373124710566e-07,4.394711792130721e-11,384207095253358.56,95875866.18327905,0.00158237062530501
3.552e-07,27.764063082348624,2.892292694301703e-07,4.3816614159040524e-11,382738517696032.5,95993269.0666074,0.0015870835709277148
3.554e-07,27.90113234580517,2.9029861153119267e-07,4.368632895593264e-11,381328664550347.5,96111835.32239246,0.0015918167107984529
3.5560000000000003e-07,28.035163696002602,2.9133033157877924e-07,4.355622819008625e-11,379978223537892.75,96231530.52438536,0.0015965714056324076
3.558e-07,28.166003675751085,2.923230462905612e-07,4.3426280717009316e-11,378687836148155.8,96352319.91854258,0.0016013489370332848
3.56e-07,28.293502235250926,2.932754196774038e-07,4.329645838981226e-11,377458097162647.8,96474168.43311699,0.0016061505040295616
3.562e-07,28.41751319923033,2.9418616757390117e-07,4.316673607430315e-11,376289554226581.94,96597040.68884102,0.0016109772197228723
3.564e-07,28.537894729576607,2.950540620673328e-07,4.303709165890109e-11,375182707468530.6,96720901.00919917,0.001615830108053067
3.566e-07,28.654509780704,2.958779357971541e-07,4.290750605930956e-11,374138009168423.3,96845713.43078707,0.0016207101006842088
3.568e-07,28.76722654487307,2.966566860972333e-07,4.2777963217908506e-11,373155863474206.8,96971441.7137533,0.0016256180340156895
3.5700000000000003e-07,28.87591888467783,2.973892789534943e-07,4.264845009784294e-11,372236626167417.9,97098049.35232195,0.001630554646322519
3.572e-07,28.980466749942746,2.980747527503261e-07,4.251895667180717e-11,371380604477876.9,97225499.58539231,0.00163552057502864
3.574e-07,29.08075657632655,2.9871222178011736e-07,4.238947590554433e-11,370588056947652.06,97353755.40721247,0.0016405163541169502
3.576e-07,29.17668166301345,2.993008794915494e-07,4.2260003736099516e-11,369859193344386.2,97482779.57812428,0.0016455424116796425
3.578e-07,29.268142526982174,2.998400014538205e-07,4.213053904488924e-11,369194174624025.4,97612534.63537578,0.0016505990676121604
3.58e-07,29.355047231481752,3.0032894801577317e-07,4.200108362566695e-11,368593112942931.9,97742982.9039991,0.0016556865314540474
3.582e-07,29.437311686505264,3.00767166640933e-07,4.187164214748846e-11,368056071719312.94,97874086.5077491,0.0016608049003796494
3.5840000000000003e-07,29.51485991924234,3.011541939017275e-07,4.1742222112798497e-11,367583065743833.25,98005807.38010116,0.0016659541573415709
3.586e-07,29.58762431269992,3.0148965711860135e-07,4.161283381078152e-11,367174061339233.5,98138107.275304,0.0016711341693695116
3.588e-07,29.6555458109122,3.01773275632366e-07,4.1483490266137556e-11,366828976568715.9,98270947.77948444,0.0016763446860269863
3.59e-07,29.7185740894078,3.020048617008704e-07,4.135420718346374e-11,366547681492806.75,98404290.32180096,0.0016815853380281714
3.592e-07,29.77666768986499,3.021843210139416e-07,4.1225002887437366e-11,366329998474350.3,98538096.18564297,0.0016868556360170263
3.594e-07,29.82979411815899,3.023116528234619e-07,4.109589825901492e-11,366175702531234.44,98672326.51987258,0.0016921549695105462
3.596e-07,29.877929905286823,3.0238694968841067e-07,4.0966916667875635e-11,366084521736397.1,98806942.35010476,0.0016974826060078487
3.5980000000000003e-07,29.9210606309416,3.0241039683764504e-07,4.083808390135175e-11,366056137664608.3,98941904.5900241,0.0017028376902666115
3.6e-07,29.959180909794487,3.023822711561071e-07,4.070942809010073e-11,366090185885469.9,99077174.05273353,0.0017082192437481581
3.602e-07,29.992294340827225,3.0230293980297767e-07,4.058097963078675e-11,366186256502026.25,99212711.46213247,0.0017136261642322435
3.604e-07,30.020413420336094,3.0217285847301856e-07,4.045277110604562e-11,366343894734325.7,99348477.46432084,0.0017190572256025037
3.6060000000000004e-07,30.043559419497,3.0199256931492597e-07,4.032483720201936e-11,366562601547224.6,99484432.63902552,0.0017245110778031734
3.608e-07,30.061762227637963,3.017626985229284e-07,4.0197214623749605e-11,366841834321675.44,99620537.51104636,0.001729986246967605
3.61e-07,30.075060162605624,3.014839536200685e-07,4.0069942008725995e-11,367181007568692.9,99756752.56171796,0.0017354811357188414
3.6120000000000003e-07,30.08349974983526,3.011571204535989e-07,3.99430598388892e-11,367579493685143.94,99893038.24038391,0.001740994023642276
3.614e-07,30.08713547193659,3.0078305992467167e-07,3.981661035138827e-11,368036623750464.5,100029354.97588074,0.001746523067930298
3.616e-07,30.08602949078724,3.003627044759918e-07,3.969063744839401e-11,368551688363353.56,100165663.18802752,0.001752066304198541
3.618e-07,30.080251344282352,2.9989705436233495e-07,3.956518660626804e-11,369123938517459.75,100301923.29911804,0.0017576216474731617
3.6200000000000004e-07,30.06987762002016,2.993871737297808e-07,3.9440304784383815e-11,369752586515025.6,100438095.74541247,0.001763186893348404
3.622e-07,30.054991608308924,2.9883418653019575e-07,3.9316040333892115e-11,370436806917418.06,100574140.98862486,0.0017687597193134655
3.624e-07,30.03568293696015,2.98239272297901e-07,3.919244290671836e-11,371175737531428.0,100710019.52740327,0.001774337686247449
3.6260000000000003e-07,30.012047190386767,2.976036618156033e-07,3.906956336507029e-11,371968480430188.94,100845691.90879908,0.0017799182400810739
3.628e-07,29.984185515552785,2.969286326965404e-07,3.894745369172857e-11,372814103007519.06,100981118.73972246,0.0017854987136234925
3.63e-07,29.952204217323864,2.9621550490942596e-07,3.8826166901381324e-11,373711639064465.56,101116260.69838029,0.0017910763285524805
3.632e-07,29.916214345748262,2.9546563627218497e-07,3.870575695325531e-11,374660089926779.06,101251078.54569335,0.0017966481975659504
3.6340000000000004e-07,29.87633127775374,2.946804179396482e-07,3.8586278665282674e-11,375658425592030.6,101385533.13668959,0.0018022113266926633
3.636e-07,29.83267429568264,2.93861269909375e-07,3.846778763003237e-11,376705585905038.56,101519585.43187012,0.0018077626177597098
3.638e-07,29.78536616500465,2.930096365685956e-07,3.8350340132620405e-11,377800481760245.25,101653196.50854449,0.0018132988710142196
3.6400000000000003e-07,29.73453271344618,2.921269823039294e-07,3.823399307080115e-11,378941996329658.4,101786327.57213204,0.0018188167878965082
3.642e-07,29.680302413661096,2.9121478719408926e-07,3.8118803877426194e-11,380128986314938.94,101918939.96742591,0.0018243129739617457
3.644e-07,29.622805971439302,2.902745428042146e-07,3.800483044544388e-11,381360283222199.6,102050995.18981723,0.001829783941947006
3.646e-07,29.56217592131177,2.8930774809885396e-07,3.7892131055597924e-11,382634694658038.9,102182454.89647457,0.0018352261149803672
3.6480000000000004e-07,29.498546231262953,2.8831590548890313e-07,3.7780764306967087e-11,383951005645335.4,102313280.9174772,0.0018406358299286189
3.65e-07,29.43205191810943,2.873005170260983e-07,3.767078905047431e-11,385307979957286.06,102443435.266898,0.0018460093408799018
3.652e-07,29.362828674945323,2.862630807569087e-07,3.756226432547806e-11,386704361468163.8,102572880.15383267,0.001851342822757447
3.6540000000000003e-07,29.291012511895723,2.8520508724594186e-07,3.745524929954278e-11,388138875519251.2,102701577.99337256,0.001856632375060464
3.656e-07,29.21673941125945,2.841280162772663e-07,3.734980321147196e-11,389610230298387.8,102829491.41751759,0.0018618740257280004
3.658e-07,29.14014499796284,2.830333337403774e-07,3.7245985317670904e-11,391117118231567.2,102956583.28602628,0.0018670637351215192
3.66e-07,29.061364226092024,2.8192248870593324e-07,3.714385484189395e-11,392658217384983.1,103082816.69719954,0.0018721974001217063
3.6620000000000004e-07,28.980531082117448,2.807969106948179e-07,3.704347092841497e-11,394232192875948.06,103208154.99859516,0.0018772708583349653
3.664e-07,28.89777830528005,2.796580071426389e-07,3.694489259864804e-11,395837698291070.06,103332561.79767027,0.001882279892404848
3.666e-07,28.81323712546819,2.7850716106037703e-07,3.684817871123119e-11,397473377110082.8,103456000.9723478,0.0018872202344235856
3.6680000000000003e-07,28.72703701878263,2.7734572889061755e-07,3.675338792557456e-11,399137864133716.2,103578436.68150482,0.001892087570438713
3.67e-07,28.63930548086302,2.761750385576096e-07,3.6660578668861594e-11,400829786913990.6,103699833.37537912,0.0018968775450497086
3.672e-07,28.550167817934007,2.749963877083094e-07,3.656980910648103e-11,402547767185324.56,103820155.80589141,0.001901585766089429
3.674e-07,28.459746955424308,2.738110421405992e-07,3.648113711585751e-11,404290422294828.06,103939369.03687951,0.0019062078093849818
3.6760000000000004e-07,28.368163263913697,2.7262023441397863e-07,3.6394620263637494e-11,406056366630186.25,104057438.45424232,0.0019107392235926464
3.678e-07,28.275534402077803,2.7142516263728e-07,3.631031578617875e-11,407844213043515.94,104174329.77599028,0.0019151755351012952
3.68e-07,28.181975176222167,2.7022698942728316e-07,3.6228280573283426e-11,409652574269597.3,104290009.06219919,0.0019195122529986888
3.6820000000000003e-07,28.087597415929007,2.690268410315424e-07,3.61485711551057e-11,411480064336891.75,104404442.72486492,0.0019237448740949707
3.684e-07,27.992509865281907,2.678258066082773e-07,3.6071243692159325e-11,413325299969762.44,104517597.53765559,0.0019278688879975517
3.686e-07,27.896818089082963,2.666249376557949e-07,3.599635396834241e-11,415186901980336.3,104629440.64555939,0.0019318797822315717
3.688e-07,27.800624393436713,2.654252475836378e-07,3.59239573868924e-11,417063496648439.6,104739939.57442385,0.001935773047399985
3.6900000000000004e-07,27.70402776004056,2.642277114174298e-07,3.585410896917782e-11,418953717088084.1,104849062.24038492,0.0019395441823773357
3.692e-07,27.607123793497024,2.6303326562927245e-07,3.578686335622946e-11,420856204598975.75,104956776.95918277,0.0019431886995311895
3.694e-07,27.51000468094458,2.618428080854863e-07,3.572227481290977e-11,422769610001542.6,105063052.45536141,0.0019467021299651504
3.6960000000000003e-07,27.412759163291497,2.606571981034845e-07,3.566039723461551e-11,424692594954008.2,105167857.87134968,0.0019500800287773825
3.698e-07,27.315472517332285,2.594772566096378e-07,3.5601284156406034e-11,426623833250047.06,105271162.77642077,0.0019533179803284955
3.7e-07,27.218226548025473,2.583037663900923e-07,3.5544988764447285e-11,428562012095600.06,105372937.17552805,0.001956411603512663
3.702e-07,27.121099590217696,2.571374724266732e-07,3.549156390966009e-11,430505833363425.6,105473151.5180142,0.0019593565570257764
3.7040000000000003e-07,27.02416651910662,2.5597908231018484e-07,3.544106212345895e-11,432454014824028.2,105571776.70619138,0.001962148544624512
3.706e-07,26.927498768750304,2.548292667236672e-07,3.5393535635467856e-11,434405291351602.25,105668784.10378999,0.0019647833203700975
3.708e-07,26.83116435794661,2.5368865998841735e-07,3.5349036393097965e-11,436358416103676.0,105764145.5442732,0.001967256693850641
3.7100000000000003e-07,26.73522792282612,2.525578606658721e-07,3.530761608287251e-11,438312161673170.5,105857833.33901525,0.001969564535375856
3.712e-07,26.63975075552454,2.514374322087489e-07,3.5269326153383484e-11,440265321211620.1,105949820.28534092,0.0019717027811380705
3.714e-07,26.54479084832441,2.503279036551567e-07,3.523421783976584e-11,442216709522344.3,106040079.67442423,0.001973667438333408
3.716e-07,26.450402942683098,2.492297703597259e-07,3.52023421895748e-11,444165164122376.2,106128585.2990431,0.0019754545902370786
3.7180000000000003e-07,26.35663858258991,2.481434947561269e-07,3.5173750089952725e-11,446109546272022.7,106215311.46118888,0.001977060401226765
3.72e-07,26.263546171724503,2.470695071456946e-07,3.5148492295972924e-11,448048741970944.75,106300232.97952804,0.0019784811217481266
3.722e-07,26.1711710339177,2.460082065072189e-07,3.512661946004865e-11,449981662919693.75,106383325.19671343,0.0019797130932165024
3.724e-07,26.079555476444458,2.4495996132328766e-07,3.5108182162296384e-11,451907247445690.8,106464563.98654382,0.001980752752848977
3.726e-07,25.98873885570894,2.4392511041891426e-07,3.5093230941743966e-11,453824461392663.8,106543925.7609689,0.0019815966384210066
3.728e-07,25.8987576449103,2.4290396380849984e-07,3.508181632827472e-11,455732298972620.4,106621387.47693847,0.001982241392941921
3.73e-07,25.809645503307735,2.4189680354751406e-07,3.5073988875199923e-11,457629783579450.94,106696926.64309278,0.001982683769243669
3.7320000000000003e-07,25.721433346730468,2.409038845855702e-07,3.506979919235314e-11,459515968563341.9,106770521.32629308,0.0019829206344772862
3.734e-07,25.634149419008303,2.3992543561789483e-07,3.5069297979600385e-11,461389937965182.25,106842150.15799008,0.0019829489745116454
3.736e-07,25.547819364023123,2.389616599324589e-07,3.5072536060661314e-11,463250807210237.25,106911792.34042843,0.0019827658982291647
3.738e-07,25.46246629811075,2.380127362503385e-07,3.5079564417136743e-11,465097723760370.3,106979427.65268528,0.0019823686417132524
3.74e-07,25.378110882565434,2.3707881955711674e-07,3.50904342226385e-11,466929867724182.3,107045036.4565417,0.001981754572322389
3.742e-07,25.294771396025375,2.361600419234073e-07,3.5105196876918053e-11,468746452424463.75,107108599.70218465,0.0019809211926458507
3.744e-07,25.21246380654088,2.3525651331281708e-07,3.5123904039889404e-11,470546724922403.1,107170098.9337381,0.0019798661443362394
3.7460000000000003e-07,25.131201843147732,2.343683223758811e-07,3.5146607665442804e-11,472329966498074.4,107229516.29462187,0.0019785872118140814
3.748e-07,25.050997066791464,2.3349553722873307e-07,3.517336003494401e-11,474095493086741.56,107286834.53273635,0.0019770823258399173
3.75e-07,24.971858940466362,2.326382062154588e-07,3.520421379031369e-11,475842655670605.2,107342037.00547183,0.001975349566949447
3.752e-07,24.89379489845368,2.317963586532828e-07,3.523922196657994e-11,477570840625636.5,107395107.68454051,0.001973387168747443
3.7540000000000004e-07,24.8168104145597,2.3097000555989688e-07,3.527843802379577e-11,479279470023229.75,107446031.16063058,0.0019711935210562845
3.756e-07,24.74090906927214,2.3015914036241458e-07,3.5321915878210827e-11,480968001886433.8,107494792.64788033,0.0019687671729151507
3.758e-07,24.666092615768545,2.2936373958758106e-07,3.536970993258465e-11,482635930400585.56,107541377.98817131,0.001966106835426066
3.7600000000000003e-07,24.592361044724647,2.2858376353300556e-07,3.5421875105526296e-11,484282786078223.75,107585773.65523916,0.0019632113844431295
3.762e-07,24.519712647884244,2.278191569193122e-07,3.547846685974091e-11,485908135878216.2,107627966.75860102,0.001960079863101495
3.764e-07,24.448144080364646,2.2706984952322238e-07,3.553954122906155e-11,487511583279085.4,107667945.04729849,0.0019567114841827736
3.766e-07,24.377650421683327,2.26335756791692e-07,3.560515484413883e-11,489092768306563.8,107705696.91345449,0.0019531056323137822
3.7680000000000004e-07,24.308225235501148,2.2561678043731334e-07,3.5675364956657965e-11,490651367515489.8,107741211.39564388,0.0019492618659956774
3.77e-07,24.23986062808835,2.2491280901529508e-07,3.575022946194579e-11,492187093926170.2,107774478.18207602,0.0019451799194607742
3.772e-07,24.17254730552667,2.2422371848239473e-07,3.5829806919826636e-11,493699696915433.7,107805487.61358899,0.0019408597043544542
3.7740000000000003e-07,24.106274629670434,2.2354937273826752e-07,3.591415657357739e-11,495188962062608.2,107834230.68645401,0.0019363013112398701
3.776e-07,24.04103067289489,2.2288962414973999e-07,3.6003338366827324e-11,496654710950747.25,107860699.0549898,0.0019315050109232396
3.778e-07,23.976802271667477,2.2224431405858492e-07,3.6097412958239505e-11,498096800923459.56,107884885.03398584,0.0019264712555977985
3.78e-07,23.913575078982856,2.2161327327341914e-07,3.6196441733802664e-11,499515124797749.9,107906781.60093361,0.0019212006798046725
3.7820000000000004e-07,23.851333615707055,2.2099632254638133e-07,3.6300486816554595e-11,500909610533346.94,107926382.39806587,0.0019156941012090879
3.784e-07,23.790061320880714,2.2039327303529172e-07,3.6409611073547583e-11,502280220859025.4,107943681.73420246,0.0019099525211906138
3.786e-07,23.729740601034326,2.1980392675201506e-07,3.652387811985778e-11,503626952856496.06,107958674.58640286,0.0019039771252462685
3.7880000000000003e-07,23.670352878572235,2.1922807699778334e-07,3.664335231942804e-11,504949837502470.56,107971356.6014246,0.0018977692832056188
3.79e-07,23.61187863928291,2.1866550878623816e-07,3.6768098782525e-11,506248939169581.25,107981724.09698725,0.0018913305492570887
3.792e-07,23.554297479036528,2.181159992549831e-07,3.689818335957616e-11,507524355086853.0,107989774.06284149,0.001884662661785057
3.794e-07,23.497588149730532,2.1757931806642873e-07,3.703367263114334e-11,508776214760506.06,107995504.16164339,0.0018777675430173767
3.7960000000000004e-07,23.441728604545766,2.1705522779873146e-07,3.717463389377247e-11,510004679355881.3,107998912.7296328,0.0018706472984833192
3.798e-07,23.38669604257501,2.165434843276153e-07,3.7321135141448456e-11,511209941041355.06,107999998.77711657,0.001863304216282018
3.8e-07,23.33246695288629,2.1604383719987e-07,3.747324504236769e-11,512392222295135.25,107998761.98875591,0.0018557407661617896
3.8020000000000003e-07,23.279017158082286,2.155560299993092e-07,3.7631032910725193e-11,513551775175876.94,107995202.72365792,0.0018479595984109217
3.804e-07,23.226321857415858,2.1507980070595596e-07,3.779456867319935e-11,514688880558109.7,107989322.01527132,0.0018399635425606568
3.806e-07,23.174355669520633,2.146148820492148e-07,3.796392282979905e-11,515803847333497.7,107981121.5710864,0.0018317556059013827
3.808e-07,23.123092674813602,2.1416100185576889e-07,3.813916640872078e-11,516897011578991.6,107970603.77213925,0.0018233389718132636
3.8100000000000004e-07,23.07250645762401,2.1371788339291596e-07,3.832037091484778e-11,517968735692986.5,107957771.67232037,0.0018147169979126528
3.812e-07,23.022570148100844,2.1328524570803824e-07,3.850760827150279e-11,519019407500618.25,107942628.997488,0.0018058932140159643
3.814e-07,22.973256463947664,2.1286280396486885e-07,3.870095075504918e-11,520049439329380.2,107925180.14438632,0.0017968713199227845
3.8160000000000003e-07,22.92453775203098,2.1245026977719314e-07,3.8900470921914935e-11,521059267056263.94,107905430.1793688,0.0017876551830203053
3.818e-07,22.876386029903884,2.1204735154058307e-07,3.9106241527597336e-11,522049349127680.2,107883384.83692707,0.0017782488357112245
3.82e-07,22.828773027283916,2.116537547627365e-07,3.931833543718314e-11,523020165553421.9,107859050.51802616,0.0017686564726676526
3.822e-07,22.781670227518802,2.1126918239294672e-07,3.9536825526904475e-11,523972216875988.2,107832434.2882456,0.0017588824479135305
3.8240000000000004e-07,22.735048909070784,2.1089333515119766e-07,3.976178457622631e-11,524906023116592.3,107803543.87572818,0.0017489312717385037
3.826e-07,22.688880187044163,2.105259118573278e-07,3.999328514994732e-11,525822122699223.8,107772387.66893591,0.0017388076074461591
3.828e-07,22.6431350547771,2.1016660976067107e-07,4.023139946977391e-11,526721071354147.94,107738974.71421438,0.0017285162679398758
3.8300000000000003e-07,22.597784425513325,2.098151248705334e-07,4.047619927480997e-11,527603441002248.2,107703314.7131662,0.001718062212149695
3.832e-07,22.552799174163802,2.0947115228781397e-07,4.07277556703895e-11,528469818621653.44,107665418.01983403,0.0017074505413037127
3.834e-07,22.50815017916404,2.091343865380368e-07,4.098613896466133e-11,529320805098094.9,107625295.63769427,0.0016966864950477658
3.836e-07,22.463808364426473,2.0880452190600378e-07,4.125141849232011e-11,530157014060464.44,107582959.2164621,0.0016857754474173651
3.8380000000000004e-07,22.419744741382388,2.084812527722298e-07,4.1523662424867457e-11,530979070703067.06,107538421.04870905,0.0016747229026658737
3.84e-07,22.375930451101958,2.081642739512691e-07,4.1802937566772946e-11,531787610596063.6,107491694.06629364,0.0016635344909532446
3.842e-07,22.33233680647542,2.0785328103198655e-07,4.2089309136898574e-11,532583278485627.1,107442791.83660659,0.001652215963899666
3.8440000000000003e-07,22.288935334433166,2.075479707197775e-07,4.238284053454148e-11,533366727085330.75,107391728.55863161,0.001640773190008753
3.846e-07,22.24569781817599,2.0724804118067937e-07,4.2683593089452444e-11,534138615860315.75,107338519.05882254,0.0016292121499648564
3.848e-07,22.202596339382133,2.0695319238726957e-07,4.299162579518156e-11,534899609805774.25,107283178.78679843,0.0016175389318095039
3.85e-07,22.159603320351582,2.0666312646618582e-07,4.330699502511658e-11,535650378221304.8,107225723.81085762,0.0016057597260017858
3.8520000000000003e-07,22.11669156604314,2.0637754804705376e-07,4.362975423058157e-11,536391593482691.06,107166170.81331235,0.001593880820367962
3.854e-07,22.073834305953916,2.0609616461254872e-07,4.395995362038688e-11,537123929812663.7,107104537.08564498,0.0015819085949454169
3.856e-07,22.031005235786356,2.0581868684927089e-07,4.4297639821239736e-11,537848062052204.1,107040840.5234872,0.0015698495167263678
3.8580000000000003e-07,21.98817855884289,2.055448289990588e-07,4.464285551845366e-11,538564664433940.56,106975099.62142406,0.0015577101343068533
3.86e-07,21.94532902708328,2.0527430921031476e-07,4.4995639076436415e-11,539274409359197.7,106907333.467624,0.0015454970724465018
3.862e-07,21.90243198177571,2.050068498888692e-07,4.535602413847794e-11,539977966180242.2,106837561.73829633,0.0015332170265448127
3.864e-07,21.859463393668626,2.047421780478651e-07,4.572403920541546e-11,540675999989265.94,106765804.69197838,0.0015208767570397774
3.8660000000000003e-07,21.81639990260614,2.044800256560959e-07,4.6099707192822224e-11,541369170415641.94,106692083.16365328,0.0015084830837346285
3.868e-07,21.773218856506855,2.0422012998419244e-07,4.648304496643951e-11,542058130432971.7,106616418.55870037,0.0014960428800587361
3.87e-07,21.729898349622864,2.0396223394801355e-07,4.687406285566392e-11,542743525177436.06,106538832.84668005,0.0014835630672686423
3.872e-07,21.686417259993156,2.0370608644856118e-07,4.727276414500172e-11,543425990778940.2,106459348.55495493,0.0014710506085954067
3.874e-07,21.642755286003126,2.0345144270770453e-07,4.7679144543525376e-11,544106153206539.6,106377988.76214868,0.0014585125033442998
3.876e-07,21.59889298196134,2.031980645989767e-07,4.809319163249154e-11,544784627129599.44,106294777.09144534,0.0014459557809532145
3.878e-07,21.554811792602116,2.0294572097267426e-07,4.851488429143876e-11,545462014796138.3,106209737.70373003,0.0014333874950159054
3.8800000000000003e-07,21.510494086423282,2.0269418797447683e-07,4.894419210323977e-11,546138904929770.44,106122895.29057378,0.001420814717276512
3.882e-07,21.46592318776756,2.0244324935678448e-07,4.9381074738777114e-11,546815871646647.94,106034275.06706424,0.0014082445316015823
3.884e-07,21.421083407556704,2.0219269678195903e-07,4.982548132210915e-11,547493473393778.44,105943902.7644842,0.0013956840279360134
3.886e-07,21.375960072589034,2.019423301166519e-07,5.027734977721719e-11,548172251910060.0,105851804.62284069,0.0013831402962493405
3.8880000000000004e-07,21.330539553311876,2.016919577163955e-07,5.0736606157673946e-11,548852731211360.0,105758007.3832459,0.001370620420478673
3.89e-07,21.28480928998339,2.0144139669964224e-07,5.1203163960832273e-11,549535416600923.56,105662538.28015277,0.001358131472474764
3.892e-07,21.238757817140556,2.0119047321044053e-07,5.167692342842451e-11,550220793706375.1,105565425.03344734,0.0013456805059575507
3.8940000000000003e-07,21.192374786293882,2.0093902266895398e-07,5.215777083576491e-11,550909327544536.5,105466695.84040035,0.001333274550487642
3.896e-07,21.145650986772566,2.0068689000904393e-07,5.264557777208366e-11,551601461615261.25,105366379.36747956,0.001320920605459993
3.898e-07,21.098578364649686,2.0043392990216647e-07,5.314020041485863e-11,552297617025435.9,105264504.74202688,0.0013086256341262785
3.9e-07,21.05115003968011,2.0018000696685418e-07,5.3641478801391e-11,552998191644280.3,105161101.54380083,0.0012963965576521096
3.9020000000000004e-07,21.003360320191156,1.999249959630971e-07,5.4149236101243224e-11,553703559291020.7,105056199.79638782,0.0012842402492155435
3.904e-07,20.95520471587079,1.9966878197096672e-07,5.4663277893570885e-11,554414068955988.7,104949829.95848508,0.0012721635281529795
3.906e-07,20.906679948404804,1.9941126055287556e-07,5.5183391453786776e-11,555130044056147.94,104842022.91505611,0.001260173154158685
3.9080000000000003e-07,20.857783959922003,1.991523378989106e-07,5.570934505442134e-11,555851781726009.8,104732809.96836391,0.0012482758215441065
3.91e-07,20.808515919212258,1.9889193095472942e-07,5.624088728548019e-11,556579552144860.44,104622222.82888171,0.0012364781535629387
3.912e-07,20.75887622569101,1.986299675315635e-07,5.677774640002871e-11,557313597901177.9,104510293.6060859,0.0012247866968079723
3.914e-07,20.70886651109114,1.983663863979348e-07,5.731962969116446e-11,558054133395063.5,104397054.79913275,0.0012132079156856668
3.9160000000000004e-07,20.658489638870943,1.981011373527477e-07,5.786622290696788e-11,558801344279482.5,104282539.28742225,0.001201748186974171
3.918e-07,20.607749701335717,1.9783418127948987e-07,5.84171897104224e-11,559555386941045.0,104166780.32105158,0.0011904137944705841
3.92e-07,20.556652014478033,1.975654901813366e-07,5.89721711916874e-11,560316388021025.0,104049811.51116014,0.0011792109237330271
3.9220000000000003e-07,20.50520311055142,1.9729504719702741e-07,5.953078544045728e-11,561084443977251.9,103931666.82017128,0.0011681456569231136
3.924e-07,20.453410728399025,1.9702284659744895e-07,6.00926271864676e-11,561859620687477.9,103812380.55193065,0.0011572239677540995
3.926e-07,20.401283801568752,1.9674889376293453e-07,6.06572675164644e-11,562641953094754.2,103691987.34174608,0.001146451716550144
3.928e-07,20.348832444253606,1.9647320514135806e-07,6.122425367618066e-11,563431444895319.1,103570522.14633073,0.0011358346454216843
3.9300000000000004e-07,20.296067935105082,1.961958081871764e-07,6.179310896599032e-11,564228068269428.2,103448020.2336538,0.0011253783735621016
3.932e-07,20.243002698974482,1.9591674128164249e-07,6.236333273898925e-11,565031763655525.9,103324517.17269994,0.0011150883926704486
3.934e-07,20.189650286645477,1.9563605363448348e-07,6.293440051021697e-11,565842439568089.9,103200048.82314178,0.0011049700625050437
3.9360000000000003e-07,20.13602535262858,1.9535380516740923e-07,6.35057641856079e-11,566659972459434.4,103074651.32492776,0.0010950286065725616
3.938e-07,20.082143631094922,1.9507006637988047e-07,6.40768524190287e-11,567484206625703.6,102948361.08778909,0.0010852691079570045
3.94e-07,20.028021910033686,1.947849181976345e-07,6.464707110539332e-11,568314954157237.0,102821214.7806673,0.00107569650529288
3.942e-07,19.9736780037243,1.9449845180452952e-07,6.521580401735757e-11,569151994933421.0,102693249.32106811,0.001066315588886756
3.9440000000000004e-07,19.919130723619002,1.9421076845832375e-07,6.578241359247426e-11,569995076662111.4,102564501.86434181,0.0010571309969910803
3.946e-07,19.86439984773811,1.939219792910679e-07,6.634624187690805e-11,570843914963633.2,102435009.79289494,0.0010481472122341215
3.948e-07,19.809506088684252,1.9363220509483767e-07,6.690661163089346e-11,571698193499326.6,102304810.70533645,0.0010393685582096076
3.9500000000000003e-07,19.754471060386315,1.9334157609358537e-07,6.746282760003749e-11,572557564144541.8,102173942.40556066,0.0010307991962295582
3.952e-07,19.699317243687,1.9305023170192775e-07,6.801417795535029e-11,573421647205950.5,102042442.89177036,0.0010224431222434782
3.954e-07,19.644067950892097,1.9275832027173686e-07,6.855993590349756e-11,574290031682959.5,101910350.34544449,0.0010143041639270889
3.956e-07,19.588747289400235,1.924659988274238e-07,6.909936146726152e-11,575162275572991.6,101777703.12025161,0.0010063859779433628
3.9580000000000004e-07,19.53338012453532,1.9217343279084686e-07,6.963170343452757e-11,576037906220314.8,101644539.73091376,0.0009986920473786585
3.96e-07,19.47799204170401,1.9188079569679137e-07,7.015620147235046e-11,576916420708072.5,101510898.84202373,0.0009912256793563551
3.962e-07,19.422609308001352,1.9158826889999403e-07,7.06720884007641e-11,577797286293102.8,101376819.25681807,0.0009839900028303116
3.9640000000000003e-07,19.36725883338831,1.912960412746992e-07,7.117859261903407e-11,578679940883078.1,101242339.90591118,0.0009769879665602694
3.966e-07,19.311968131562967,1.910043089077405e-07,7.167494067503261e-11,579563793555464.1,101107499.8359911,0.000970222337271021
3.968e-07,19.256765280647237,1.907132747861502e-07,7.216035996635144e-11,580448225117724.9,100972338.19848226,0.0009636956979970564
3.97e-07,19.20167888380851,1.904231484802969e-07,7.263408155970913e-11,581332588708162.5,100836894.23817772,0.0009574104466141801
3.9720000000000004e-07,19.14673802993333,1.9013414582354626e-07,7.309534311318756e-11,582216210436730.5,100701207.28184424,0.0009513687945593031
3.974e-07,19.09197225446751,1.898464885894296e-07,7.354339188386612e-11,583098390065105.5,100565316.72680369,0.0009455727657395097
3.976e-07,19.037411500533647,1.895604041672922e-07,7.397748780157439e-11,583978401725261.0,100429262.02949333,0.0009400241956312004
3.9780000000000003e-07,18.98308608043386,1.8927612523737448e-07,7.439690658776825e-11,584855494675728.5,100293082.69401036,0.0009347247305699835
3.98e-07,18.929026637639886,1.889938894462515e-07,7.48009428970166e-11,585728894094704.9,100156818.260641,0.0009296758272316577
3.982e-07,18.87526410937011,1.887139390835374e-07,7.51889134572659e-11,586597801909094.5,100020508.29438019,0.0009248787523045637
3.984e-07,18.821829689846332,1.884365207607226e-07,7.556016018400913e-11,587461397658557.0,99884192.37344316,0.0009203345823532128
3.9860000000000004e-07,18.768754794319612,1.8816188509298497e-07,7.591405324270851e-11,588318839393562.6,99747910.07777455,0.0009160442038730323
3.988e-07,18.716071023947283,1.8789028638477298e-07,7.624999403337942e-11,589169264606438.4,99611700.97755554,0.0009120083135357309
3.99e-07,18.663810131599085,1.8762198231992376e-07,7.656741807112441e-11,590011791194333.5,99475604.62171473,0.0009082274186246527
3.9920000000000003e-07,18.61200398866372,1.8735723365703552e-07,7.6865797736649e-11,590845518452993.6,99339660.52644487,0.0009047018376592673
3.994e-07,18.56068455292105,1.8709630393076767e-07,7.71446448714034e-11,591669528100204.9,99203908.16372924,0.0009014317012076853
3.996e-07,18.509883837539462,1.868394591596992e-07,7.740351319296766e-11,592482885327722.8,99068386.94988044,0.0008984169528859302
3.998e-07,18.45963388125162,1.865869675613266e-07,7.76420005076409e-11,593284639880465.8,98933136.23409623,0.0008956573505424847
4.0000000000000003e-07,18.40996671975509,1.8633909927473315e-07,7.785975069889373e-11,594073827161727.4,98798195.28703395,0.0008931524676263826
4.002e-07,18.36091435837891,1.860961260914136e-07,7.805645547236705e-11,594849469363120.8,98663603.28940816,0.0008909016947369606
4.004e-07,18.312508746050444,1.8585832119468798e-07,7.823185584043483e-11,595610576617936.8,98529399.32061452,0.0008889042413531651
4.0060000000000003e-07,18.26478175059074,1.8562595890808587e-07,7.838574333195303e-11,596356148176577.9,98395622.3473824,0.0008871591377400957
4.008e-07,18.217765135361066,1.8539931445303444e-07,7.851796091564651e-11,597085173602690.1,98262311.21246143,0.0008856652370303
4.01e-07,18.17149053727661,1.8517866371613188e-07,7.862840362860442e-11,597796633988596.1,98129504.62334284,0.0008844212174771096
4.012e-07,18.12598944619826,1.8496428302623805e-07,7.871701890449809e-11,598489503188605.4,97997241.14102076,0.00088342558487715
4.0140000000000003e-07,18.08129318570747,1.8475644894156654e-07,7.87838065993646e-11,599162749068753.5,97865559.16879573,0.0008826766751589374
4.016e-07,18.037432895263684,1.8455543804691094e-07,7.882881871604392e-11,599815334771506.0,97734496.94112436,0.0008821726571343177
4.018e-07,17.9944395137388,1.8436152676109451e-07,7.885215883157345e-11,600446219993934.5,97604092.51251729,0.0008819115354093121
4.02e-07,17.952343764318268,1.84174991154685e-07,7.885398123496941e-11,601054362277860.6,97474383.74649054,0.0008818911534507619
4.022e-07,17.911176140752954,1.839961067779697e-07,7.883448978580961e-11,601638718310446.8,97345408.30457127,0.0008821091968049925
4.024e-07,17.870966894942264,1.8382514849914617e-07,7.879393650682901e-11,602198245233698.1,97217203.63536261,0.0008825631964645512
4.026e-07,17.831746025824174,1.8366239035264079e-07,7.8732619926301e-11,602731901961321.4,97089806.9636704,0.0008832505323789121
4.0280000000000003e-07,17.793543269543818,1.8350810539742652e-07,7.865088318827032e-11,603238650501386.6,96963255.27969486,0.0008841684371048858
4.03e-07,17.75638809086854,1.8336256558517524e-07,7.854911195069226e-11,603717457283220.9,96837585.32828979,0.0008853139995923154
4.032e-07,17.720309675814114,1.8322604163804196e-07,7.842773209319606e-11,604167294486954.1,96712833.5982944,0.0008866841691004965
4.034e-07,17.68533692544271,1.8309880293584497e-07,7.828720725750908e-11,604587141374141.6,96589036.31193799,0.0008882757592406232
4.0360000000000004e-07,17.65149845079107,1.829811174123726e-07,7.812803624454722e-11,604975985617872.6,96466229.4143228,0.0008900854521394085
4.038e-07,17.618822568883985,1.8287325146051655e-07,7.795075029278897e-11,605332824630782.2,96344448.56298734,0.0008921098027189218
4.04e-07,17.587337299785588,1.8277546984590303e-07,7.775591026281639e-11,605656666889378.8,96223729.11755265,0.0008943452430875456
4.0420000000000003e-07,17.5570703646393,1.8268803562866735e-07,7.754410375283688e-11,605946533253100.0,96104106.12945609,0.000896788087036828
4.044e-07,17.528049184644054,1.8261121009298846e-07,7.731594216960852e-11,606201458276521.4,95985614.3317735,0.0008994345346389253
4.046e-07,17.50030088091351,1.825452526839805e-07,7.707205777851156e-11,606420491513140.1,95868288.12913454,0.0009022806769391916
4.048e-07,17.4738522751629,1.8249042095151518e-07,7.681310075555925e-11,606602698809165.6,95752161.58773302,0.000905322500738378
4.0500000000000004e-07,17.4487298911664,1.824469705005265e-07,7.653973626295399e-11,606747163585762.9,95637268.42543569,0.0009085558934588369
4.052e-07,17.424959956927072,1.8241515494733397e-07,7.625264156841135e-11,606852988108199.2,95523642.00199224,0.0009119766480890023
4.054e-07,17.402568407499807,1.823952258815015e-07,7.595250322691841e-11,606919294740361.4,95411315.30934864,0.0009155804682003677
4.0560000000000003e-07,17.381580888407075,1.8238743283273208e-07,7.564001434190992e-11,606945227183126.5,95300320.9620685,0.000919362973031081
4.058e-07,17.362022759586065,1.8239202324228736e-07,7.531587192106069e-11,606929951695082.4,95190691.18786277,0.0009233197026302519
4.06e-07,17.343919099805248,1.824092424384034e-07,7.498077434005541e-11,606872658294116.2,95082457.81823255,0.000927446123056943
4.062e-07,17.327294711487724,1.8243933361516557e-07,7.463541892581562e-11,606772561938407.2,94975652.27922629,0.0009317376316278506
4.0640000000000004e-07,17.312174125878315,1.8248253781429168e-07,7.428049966880162e-11,606628903685380.8,94870305.58231561,0.0009361895622075292
4.066e-07,17.29858160849037,1.8253909390926256e-07,7.39167050721531e-11,606440951827210.8,94766448.31539065,0.0009407971905350822
4.068e-07,17.28654116476876,1.8260923859123202e-07,7.354471614364802e-11,606208003001470.4,94664110.63387881,0.000945555739581137
4.0700000000000003e-07,17.276076545904278,1.8269320635613454e-07,7.316520453474085e-11,605929383275574.1,94563322.251989,0.0009504603849289057
4.072e-07,17.267211254735123,1.8279122949240624e-07,7.27788308293126e-11,605604449203667.1,94464112.43408404,0.0009555062601731648
4.074e-07,17.259968551670426,1.829035380687232e-07,7.238624298325075e-11,605232588854657.8,94366509.9861833,0.0009606884623309255
4.076e-07,17.25437146057091,1.8303035992115508e-07,7.198807491457583e-11,604813222810118.9,94270543.24759926,0.0009660020572575642
4.0780000000000004e-07,17.25044277452118,1.831719206391258e-07,7.158494524255312e-11,604345805130812.8,94176240.08270872,0.0009714420850622376
4.08e-07,17.248205061428365,1.833284435495655e-07,7.117745617308849e-11,603829824290635.5,94083627.87286231,0.00097700356551636
4.082e-07,17.247680669381356,1.8350014969863257e-07,7.076619252669422e-11,603264804076804.1,93992733.50843422,0.0009826815034489809
4.0840000000000003e-07,17.24889173170467,1.8368725783037644e-07,7.035172090443684e-11,602650304455159.9,93903583.38101454,0.0009884708941228786
4.086e-07,17.25186017164088,1.8388998436170936e-07,6.99345889865282e-11,601985922399481.2,93816203.37574603,0.0009943667285853043
4.088e-07,17.25660770659519,1.8410854335304435e-07,6.951532495761058e-11,601271292683764.1,93730618.86380865,0.001000363998987227
4.09e-07,17.263155851875343,1.8434314647395564e-07,6.909443705228085e-11,600506088636441.9,93646854.69505271,0.0010064577038651236
4.0920000000000004e-07,17.27152592385983,1.845940029632074e-07,6.867241321402726e-11,599690022855585.1,93564935.19078366,0.0010126428533792562
4.094e-07,17.281739042526947,1.8486131958249367e-07,6.824972086046819e-11,598822847884144.4,93484884.1367003,0.0010189144745025827
4.096e-07,17.293816133276756,1.851453005632247e-07,6.782680674761268e-11,597904356844355.9,93406724.77598828,0.0010252676161544277
4.0980000000000003e-07,17.307777927977558,1.854461475456879e-07,6.740409692577648e-11,596934384030475.0,93330479.8025717,0.0010316973542731107
4.1e-07,17.32364496516787,1.8576405950990764e-07,6.69819967797769e-11,595912805459043.8,93256171.35452361,0.0010381987968218873
4.102e-07,17.341437589344483,1.8609923269751977e-07,6.656089114610096e-11,594839539375946.8,93183821.00763814,0.0010447670887225717
4.104e-07,17.36117594926627,1.8645186052397067e-07,6.614114449986957e-11,593714546719570.4,93113449.76916589,0.0010513974167113034
4.1060000000000004e-07,17.382879995202906,1.868221334803445e-07,6.572310120459783e-11,592537831539411.4,93045078.07171442,0.0010580850141110962
4.108e-07,17.40656947505707,1.8721023902411843e-07,6.530708581798395e-11,591309441369541.5,92978725.76731536,0.0010648251655158397
4.11e-07,17.432263929287355,1.8761636145813245e-07,6.489340344722382e-11,590029467556393.8,92914412.12166059,0.0010716132113805304
4.1120000000000003e-07,17.459982684559257,1.8804068179706586e-07,6.448234014763667e-11,588698045540362.1,92852155.80850813,0.0010784445525127335
4.114e-07,17.489744846049565,1.8848337762069306e-07,6.407416335871452e-11,587315355090795.4,92791974.90426028,0.001085314654460235
4.116e-07,17.521569288330046,1.8894462291320169e-07,6.366912237203171e-11,585881620493975.9,92733886.88271478,0.0010922190517901563
4.118e-07,17.555474644754206,1.8942458788783622e-07,6.326744882580645e-11,584397110693771.1,92677908.6099916,0.001099153352254764
4.1200000000000004e-07,17.591479295270936,1.8992343879613945e-07,6.286935722124871e-11,582862139384662.2,92624056.3396355,0.0011061132408395043
4.122e-07,17.629601352587635,1.904413377210527e-07,6.247504545618899e-11,581277065056933.5,92572345.7078969,0.0011130944836888145
4.124e-07,17.669858646605043,1.9097844235314036e-07,6.208469537182841e-11,579642290993842.8,92522791.72919166,0.0011200929319055127
4.1260000000000003e-07,17.71226870704465,1.9153490574919625e-07,6.169847330880136e-11,577958265220669.0,92475408.79174176,0.0011271045252196192
4.128e-07,17.756848744189984,1.9211087607250072e-07,6.131653066907301e-11,576225480405560.4,92430210.65339752,0.001134125295522745
4.13e-07,17.803615627661603,1.9270649631399178e-07,6.093900448052579e-11,574444473712183.4,92387210.43764284,0.0011411513702642602
4.132e-07,17.85258586314585,1.9332190399362114e-07,6.056601796140318e-11,572615826604224.0,92346420.629785,0.0011481789757056171
4.1340000000000004e-07,17.903775566997208,1.9395723084117734e-07,6.019768108207563e-11,570740164601835.8,92307853.07332927,0.0011552044400294716
4.136e-07,17.95720043863403,1.9461260245586435e-07,5.983409112188381e-11,568818156990192.6,92271518.96654017,0.0011622241963003262
4.138e-07,18.012875730647377,1.952881379439347e-07,5.947533321908372e-11,566850516480373.5,92237428.85919009,0.0011692347852736125
4.1400000000000003e-07,18.070816216544124,1.9598394953370468e-07,5.912148091216784e-11,564837998822817.5,92205592.64949584,0.0011762328580504093
4.142e-07,18.131036156045063,1.9670014216728199e-07,5.877259667108227e-11,562781402373703.44,92176019.58124502,0.0011832151785750144
4.144e-07,18.19354925786131,1.9743681306838108e-07,5.842873241707081e-11,560681567614595.75,92148718.2411118,0.001190178625972974
4.146e-07,18.258368639872362,1.9819405128561057e-07,5.808993003009251e-11,558539376625815.3,92123696.55616383,0.0011971201967271702
4.1480000000000004e-07,18.325506786632868,1.9897193721067176e-07,5.77562218429386e-11,556355752513990.75,92100961.79156058,0.0012040370066899397
4.15e-07,18.39497550413613,1.9977054207093112e-07,5.7427631121355227e-11,554131658794341.3,92080520.54844381,0.0012109262929292637
4.152e-07,18.46678587176662,2.0058992739588912e-07,5.710417252963244e-11,551868098728263.8,92062378.76202093,0.0012177854154073583
4.1540000000000003e-07,18.540948191376465,2.014301444571094e-07,5.678585258126787e-11,549566114616876.6,92046541.69984174,0.0012246118584901108
4.156e-07,18.61747193342615,2.022912336812462e-07,5.647267007443906e-11,547226787051189.9,92033013.9602689,0.00123140323228612
4.158e-07,18.696365680134175,2.031732240358675e-07,5.616461651213981e-11,544851234119646.3,92021799.47114281,0.0012381572738142156
4.16e-07,18.777637065585942,2.0407613238784795e-07,5.58616765069406e-11,542440610573829.06,92012901.48864114,0.0012448718479985423
4.1620000000000003e-07,18.861292712759877,2.049999628342013e-07,5.556382817042324e-11,539996106953153.25,92006322.59633337,0.001251544948490582
4.164e-07,18.947338167435674,2.0594470600531214e-07,5.5271043487426226e-11,537518948669427.94,92002064.70443064,0.0012581746983176083
4.166e-07,19.035777828957762,2.0691033834062702e-07,5.498328867530966e-11,535010395052231.8,92000129.04923113,0.0012647593503572884
4.168e-07,19.126614877838517,2.0789682133700313e-07,5.47005245285078e-11,532471738356043.3,92000516.1927611,0.0012712972876384396
4.1700000000000004e-07,19.219851200194107,2.089041007700147e-07,5.44227067486984e-11,529904302730179.5,92003226.02261166,0.0012777870234680136
4.172e-07,19.31548730902043,2.0993210588868652e-07,5.414978626095811e-11,527309443152570.75,92008257.75197144,0.0012842272013847368
4.174e-07,19.41352226232823,2.1098074858425936e-07,5.388170951631658e-11,524688544328488.3,92015609.91985509,0.001290616594939948
4.1760000000000003e-07,19.513953578171424,2.1204992253376547e-07,5.36184187811543e-11,522043019555372.7,92025280.39152737,0.0012969541073063853
4.178e-07,19.616777146619928,2.1313950231938233e-07,5.3359852413912515e-11,519374309554926.25,92037266.3591231,0.0013032387707159507
4.18e-07,19.72198713874443,2.1424934252471915e-07,5.310594512960751e-11,516683881273697.8,92051564.34246232,0.0013094697457276165
4.182e-07,19.829575912700264,2.1537927680940217e-07,5.285662825265714e-11,513973226653425.8,92068170.19006085,0.001315646320326837
4.1840000000000004e-07,19.939533917018924,2.1652911696356326e-07,5.2611829958535604e-11,511243861372407.75,92087079.08033577,0.0013217679088581068
4.186e-07,20.05184959123701,2.1769865194406227e-07,5.2371475504783254e-11,508497323559238.25,92108285.52300516,0.0013278340507924115
4.188e-07,20.16650926401759,2.1888764689454295e-07,5.213548745189821e-11,505735172480259.44,92131783.36068246,0.001333844409331594
4.1900000000000003e-07,20.283497048943396,2.2009584215168242e-07,5.1903785874639755e-11,502958987202128.8,92157565.77066419,0.0013397987698517677
4.192e-07,20.40279473819073,2.2132295224030014e-07,5.167628856426556e-11,500170365230890.3,92185625.26691093,0.0013456970381882192
4.194e-07,20.524381694319647,2.2256866486026843e-07,5.145291122222467e-11,497370921129028.75,92215953.70222096,0.0013515392387642856
4.196e-07,20.648234740449688,2.238326398685141e-07,5.123356764581385e-11,494562285111937.9,92248542.27059588,0.0013573255125670302
4.1980000000000004e-07,20.774328049120076,2.2511450825969718e-07,5.1018169906299835e-11,491746101625332.5,92283381.50979741,0.001363056114972577
4.2e-07,20.90263303017002,2.2641387114952497e-07,5.0806628519993174e-11,488924027905090.06,92320461.30409478,0.0013687314134242664
4.202e-07,21.03311821800895,2.2773029876499464e-07,5.059885261274756e-11,486097732521070.3,92359770.88720194,0.0013743518849668988
4.2040000000000003e-07,21.165749158683294,2.290633294462199e-07,5.039475007834329e-11,483268893906477.75,92401298.84540357,0.0013799181136404997
4.206e-07,21.300488297186156,2.3041246866488136e-07,5.019422773119408e-11,480439198874319.3,92445033.12086904,0.0013854307877372654
4.208e-07,21.43729486549452,2.3177718806470444e-07,4.9997191453800204e-11,477610341122553.8,92490961.01515366,0.0013908906969254617
4.21e-07,21.576124771858233,2.331569245297427e-07,4.9803546339352356e-11,474784019729546.7,92539069.19288546,0.0013962987292441915
4.2120000000000004e-07,21.71693049190801,2.345510792866413e-07,4.961319682986756e-11,471961937641421.0,92589343.68563735,0.0014016558679731733
4.214e-07,21.859660962188833,2.3595901704741406e-07,4.94260468502204e-11,469145800152938.0,92641769.89598288,0.0014069631883817512
4.216e-07,22.00426147676677,2.373800651996346e-07,4.924199993841106e-11,466337313383551.2,92696332.6017346,0.0014122218543615034
4.2180000000000003e-07,22.150673587599726,2.3881351305132034e-07,4.9060959372386696e-11,463538182750240.2,92753015.96036406,0.0014174331149470329
4.22e-07,22.29883500939973,2.402586111380955e-07,4.888282829371485e-11,460750111438804.1,92811803.5136016,0.0014225983007295252
4.222e-07,22.448679529756927,2.417145706005778e-07,4.8707509828379406e-11,457974798875220.06,92872678.19221511,0.0014277188201679341
4.224e-07,22.600136925328986,2.4318056264019244e-07,4.8534907204951544e-11,455213939198747.6,92935622.3209662,0.0014327961558026291
4.2260000000000004e-07,22.753132884937983,2.446557180619122e-07,4.836492387036016e-11,452469219738393.56,93000617.62374224,0.001437831860376586
4.228e-07,22.907588940446313,2.461391269126256e-07,4.819746360346603e-11,449742319494396.2,93067645.22886296,0.001442827552869214
4.23e-07,23.063422406314114,2.4762983822403523e-07,4.803243062661835e-11,447034907626350.94,93136685.67456001,0.0014477849144480782
4.2320000000000003e-07,23.220546328763035,2.491268598691018e-07,4.78697297153506e-11,444348641949624.56,93207718.9146275,0.001452705684343816
4.234e-07,23.378869445494097,2.5062915854115154e-07,4.770926630634695e-11,441685167441655.75,93280724.32424279,0.0014575916556537076
4.236e-07,23.538296156919362,2.5213565986475564e-07,4.755094660378915e-11,439046114759761.94,93355680.70595485,0.0014624446710793867
4.238e-07,23.69872650987608,2.5364524864743537e-07,4.739467768417074e-11,436433098772059.75,93432566.29583904,0.0014672666186042582
4.2400000000000004e-07,23.860056194794833,2.5515676928112795e-07,4.72403675996413e-11,433847717103061.0,93511358.76981643,0.0014720594271163106
4.242e-07,24.02217655728536,2.566690263021128e-07,4.7087925479922734e-11,431291548695521.56,93592035.25013573,0.0014768250619820258
4.244e-07,24.184974625089197,2.5818078511778744e-07,4.693726163281848e-11,428766152390103.44,93674572.31201582,0.0014815655205771352
4.2460000000000003e-07,24.348333151326937,2.596907729083014e-07,4.67882876433128e-11,426273065524351.3,93758945.99044727,0.001486282827780105
4.248e-07,24.51213067493119,2.611976797105143e-07,4.664091647124081e-11,423813802552525.9,93845131.78715068,0.0014909790314341538
4.25e-07,24.67624159911666,2.6270015969117066e-07,4.6495062547486446e-11,421389853687745.6,93933104.67769018,0.0014956561977837648
4.252e-07,24.840536288680457,2.641968326154248e-07,4.6350641868650293e-11,419002683567928.5,94022839.11873883,0.0015003164068915814
4.2540000000000004e-07,25.00488118686405,2.656862855160486e-07,4.6207572090108825e-11,416653729946941.9,94114309.05549563,0.0015049617480416752
4.256e-07,25.169138952427755,2.6716707456767847e-07,4.606577261737147e-11,414344402412384.9,94207487.92925057,0.0015095943151351384
4.258e-07,25.333168617501894,2.686377271694154e-07,4.5925164695625314e-11,412076081131366.06,94302348.68509598,0.0015142162020839987
4.2600000000000003e-07,25.49682576667576,2.7009674423789536e-07,4.578567149734424e-11,409850115625638.1,94398863.7797822,0.0015188294982094025
4.262e-07,25.659962737674395,2.7154260271168145e-07,4.564721820782397e-11,407667823577385.4,94497005.18971469,0.0015234362836500865
4.264e-07,25.822428843847568,2.7297375826642295e-07,4.5509732108494386e-11,405530489666948.75,94596744.4190911,0.0015280386247870739
4.266e-07,25.98407061855814,2.7438864823872753e-07,4.5373142657850555e-11,403439364443742.25,94698052.50817485,0.0015326385696905179
4.2680000000000004e-07,26.144732081413235,2.757856947551333e-07,4.523738156983237e-11,401395663231547.25,94800900.04170382,0.001537238143594649
4.27e-07,26.304255026122235,2.771633080608807e-07,4.510238288947823e-11,399400565069363.4,94905257.15743129,0.001541839344406674
4.272e-07,26.462479329600303,2.785198900414552e-07,4.496808306567136e-11,397455211688950.56,95011093.5547964,0.0015464441382554558
4.2740000000000003e-07,26.619243281765094,2.798538379281072e-07,4.48344210207919e-11,395560706530127.3,95118378.50372244,0.0015510544550858042
4.276e-07,26.774383935290217,2.811635481766969e-07,4.470133821708822e-11,393718113794897.2,95227080.85353898,0.0015556721843040535
4.278e-07,26.927737474399354,2.824474205074097e-07,4.4568778719577016e-11,391928457541377.06,95337169.04202683,0.0015602991704806552
4.28e-07,27.079139601592775,2.837038620910089e-07,4.443668925528561e-11,390192720818508.94,95448611.10458237,0.0015649372091153316
4.2820000000000004e-07,27.22842594101304,2.849312918655078e-07,4.430501926864978e-11,388511844842445.75,95561374.68349843,0.001569588042470367
4.284e-07,27.37543245696707,2.861281449653467e-07,4.417372097288724e-11,386886728215487.9,95675427.03735957,0.0015742533554774399
4.286e-07,27.51999588593916,2.872928772434706e-07,4.4042749397170766e-11,385318226188379.0,95790735.0505489,0.001578934771723381
4.2880000000000003e-07,27.66195418024988,2.884239698650814e-07,4.391206242943466e-11,383807149966740.0,95907265.24286297,0.0015836338495200848
4.29e-07,27.80114696134832,2.895199339503636e-07,4.378162085465552e-11,382354266062344.75,96024983.77923316,0.0015883520780637635
4.292e-07,27.93741598056383,2.9057931524211595e-07,4.365138838846031e-11,380960295689915.94,96143856.47954972,0.001593090873688583
4.294e-07,28.07060558499867,2.9160069877304645e-07,4.352133170592735e-11,379625914210059.06,96263848.82858628,0.001597851576219596
4.2960000000000004e-07,28.200563186113115,2.9258271350649864e-07,4.339142046545788e-11,378351750618893.06,96384925.98602119,0.0016026354454298246
4.298e-07,28.32713972844273,2.935240369235912e-07,4.326162732761227e-11,377138387084893.1,96507052.79655416,0.0016074436576061653
4.3e-07,28.450190155794054,2.944233995291933e-07,4.313192796882116e-11,375986358533413.75,96630193.80011302,0.001612277302228661
4.3020000000000003e-07,28.56957387219885,2.9527958924887255e-07,4.300230108989723e-11,374896152279284.2,96754313.24215016,0.001617137378767609
4.304e-07,28.685155194857998,2.960914556888837e-07,4.2872728419294474e-11,373868207707845.2,96879375.08402388,0.0016220247936027273
4.306e-07,28.79680379628959,2.96857914231519e-07,4.274319471107728e-11,372902916004710.8,97005343.01346269,0.00162694035706858
4.308e-07,28.904395132899612,2.975779499386244e-07,4.261368773758499e-11,372000619934513.25,97132180.45510818,0.0016318847806301808
4.3100000000000003e-07,29.007810857230947,2.9825062123689276e-07,4.248419827679461e-11,371161613668808.75,97259850.58113523,0.0016368586741926548
4.312e-07,29.106939211206743,2.988750633596067e-07,4.23547200944072e-11,370386142663285.6,97388316.32194504,0.001641862543548588
4.314e-07,29.201675397775364,2.9945049152084784e-07,4.222524992070259e-11,369674403584349.75,97517540.3769285,0.001646896787966597
4.3160000000000003e-07,29.291921928482015,2.999762037998053e-07,4.2095787422230085e-11,369026544285115.9,97647485.22529648,0.001651961697924402
4.3180000000000004e-07,29.377588944637168,3.0045158371468124e-07,4.196633516842091e-11,368442663830766.9,97778113.13697417,0.0016570574529896113
4.32e-07,29.45859450992179,3.00876102467786e-07,4.183689859323069e-11,367922812573198.9,97909386.18355656,0.0016621841198511723
4.322e-07,29.534864872463118,3.0124932084572947e-07,4.1707485951940574e-11,367466992274811.25,98041266.24932043,0.0016673416505042617
4.3240000000000003e-07,29.6063346946321,3.015708907611174e-07,4.15781082732628e-11,367075156281239.56,98173715.04229197,0.0016725298805912888
4.326e-07,29.67294724904704,3.0184055642481176e-07,4.144877930691911e-11,366747209742786.4,98306694.1053647,0.0016777485279013602
4.328e-07,29.73465457952163,3.020581551406064e-07,4.131951546687453e-11,366483009884238.9,98440164.82746615,0.0016829971910305185
4.33e-07,29.791417625959493,3.0222361771703976e-07,4.119033577043001e-11,366282366322717.9,98574088.45476809,0.0016882753482047163
4.3320000000000004e-07,29.843206312475345,3.023369684940099e-07,4.106126177338989e-11,366145041433142.0,98708426.10193937,0.0016935823562674423
4.334e-07,29.88999959830409,3.023983249848083e-07,4.093231750153814e-11,366070750760841.75,98843138.76343621,0.0016989174498335876
4.336e-07,29.931785491346837,3.0240789713713724e-07,4.0803529378668317e-11,366059163480805.0,98978187.32482783,0.0017042797406110427
4.3380000000000003e-07,29.96856102448896,3.0236598621956605e-07,4.0674926151426746e-11,366109902902982.3,99113532.57415333,0.0017096682168912221
4.34e-07,30.00033219510827,3.022729833426893e-07,4.0546538811236955e-11,366222547023030.7,99249135.21330702,0.001715081743209598
4.342e-07,30.027113868467843,3.02129367626938e-07,4.041840051358413e-11,366396629117823.6,99384955.86944926,0.0017205190601770632
4.344e-07,30.04892964595273,3.0193570403153133e-07,4.029054649494619e-11,366631638385003.44,99520955.10643783,0.001725978784482724
4.3460000000000004e-07,30.065811699363532,3.0169264086141265e-07,4.016301398766268e-11,366927020625807.2,99657093.4362789,0.0017314594090685892
4.348e-07,30.077800572715002,3.0140090697116985e-07,4.0035842133038814e-11,367282178970346.0,99793331.33059238,0.0017369593034763423
4.35e-07,30.084944953205582,3.010613086868615e-07,3.990907189298472e-11,367696474644470.94,99929629.23208906,0.0017424767143661855
4.3520000000000003e-07,30.087301413220786,3.0067472646835426e-07,3.9782745960489536e-11,368169227777316.3,100065947.56605673,0.001748009766207606
4.354e-07,30.084934125406498,3.00242111336201e-07,3.9656908669232976e-11,368699718248559.0,100202246.75185022,0.0017535564621415792
4.356e-07,30.077914552998642,2.997644810882378e-07,3.9531605902631466e-11,369287186574398.44,100338487.21438414,0.0017591146850136651
4.358e-07,30.06632111771999,2.992429163319667e-07,3.9406885002616134e-11,369930834831208.2,100474629.39562373,0.001764682198577108
4.3600000000000004e-07,30.050238847652988,2.986785563593872e-07,3.9282794678432584e-11,370629827615780.3,100610633.76607062,0.0017702566488649485
4.362e-07,30.02975900757105,2.9807259489128174e-07,3.915938491574795e-11,371383293041032.3,100746460.83624035,0.0017758355657298932
4.364e-07,30.004978714256556,2.9742627571801794e-07,3.903670688634242e-11,372190323766017.2,100882071.1681287,0.0017814163645505081
4.3660000000000003e-07,29.97600053935536,2.9674088826375165e-07,3.8914812858655006e-11,373049978059030.7,101017425.38666208,0.0017869963481020681
4.368e-07,29.942932102314348,2.9601776310047194e-07,3.879375610944181e-11,373961280892583.44,101152484.19113065,0.0017925727085902562
4.37e-07,29.905885655921455,2.952582674376803e-07,3.867359083679598e-11,374923225068964.0,101287208.3665994,0.0017981425298456508
4.372e-07,29.864977666919348,2.944638006126266e-07,3.855437207476681e-11,375934772375083.7,101421558.79529437,0.0018037027896767401
4.3740000000000004e-07,29.82032839409375,2.9363578960496416e-07,3.843615560980154e-11,376994854765273.25,101555496.46796057,0.0018092503623790739
4.376e-07,29.772061466151126,2.9277568459847374e-07,3.831899789922179e-11,378102375570662.0,101688982.49518885,0.001814782021397908
4.378e-07,29.720303461595336,2.9188495461114016e-07,3.8202955991932864e-11,379256210733736.9,101821978.11870712,0.0018202944421415051
4.3800000000000003e-07,29.665183492694194,2.9096508321336974e-07,3.808808745154795e-11,380455210066673.8,101954444.7226343,0.001825784204942159
4.382e-07,29.60683279549731,2.9001756435257625e-07,3.797445028209774e-11,381698198531976.1,102086343.84469242,0.0018312477981616859
4.384e-07,29.545384327723838,2.8904389830068474e-07,3.7862102856477687e-11,382983977543965.94,102217637.18737476,0.001836681621438109
4.386e-07,29.48097237619173,2.8804558773942056e-07,3.7751103847773425e-11,384311326289619.9,102348286.62906508,0.0018420819890699286
4.3880000000000004e-07,29.41373217530455,2.8702413399649874e-07,3.7641512163586604e-11,385679003067247.9,102478254.23510677,0.0018474451335343445
4.39e-07,29.34379953795405,2.859810334440983e-07,3.753338688347068e-11,387085746641476.4,102607502.26881738,0.001852767209135525
4.392e-07,29.271310500036552,2.8491777406927137e-07,3.742678719956963e-11,388530277612992.2,102735993.20244545,0.0018580442957789214
4.3940000000000003e-07,29.19640097962191,2.838358322242401e-07,3.7321772360538853e-11,390011299801476.9,102863689.72806698,0.001863272402867415
4.396e-07,29.1192064516545,2.827366695628668e-07,3.7218401618811783e-11,391527501640163.9,102990554.76841788,0.0018684474733150032
4.398e-07,29.039861638911855,2.816217301679947e-07,3.711673418126246e-11,393077557580428.4,103116551.48765977,0.0018735653876735176
4.4e-07,28.958500219796115,2.8049243787282964e-07,3.701682916330049e-11,394660129504806.4,103241643.30207501,0.0018786219683677393
4.4020000000000004e-07,28.875254553388693,2.793501937780758e-07,3.6918745546420345e-11,396273868146848.56,103365793.89068927,0.001883612984034193
4.404e-07,28.790255422060966,2.781963739651911e-07,3.682254213921553e-11,397917414516196.6,103488967.20581737,0.001888534153958698
4.406e-07,28.703631791805147,2.770323274048719e-07,3.672827754185527e-11,399589401327258.4,103611127.48352979,0.0018933811526076583
4.4080000000000003e-07,28.61551059032574,2.7585937405869704e-07,3.663601011400914e-11,401288454429884.1,103732239.25403734,0.0018981496142479897
4.41e-07,28.526016502821847,2.7467880317083344e-07,3.654579794619533e-11,403013194240407.7,103852267.35198933,0.0019028351376503892
4.412e-07,28.435271785284943,2.7349187174572585e-07,3.6457698834516075e-11,404762237171459.25,103971176.92668441,0.0019074332908706458
4.414e-07,28.343396095045094,2.722998032068787e-07,3.637177025873619e-11,406534197058918.0,104088933.4521895,0.0019119396161034763
4.4160000000000004e-07,28.250506338211693,2.711037862310703e-07,3.6288069363649433e-11,408327686584419.06,104205502.73736458,0.0019163496346033856
4.418e-07,28.156716533582262,2.69904973751727e-07,3.620665294367072e-11,410141318691803.06,104320850.93579014,0.001920658851666881
4.42e-07,28.062137692525507,2.687044821246291e-07,3.6127577430583536e-11,411973707995931.0,104434944.555595,0.0019248627616703354
4.4220000000000003e-07,27.966877714290053,2.675033904486968e-07,3.6050898884365847e-11,413823472182272.3,104547750.46918027,0.0019289568531576755
4.424e-07,27.871041296141147,2.6630274003423314e-07,3.597667298701028e-11,415689233395718.9,104659235.92283854,0.001932936613972065
4.426e-07,27.774729857689586,2.65103534010753e-07,3.590495503924973e-11,417569619617065.1,104769368.54626389,0.0019367975364256303
4.428e-07,27.678041478746216,2.6390673706633905e-07,3.583579996009448e-11,419463266025614.94,104878116.36195064,0.0019405351225012407
4.4300000000000004e-07,27.58107085001039,2.6271327531034204e-07,3.576926228908149e-11,421368816346419.25,104985447.79447858,0.0019441448890803396
4.432e-07,27.48390923588618,2.615240362512239e-07,3.5705396191134346e-11,423284924180622.94,105091331.67968059,0.001947622373190718
4.434e-07,27.386644448708072,2.603398688813338e-07,3.56442554639276e-11,425210254317474.06,105195737.27369145,0.0019509631372681589
4.4360000000000003e-07,27.289360833656087,2.591615838605113e-07,3.558589354764765e-11,427143484026519.56,105298634.26187447,0.0019541627744257884
4.438e-07,27.192139263639213,2.5798995379050936e-07,3.5530363537039525e-11,429083304328581.44,105399992.76762351,0.0019572169137250035
4.44e-07,27.095057143433927,2.568257135724166e-07,3.5477718195627237e-11,431028421244106.44,105499783.36103791,0.0019601212254418054
4.442e-07,26.99818842237476,2.556695608394603e-07,3.5428009971994866e-11,432977557017512.4,105597977.06746727,0.0019628714263223474
4.4440000000000004e-07,26.901603614907632,2.545221564578048e-07,3.538129101801322e-11,434929451316202.94,105694545.3759246,0.0019654632848215624
4.446e-07,26.805369828334946,2.533841250882337e-07,3.533761320889796e-11,436882862402930.8,105789460.24736455,0.0019678926263186807
4.448e-07,26.70955079710161,2.522560558018889e-07,3.5297028164983636e-11,438836568280240.56,105882694.12282474,0.0019701553383035114
4.4500000000000003e-07,26.614206922994704,2.5113850274355297e-07,3.52595872750992e-11,440789367805735.94,105974219.93142755,0.0019722473755273487
4.4520000000000004e-07,26.519395320652944,2.5003198583626776e-07,3.522534172142993e-11,442740081776979.6,106064011.09824021,0.001974164765112433
4.454e-07,26.425169867810066,2.489369915214255e-07,3.519434250575194e-11,444687553984849.06,106152041.55199131,0.0019759036116139012
4.456e-07,26.33158125972328,2.4785397352880367e-07,3.5166640476926206e-11,446630652234208.44,106238285.73264018,0.001977460102028211
4.4580000000000003e-07,26.238677067265705,2.4678335367134e-07,3.5142286359539025e-11,448568269330824.75,106322718.59879874,0.0019788305107421044
4.46e-07,26.14650179819264,2.4572552265980703e-07,3.512133078357819e-11,450499324033452.1,106405315.63500215,0.001980011204416185
4.462e-07,26.055096961118384,2.4468084093285556e-07,3.5103824315033686e-11,452422761970102.4,106486052.85882735,0.0019809986467973005
4.4640000000000003e-07,25.964501131772355,2.43649639498256e-07,3.508981748731407e-11,454337556517509.94,106564906.827856,0.0019817894034539437
4.4660000000000004e-07,25.874750021130435,2.426322207814693e-07,3.5079360833369716e-11,456242709642891.4,106641854.6464814,0.0019823801464290206
4.468e-07,25.78587654504771,2.4162885947801396e-07,3.507250491841591e-11,458137252707110.7,106716873.97255622,0.0019827676588043595
4.47e-07,25.697910895046338,2.406398034063932e-07,3.5069300373149076e-11,460020247228429.94,106789943.02387968,0.0019829488391714797
4.4720000000000003e-07,25.610880609941113,2.396652743586575e-07,3.5069797927350764e-11,461890785606049.94,106861040.58452205,0.001982920706003199
4.474e-07,25.524810648010614,2.387054689459459e-07,3.507404844377445e-11,463747991802723.6,106930146.0109849,0.0019826804019207876
4.476e-07,25.43972345944958,2.3776055943664297e-07,3.508210295221074e-11,465591021985748.06,106997239.23819505,0.0019822251978514793
4.478e-07,25.35563905886256,2.3683069458504297e-07,3.509401268362708e-11,467419065125695.1,107062300.78533028,0.0019815524970712654
4.4800000000000004e-07,25.272575097582767,2.3591600044865573e-07,3.5109829104278175e-11,469231343552308.75,107125311.76147604,0.0019806598391280206
4.482e-07,25.190546935623583,2.3501658119253618e-07,3.512960394968307e-11,471027113467028.25,107186253.87111028,0.001979544903640147
4.484e-07,25.10956771309249,2.34132519879239e-07,3.515338925836465e-11,472805665411649.3,107245109.41941562,0.001978205513966051
4.4860000000000003e-07,25.02964842091664,2.332638792431999e-07,3.518123740524673e-11,474566324692711.3,107301861.31741743,0.0019766396407398966
4.488e-07,24.9507979707511,2.3241070244856163e-07,3.521320113460244e-11,476308451761210.6,107356493.08694527,0.0019748454052692594
4.49e-07,24.87302326395713,2.3157301382962255e-07,3.524933359244717e-11,478031442547340.94,107408988.86541761,0.001972821082790407
4.492e-07,24.796329259557652,2.3075081961328116e-07,3.528968835826664e-11,479734728749966.2,107459333.41044769,0.0019705651055771352
4.4940000000000004e-07,24.720719041091208,2.2994410862298776e-07,3.533431947596941e-11,481417778080630.0,107507512.10426903,0.0019680760658992154
4.496e-07,24.64619388230277,2.291528529638778e-07,3.538328148395028e-11,483080094461925.5,107553510.95797983,0.001965352718826694
4.498e-07,24.572753311622748,2.283770086888855e-07,3.543662944414833e-11,484721218180126.0,107597316.61560483,0.0019623939848764363
4.5000000000000003e-07,24.500395175399774,2.27616516445773e-07,3.5494418969979506e-11,486340725992011.25,107638916.35797313,0.0019591989524975185
4.502e-07,24.42911569986371,2.2687130210510986e-07,3.555670625302076e-11,487938231185902.44,107678298.10641128,0.0019557668803921904
4.504e-07,24.358909551807635,2.261412773693544e-07,3.5623548088317656e-11,489513383596953.4,107715450.4262504,0.0019520971996693662
4.506e-07,24.289769897987572,2.2542634036327995e-07,3.569500189818267e-11,491065869576800.25,107750362.53014633,0.0019481895158277721
4.5080000000000004e-07,24.221688463247304,2.2472637620606767e-07,3.577112575434643e-11,492595411917744.0,107783024.28121169,0.0019440436105660514
4.51e-07,24.154655587384905,2.2404125756547172e-07,3.585197839831824e-11,494101769731675.94,107813426.19595934,0.0019396594434173244
4.512e-07,24.088660280785216,2.233708451945321e-07,3.5937619259804896e-11,495584738284007.8,107841559.44705574,0.001935037153205942
4.5140000000000003e-07,24.02369027884839,2.227149884513597e-07,3.6028108473031464e-11,497044148782946.3,107867415.86588411,0.001930177059324276
4.516e-07,23.959732095252154,2.2207352580258882e-07,3.612350689079811e-11,498479868124466.6,107890987.94491623,0.001925079662827705
4.518e-07,23.896771074089077,2.2144628531111995e-07,3.6223876096100894e-11,499891798593430.9,107912268.83989233,0.0019197456473460384
4.52e-07,23.834791440926452,2.2083308510883287e-07,3.6329278411133433e-11,501279877521314.6,107931252.37180825,0.0019141758798099484
4.5220000000000004e-07,23.77377635283889,2.202337338549694e-07,3.643977690347891e-11,502644076901082.56,107947933.02870959,0.0019083714109910713
4.524e-07,23.71370794746805,2.1964803118092215e-07,3.655543538929034e-11,503984402959787.44,107962305.96729217,0.0019023334758547356
4.526e-07,23.654567391166033,2.190757681221827e-07,3.667631843324703e-11,505300895689525.9,107974367.01430818,0.0018960634937244254
4.5280000000000003e-07,23.59633492628192,2.1851672753822555e-07,3.680249134506277e-11,506593628337423.2,107984112.6677781,0.0018895630682573643
4.53e-07,23.538989917651097,2.1797068452110582e-07,3.693402017231077e-11,507862706855384.25,107991540.09800729,0.0018828339872307245
4.532e-07,23.482510898349737,2.1743740679356765e-07,3.707097168931605e-11,509108269310377.7,107996647.14840782,0.0018758782221382586
4.534e-07,23.426875614776442,2.169166550974587e-07,3.721341338185265e-11,510330485256070.5,107999432.33612448,0.0018686979275973597
4.5360000000000004e-07,23.372061071122797,2.164081835732386e-07,3.7361413427370743e-11,511529555066692.3,107999894.85246539,0.0018612954405666801
4.538e-07,23.318043573295643,2.1591174013137845e-07,3.751504067046071e-11,512705709234019.94,107998034.5631369,0.0018536732793748001
4.54e-07,23.26479877235129,2.1542706681642437e-07,3.767436459324926e-11,513859207628453.8,107993852.00828238,0.0018458341425604998
4.5420000000000003e-07,23.21230170750208,2.1495390016449543e-07,3.7839455280404415e-11,514990338725169.6,107987348.40232559,0.0018377809075254923
4.544e-07,23.1605268487535,2.144919715549693e-07,3.801038337840939e-11,516099418796382.2,107978525.63361792,0.001829516629000703
4.546e-07,23.10944813922789,2.1404100755708367e-07,3.818722004875087e-11,517186791070803.9,107967386.26389018,0.0018210445373272627
4.548e-07,23.059039037229095,2.1360073027216922e-07,3.83700369146452e-11,518252824861400.7,107953933.52750881,0.0018123680365537886
4.5500000000000004e-07,23.009272558098782,2.131708576721945e-07,3.8558906000912395e-11,519297914662606.1,107938171.3305367,0.0018034907023515244
4.552e-07,22.960121315913064,2.1275110393528346e-07,3.875389966658551e-11,520322479218172.56,107920104.24959901,0.0017944162797492974
4.554e-07,22.91155756506404,2.1234117977882998e-07,3.8955090529826886e-11,521326960560884.56,107899737.53055449,0.001785148680690306
4.5560000000000003e-07,22.86355324176763,2.1194079279080472e-07,3.916255138470074e-11,522311823025381.25,107877077.08697213,0.0017756919814131075
4.558e-07,22.81608000553495,2.1154964775980994e-07,3.9376355109335725e-11,523277552235378.2,107852129.4984143,0.0017660504196591964
4.56e-07,22.769109280640297,2.11167447004402e-07,3.959657456498911e-11,524224654066600.44,107824902.0085262,0.0017562283917098985
4.562e-07,22.72261229761475,2.1079389070216292e-07,3.982328248550511e-11,525153653586763.8,107795402.52293278,0.0017462304492554905
4.5640000000000004e-07,22.67656013478915,2.104286772189544e-07,4.0056551356644163e-11,526065093973981.2,107763639.60694306,0.0017360612960995012
4.566e-07,22.630923759906153,2.1007150343875036e-07,4.029645328473607e-11,526959535414977.75,107729622.4830635,0.0017257257847015845
4.568e-07,22.585674071815045,2.0972206509439084e-07,4.0543059854098774e-11,527837553984540.4,107693361.02831993,0.0017152289125622463
4.5700000000000003e-07,22.540781942259013,2.093800570995595e-07,4.079644197264078e-11,528699740507629.8,107654865.77138981,0.001704575818453182
4.572e-07,22.4962182577581,2.09045173882231e-07,4.1056669705055675e-11,529546699405622.25,107614147.8895452,0.0016937717784968988
4.574e-07,22.45195396158643,2.0871710971978864e-07,4.1323812092999176e-11,530379047528149.7,107571219.20540729,0.001682822202099623
4.576e-07,22.407960095836465,2.0839555907595908e-07,4.159793696162649e-11,531197412972032.4,107526092.18351376,0.001671732627741663
4.5780000000000004e-07,22.36420784355739,2.0808021693965763e-07,4.187911071186086e-11,532002433888811.75,107478779.9266997,0.0016605087186294248
4.58e-07,22.32066857094916,2.0777077916578482e-07,4.2167398097752016e-11,532794757282401.7,107429296.17229289,0.001649156258213598
4.582e-07,22.27731386958821,2.074669428179608e-07,4.2462861988281635e-11,533575037798389.75,107377655.28812535,0.0016376811455780546
4.5840000000000003e-07,22.234115598655187,2.0716840651313032e-07,4.276556311296821e-11,534343936506523.7,107323872.2683615,0.00162608939070428
4.586e-07,22.191045927129203,2.0687487076791423e-07,4.3075559790629986e-11,535102119677935.2,107267962.72914447,0.0016143871096161292
4.588e-07,22.14807737590785,2.0658603834653015e-07,4.339290764066868e-11,535850257558652.3,107209942.90406194,0.0016025805194099753
4.59e-07,22.10518285980722,2.0630161461005438e-07,4.371765927624788e-11,536589023140949.94,107149829.63943265,0.0015906759331754485
4.5920000000000004e-07,22.062335729389904,2.0602130786673524e-07,4.404986397876287e-11,537319090934106.25,107087640.38941503,0.0015786797548119223
4.594e-07,22.0195098125651,2.0574482972302548e-07,4.4389567353015046e-11,538041135736113.0,107023393.21093927,0.0015665984737462987
4.596e-07,21.97667945589909,2.0547189543494196e-07,4.473681096254443e-11,538755831407902.8,106957106.75846426,0.0015544386595574345
4.5980000000000003e-07,21.933819565570616,2.0520222425931615e-07,4.50916319446043e-11,539463849651639.75,106888800.27856143,0.0015422069565129853
4.6000000000000004e-07,21.890905647900695,2.0493553980444895e-07,4.5454062604318324e-11,540165858794623.0,106818493.60432634,0.0015299100780242524
4.602e-07,21.847913849382664,2.0467157037963614e-07,4.5824129987612695e-11,540862522580341.06,106746207.14961998,0.0015175548010249254
4.604e-07,21.80482099613474,2.0441004934299025e-07,4.620185543258888e-11,541554498968208.2,106671961.90314156,0.0015051479602795524
4.6060000000000003e-07,21.761604632694045,2.0415071544694264e-07,4.6587254099078345e-11,542242438943495.9,106595779.42233436,0.0014926964426278057
4.608e-07,21.718243060067756,2.0389331318076862e-07,4.6980334476219674e-11,542926985338973.0,106517681.82712644,0.0014802071811704897
4.61e-07,21.674715372955216,2.036375931094483e-07,4.7381097868000433e-11,543608771669741.5,106437691.79350786,0.0014676871494034597
4.6120000000000003e-07,21.63100149605266,2.033833122081429e-07,4.778953785682802e-11,544288420982740.44,106355832.54694687,0.0014551433553056665
4.6140000000000004e-07,21.58708221935042,2.0313023419153754e-07,4.820563974533443e-11,544966544722378.7,106272127.85564615,0.0014425828353874792
4.616e-07,21.542939232331832,2.0287812983727911e-07,4.8629379976770037e-11,545643741613733.5,106186602.02364154,0.0014300126487055982
4.618e-07,21.498555156982754,2.0262677730272096e-07,4.9060725534512274e-11,546320596564723.0,106099279.88374546,0.001417439870850928
4.6200000000000003e-07,21.453913579520027,2.023759624341663e-07,4.9499633321410687e-11,546997679588655.2,106010186.79033618,0.0014048715879156348
4.622e-07,21.408999080748938,2.0212547906779811e-07,4.994604951989021e-11,547675544748509.56,105919348.61199664,0.0013923148904459095
4.624e-07,21.36379726495973,2.0187512932147356e-07,5.039990893397379e-11,548354729124300.75,105826791.72400288,0.001379776867386672
4.626e-07,21.318294787276137,2.0162472387656288e-07,5.0861134314625146e-11,549035751804829.25,105732543.00066622,0.001367264600024767
4.6280000000000004e-07,21.27247937937052,2.0137408224901733e-07,5.132963567009249e-11,549719112905106.75,105636629.8075299,0.001354785155936927
4.63e-07,21.226339873463523,2.01123033048859e-07,5.180530956321927e-11,550405292610705.4,105539079.99342367,0.0013423455829489792
4.632e-07,21.17986622452942,2.0087141422730245e-07,5.228803839800533e-11,551094750250250.25,105439921.88237728,0.0013299529031126308
4.6340000000000003e-07,21.13304953063296,2.006190733107374e-07,5.277768969803089e-11,551787923397236.8,105339184.26539701,0.0013176141067062742
4.636e-07,21.08588205132714,2.0036586762082491e-07,5.3274115379716e-11,552485227002327.7,105236896.3921058,0.0013053361462660596
4.638e-07,21.03835722404741,2.0011166447999243e-07,5.3777151023755125e-11,553187052557237.3,105133087.96225053,0.001293125930653588
4.64e-07,20.990469678443073,1.9985634140164723e-07,5.4286615148455945e-11,553893767291275.94,105027789.11707862,0.0012809903191665435
4.6420000000000004e-07,20.942215248592422,1.9959978626446524e-07,5.480230848912387e-11,554605713401595.94,104921030.43058603,0.0012689361156983563
4.644e-07,20.893590983055557,1.9934189747016076e-07,5.532401328803973e-11,555323207318121.56,104812842.90064056,0.001256970062953217
4.646e-07,20.844595152724548,1.9908258408418648e-07,5.585149260001715e-11,556046539004126.1,104703257.93998107,0.0012450988367224145
4.6480000000000003e-07,20.795227256438956,1.9882176595886848e-07,5.638448961895129e-11,556775971293358.56,104592307.3670968,0.00123332904022809
4.65e-07,20.74548802434192,1.9855937383853856e-07,5.692272703120438e-11,557511739264581.2,104480023.39698863,0.0012216671985404097
4.652e-07,20.695379418959472,1.9829534944627933e-07,5.746590640211147e-11,558254049654349.44,104366438.63181525,0.0012101197530739161
4.654e-07,20.644904633994937,1.9802964555197094e-07,5.801370760229723e-11,559003080308790.9,104251586.05142726,0.0011986930561689911
4.6560000000000004e-07,20.594068090837055,1.9776222602138125e-07,5.856578828091025e-11,559758979675124.9,104135499.0037911,0.001187393365764001
4.658e-07,20.54287543279025,1.9749306584612011e-07,5.912178339325106e-11,560521866333589.94,104018211.19530627,0.001176226840163793
4.66e-07,20.491333517042925,1.9722215115433902e-07,5.968130479062291e-11,561291828570415.25,103899756.68101874,0.001165199532909979
4.6620000000000003e-07,20.439450404398727,1.9694947920213506e-07,6.024394088053392e-11,562068923992411.1,103780169.85473272,0.0011543173877584416
4.664e-07,20.387235346803628,1.9667505834568312e-07,6.080925636564169e-11,562853179183712.0,103659485.43902448,0.0011435862337692325
4.666e-07,20.334698772710293,1.9639890799419822e-07,6.137679207001967e-11,563644589405150.6,103537738.47515994,0.001133011780514022
4.668e-07,20.281852270329576,1.9612105854389855e-07,6.194606486144668e-11,564443118336685.6,103414964.31292109,0.001122599613406143
4.6700000000000004e-07,20.228708568826054,1.9584155129321128e-07,6.251656767847056e-11,565248697863266.6,103291198.6003415,0.001112355189157966
4.672e-07,20.175281517523114,1.9556043833953452e-07,6.308776967093224e-11,566061227904452.1,103166477.27335595,0.0011022838313704537
4.674e-07,20.121586063189962,1.9527778245793864e-07,6.365911646249502e-11,566880576288055.6,103040836.54536584,0.0010923907262593252
4.6760000000000003e-07,20.067638225490157,1.949936569622545e-07,6.423003054344088e-11,567706578668034.1,102914312.8967252,0.0010826809185223614
4.678e-07,20.013455070677512,1.9470814554906446e-07,6.479991180161477e-11,568539038486783.5,102786943.0641479,0.0010731593073520047
4.68e-07,19.959054683631667,1.9442134212516935e-07,6.536813819886407e-11,569377726981954.4,102658764.03004119,0.00106383064259738
4.682e-07,19.90445613833143,1.9413335061917008e-07,6.593406659965438e-11,570222383237837.1,102529813.01176763,0.0010546995210796906
4.6840000000000004e-07,19.84967946686863,1.9384428477785092e-07,6.64970337577365e-11,571072714281326.8,102400127.45083882,0.0010457703830646626
4.686e-07,19.794745627110345,1.935542679481077e-07,6.705635746576755e-11,571928395222411.1,102269745.00204438,0.0010370475088956714
4.688e-07,19.73967646912089,1.9326343284520919e-07,6.761133787167992e-11,572789069439081.6,102138703.52251801,0.0010285350157908958
4.6900000000000003e-07,19.684494700459403,1.9297192130822673e-07,6.81612589643168e-11,573654348806499.2,102007041.06074639,0.0010202368548077614
4.692e-07,19.6292238504701,1.9267988404349875e-07,6.870539022944473e-11,574523813970215.6,101874795.84552103,0.0010121568079776253
4.694e-07,19.573888233686162,1.9238748035703813e-07,6.924298847568893e-11,575397014663174.2,101742006.2748386,0.0010042984856135646
4.696e-07,19.51851291246892,1.92094877876815e-07,6.977329982824821e-11,576273470066172.5,101608710.90475193,0.000996665323793929
4.6980000000000004e-07,19.46312365900495,1.9180225226587035e-07,7.029556188644716e-11,577152669211423.1,101474948.43817459,0.0009892605820240154
4.7e-07,19.407746916784976,1.9150978692723923e-07,7.08090060392651e-11,578034071428777.8,101340757.7136442,0.0009820873410781978
4.702e-07,19.35240976168689,1.9121767270166972e-07,7.131285993101123e-11,578917106834148.6,101206177.69404483,0.0009751485010244463
4.7040000000000003e-07,19.297139862785755,1.909261075591382e-07,7.180635006726393e-11,579801176859594.2,101071247.4552941,0.0009684467794331611
4.706e-07,19.24196544301141,1.9063529628516018e-07,7.228870454914368e-11,580685654824494.8,100936006.17499752,0.0009619847097718625
4.708e-07,19.18691523977249,1.9034545016289637e-07,7.275915592192649e-11,581569886547192.0,100800493.12107253,0.0009557646399871902
4.71e-07,19.13201846566392,1.9005678665204907e-07,7.321694412199293e-11,582453190996409.6,100664747.64034767,0.0009497887312754325
4.7120000000000004e-07,19.0773047693706,1.8976952906552774e-07,7.366131950417911e-11,583334860981739.5,100528809.1471375,0.00094405895704253
4.714e-07,19.022804196878113,1.8948390624485317e-07,7.409154592976945e-11,584214163882409.8,100392717.1117986,0.0009385771020543786
4.716e-07,18.96854715309605,1.8920015223524278e-07,7.45069038937134e-11,585090342413528.0,100256511.04926929,0.0009333447617779682
4.7180000000000003e-07,18.91456436399648,1.8891850596130452e-07,7.490669366817031e-11,585962615428919.0,100120230.5075961,0.000928363341913747
4.72e-07,18.86088683936431,1.8863921090422805e-07,7.529023843825018e-11,586830178759662.4,99983915.05645114,0.0009236340581193157
4.722e-07,18.80754583625207,1.883625147813403e-07,7.565688740483468e-11,587692206087365.1,99847604.27564222,0.000919157935924391
4.724e-07,18.754572823226315,1.880886692288516e-07,7.600601882867789e-11,588547849851176.8,99711337.74362142,0.000914935810836779
4.7260000000000004e-07,18.701999445486702,1.878179294885834e-07,7.63370429896302e-11,589396242187510.1,99575155.02599294,0.0009109683286388033
4.728e-07,18.64985749093397,1.8755055409942823e-07,7.664940503480035e-11,590236495901385.8,99439095.66402517,0.0009072559458735403
4.73e-07,18.59817885725619,1.8728680459424807e-07,7.69425876898209e-11,591067705468287.9,99303199.16316932,0.000903798930519876
4.7320000000000003e-07,18.546995520097674,1.8702694520287618e-07,7.721611380807984e-11,591888948065369.1,99167504.9815894,0.0009005973628553062
4.7340000000000004e-07,18.496339502367576,1.867712425618363e-07,7.746954873386659e-11,592699284630820.4,99032052.51870507,0.0008976511365050913
4.736e-07,18.4462428447401,1.8651996543134977e-07,7.770250245681195e-11,593497760950173.4,98896881.10375184,0.000894959959676247
4.738e-07,18.3967375773912,1.8627338442014812e-07,7.791463153679369e-11,594283408768279.8,98762029.98436168,0.0008925233565745951
4.7400000000000004e-07,18.34785569301112,1.8603177171856393e-07,7.810564078058817e-11,595055246925669.4,98627538.3151673,0.0008903406690029364
4.742e-07,18.299629121125342,1.857954008403165e-07,7.827528465396167e-11,595812282517968.2,98493445.14643352,0.0008884110581381618
4.744e-07,18.252089703750602,1.8556454637336294e-07,7.842336841556051e-11,596553512077025.9,98359789.41271843,0.0008867335064849609
4.7460000000000003e-07,18.205269172407185,1.8533948374013426e-07,7.854974896184714e-11,597277922772364.5,98226609.9215692,0.0008853068200035736
4.7480000000000004e-07,18.15919912650164,1.8512048896742262e-07,7.865433537538593e-11,597984493631553.5,98093945.34225373,0.0008841296304088271
4.75e-07,18.11391101308964,1.849078384661416e-07,7.873708917195362e-11,598672196778071.6,97961834.19453292,0.0008832003976375403
4.752e-07,18.06943610802219,1.847018088211266e-07,7.879802424518902e-11,599339998685209.2,97830314.8374764,0.0008825174124811597
4.7540000000000004e-07,18.02580549847344,1.8450267659109928e-07,7.883720651073884e-11,599986861444535.4,97699425.4583244,0.0008820787993803332
4.756e-07,17.98305006684337,1.843107181188707e-07,7.885475325505288e-11,600611744047433.4,97569204.06140053,0.0008818825193779407
4.758e-07,17.941200476022996,1.8412620935181162e-07,7.885083219707601e-11,601213603678202.4,97439688.45707664,0.0008819263732269226
4.7600000000000003e-07,17.900287156005916,1.8394942567257733e-07,7.882566027402211e-11,601791397017188.5,97310916.25079447,0.0008822080046490875
4.7620000000000004e-07,17.860340291824695,1.8378064174002642e-07,7.877950216515376e-11,602344081552416.0,97182924.83214684,0.0008827249037409066
4.764e-07,17.821389812787075,1.8362013134023786e-07,7.871266856998454e-11,602870616898157.0,97055751.36402138,0.0008834744105221431
4.766e-07,17.783465382982424,1.8346816724748673e-07,7.862551425953367e-11,603369966118883.9,96929432.77180982,0.0008844537186230208
4.7680000000000003e-07,17.74659639302569,1.833250210950034e-07,7.851843592116832e-11,603841097057028.9,96804005.73268709,0.0008856598791054619
4.77e-07,17.71081195300192,1.8319096325530432e-07,7.83918698191382e-11,604282983662975.5,96679506.66496153,0.0008870898044138068
4.772000000000001e-07,17.676140886571968,1.830662627298499e-07,7.824628929413494e-11,604694607325698.8,96555971.71750085,0.000888740272450267
4.774e-07,17.642611726196503,1.8295118704775135e-07,7.80822021260804e-11,605074958202466.8,96433436.7592361,0.0008906079307702374
4.776e-07,17.610252709432725,1.828460021732184e-07,7.7900147784866e-11,605423036546018.5,96311937.36874665,0.0008926893008924671
4.778e-07,17.579091776256252,1.827509724214133e-07,7.770069459394113e-11,605737854027631.8,96191508.82393047,0.0008949807827189549
4.78e-07,17.54915656735725,1.8266636038234526e-07,7.748443683148794e-11,606018435054497.9,96072186.09176044,0.0008974786590593396
4.782e-07,17.520474423359268,1.8259242685242218e-07,7.725199179345308e-11,606263818079820.5,95954003.81813179,0.0009001791002544131
4.784e-07,17.49307238490602,1.825294307732447e-07,7.700399684194687e-11,606473056904071.5,95836996.3178024,0.0009030781688933138
4.786000000000001e-07,17.46697719356071,1.8247762917721304e-07,7.67411064615068e-11,606645221965835.4,95721197.56442948,0.0009061718246188351
4.788e-07,17.442215293460503,1.824372771394944e-07,7.646398934447943e-11,606779401620686.8,95606641.18070515,0.0009094559290152001
4.79e-07,17.41881283366752,1.824086277358798e-07,7.617332552533805e-11,606874703406560.8,95493360.42859356,0.0009129262505725858
4.792e-07,17.396795671157037,1.8239193200604445e-07,7.586980358216606e-11,606930255294084.1,95381388.1996738,0.0009165784697225459
4.794e-07,17.376189374381813,1.823874389217083e-07,7.555411792181365e-11,606945206920354.8,95270757.00558919,0.0009204081839385016
4.796e-07,17.357019227351376,1.8239539535918005e-07,7.522696616344186e-11,606918730804671.5,95161498.96860754,0.0009244109128953102
4.798e-07,17.339310234163996,1.8241604607575512e-07,7.48890466333088e-11,606850023544736.8,95053645.81229436,0.000928582103681928
4.800000000000001e-07,17.323087123928502,1.8244963368942607e-07,7.454105598177886e-11,606738306991873.2,94947228.85230143,0.0009329171360611086
4.802e-07,17.308374356012692,1.8249639866135029e-07,7.418368693166988e-11,606582829403822.4,94842278.98727472,0.0009374113277700168
4.804e-07,17.295196125554565,1.825565792805158e-07,7.38176261652168e-11,606382866573709.4,94738826.68988241,0.0009420599398556623
4.806e-07,17.283576369172184,1.8263041165002872e-07,7.344355235516415e-11,606137722933793.8,94636901.99796726,0.0009468581820389327
4.808e-07,17.273538770807875,1.8271812967444472e-07,7.306213434379696e-11,605846732632642.5,94536534.5058246,0.0009518012181010965
4.81e-07,17.265106767641996,1.8281996504755235e-07,7.267402947213139e-11,605509260584402.9,94437753.35561003,0.0009568841712865108
4.812e-07,17.25830355601135,1.829361472400144e-07,7.227988205998946e-11,605124703488869.1,94340587.22887745,0.0009621021297153738
4.814000000000001e-07,17.253152097267147,1.830669034862611e-07,7.188032203632131e-11,604692490821081.9,94245064.33825146,0.0009674501518002778
4.816e-07,17.249675123507163,1.8321245877002588e-07,7.147596371789524e-11,604212085789225.4,94151212.41923566,0.0009729232716603611
4.818e-07,17.24789514311655,1.8337303580790712e-07,7.106740473336668e-11,603682986259621.1,94059058.72215927,0.0009785165045268925
4.82e-07,17.24783444605156,1.8354885503032952e-07,7.06552250887695e-11,603104725647664.4,93968630.00426528,0.000984224852134046
4.822e-07,17.24951510880026,1.837401345592798e-07,7.02399863696201e-11,602476873773569.1,93879952.52194113,0.0009900433080888141
4.824e-07,17.252958998953925,1.8394709018217742e-07,6.982223107412603e-11,601799037681844.4,93793052.02309506,0.0009959668632138785
4.826e-07,17.258187779322707,1.8416993532124073e-07,6.940248207139844e-11,601070862423453.5,93707953.73968013,0.0010019905108573975
4.828000000000001e-07,17.265222911528696,1.8440888099769947e-07,6.898124217810446e-11,600292031799655.0,93624682.38036801,0.001008109252163699
4.83e-07,17.274085659009206,1.8466413579020067e-07,6.855899384664629e-11,599462269066564.1,93543262.12337473,0.0010143181012988805
4.832e-07,17.284797089362666,1.8493590578674716e-07,6.813619895770056e-11,598581337599519.4,93463716.6094402,0.0010206120906254724
4.834e-07,17.2973780759692,1.8522439452950292e-07,6.77132987098089e-11,597649041516383.0,93386068.93496439,0.0010269862758202665
4.836e-07,17.311849298817197,1.8552980295179334e-07,6.729071359863799e-11,596665226258948.0,93310341.64530092,0.001033435740929629
4.838e-07,17.328231244466757,1.8585232930661917e-07,6.686884347855186e-11,595629779131679.8,93236556.72821105,0.001039955603356547
4.84e-07,17.346544205080548,1.86192169086003e-07,6.644806769921344e-11,594542629797053.2,93164735.60747929,0.0010465410187739
4.842000000000001e-07,17.366808276451263,1.8654951493047157e-07,6.602874531008324e-11,593403750726815.1,93094899.13669305,0.0010531871859584218
4.844e-07,17.389043354955124,1.8692455652798104e-07,6.561121532587519e-11,592213157608529.9,93027067.59318767,0.0010598893515399808
4.846e-07,17.41326913335926,1.873174805015788e-07,6.519579704626547e-11,590970909706832.1,92961260.67215864,0.0010666428146609386
4.848e-07,17.43950509541034,1.8772847028508838e-07,6.47827904234319e-11,589677110178864.8,92897497.4809433,0.0010734429315403353
4.85e-07,17.467770509131416,1.8815770598610914e-07,6.437247647128981e-11,588331906343406.6,92835796.53347275,0.0010802851199379767
4.852e-07,17.498084418752367,1.886053642356017e-07,6.39651177106253e-11,586935489903281.9,92776175.74489632,0.0010871648635134216
4.854e-07,17.530465635199217,1.8907161802333923e-07,6.356095864465655e-11,585488097120663.4,92718652.4263797,0.0010940777160751342
4.856000000000001e-07,17.56493272506607,1.8955663651848765e-07,6.316022625990659e-11,583990008944968.9,92663243.28007868,0.0011010193057151146
4.858e-07,17.601503997993383,1.900605848745871e-07,6.276313054761794e-11,582441551093065.9,92609964.39428967,0.0011079853388245497
4.86e-07,17.640197492374917,1.9058362401819548e-07,6.236986504129678e-11,580843094081583.2,92558831.23877823,0.0011149716039861104
4.862e-07,17.68103095931492,1.9112591042045353e-07,6.198060736632443e-11,579195053211180.0,92509858.66028747,0.00112197397573866
4.864e-07,17.724021844757306,1.9168759585084105e-07,6.159551979791163e-11,577497888502648.8,92463060.87822708,0.0011289884182104045
4.866e-07,17.769187269706748,1.9226882711237983e-07,6.121474982401532e-11,575752104584831.5,92418451.48054488,0.0011360109886165088
4.868e-07,17.816544008462362,1.9286974575755798e-07,6.08384307101517e-11,573958250534334.2,92376043.41978133,0.0011430378406175445
4.870000000000001e-07,17.866108464783544,1.934904877842449e-07,6.046668206335728e-11,572116919667115.4,92335849.00930879,0.0011500652275351722
4.872e-07,17.917896645907764,1.941311833108798e-07,6.009961039284321e-11,570228749282062.6,92297879.9197562,0.0011570895054217015
4.874e-07,17.971924134340444,1.9479195623022929e-07,5.973730966516885e-11,568294420356720.5,92262147.17562051,0.0011641071359803654
4.876e-07,18.02820605733627,1.9547292384101235e-07,5.937986185203227e-11,566314657195422.2,92228661.15206568,0.0011711146893332133
4.878e-07,18.086757053993797,1.9617419645672968e-07,5.902733746901487e-11,564290227030071.2,92197431.57191017,0.0011781088466339138
4.88e-07,18.14759123988414,1.9689587699103344e-07,5.86797961038605e-11,562221939573935.3,92168467.50280389,0.0011850864025227394
4.882e-07,18.210722169137274,1.9763806051901662e-07,5.833728693307989e-11,560110646528826.8,92141777.35459536,0.0011920442674213428
4.884000000000001e-07,18.276162793910157,1.9840083381381965e-07,5.799984922587595e-11,557957241046126.1,92117368.8768899,0.0011989794696650206
4.886e-07,18.34392542116397,1.9918427485800034e-07,5.7667512834565466e-11,555762657142125.94,92095249.15679947,0.001205889157470474
4.888e-07,18.41402166667966,1.99988452329145e-07,5.7340298670846886e-11,553527869068254.4,92075424.61688484,0.001212770600737173
4.89e-07,18.486462406244552,2.0081342505925225e-07,5.7018219167416115e-11,551253890636777.75,92057901.0132909,0.0012196211926806704
4.892e-07,18.56125772394649,2.016592414674744e-07,5.6701278724572906e-11,548941774502630.25,92042683.43407527,0.001226438451296421
4.894e-07,18.63841685751682,2.0252593896586893e-07,5.6389474141586204e-11,546592611402066.4,92029776.29773091,0.0012332200206528786
4.896e-07,18.71794814066831,2.0341354333787576e-07,5.608279503270313e-11,544207529348895.25,92019183.35190326,0.001239963672012802
4.898000000000001e-07,18.799858942380553,2.0432206808932339e-07,5.5781224227786234e-11,541787692789089.7,92010907.67230208,0.0012466673047819505
4.9e-07,18.884155603092022,2.0525151377184953e-07,5.5484738157654906e-11,539334301714623.06,92004951.66180842,0.0012533289472845387
4.902e-07,18.970843367766612,2.062018672787319e-07,5.519330722428532e-11,536848590737410.56,92001317.0497768,0.0012599467573650614
4.904e-07,19.059926315809708,2.0717310111321275e-07,5.490689615609807e-11,534331828124330.9,92000004.89153336,0.0012665190228162001
4.906e-07,19.151407287821293,2.0816517262955292e-07,5.4625464348615245e-11,531785314794267.4,92001015.56806912,0.0012730441616329209
4.908e-07,19.245287809182578,2.0917802324715543e-07,5.4348966190829407e-11,529210383278230.9,92004348.7859296,0.0012795207220928863
4.91e-07,19.341568010486267,2.1021157763826114e-07,5.407735137766596e-11,526608396643616.56,92010003.57729991,0.0012859473826636468
4.912000000000001e-07,19.44024654483346,2.1126574288986616e-07,5.3810565208961593e-11,523980747383724.4,92017978.30028579,0.0012923229517371921
4.914e-07,19.541320502036378,2.1234040764069538e-07,5.354854887540827e-11,521328856273675.75,92028270.63939032,0.0012986463671927414
4.916e-07,19.64478531978158,2.1343544119424182e-07,5.3291239731940564e-11,518654171193927.75,92040877.60618627,0.001304916695788785
4.918e-07,19.750634691826544,2.1455069260908273e-07,5.303857155906254e-11,515958165922618.44,92055795.54018381,0.0013111331323856083
4.92e-07,19.858860473322505,2.1568598976790443e-07,5.279047481262391e-11,513242338898002.0,92073020.10989329,0.001317294998999753
4.922e-07,19.9694525833775,2.1684113842689717e-07,5.25468768625656e-11,510508211952269.4,92092546.31408295,0.001323401743692072
4.924e-07,20.082398904995976,2.180159212474205e-07,5.230770222116147e-11,507757329018096.0,92114368.48323105,0.0013294529392911991
4.926000000000001e-07,20.197685182556288,2.1921009681210869e-07,5.207287276128461e-11,504991254809276.75,92138480.28117204,0.0013354482819544825
4.928e-07,20.3152949170135,2.2042339862785698e-07,5.1842307925225516e-11,502211573476844.6,92164874.70693624,0.00134138758956861
4.93e-07,20.43520925904332,2.2165553411842898e-07,5.161592492458466e-11,499419887242084.5,92193544.09678276,0.0013472707999923818
4.932e-07,20.55740690037088,2.229061836097105e-07,5.139363893175932e-11,496617815007925.2,92224480.1264245,0.0013530979691441624
4.934e-07,20.681863963562645,2.2417499931099006e-07,5.1175363263528347e-11,493806990950140.44,92257673.8134453,0.0013588692689369165
4.936e-07,20.808553890589327,2.2546160429594408e-07,5.096100955723509e-11,490989063089893.1,92293115.51990789,0.0013645849850637231
4.938e-07,20.93744733050463,2.2676559148737443e-07,5.0750487940050366e-11,488165691849123.3,92330794.95515244,0.001370245514636975
4.940000000000001e-07,21.06851202661899,2.2808652265008435e-07,5.0543707191786376e-11,485338548590340.6,92370701.17878444,0.0013758513636845503
4.942e-07,21.201712703586498,2.2942392739666114e-07,5.034057490171337e-11,482509314142361.0,92412822.60385126,0.0013814031445065012
4.944e-07,21.337010954860627,2.3077730221129312e-07,5.0140997619815365e-11,479679677313572.2,92457147.00020657,0.0013869015728959079
4.946e-07,21.474365131013982,2.321461094971256e-07,4.994488100290319e-11,476851333394327.2,92503661.49806131,0.001392347465227711
4.948e-07,21.613730229458483,2.3352977665304619e-07,4.975212995598196e-11,474025982650062.4,92552352.59172057,0.0013977417354195238
4.95e-07,21.755057786143045,2.349276951861662e-07,4.956264876925051e-11,471205328806751.8,92603206.14350495,0.0014030853917685704
4.952e-07,21.89829576984657,2.3633921986663108e-07,4.937634125108998e-11,468391077530333.8,92656207.38785559,0.0014083795336690078
4.954000000000001e-07,22.04338847972589,2.377636679317668e-07,4.9193110857376155e-11,465584934901736.8,92711340.93562134,0.0014136253482140738
4.956000000000001e-07,22.190276446818984,2.3920031834692147e-07,4.9012860817427614e-11,462788605889138.1,92768590.77852719,0.0014188241066876305
4.958e-07,22.33889634024248,2.406484111306859e-07,4.883549425688116e-11,460003792819117.44,92827940.29382217,0.0014239771609497593
4.96e-07,22.489180878863472,2.4210714675251695e-07,4.8660914317759255e-11,457232193848317.2,92889372.24910596,0.0014290859397212846
4.962e-07,22.64105874925907,2.435756856110404e-07,4.8489024275975535e-11,454475501437292.2,92952868.80733237,0.0014341519447721004
4.964e-07,22.79445453081449,2.4505314760159765e-07,4.8319727656496616e-11,451735400828159.25,93018411.53198834,0.0014391767470184017
4.966e-07,22.949288628840094,2.4653861178179645e-07,4.815292834635787e-11,449013568527700.5,93085981.39244731,0.00144416198253396
4.968000000000001e-07,23.10547721661505,2.4803111614399296e-07,4.798853070570657e-11,446311670797562.6,93155558.76949449,0.001449109348480687
4.970000000000001e-07,23.262932187291195,2.495296575037731e-07,4.7826439677021033e-11,443631362153157.8,93227123.46102361,0.001454020598963878
4.972e-07,23.421561116606384,2.510331915135343e-07,4.766656089263286e-11,440974283872901.8,93300654.6879026,0.0014588975408175461
4.974e-07,23.58126723737211,2.5254063281028683e-07,4.750880078065437e-11,438342062519377.1,93376131.10000715,0.0014637420293254152
4.976e-07,23.7419494267034,2.5405085530668644e-07,4.735306666939353e-11,435736308474046.94,93453530.7824194,0.0014685559638831
4.978e-07,23.90350220696336,2.5556269263419667e-07,4.71992668903112e-11,433158614487055.3,93532831.26179133,0.001473341283607242
4.98e-07,24.06581576138137,2.57074938746992e-07,4.704731087955901e-11,430610554243709.2,93614009.51286995,0.0014780999628972575
4.982000000000001e-07,24.228775965290186,2.5858634869490824e-07,4.689710927811071e-11,428093680949173.7,93697041.9651827,0.0014828340069555222
4.984000000000001e-07,24.392264433900436,2.6009563957330744e-07,4.674857403048087e-11,425609525932899.94,93781904.50988136,0.0014875454472718294
4.986e-07,24.55615858749387,2.6160149165718006e-07,4.6601618482004686e-11,423159597274305.2,93868572.506742,0.0014922363370779743
4.988e-07,24.720331734872772,2.631025497261891e-07,4.6456157474631536e-11,420745378451157.1,93957020.7913197,0.0014969087467784261
4.99e-07,24.88465317584255,2.6459742458657926e-07,4.631210744116966e-11,418368327012146.6,94047223.68225475,0.0015015647593629694
4.992e-07,25.04898832343919,2.6608469479504116e-07,4.6169386497897945e-11,416029873275044.25,94139154.9887296,0.0015062064658073382
4.994e-07,25.213198846529252,2.6756290858860585e-07,4.602791453544836e-11,413731419051870.44,94232788.01807342,0.0015108359604677558
4.996000000000001e-07,25.377142833321344,2.6903058602358757e-07,4.5887613307843596e-11,411474336402419.75,94328095.58351247,0.001515455336475416
4.998000000000001e-07,25.540674976220828,2.704862213253551e-07,4.574840651956336e-11,409259966417494.5,94425050.01206386,0.0015200666811368453
5e-07,25.703646778344932,2.719282854494131e-07,4.5610219910498104e-11,407089618033145.7,94523623.15257047,0.0015246720713461357
5.002e-07,25.865906781888004,2.7335522885285684e-07,4.547298133863779e-11,404964566877180.75,94623786.38387506,0.0015292735690150174
5.004e-07,26.02730081838483,2.7476548447371963e-07,4.5336620860335306e-11,402886054149198.7,94725510.62313014,0.0015338732165266536
5.006e-07,26.187672280775352,2.761574709141715e-07,4.520107080797172e-11,400855285535311.8,94828766.33424254,0.001538473032219131
5.008e-07,26.34686241701009,2.7752959582179987e-07,4.506626586484752e-11,398873430158739.1,94933523.53644927,0.0015430750059044678
5.01e-07,26.50471064477039,2.788802594614798e-07,4.493214313711673e-11,396941619567376.0,95039751.81302261,0.0015476810944289687
5.012000000000001e-07,26.66105488670185,2.8020785846854046e-07,4.4798642222576713e-11,395060946759415.25,95147420.32010193,0.0015522932172807287
5.014e-07,26.815731925376834,2.8151078977209365e-07,4.466570527612653e-11,393232465248063.75,95256497.79564895,0.0015569132522499497
5.016e-07,26.968577777018915,2.82787454675569e-07,4.4533277071703206e-11,391457188166323.2,95366952.56852505,0.0015615430311477923
5.018e-07,27.119428082830655,2.8403626307963215e-07,4.440130506051032e-11,389736087412804.3,95478752.56768702,0.0015661843355892714
5.02e-07,27.26811851658153,2.8525563783089126e-07,4.4269739425352877e-11,388070092839447.56,95591865.33149943,0.0015708388928457667
5.022e-07,27.414485206921967,2.8644401917800163e-07,4.4138533130900436e-11,386460091482026.25,95706258.01715936,0.0015755083717725092
5.024e-07,27.558365172711138,2.875998693151337e-07,4.400764196970398e-11,384906926834214.44,95821897.41023293,0.0015801943788164223
5.026000000000001e-07,27.699596769466464,2.887216769911609e-07,4.3877024603802565e-11,383411398165988.1,95938749.9342991,0.0015848984541095164
5.028e-07,27.83802014487761,2.898079621614833e-07,4.374664260176392e-11,381974259887060.5,96056781.66069864,0.00158962206765298
5.03e-07,27.97347770117213,2.9085728065809614e-07,4.3616460471014534e-11,380596220955999.1,96175958.31838591,0.001594366615597003
5.032e-07,28.105814561975638,2.918682288523609e-07,4.348644568532906e-11,379277944335647.6,96296245.303879,0.001599133416621186
5.034e-07,28.234879041188517,2.9283944828403024e-07,4.3356568707359865e-11,378020046495377.5,96417607.69130735,0.001603923708420386
5.036e-07,28.360523111289673,2.9376963022932226e-07,4.322680300610565e-11,376823096960689.56,96540010.24255264,0.0016087386443006091
5.038e-07,28.48260286839512,2.946575201803742e-07,4.309712506923328e-11,375687617910601.6,96663417.41748025,0.0016135792898894885
5.040000000000001e-07,28.600978991334845,2.955019222081623e-07,4.296751441018419e-11,374614083823215.4,96787793.38425851,0.0016184466199657417
5.042e-07,28.715517191972435,2.9630170318099745e-07,4.2837953570016414e-11,373602921169807.2,96913102.02976258,0.0016233415154118264
5.044e-07,28.826088653980726,2.9705579681102265e-07,4.270842811395032e-11,372654508157715.1,97039306.97006044,0.001628264760293931
5.046e-07,28.93257045729852,2.9776320750170204e-07,4.2578926622608924e-11,371769174522265.5,97166371.56097649,0.0016332170390731884
5.048e-07,29.03484598553813,2.984230139701733e-07,4.244944067796064e-11,370947201367900.94,97294258.9087318,0.0016381989339519555
5.05e-07,29.132805313680972,2.990343726194655e-07,4.231996484399627e-11,370188821058639.4,97422931.88065627,0.0016432109223587243
5.052e-07,29.226345573497902,2.9959652063701233e-07,4.2190496642190135e-11,369494217157921.06,97552353.11597027,0.0016482533745751614
5.054000000000001e-07,29.315371294255467,3.001087787975678e-07,4.206103652181786e-11,368863524417856.7,97682485.0366325,0.0016533265515085405
5.056e-07,29.399794716421233,3.005705539505609e-07,4.1931587825223654e-11,368296828817829.06,97813289.85825083,0.0016584306026126733
5.058e-07,29.47953607625846,3.009813411740873e-07,4.180215674814937e-11,367794167652344.6,97944729.60105366,0.0016635655639602985
5.06e-07,29.554523859399257,3.0134072558009216e-07,4.167275229526035e-11,367355529667985.4,98076766.1009168,0.0016687313564696111
5.062e-07,29.624695021709268,3.016483837578584e-07,4.1543386231018435e-11,366980855249239.94,98209361.02044505,0.0016739277842875812
5.064e-07,29.689995175994188,3.0190408484559105e-07,4.141407302607517e-11,366670036652955.4,98342475.86010353,0.001679154533332369
5.066e-07,29.75037874335626,3.0210769122271576e-07,4.128482979937374e-11,366422918291085.94,98476071.96939613,0.0016844111699970427
5.068000000000001e-07,29.805809068276943,3.0225915881839775e-07,4.1155676256165475e-11,366239297061366.1,98610110.5580882,0.0016896971400166
5.07e-07,29.856258496779674,3.02358537034736e-07,4.102663462216362e-11,366118922725480.44,98744552.7074689,0.00169501176750004
5.072e-07,29.901708417312577,3.0240596828604843e-07,4.089772957406921e-11,366061498334247.44,98879359.38165179,0.0017003542541291444
5.074e-07,29.94214926427592,3.024016871585909e-07,4.07689881667203e-11,366066680699287.7,99014491.43890893,0.0017057236785252836
5.076e-07,29.97758048440651,3.023460191979304e-07,4.064043975712421e-11,366134080910589.94,99149909.64303628,0.0017111189957855102
5.078e-07,30.008010466511564,3.0223937933396996e-07,4.051211592564613e-11,366263264899339.5,99285574.67474537,0.0017165390371888553
5.08e-07,30.033456435319508,3.020822699562747e-07,4.038405039463324e-11,366453754045323.9,99421447.14308038,0.0017219825100736645
5.082000000000001e-07,30.053944310475913,3.0187527865483437e-07,4.0256278944763246e-11,366705025828179.1,99557487.59685531,0.0017274479978865041
5.084e-07,30.069508531962665,3.016190756437105e-07,4.01288393294105e-11,367016514521694.1,99693656.53610872,0.0017329339604030226
5.086e-07,30.080191853448735,3.013144108871018e-07,4.000177118732682e-11,367387611930340.75,99829914.42357317,0.0017384387341209393
5.088e-07,30.086045105293618,3.0096211094923287e-07,3.987511595393901e-11,367817668167149.6,99966221.69615436,0.0017439605328250444
5.09e-07,30.087126929115037,3.005630755910722e-07,3.974891677156161e-11,368305992472010.6,100102538.77641892,0.0017494974483240457
5.092e-07,30.08350348599998,3.0011827413824965e-07,3.9623218398827476e-11,368851854069426.5,100238826.08408576,0.0017550474513587148
5.094e-07,30.075248140581,2.996287416456138e-07,3.949806711963298e-11,369454483064710.1,100375044.04751842,0.0017606083926807118
5.096000000000001e-07,30.062441123317843,2.9909557488468564e-07,3.937351065189366e-11,370113071377566.06,100511153.11521484,0.0017661780043011573
5.098e-07,30.04516917341542,2.9851992818078855e-07,3.924959805639874e-11,370826773711966.6,100647113.76729119,0.0017717539009079078
5.1e-07,30.023525164875384,2.9790300912689935e-07,3.912637964604804e-11,371594708561183.7,100782886.52695717,0.0017773335814502288
5.102e-07,29.997607718217637,2.9724607420126386e-07,3.900390689574695e-11,372415959246802.1,100918431.97197755,0.0017829144308893507
5.104e-07,29.967520800423717,2.9655042431556254e-07,3.8882232353225704e-11,373289574990503.5,101053710.74611902,0.001788493722113225
5.106e-07,29.93337331564265,2.9581740031991466e-07,3.876140955103921e-11,374214572017376.56,101188683.57057735,0.0017940686180135956
5.108e-07,29.895278689168556,2.9504837849030055e-07,3.864149291999366e-11,375189934689469.75,101323311.25538227,0.0017996361737232618
5.110000000000001e-07,29.853354447143822,2.942447660230565e-07,3.852253770423314e-11,376214616668272.75,101457554.71077628,0.0018051933390112631
5.112e-07,29.807721794367886,2.9340799655999705e-07,3.840459987820767e-11,377287542104782.6,101591374.95856458,0.0018107369608334881
5.114e-07,29.758505192498983,2.925395257664544e-07,3.8287736065729855e-11,378407606855783.44,101724733.14343289,0.0018162637860360598
5.116e-07,29.705831940828777,2.9164082698313866e-07,3.817200346131541e-11,379573679724923.75,101857590.54422867,0.0018217704642085747
5.118e-07,29.649831761686496,2.9071338697118663e-07,3.805745975398524e-11,380784603727180.56,101989908.58520447,0.0018272535506842352
5.12e-07,29.590636392396533,2.8975870176818606e-07,3.79441630536954e-11,382039197375241.6,102121648.84721825,0.0018327095096835797
5.122e-07,29.528379185569875,2.887782726712795e-07,3.7832171820544e-11,383336255986336.94,102252773.078889,0.0018381347175984556
5.124000000000001e-07,29.463194719359272,2.877736023617452e-07,3.772154479689056e-11,384674553008012.3,102383243.20770265,0.001843525466412612
5.126e-07,29.39521841915209,2.8674619118370334e-07,3.7612340942506644e-11,386052841361336.9,102513021.3510669,0.0018488779672552183
5.128e-07,29.324586192016323,2.8569753358786783e-07,3.750461937286273e-11,387469854800001.94,102642069.82731052,0.0018541883540833775
5.13e-07,29.251434075055027,2.846291147495331e-07,3.739843930064103e-11,388924309283758.56,102770351.16662468,0.0018594526874895535
5.132e-07,29.175897898664655,2.835424073682969e-07,3.7293859980548744e-11,390414904364627.1,102897828.12194192,0.0018646669586297052
5.134e-07,29.098112965535336,2.824388686553707e-07,3.719094065749195e-11,391940324584304.8,103024463.67975149,0.001869827093267759
5.136e-07,29.01821374607766,2.813199375127585e-07,3.708974051815663e-11,393499240881174.1,103150221.07084613,0.0018749289559318839
5.138000000000001e-07,28.93633359081181,2.8018703190707535e-07,3.699031864602902e-11,395090312005315.94,103275063.78099829,0.0018799683541779173
5.14e-07,28.85260446011168,2.790415464393478e-07,3.689273397987484e-11,396712185939921.56,103398955.56156206,0.0018849410429551425
5.142e-07,28.767156671561363,2.7788485011081156e-07,3.679704527568326e-11,398363501327497.8,103521860.4399986,0.0018898427290695193
5.144e-07,28.680118665054515,2.7671828428349846e-07,3.670331107207147e-11,400042888899232.44,103643742.73032017,0.0018946690757392518
5.146e-07,28.59161678564606,2.755431608332455e-07,3.6611589659130925e-11,401748972905929.8,103764567.0434523,0.0018994157072376255
5.148e-07,28.501775084057446,2.743607604917605e-07,3.6521939050688835e-11,403480372548880.8,103884298.29750891,0.001904078213617749
5.15e-07,28.410715134634525,2.731723313734383e-07,3.64344169599458e-11,405235703409066.25,104002901.72797866,0.0019086521555138768
5.152000000000001e-07,28.318555870466813,2.71979087681818e-07,3.634908077844267e-11,407013578873072.0,104120342.89781879,0.0019131330690137823
5.154e-07,28.225413435293774,2.707822085898474e-07,3.6265987558299265e-11,408812611554126.7,104236587.70745416,0.0019175164705966467
5.156e-07,28.131401051752505,2.6958283728752086e-07,3.6185193997660763e-11,410631414706659.2,104351602.40467846,0.0019217978621307776
5.158e-07,28.03662890545769,2.683820801899452e-07,3.61067564292794e-11,412468603632788.7,104465353.59445384,0.0019259727359254174
5.16e-07,27.941204044351185,2.671810062984677e-07,3.603073081215255e-11,414322797079174.9,104577808.24860764,0.0019300365798308214
5.162e-07,27.84523029271225,2.659806467071721e-07,3.595717272613187e-11,416192618622672.25,104688933.71542212,0.0019339848823807346
5.164e-07,27.748808179183893,2.6478199424681116e-07,3.5886137369413e-11,418076698043235.56,104798697.72911523,0.0019378131379713158
5.166000000000001e-07,27.65203487814102,2.635860032580784e-07,3.581767955881058e-11,419973672682550.1,104907068.41920878,0.0019415168520705026
5.168e-07,27.55500416370443,2.623935894860232e-07,3.575185373271857e-11,421882188786881.06,105014014.31978272,0.001945091546451794
5.17e-07,27.457806375690343,2.6120563008740096e-07,3.568871395665288e-11,423800902832642.56,105119504.37861082,0.0019485327644463506
5.172e-07,27.360528396776747,2.6002296374277375e-07,3.562831393126989e-11,425728482833225.3,105223507.96617715,0.0019518360762073052
5.174e-07,27.26325364016442,2.5884639086526745e-07,3.557070700275176e-11,427663609625640.94,105325994.88456944,0.0019549970839801475
5.176e-07,27.16606204701485,2.5767667389803885e-07,3.5515946175447796e-11,429604978135556.1,105426935.37624714,0.00195801142737302
5.178e-07,27.0690300929527,2.5651453769266877e-07,3.546408412665916e-11,431551298619335.94,105526300.13268188,0.0019608747886207677
5.180000000000001e-07,26.972230802934202,2.5536066996093407e-07,3.5415173223453463e-11,433501297881717.4,105624060.30286694,0.001963582897836543
5.182e-07,26.875733773795993,2.542157217926351e-07,3.536926554139437e-11,435453720467798.6,105720187.50169452,0.001966131538244839
5.184e-07,26.77960520381899,2.5308030823244616e-07,3.5326412885071596e-11,437407329828032.94,105814653.81819741,0.0019685165513897594
5.186e-07,26.68390792866264,2.519550089090449e-07,3.528666681031613e-11,439360909454957.25,105907431.82365334,0.0019707338423124044
5.188e-07,26.58870146304793,2.5084036871008535e-07,3.525007864798599e-11,441313263990426.44,105998494.57954851,0.001972779384691248
5.19e-07,26.49404204759317,2.497368984969014e-07,3.521669952920779e-11,443263220302158.6,106087815.64539969,0.001974649225939437
5.192e-07,26.399982700233448,2.4864507585316464e-07,3.518658041196041e-11,445209628528426.25,106175369.08643124,0.0019763394922529634
5.194000000000001e-07,26.306573271682648,2.475653458620567e-07,3.5159772108887764e-11,447151363089773.25,106261129.4811054,0.001977846393603708
5.196e-07,26.213860504424716,2.464981219068476e-07,3.513632531622823e-11,449087323666682.4,106345071.92850342,0.0019791662286714295
5.198e-07,26.121888094751757,2.4544378649012564e-07,3.511629064374974e-11,451016436142144.06,106427172.05555601,0.001980295389708801
5.2e-07,26.030696757394075,2.44402692067246e-07,3.509971864558022e-11,452937653508135.5,106507406.02411972,0.0019812303673336852
5.202e-07,25.940324292317865,2.433751618899025e-07,3.5086659851824244e-11,454849956735057.6,106585750.53789872,0.0019819677552429175
5.204e-07,25.85080565329514,2.423614908560524e-07,3.507716480085786e-11,456752355603218.5,106662182.84920894,0.0019825042548419192
5.206e-07,25.762173017879515,2.413619463627399e-07,3.507128407219437e-11,458643889495493.94,106736680.76558292,0.0019828366797845854
5.208000000000001e-07,25.67445585844902,2.4037676915866427e-07,3.5069068319815154e-11,460523628150360.75,106809222.65621355,0.001982961960417956
5.21e-07,25.58768101400549,2.3940617419364146e-07,3.507056830585967e-11,462390672374522.0,106879787.45823461,0.0019828771481263077
5.212e-07,25.50187276244605,2.3845035146238366e-07,3.507583493457048e-11,464244154714416.3,106948354.68283659,0.0019825794195693735
5.214e-07,25.41705289304955,2.3750946684030918e-07,3.5084919286388617e-11,466083240085916.3,107014904.42121555,0.0019820660808095563
5.216e-07,25.333240778943047,2.3658366290932511e-07,3.509787265209562e-11,467907126361625.5,107079417.35035382,0.001981334571323079
5.218e-07,25.250453449340277,2.3567305977180287e-07,3.5114746566898405e-11,469715044915178.0,107141874.73863049,0.0019803824678901634
5.22e-07,25.16870566136468,2.347777558511763e-07,3.513559284435277e-11,471506261122033.7,107202258.45126024,0.0019792074883594555
5.222000000000001e-07,25.08800997129238,2.3389782867782457e-07,3.516046361002143e-11,473280074816295.2,107260550.95555887,0.001977807495282043
5.224e-07,25.00837680507038,2.3303333565909906e-07,3.518941133476097e-11,475035820703137.44,107316735.32603402,0.00197618049941057
5.226e-07,24.92981452798525,2.3218431483255584e-07,3.5222488867531895e-11,476772868726479.8,107370795.24929953,0.001974324663059074
5.228e-07,24.852329513375675,2.313507856016299e-07,3.5259749467623663e-11,478490624391594.5,107422715.02881202,0.001972238303319363
5.23e-07,24.7759262102989,2.305327494531537e-07,3.530124683618571e-11,480188529042399.06,107472479.58942851,0.00196991989512985
5.232e-07,24.700607210078033,2.2973019065628394e-07,3.534703514695256e-11,481866060093228.7,107520074.48178376,0.0019673680741929874
5.234e-07,24.62637331167188,2.2894307694254525e-07,3.5397169076048817e-11,483522731214931.94,107565485.88648535,0.0019645816397375676
5.236000000000001e-07,24.55322358582225,2.28171360166822e-07,3.545170383075695e-11,485158092475211.5,107608700.61812644,0.001961559557122338
5.238000000000001e-07,24.481155437947532,2.2741497694926386e-07,3.551069517712724e-11,486771730433157.56,107649706.12911418,0.0019583009602775576
5.24e-07,24.410164669762743,2.266738492981761e-07,3.557419946630494e-11,488363268187992.7,107688490.51331285,0.0019548051539813056
5.242e-07,24.340245539616824,2.2594788521406316e-07,3.5642273659446175e-11,489932365382102.75,107725042.50950108,0.0019510716159675111
5.244e-07,24.271390821549193,2.252369792751007e-07,3.571497535108769e-11,491478718158458.56,107759351.50464134,0.0019470999988629159
5.246e-07,24.20359186307474,2.24541013204372e-07,3.579236279083188e-11,493002059072629.1,107791407.53696162,0.0019428901319502871
5.248e-07,24.136838641716515,2.2385985641929976e-07,3.5874494903201093e-11,494502156959598.75,107821201.29884793,0.0019384420227554695
5.250000000000001e-07,24.071119820311647,2.2319336656375975e-07,3.596143130550902e-11,495978816755677.7,107848724.13954668,0.0019337558584560232
5.252000000000001e-07,24.006422801123012,2.225413900234224e-07,3.6053232323590334e-11,497431879275845.06,107873968.0676765,0.0019288320071093904
5.254e-07,23.94273377879521,2.2190376242492473e-07,3.6149959005220816e-11,498861220946904.6,107896925.75354868,0.0019236710186987698
5.256e-07,23.880037792197747,2.2128030911951036e-07,3.625167313105346e-11,500266753496908.5,107917590.53129521,0.0019182736259950128
5.258e-07,23.818318775204176,2.2067084565182647e-07,3.6358437222884986e-11,501648423601323.9,107935956.40080439,0.0019126407452331627
5.26e-07,23.757559606457864,2.200751782145825e-07,3.6470314549059884e-11,503006212486505.25,107952018.02946286,0.0019067734766023425
5.262e-07,23.69774215818036,2.194931040898194e-07,3.658736912680627e-11,504340135491046.06,107965770.75370413,0.0019006731045480376
5.264000000000001e-07,23.63884734407877,2.189244120775418e-07,3.6709665721289334e-11,505650241585670.06,107977210.58036242,0.0018943410978859076
5.266000000000001e-07,23.580855166412203,2.18368882912494e-07,3.6837269841154575e-11,506936612852343.94,107986334.18783233,0.0018877791097265616
5.268e-07,23.523744762277992,2.1782628966986595e-07,3.6970247730321844e-11,508199363923352.5,107993138.92703313,0.0018809889772109058
5.27e-07,23.467494449179153,2.17296398160719e-07,3.7108666355778357e-11,509438641381130.25,107997622.82217804,0.001873972721055857
5.272e-07,23.412081769936105,2.1677896731793397e-07,3.725259339110313e-11,510654623119665.25,107999784.57134776,0.0018667325449105506
5.274e-07,23.357483537003993,2.1627374957346524e-07,3.7402097195445024e-11,511847517668374.3,107999623.54686867,0.0018592708345231731
5.276e-07,23.303675876257824,2.1578049122769386e-07,3.755724678765722e-11,513017563479354.8,107997139.79549494,0.0018515901567189867
5.278000000000001e-07,23.250634270306236,2.1529893281165513e-07,3.771811181527833e-11,514165028178983.8,107992334.03839506,0.0018436932581901767
5.280000000000001e-07,23.19833360139309,2.1482880944290224e-07,3.7884762518033153e-11,515290207784872.1,107985207.6709423,0.0018355830640984102
5.282e-07,23.14674819394518,2.1436985117575698e-07,3.8057269685508435e-11,516393425889212.7,107975762.76230973,0.0018272626764912617
5.284e-07,23.095851856821046,2.1392178334666873e-07,3.8235704608644196e-11,517475032809619.8,107964002.0548693,0.0018187353725337232
5.286e-07,23.04561792531495,2.1348432691539253e-07,3.8420139024659596e-11,518535404708570.4,107949928.96339561,0.0018100046025564332
5.288e-07,22.996019302965532,2.1305719880265623e-07,3.861064505501838e-11,519574942682620.5,107933547.57407445,0.0018010739879222356
5.29e-07,22.94702850321753,2.1264011222497477e-07,3.8807295136015604e-11,520594071822579.2,107914862.64331637,0.001791947318713121
5.292000000000001e-07,22.898617690979446,2.122327770272214e-07,3.901016194155289e-11,521593240245880.2,107893879.59637555,0.0017826285512395818
5.294000000000001e-07,22.850758724118155,2.1183490001354535e-07,3.921931829764679e-11,522572918102405.94,107870604.5257746,0.0017731218053747872
5.296e-07,22.80342319492636,2.1144618527718138e-07,3.943483708819721e-11,523533596555057.5,107845044.18953562,0.0017634313617160933
5.298e-07,22.756582471594633,2.11066334529658e-07,3.965679115152429e-11,524475786736396.4,107817206.00921787,0.001753561658576578
5.3e-07,22.71020773971634,2.1069504742987907e-07,3.988525316715928e-11,525400018682695.1,107787098.06776294,0.001743517288809646
5.302e-07,22.664270043847367,2.1033202191349507e-07,4.012029553236243e-11,526306840246788.2,107754729.10714795,0.0017333029964696546
5.304e-07,22.618740329139136,2.0997695452295115e-07,4.036199022781648e-11,527196815991109.25,107720108.52584699,0.001722923673311982
5.306e-07,22.57358948305767,2.0962954073854222e-07,4.061040867193085e-11,528070526062345.2,107683246.37610257,0.0017123843551359549
5.308000000000001e-07,22.52878837719635,2.092894753107627e-07,4.086562156317225e-11,528928565049143.2,107644153.36100662,0.0017016902179743504
5.31e-07,22.48430790918462,2.0895645259418507e-07,4.1127698709825055e-11,529771540824341.06,107602840.83139302,0.0016908465741332433
5.312e-07,22.440119044689432,2.086301668830525e-07,4.1396708846568576e-11,530600073373196.06,107559320.7825416,0.0016798588680862299
5.314e-07,22.396192859500974,2.0831031274871978e-07,4.1672719437246744e-11,531414793609108.7,107513605.85069554,0.0016687326722272184
5.316e-07,22.352500581687973,2.0799658537902047e-07,4.195579646319671e-11,532216342178353.1,107465709.30939212,0.0016574736824860991
5.318e-07,22.30901363380293,2.0768868091958776e-07,4.224600419649612e-11,533005368255335.75,107415645.06560886,0.0016460877138117502
5.32e-07,22.26570367511146,2.073862968170994e-07,4.254340495748282e-11,533782528329916.4,107363427.65572546,0.0016345806955270661
5.322000000000001e-07,22.2225426438147,2.070891321643657e-07,4.28480588559022e-11,534548484988330.44,107309072.24130318,0.0016229586665607578
5.324e-07,22.179502799227965,2.067968880471226e-07,4.3160023515039475e-11,535303905689262.0,107252594.60468256,0.001611227770560873
5.326e-07,22.13655676387319,2.0650926789233645e-07,4.347935377820502e-11,536049461536626.1,107194011.14440092,0.001599394250895023
5.328e-07,22.0936775654381,2.062259778177789e-07,4.380610139694817e-11,536785826050603.2,107133338.87043104,0.0015874644455426607
5.33e-07,22.05083867854881,2.0594672698256867e-07,4.4140314700404064e-11,537513673938500.56,107070595.39924222,0.0015754447818845142
5.332e-07,22.008014066298326,2.056712279383315e-07,4.4482038245194484e-11,538233679866985.9,107005798.94868529,0.001563341771394762
5.334e-07,21.96517822146836,2.0539919698057576e-07,4.483131244534397e-11,538946517237253.06,106938968.33270273,0.001551162004241394
5.336000000000001e-07,21.922306207377616,2.05130354499833e-07,4.518817318170921e-11,539652856964666.94,106870122.9558664,0.0015389121438004894
5.338e-07,21.879373698284788,2.0486442533206352e-07,4.5552651390475855e-11,540353366264436.5,106799282.80774294,0.0015265989210900565
5.34e-07,21.836357019271436,2.0460113910778258e-07,4.5924772630333595e-11,541048707444850.44,106726468.45708998,0.0015142291291293164
5.342e-07,21.793233185525846,2.0434023059932237e-07,4.630455662801315e-11,541739536709600.4,106651701.0458836,0.0015018096172293655
5.344e-07,21.749979940945988,2.0408144006560002e-07,4.6692016801953365e-11,542426502970709.2,106575002.28318001,0.0014893472852212
5.346e-07,21.70657579597674,2.0382451359372872e-07,4.708715976396409e-11,543110246673567.0,106496394.43881203,0.0014768490776271349
5.348e-07,21.66300006459445,2.0356920343677318e-07,4.7489984798858135e-11,543791398635560.4,106415900.33692296,0.0014643219777818071
5.350000000000001e-07,21.619232900350088,2.0331526834692258e-07,4.790048332215387e-11,544470578899764.0,106333543.34933951,0.0014517730019089287
5.352e-07,21.575255331380607,2.0306247390332484e-07,4.8318638316089955e-11,545148395605148.2,106249347.38878578,0.0014392091931600458
5.354e-07,21.531049294297443,2.0281059283380574e-07,4.874442374435477e-11,545825443874733.2,106163336.90193973,0.0014266376156215324
5.356e-07,21.48659766686124,2.0255940532968012e-07,4.917780394610205e-11,546502304723095.25,106075536.86233549,0.0014140653482962989
5.358e-07,21.44188429935107,2.0230869935284368e-07,4.9618733010031385e-11,547179543984616.1,105985972.76311183,0.0014014994790663624
5.36e-07,21.396894044538413,2.0205827093433144e-07,5.006715412951452e-11,547857711263830.6,105894670.60961026,0.0013889470986428165
5.362e-07,21.351612786176602,2.0180792446351934e-07,5.052299893999174e-11,548537338909210.2,105801656.91182417,0.0013764152945095003
5.364000000000001e-07,21.306027465919232,2.0155747296715291e-07,5.098618684011149e-11,549218941011678.8,105706958.67670159,0.0013639111448668561
5.366e-07,21.260126108582696,2.01306738377385e-07,5.145662429836984e-11,549903012429145.2,105610603.40030368,0.00135144171258228
5.368e-07,21.213897845671667,2.010555517880223e-07,5.1934204147298545e-11,550590027838289.25,105512619.05982079,0.001339014039153408
5.37e-07,21.167332937090205,2.008037536981956e-07,5.241880486757013e-11,551280440814810.0,105413034.10544965,0.0013266351386907432
5.372e-07,21.120422790964554,2.005511942426862e-07,5.291028986472921e-11,551974682943314.56,105311877.45213231,0.0013143119919259547
5.374e-07,21.07315998150933,2.002977334081717e-07,5.340850674161807e-11,552673162957986.5,105209178.47116084,0.0013020515402521642
5.376e-07,21.025538264873564,2.0004324123468444e-07,5.3913286569939244e-11,553376265915132.9,105104966.98164906,0.001289860679802557
5.378000000000001e-07,20.97755259290894,1.9978759800161104e-07,5.442444316479452e-11,554084352398676.7,104999273.2418745,0.001277746255573554
5.38e-07,20.929199124808868,1.9953069439760406e-07,5.494177236644705e-11,554797757759615.5,104892127.94049287,0.0012657150555987593
5.382e-07,20.880475236573407,1.9927243167382028e-07,5.546505133397693e-11,555516791390432.3,104783562.18762703,0.0012537738051797767
5.384e-07,20.83137952826274,1.9901272177995353e-07,5.5994037855920476e-11,556241736035391.94,104673607.50583471,0.0012419291611801325
5.386e-07,20.781911829008088,1.987514874825768e-07,5.65284696834325e-11,556972847137629.9,104562295.82095529,0.0012301877063881147
5.388e-07,20.732073199758045,1.984886624653738e-07,5.7068063891928423e-11,557710352223876.9,104449659.45284024,0.0012185559439546287
5.39e-07,20.681865933744994,1.9822419141089321e-07,5.761251627760213e-11,558454450327632.6,104335731.10596855,0.0012070402919118295
5.392000000000001e-07,20.63129355466556,1.979580300635288e-07,5.816150079562313e-11,559205311451544.3,104220543.8599513,0.0011956470777783831
5.394e-07,20.580360812576178,1.9769014527348835e-07,5.871466904722289e-11,559963076069707.06,104104131.15992662,0.0011843825332569266
5.396e-07,20.529073677514145,1.9742051502158687e-07,5.927164982324417e-11,560727854670551.6,103986526.80684884,0.001173252789029345
5.398e-07,20.477439330862623,1.9714912842476865e-07,5.9832048712066e-11,561499727340931.0,103867764.94767378,0.0011622638696553278
5.4e-07,20.42546615448674,1.9687598572233217e-07,6.039544778011072e-11,562278743391977.25,103747880.0654448,0.0011514216885795297
5.402e-07,20.37316371767564,1.9660109824290378e-07,6.096140533337993e-11,563064921027242.8,103626906.96927987,0.0011407320432525257
5.404e-07,20.320542761934526,1.9632448835227984e-07,6.152945576863871e-11,563858247053591.8,103504880.78426489,0.0011302006103706909
5.406000000000001e-07,20.267615183678195,1.96046189382328e-07,6.209910952297267e-11,564658676635254.5,103381836.94125482,0.001119832941239944
5.408e-07,20.214394014885652,1.9576624554120812e-07,6.266985313045924e-11,565466133091406.8,103257811.16658638,0.0011096344572681515
5.41e-07,20.16089340178282,1.954847118052462e-07,6.324114939461335e-11,566280507737582.4,103132839.47170421,0.0010996104455909068
5.412e-07,20.10712858162811,1.9520165379286078e-07,6.381243768508616e-11,567101659771175.9,103006958.14270554,0.0010897660548351768
5.414e-07,20.053115857681583,1.9491714762100827e-07,6.438313436679268e-11,567929416201238.2,102880203.72980385,0.0010801062910251746
5.416e-07,19.998872572445908,1.9463127974467902e-07,6.495263336921598e-11,568763571822715.6,102752613.03671643,0.0010706360136346741
5.418e-07,19.94441707927284,1.943441467800363e-07,6.552030690306935e-11,569603889235223.4,102624223.10997842,0.0010613599317898527
5.420000000000001e-07,19.88976871243436,1.9405585531184747e-07,6.608550633080166e-11,570450098906401.9,102495071.22818598,0.0010522826006264532
5.422e-07,19.834947755763007,1.937665216859122e-07,6.664756319656752e-11,571301899279839.4,102365194.89117251,0.0010434084178050395
5.424e-07,19.77997540996989,1.934762717872419e-07,6.720579042028944e-11,572158956927499.9,102234631.80911991,0.001034741620187798
5.426e-07,19.724873758753795,1.9318524080479524e-07,6.775948365926945e-11,573020906746526.4,102103419.89160998,0.0010262862806803398
5.428e-07,19.66966573381624,1.928935729836065e-07,6.830792283951632e-11,573887352200261.4,101971597.23661666,0.0010180463052415123
5.43e-07,19.6143750789022,1.9260142136519347e-07,6.885037385748281e-11,574757865603244.9,101839202.11944433,0.0010100254300642998
5.432e-07,19.559026312986592,1.923089475171538e-07,6.93860904513223e-11,575631988449916.1,101706272.98161437,0.0010022272189305437
5.434000000000001e-07,19.50364469272902,1.9201632125289126e-07,6.991431623904913e-11,576509231786685.8,101572848.41970351,0.000994655060742073
5.436e-07,19.44825617431962,1.917237203424347e-07,7.043428691915344e-11,577389076626990.9,101438967.17413683,0.0009873121672306087
5.438e-07,19.392887374839713,1.9143133021532943e-07,7.094523262728855e-11,578270974408896.6,101304668.11793992,0.0009802015708486609
5.44e-07,19.337565533259536,1.9113934365659334e-07,7.144638044065183e-11,579154347494753.8,101169990.24545142,0.0009733261228433682
5.442e-07,19.28231847119556,1.9084796049673618e-07,7.193695701963257e-11,580038589712374.4,101034972.66100112,0.0009666884915150542
5.444e-07,19.22717455354741,1.9055738729684376e-07,7.241619137423636e-11,580923066937134.4,100899654.56755543,0.0009602911606620684
5.446e-07,19.172162649133114,1.902678370297256e-07,7.288331774074735e-11,581807117714357.8,100764075.25533515,0.0009541364282133025
5.448000000000001e-07,19.11731209143812,1.8997952875811648e-07,7.333757855210089e-11,582690053921298.8,100628274.09040709,0.0009482264050494722
5.45e-07,19.062652639590855,1.896926873109095e-07,7.377822748352383e-11,583571161467979.9,100492290.50325407,0.000942563014014151
5.452e-07,19.0082144396737,1.8940754295838144e-07,7.420453255322633e-11,584449701036108.0,100356163.97732577,0.0009371479891152329
5.454e-07,18.954027986475133,1.8912433108735414e-07,7.461577925630283e-11,585324908855218.9,100219934.03757504,0.0009319828749174093
5.456e-07,18.900124085782835,1.8884329187720213e-07,7.501127370859971e-11,586195997515196.0,100083640.23898129,0.0009270690261258606
5.458e-07,18.846533817314373,1.8856466997759546e-07,7.539034577611821e-11,587062156814225.4,99947322.15506567,0.0009224076073613215
5.46e-07,18.79328849837623,1.8828871418883233e-07,7.575235216462685e-11,587922554641225.1,99811019.3664007,0.0009179995931263563
5.462000000000001e-07,18.740419648336584,1.8801567714557767e-07,7.609667944355433e-11,588776337891744.6,99674771.44911784,0.0009138457679625106
5.464e-07,18.687958953991966,1.877458150047891e-07,7.642274697796317e-11,589622633416281.6,99538617.96341647,0.0009099467267977719
5.466e-07,18.635938235901932,1.8747938713856954e-07,7.673000974247843e-11,590460548999928.0,99402598.44207704,0.0009063028754835877
5.468e-07,18.584389415760043,1.872166558326406e-07,7.701796099148621e-11,591289174372218.2,99266752.37898314,0.0009029144315204491
5.47e-07,18.533344484863207,1.8695788599108914e-07,7.728613476072279e-11,592107582246014.5,99131119.21765392,0.0008997814249708449
5.472e-07,18.482835473735317,1.8670334484798843e-07,7.753410817654866e-11,592914829384228.4,98995738.33979148,0.0008969036995581964
5.474e-07,18.4328944229553,1.864533016864524e-07,7.776150355073599e-11,593709957693139.2,98860649.0538463,0.0008942809139501742
5.476000000000001e-07,18.3835533552327,1.8620802756562617e-07,7.796799024047692e-11,594491995341047.0,98725890.58360384,0.0008919125432245659
5.478e-07,18.334844248768448,1.8596779505607148e-07,7.81532862555123e-11,595259957900951.1,98591502.05679579,0.0008897978805157034
5.48e-07,18.286799011931734,1.8573287798395131e-07,7.831715959676712e-11,596012849515932.4,98457522.49373882,0.0008879360388392136
5.482e-07,18.239449459278543,1.8550355118437237e-07,7.845942931360537e-11,596749664085867.9,98323990.79600538,0.0008863259530927165
5.484e-07,18.192827288930385,1.8528009026418646e-07,7.857996626976087e-11,597469386474102.5,98190945.73512818,0.0008849663822298242
5.486e-07,18.146964061326926,1.8506277137450912e-07,7.867869361108668e-11,598170993732658.0,98058425.94134264,0.0008838559116046746
5.488e-07,18.101891179360035,1.8485187099315992e-07,7.875558693146557e-11,598853456344545.2,97926469.89237052,0.0008829929554840005
5.490000000000001e-07,18.05763986989131,1.8464766571718177e-07,7.881067413646713e-11,599515739481720.8,97795115.90224788,0.0008823757597235701
5.492e-07,18.01424116664976,1.844504320655478e-07,7.884403500757406e-11,600156804277210.0,97664402.11019985,0.0008820024046056441
5.494e-07,17.971725894501695,1.8426044629211992e-07,7.885580047297334e-11,600775609109896.9,97534366.46956757,0.0008818708078339263
5.496e-07,17.93012465507915,1.8407798420887519e-07,7.884615159396579e-11,601371110900466.5,97405046.73678768,0.0008819787276823026
5.498e-07,17.8894678137493,1.83903321019374e-07,7.881531827893584e-11,601942266416971.1,97276480.46042988,0.0008823237662935038
5.5e-07,17.84978548790235,1.8373673116240123e-07,7.876357773950007e-11,602488033588477.2,97148704.97029404,0.0008829033731236558
5.502e-07,17.811107536531917,1.8357848816567178e-07,7.869125270587441e-11,603007372825232.6,97021757.36657201,0.0008837148485285277
5.504000000000001e-07,17.773463551077,1.8342886450945128e-07,7.859870942063255e-11,603499248343795.8,96895674.50907496,0.0008847553474871324
5.506e-07,17.736882847491874,1.8328813149990656e-07,7.848635543184559e-11,603962629495550.5,96770493.00653118,0.0008860218834581789
5.508e-07,17.701394459506346,1.831565591519659e-07,7.835463720807109e-11,604396492097026.9,96646249.20595616,0.0008875113323647514
5.51e-07,17.667027133036097,1.8303441608143467e-07,7.820403759879441e-11,604799819760444.0,96522979.18209971,0.0008892204367024131
5.512e-07,17.633809321699093,1.8292196940607974e-07,7.803507316469753e-11,605171605222890.9,96400718.72697103,0.0008911458097658522
5.514e-07,17.601769183392367,1.828194846553677e-07,7.784829140256026e-11,605510851672557.6,96279503.33944651,0.0008932839399890139
5.516e-07,17.5709345778804,1.8272722568851448e-07,7.764426788967951e-11,605816574070428.4,96159368.21496241,0.0008956311953935656
5.518000000000001e-07,17.541333065344187,1.826454546204737e-07,7.742360337244844e-11,606087800465859.2,96040348.23529568,0.0008981838281404281
5.520000000000001e-07,17.512991905838444,1.8257443175547406e-07,7.718692082318984e-11,606323573304457.2,95922477.95843603,0.0009009379791789712
5.522e-07,17.485938059602056,1.8251441552768544e-07,7.693486248850503e-11,606522950726694.5,95805791.60855177,0.0009038896829884122
5.524e-07,17.46019818816574,1.8246566244857846e-07,7.666808695132315e-11,606685007855691.6,95690323.0660524,0.0009070348724058224
5.526e-07,17.435798656199342,1.8242842706051922e-07,7.638726622753679e-11,606808838072622.4,95576105.85775183,0.0009103693835350695
5.528e-07,17.41276553403981,1.8240296189612575e-07,7.609308291662982e-11,606893554278194.4,95463173.1471333,0.0009138889607309378
5.53e-07,17.391124600839937,1.8238951744289336e-07,7.57862274240727e-11,606938290138686.4,95351557.72472036,0.0009175892616526132
5.532000000000001e-07,17.37090134827705,1.8238834211258312e-07,7.546739527152257e-11,606942201315029.0,95241291.99855597,0.0009214658623806098
5.534000000000001e-07,17.352120984759946,1.8239968221485327e-07,7.513728450904393e-11,606904466673436.4,95132407.98479263,0.0009255142625911856
5.536e-07,17.334808440071715,1.8242378193459981e-07,7.479659324170399e-11,606824289476117.9,95024937.29839656,0.0009297298907822243
5.538e-07,17.31898837038541,1.8246088331246173e-07,7.444601728101894e-11,606700898550616.9,94918911.14396767,0.0009341081095445284
5.54e-07,17.30468516358935,1.8251122622793488e-07,7.408624792987197e-11,606533549436349.0,94814360.30667971,0.0009386442208723699
5.542e-07,17.29192294485794,1.8257504838452908e-07,7.371796990769675e-11,606321525506933.2,94711315.14334142,0.0009433334715072139
5.544e-07,17.280725582403964,1.8265258529639365e-07,7.33418594209757e-11,606064139066941.0,94609805.57358232,0.0009481710583083929
5.546000000000001e-07,17.27111669334774,1.82744070275828e-07,7.295858238242537e-11,605760732421708.9,94509861.07116513,0.0009531521336445704
5.548000000000001e-07,17.26311964963865,1.8284973442108627e-07,7.256879278067767e-11,605410678918896.8,94411510.65542845,0.0009582718107997512
5.55e-07,17.25675758396361,1.8296980660387664e-07,7.217313120080306e-11,605013383960500.8,94314782.88286054,0.0009635251693876646
5.552e-07,17.252053395577786,1.8310451345595135e-07,7.177222349469253e-11,604568285984060.2,94219705.83880793,0.000968907260768288
5.554e-07,17.249029755991703,1.8325407935417256e-07,7.136667959910927e-11,604074857411840.0,94126307.12932041,0.0009744131134603022
5.556e-07,17.24770911444964,1.8341872640343774e-07,7.095709249814766e-11,603532605566794.6,94034613.87313598,0.0009800377385432932
5.558e-07,17.248113703133058,1.8359867441683752e-07,7.054403732589808e-11,602941073554165.9,93944652.6938065,0.0009857761350435524
5.560000000000001e-07,17.250265542023353,1.837941408924166e-07,7.012807060431335e-11,602299841107597.0,93856449.71196742,0.000991623295297314
5.562000000000001e-07,17.254186443357433,1.8400534098589797e-07,6.970972961059287e-11,601608525398693.1,93770030.53775369,0.0009975742102853419
5.564e-07,17.259898015609682,1.8423248747872997e-07,6.928953186785003e-11,600866781808991.5,93685420.26336357,0.0010036238749328076
5.566e-07,17.267421666933345,1.8447579074080482e-07,6.88679747523924e-11,600074304663348.2,93602643.45577301,0.0010097672933684773
5.568e-07,17.276778607993936,1.8473545868719244e-07,6.844553521062775e-11,599230827923802.8,93521724.1496027,0.0010159994841371935
5.57e-07,17.28798985412722,1.8501169672823088e-07,6.802266957837688e-11,598336125843000.5,93442685.84013936,0.0010223154853598623
5.572e-07,17.30107622675331,1.8530470771230243e-07,6.759981349525988e-11,597390013576327.9,93365551.47651376,0.0010287103598350623
5.574000000000001e-07,17.316058353978416,1.8561469186062253e-07,6.717738190677222e-11,596392347751941.1,93290343.45503743,0.0010351792000765877
5.576000000000001e-07,17.33295667031481,1.8594184669336093e-07,6.675576914670771e-11,595343026997926.0,93217083.61269969,0.0010417171332812295
5.578e-07,17.35179141544925,1.8628636694640763e-07,6.633534909267945e-11,594241992425868.9,93145793.22082734,0.0010483193262212918
5.58e-07,17.372582631989193,1.8664844447809132e-07,6.591647538765334e-11,593089228070173.4,93076492.97890814,0.0010549809900563553
5.582e-07,17.395350162115694,1.870282681651494e-07,6.549948172061489e-11,591884761282505.1,93009203.00858094,0.0010616973850589282
5.584e-07,17.42011364307075,1.8742602378724434e-07,6.50846821597377e-11,590628663080797.1,92943942.8477931,0.0010684638252487421
5.586e-07,17.446892501406506,1.8784189389931574e-07,6.467237153170246e-11,589321048452296.5,92880731.44512764,0.0010752756829305852
5.588000000000001e-07,17.475705945922556,1.8827605769104866e-07,6.426282584112617e-11,587962076610194.9,92819587.15430133,0.001082128393130638
5.590000000000001e-07,17.506572959216964,1.8872869083273708e-07,6.38563027243857e-11,586551951203424.5,92760527.72883569,0.001089017457926443
5.592e-07,17.539512287775704,1.8919996530681419e-07,6.345304193246219e-11,585090920479269.8,92703570.31690219,0.0010959384506657567
5.594e-07,17.5745424305245,1.8969004922431986e-07,6.305326583777945e-11,583579277398475.4,92648731.45634301,0.0011028870200697112
5.596e-07,17.611681625765897,1.901991066255659e-07,6.265717996036977e-11,582017359702624.5,92596027.06986952,0.0011098588942157286
5.598e-07,17.650947836424326,1.9072729726426894e-07,6.226497350904047e-11,580405549933561.2,92545472.4604388,0.0011168498843960007
5.6e-07,17.69235873352035,1.9127477637440757e-07,6.187681993357633e-11,578744275404738.0,92497082.30681051,0.0011238558888472699
5.602000000000001e-07,17.73593167779546,1.9184169441907014e-07,6.149287748434471e-11,577034008124386.6,92450870.65928462,0.001130872896347972
5.604000000000001e-07,17.781683699407484,1.9242819682055385e-07,6.111328977600911e-11,575275264670492.8,92406850.93562217,0.0011378969896788482
5.606e-07,17.829631475617106,1.930344236709894e-07,6.073818635237097e-11,573468606017582.9,92365035.91714907,0.001144924348943411
5.608e-07,17.879791306384995,1.936605094227625e-07,6.036768324967164e-11,571614637315409.2,92325437.74504519,0.001151951254744734
5.61e-07,17.932179087799376,1.9430658255801833e-07,6.000188355597784e-11,569714007619664.4,92288067.91681892,0.0011589740912152373
5.612e-07,17.986810283253902,1.9497276523654364e-07,5.964087796455062e-11,567767409574911.9,92252937.28296901,0.0011659893488963308
5.614e-07,18.043699892296264,1.9565917292134093e-07,5.928474531935884e-11,565775579049969.5,92220056.04383397,0.0011729936274649745
5.616e-07,18.10286241706839,1.9636591398122205e-07,5.893355315114589e-11,563739294726047.4,92189433.74663039,0.0011799836383043496
5.618000000000001e-07,18.16431182626008,1.9709308926977354e-07,5.85873582026849e-11,561659377637989.9,92161079.28268076,0.001186956206916069
5.62e-07,18.228061516499945,1.9784079168007888e-07,5.824620694207004e-11,559536690669017.4,92135000.88483207,0.0011939082751715481
5.622e-07,18.294124271108274,1.9860910567460392e-07,5.791013606309035e-11,557372137999435.5,92111206.12506507,0.0012008369034003077
5.624e-07,18.36251221613961,1.9939810678969976e-07,5.7579172971909855e-11,555166664509816.44,92089701.91229597,0.0012077392723132282
5.626e-07,18.43323677364542,2.0020786111421807e-07,5.725333625944498e-11,552921255139208.6,92070494.49037021,0.0012146126847589586
5.628e-07,18.506308612090425,2.010384247417824e-07,5.693263615898018e-11,550636934198991.75,92053589.43624972,0.0012214545673118814
5.63e-07,18.581737593859987,2.0188984319631495e-07,5.661707498870135e-11,548314764643050.5,92038991.65839341,0.001228262471690203
5.632000000000001e-07,18.65953271980151,2.0276215083049115e-07,5.63066475789459e-11,545955847294962.6,92026705.39533216,0.0012350340760030336
5.634e-07,18.739702070747306,2.0365537019685842e-07,5.600134168408306e-11,543561320032981.06,92016734.21443804,0.0012417671858254253
5.636e-07,18.822252745973543,2.0456951139144713e-07,5.570113837903316e-11,541132356933605.4,92009081.01088853,0.0012484597351006413
5.638e-07,18.907190798555785,2.0550457136977755e-07,5.540601244052781e-11,538670167374630.7,92003748.00682591,0.0012551097868689978
5.64e-07,18.994521167591916,2.0646053323529396e-07,5.511593271328127e-11,536175995098544.2,92000736.75071205,0.0012617155338230303
5.642e-07,19.084247607270274,2.074373655003446e-07,5.483086246131973e-11,533651117237245.8,92000048.1168788,0.0012682752986887473
5.644e-07,19.176372612772315,2.0843502131996352e-07,5.455075970476821e-11,531096843299083.56,92001682.30527408,0.0012747875344330621
5.646000000000001e-07,19.270897343010464,2.0945343769884534e-07,5.427557754244727e-11,528514514119240.3,92005638.84140393,0.0012812508242976558
5.648e-07,19.36782154021444,2.104925346720503e-07,5.40052644606728e-11,525905500774554.1,92011916.57647014,0.0012876638816597613
5.65e-07,19.467143446393212,2.1155221446013797e-07,5.373976462868991e-11,523271203463901.56,92020513.68770397,0.0012940255497205216
5.652e-07,19.568859716715465,2.1263236059960653e-07,5.347901818119912e-11,520613050355302.5,92031427.67889525,0.001300334801021821
5.654e-07,19.672965329868546,2.137328370497046e-07,5.322296148845665e-11,517932496400944.6,92044655.38111724,0.0013065907367926968
5.656e-07,19.779453495473895,2.148534872768847e-07,5.2971527414449606e-11,515231022121368.75,92060192.95364676,0.0013127925861266096
5.658e-07,19.88831555865676,2.1599413331838386e-07,5.2724645563660256e-11,512510132360099.1,92078035.88507934,0.0013189397049910533
5.660000000000001e-07,19.99954090189066,2.1715457482666205e-07,5.248224251693991e-11,509771355010008.56,92098178.99463905,0.001325031575071244
5.662e-07,20.11311684425909,2.1833458809666567e-07,5.224424205702126e-11,507016239712778.56,92120616.43368292,0.0013310678024497462
5.664e-07,20.229028538303318,2.1953392507816447e-07,5.201056538419586e-11,504246356532803.1,92145341.687399,0.0013370481161241673
5.666e-07,20.34725886464948,2.2075231237566365e-07,5.178113132268648e-11,501463294606981.4,92172347.57669799,0.0013429723663651316
5.668e-07,20.46778832464026,2.2198945023872912e-07,5.15558565182323e-11,498668660771775.75,92201626.26029772,0.0013488405229171092
5.67e-07,20.590594931222814,2.2324501154583298e-07,5.133465562740464e-11,495864078169033.94,92233169.23699991,0.0013546526730446816
5.672e-07,20.715654098378756,2.2451864078517576e-07,5.1117441499157025e-11,493051184832038.7,92266967.34815858,0.0013604090194271302
5.674000000000001e-07,20.84293852941451,2.2580995303626775e-07,5.0904125349103574e-11,490231632253296.75,92303010.7803392,0.0013661098779043557
5.676e-07,20.9724181044657,2.2711853295640545e-07,5.069461692700522e-11,487407083935585.75,92341289.0681681,0.001371755675077354
5.678e-07,21.104059767605158,2.2844393377653042e-07,5.048882467792984e-11,484579213927818.75,92381791.0973713,0.0013773469457665978
5.68e-07,21.23782741398216,2.297856763113312e-07,5.028665589753443e-11,481749705347282.3,92424505.10800128,0.0013828843303318864
5.682e-07,21.373681777459826,2.311432479888226e-07,5.008801688190013e-11,478920248889826.44,92469418.69785179,0.0013883685718573775
5.684e-07,21.511580319256783,2.3251610190501128e-07,4.98928130723327e-11,476092541329603.2,92516518.8260588,0.0013938005132056704
5.686e-07,21.65147711813945,2.3390365590962873e-07,4.9700949195521637e-11,473268284009975.75,92565791.81688695,0.001399181093944941
5.688000000000001e-07,21.793322762754173,2.3530529172930985e-07,4.951232939942873e-11,470449181327191.5,92617223.36370039,0.0014045113471533469
5.69e-07,21.937064246727374,2.3672035413494323e-07,4.932685738525792e-11,467636939208469.5,92670798.53311674,0.0014097923961049904
5.692e-07,22.08264486720522,2.3814815016030378e-07,4.914443653583427e-11,464833263586113.44,92726501.76934321,0.001415025450841938
5.694e-07,22.230004127541992,2.3958794837940026e-07,4.8964970040700774e-11,462039858869327.44,92784316.89869308,0.0014202118046368287
5.696e-07,22.3790776448897,2.410389782503388e-07,4.878836101821389e-11,459258426415331.2,92844227.13428195,0.001425352830350884
5.698e-07,22.529797063475858,2.4250042953377383e-07,4.8614512634900755e-11,456490663001454.0,92906215.08090179,0.0014304499766921064
5.7e-07,22.68208997439487,2.439714517943218e-07,4.8443328222314636e-11,453738259299837.5,92970262.74007183,0.0014355047643786608
5.702000000000001e-07,22.83587984277062,2.454511539935438e-07,4.8274711391602596e-11,451002898356393.9,93036351.51526435,0.001440518782212513
5.704e-07,22.99108594317974,2.469386041833189e-07,4.810856614597555e-11,448286254075650.56,93104462.21730456,0.001445493683068524
5.706e-07,23.147623304249734,2.4843282930857363e-07,4.794479699124801e-11,445589989713124.75,93174575.06994182,0.0014504311798042666
5.708e-07,23.305402663370348,2.499328151284459e-07,4.778330904459049e-11,442915756376845.2,93246669.71559216,0.0014553330410959587
5.71e-07,23.464330432472558,2.5143750626500467e-07,4.762400814161444e-11,440265191539632.44,93320725.22124892,0.001460201087205981
5.712e-07,23.62430867584147,2.5294580638861944e-07,4.7466800941886594e-11,437639917563742.5,93396720.08456106,0.0014650371856875335
5.714e-07,23.78523510093271,2.544565785489669e-07,4.731159503294792e-11,435041540239476.0,93474632.24007607,0.0014698432470320144
5.716000000000001e-07,23.947003063161986,2.5596864566050575e-07,4.7158299032887256e-11,432471647339305.1,93554439.06564705,0.0014746212202648712
5.718e-07,24.10950158562407,2.5748079115095923e-07,4.700682269150118e-11,429931807189094.8,93636117.38900101,0.001479373088495616
5.72e-07,24.272615394680845,2.5899175978100863e-07,4.685707699004723e-11,427423567257938.56,93719643.4944673,0.0014841008644278604
5.722e-07,24.43622497232579,2.6050025864291026e-07,4.670897423958054e-11,424948452768158.4,93804993.12986322,0.0014888065858351504
5.724e-07,24.6002066261987,2.620049583452331e-07,4.6562428177839345e-11,422507965326923.6,93892141.51353589,0.0014934923110085712
5.726e-07,24.764432578070142,2.635044943901957e-07,4.641735406463017e-11,420103581580992.7,93981063.34155779,0.0014981601141819836
5.728e-07,24.928771071557858,2.649974687493297e-07,4.627366877564276e-11,417736751896011.5,94071732.79507378,0.0015028120809408624
5.730000000000001e-07,25.093086499764755,2.6648245164229125e-07,4.613129089460798e-11,415408899061785.94,94164123.54779775,0.0015074503036207056
5.732e-07,25.257239553443487,2.679579835226238e-07,4.5990140803697024e-11,413121417024932.3,94258208.77365652,0.001512076876700967
5.734e-07,25.42108739019972,2.6942257727317455e-07,4.585014077204259e-11,410875669650242.5,94353961.15457918,0.001516693892200539
5.736e-07,25.584483825134775,2.708747206125957e-07,4.5711215042252773e-11,408672989512120.2,94451352.88842858,0.0015213034350807042
5.738e-07,25.747279543213622,2.723128787130557e-07,4.5573289914771895e-11,406514676717353.7,94550355.69707412,0.0015259075786615826
5.74e-07,25.90932233350888,2.737354970278013e-07,4.5436293829934865e-11,404401997760512.94,94650940.83460231,0.0015305083800579778
5.742e-07,26.070457345333313,2.7514100432570016e-07,4.5300157447549736e-11,402336184413170.3,94753079.09566332,0.0015351078756405806
5.744000000000001e-07,26.230527366118707,2.765278159282447e-07,4.516481372383625e-11,400318432648145.5,94856740.8239509,0.0015397080765284113
5.746e-07,26.389373120738274,2.778943371428038e-07,4.5030197985541564e-11,398349901599916.1,94961895.92081308,0.0015443109641183506
5.748e-07,26.546833591800397,2.7923896688415217e-07,4.4896248001048116e-11,396431712562292.75,95068513.85399187,0.001548918485657609
5.75e-07,26.702746360261774,2.805601014744763e-07,4.4762904048288644e-11,394564948024445.06,95176563.6664878,0.001553532549864815
5.752e-07,26.85694796552995,2.81856138610259e-07,4.463010897927682e-11,392750650746268.9,95286013.98554891,0.0015581550226055202
5.754e-07,27.009274284034195,2.831254814825616e-07,4.449780828106696e-11,390989822874095.56,95396833.03177981,0.0015627877226276833
5.756e-07,27.15956092505807,2.8436654303541546e-07,4.4365950132955137e-11,389283425097667.44,95508988.6283689,0.0015674324173627233
5.758000000000001e-07,27.30764364243856,2.855777503452332e-07,4.4234485459738463e-11,387632375849260.8,95622448.21043137,0.0015720908187976256
5.76e-07,27.453358760549037,2.867575491023995e-07,4.4103367980855215e-11,386037550545808.75,95737178.83446407,0.0015767645794234745
5.762e-07,27.596543612805593,2.879044081745707e-07,4.397255425523336e-11,384499780874794.4,95853147.18791121,0.0015814552882657611
5.764e-07,27.73703699075817,2.8901682422962825e-07,4.3842003721686734e-11,383019854124677.6,95970319.59883648,0.0015861644670016114
5.766e-07,27.874679601667708,2.900933263948491e-07,4.371167873470436e-11,381598512560526.7,96088662.04570039,0.0015908935661691015
5.768e-07,28.009314532314477,2.911324809275608e-07,4.358154459549402e-11,380236452845513.5,96208140.16723788,0.0015956439614735877
5.77e-07,28.140787716648486,2.9213289587149026e-07,4.345156957815065e-11,378934325508848.4,96328719.27243574,0.001600416950195971
5.772000000000001e-07,28.268948404770136,2.930932256721202e-07,4.3321724950836966e-11,377692734460698.9,96450364.35060516,0.0016052137477076244
5.774e-07,28.39364963062832,2.940121757237057e-07,4.319198499187829e-11,376512236554577.25,96573040.08154717,0.0016100354840966012
5.776e-07,28.51474867574439,2.9488850682019296e-07,4.306232700068987e-11,375393341197621.44,96696710.84580837,0.0016148832009096452
5.778e-07,28.63210752621119,2.9572103948209676e-07,4.293273130347498e-11,374336510009162.3,96821340.7350227,0.001619757848014279
5.78e-07,28.74559332018792,2.9650865813151833e-07,4.2803181253646764e-11,373342156527882.8,96946893.56233782,0.0016246602805852694
5.782e-07,28.85507878310291,2.9725031508784e-07,4.267366322695041e-11,372410645967851.25,97073332.87292224,0.0016295912562194507
5.784e-07,28.96044264779974,2.979450343573043e-07,4.25441666112794e-11,371542295023638.94,97200621.95454998,0.0016345514321828352
5.786000000000001e-07,29.061570056911084,2.985919151906209e-07,4.2414683791200945e-11,370737371724681.56,97328723.84826024,0.0016395413627937577
5.788e-07,29.158352944821683,2.991901353839602e-07,4.228521012722712e-11,369996095338992.5,97457601.3590884,0.0016445614969456005
5.79e-07,29.250690396688494,2.997389543001935e-07,4.215574392988706e-11,369318636326270.6,97587217.06686628,0.0016496121757725605
5.792e-07,29.338488982116125,3.0023771558897273e-07,4.2026286428679506e-11,368705116340405.56,97717533.33708645,0.0016546936304616272
5.794e-07,29.421663061247404,3.006858495862538e-07,4.1896841736002055e-11,368155608281310.25,97848512.33183023,0.001659805980213909
5.796e-07,29.500135061209107,3.01082875376066e-07,4.176741680617749e-11,367670136395972.6,97980116.02075382,0.0016649492303581171
5.798e-07,29.573835721061506,3.0142840249976267e-07,4.1638021389714364e-11,367248676428549.1,98112306.19213063,0.0016701232706189584
5.800000000000001e-07,29.642704303625337,3.017221323005615e-07,4.150866798296013e-11,366891155819276.94,98245044.46394624,0.0016753278735429252
5.802000000000001e-07,29.706688772805297,3.0196385889392173e-07,4.137937177332306e-11,366597453951924.1,98378292.29504281,0.0016805626930838078
5.804e-07,29.76574593528855,3.0215346975714097e-07,4.125015058025673e-11,366367402449442.1,98512010.99630953,0.0016858272633500553
5.806e-07,29.819841545768508,3.0229094593446795e-07,4.112102479221685e-11,366200785517432.25,98646161.74191666,0.0016911209975159509
5.808e-07,29.868950375123756,3.023763618569807e-07,4.0992017299817856e-11,366097340334985.6,98780705.58058803,0.0016964431868982672
5.81e-07,29.913056241268634,3.0240988477943397e-07,4.086315342542715e-11,366056757492399.75,98915603.44691132,0.0017017930002000325
5.812e-07,29.95215200267755,3.0239177383920173e-07,4.073446084945147e-11,366078681475226.3,99050816.17268051,0.0017071694829226723
5.814000000000001e-07,29.986239514871148,3.0232237874528785e-07,4.060596953357868e-11,366162711194052.56,99186304.49826907,0.0017125715569477047
5.816000000000001e-07,30.015329550431414,3.0220213810813135e-07,4.047771164125021e-11,366308400559364.56,99322029.08402848,0.0017179980202888774
5.818e-07,30.039441683384535,3.0203157742353724e-07,4.0349721455645786e-11,366515259100795.75,99457950.52171114,0.001723447547015512
5.82e-07,30.058604139048168,3.018113067265096e-07,4.022203529547064e-11,366782752630011.2,99594029.34591241,0.0017289186873475492
5.822e-07,30.072853610685147,3.015420179330173e-07,4.009469142883994e-11,367110303946429.9,99730226.04553023,0.0017344098679226054
5.824e-07,30.082235044530414,3.012244818897516e-07,3.9967729985559094e-11,367497293584941.0,99866501.07523642,0.0017399193922351334
5.826e-07,30.086801394966304,3.0085954515373203e-07,3.984119286809989e-11,367943060604725.56,100002814.8669595,0.001745445441247614
5.828000000000001e-07,30.08661335180464,3.0044812652516567e-07,3.971512366157424e-11,368446903418243.1,100139127.84137322,0.001750986074173423
5.830000000000001e-07,30.081739041795522,2.9999121335823753e-07,3.9589567543005277e-11,369008080659406.75,100275400.41938865,0.0017565392294308709
5.832e-07,30.072253706619154,2.9948985767552265e-07,3.946457119019285e-11,369625812089920.56,100411593.03364605,0.0017621027257676907
5.834e-07,30.05823935972773,2.989451721124414e-07,3.934018269046746e-11,370299279542714.4,100547666.14000379,0.001767674263555017
5.836e-07,30.039784424488385,2.9835832571863725e-07,3.9216451449620175e-11,371027627901368.4,100683580.22901963,0.0017732514262497206
5.838e-07,30.016983356138038,2.9773053964334604e-07,3.9093428101289396e-11,371809966114384.2,100819295.83742279,0.001778831682023769
5.84e-07,29.989936250092708,2.970630827317538e-07,3.8971164417077934e-11,372645368243116.56,100954773.55957232,0.0017844123855590473
5.842000000000001e-07,29.95874843916257,2.9635726705902165e-07,3.884971321766478e-11,373532874542142.6,101089974.05889855,0.001789990780005864
5.844000000000001e-07,29.923530082207314,2.956144434280934e-07,3.8729128285164085e-11,374471492570818.06,101224858.07932469,0.001795563999103247
5.846e-07,29.884395746728078,2.9483599685663845e-07,3.860946427697512e-11,375460198334724.9,101359386.45666498,0.001801129069458824
5.848e-07,29.8414639878319,2.9402334207750286e-07,3.8490776641352326e-11,376497937455694.06,101493520.12999655,0.001806682912986
5.85e-07,29.794856925925664,2.931779190759066e-07,3.837312153491478e-11,377583626369040.06,101627220.1530003,0.00181222234949582
5.852e-07,29.744699825399444,2.923011886853083e-07,3.8256555742297245e-11,378716153546637.2,101760447.70526955,0.0018177440994408792
5.854e-07,29.69112067644695,2.9139462826243974e-07,3.814113659813418e-11,379894380744419.25,101893164.10358167,0.0018232447868083133
5.856000000000001e-07,29.63424978204596,2.904597274604697e-07,3.802692191155194e-11,381117144272868.2,102025330.81312986,0.0018287209421587874
5.858000000000001e-07,29.574219351984354,2.8949798411763026e-07,3.7913969893330064e-11,382383256289031.6,102156909.45871185,0.0018341690058082177
5.86e-07,29.511163105672473,2.8851090027695544e-07,3.7802339085877265e-11,383691506108588.44,102287861.83587272,0.0018395853311487774
5.862e-07,29.4452158853303,2.8749997835106495e-07,3.769208829615339e-11,385040661536452.5,102418149.92199713,0.001844966188105549
5.864e-07,29.3765132809814,2.8646671744417603e-07,3.7583276531652437e-11,386429470214395.25,102547735.88734971,0.0018503077667250526
5.866e-07,29.305191268525654,2.854126098417952e-07,3.747596293954717e-11,387856660984147.1,102676582.10605894,0.001855606180891697
5.868e-07,29.231385862003137,2.8433913767682005e-07,3.737020674908097e-11,389320945264420.6,102804651.16704243,0.0018608574721680415
5.870000000000001e-07,29.155232781002386,2.8324776977911086e-07,3.726606721727809e-11,390821018440279.0,102931905.88486867,0.0018660576137545844
5.872000000000001e-07,29.076867134009337,2.821399587139498e-07,3.716360357802813e-11,392355561263277.8,103058309.31055458,0.0018712025145646996
5.874e-07,28.996423118340786,2.810171380132571e-07,3.7062874994587704e-11,393923241260778.6,103183824.74229337,0.0018762880234101356
5.876e-07,28.914033737159233,2.7988071960193894e-07,3.696394051552765e-11,395522714152843.4,103308415.73611176,0.0018813099332924091
5.878e-07,28.829830533925318,2.787320914203587e-07,3.6866859034142675e-11,397152625275082.7,103432046.11645079,0.0018862639857952044
5.88e-07,28.7439433445094,2.7757261524258883e-07,3.67716892513251e-11,398811611005871.6,103554679.98667012,0.0018911458755729027
5.882e-07,28.656500067059813,2.764036246889244e-07,3.6678489641895215e-11,400498300196298.4,103676281.73947059,0.0018959512549301
5.884000000000001e-07,28.567626449607715,2.752264234300154e-07,3.6587318424367735e-11,402211315601237.75,103796816.06723307,0.0019006757384869382
5.886000000000001e-07,28.477445895280976,2.740422835789851e-07,3.649823353412368e-11,403949275309931.7,103916247.9722701,0.001905314907924942
5.888e-07,28.386079284900845,2.728524442670004e-07,3.6411292599946753e-11,405710794174469.1,104034542.77698748,0.0019098643168079562
5.89e-07,28.29364481664745,2.7165811039698455e-07,3.6326552923874264e-11,407494485234550.06,104151666.13395362,0.001914319495472661
5.892e-07,28.20025786239927,2.704604515694675e-07,3.6244071464303806e-11,409298961136936.6,104267584.03587173,0.0019186759559830725
5.894e-07,28.106030840283204,2.692606011739891e-07,3.6163904822288575e-11,411122835548001.0,104382262.82545446,0.0019229291971433503
5.896e-07,28.01107310291062,2.6805965563898874e-07,3.608610923094743e-11,412964724557785.44,104495669.20519637,0.001927074709563144
5.898000000000001e-07,27.91549084072394,2.668586738327245e-07,3.601074054790922e-11,414823248073995.75,104607770.24704191,0.0019311079807696268
5.900000000000001e-07,27.819386999833934,2.656586766074482e-07,3.593785425070427e-11,416697031204386.25,104718533.40194637,0.0019350245003603443
5.902e-07,27.72286121369479,2.6446064647885905e-07,3.586750543501136e-11,418584705625980.9,104827926.50932641,0.0019388197651908957
5.904e-07,27.6260097479356,2.6326552743269664e-07,3.5799748815663284e-11,420484910939621.0,104935917.80639848,0.0019424892845914645
5.906e-07,27.528925457649095,2.620742248502857e-07,3.573463873031103e-11,422396296008310.56,105042475.93740077,0.0019460285856060936
5.908e-07,27.43169775642249,2.608876055447995e-07,3.56722291456413e-11,424317520277905.94,105147569.96269771,0.0019494332182486804
5.91e-07,27.334412596391964,2.597064979000981e-07,3.5612573666041234e-11,426247255078664.6,105251169.36776358,0.0019526987607695182
5.912e-07,27.237152458598494,2.58531692104073e-07,3.555572554460027e-11,428184184906225.7,105353244.0720423,0.001955820824926263
5.914000000000001e-07,27.139996352928453,2.573639404685926e-07,3.550173769633801e-11,430127008680607.94,105453764.43768151,0.0019587950612531563
5.916e-07,27.04301982693002,2.5620395782832563e-07,3.5450662713545046e-11,432074440981844.25,105552701.27813838,0.001961617164322339
5.918e-07,26.946294982809494,2.5505242201094996e-07,3.540255288312273e-11,434025213260892.9,105650025.86665353,0.001964282877991085
5.92e-07,26.849890501928176,2.5390997437150636e-07,3.535746020580761e-11,435978075024501.3,105745709.9445923,0.001966788000628777
5.922e-07,26.753871676138463,2.527772203839312e-07,3.5315436417164886e-11,437931794992737.6,105839725.72964957,0.0019691283903175
5.924e-07,26.658300445321164,2.516547302831084e-07,3.5276533010236595e-11,439885162227924.8,105932045.92391692,0.001971299970020084
5.926e-07,26.56323544050928,2.505430397510962e-07,3.524080125972931e-11,441836987233749.25,106022643.72180814,0.00197329873270952
5.928000000000001e-07,26.468732032008894,2.4944265064149756e-07,3.5208292247627195e-11,443786103023368.75,106111492.81784262,0.001975120746453656
5.93e-07,26.374842381955894,2.483540317362943e-07,3.517905689011664e-11,445731366155358.94,106198567.41428326,0.001976762159449162
5.932e-07,26.28161550077411,2.4727761952978456e-07,3.515314596570971e-11,447671657736401.44,106283842.22862713,0.0019782192049987678
5.934e-07,26.189097307031332,2.462138190346289e-07,3.513061014445452e-11,449605884389618.5,106367292.5009459,0.0019794882064258458
5.936e-07,26.097330690216044,2.4516300460531224e-07,3.5111500018121416e-11,451532979187558.6,106448894.0010754,0.001980565581920489
5.938e-07,26.006355575989964,2.4412552077469994e-07,3.5095866131255054e-11,453451902548822.6,106528623.03565086,0.0019814478493112796
5.94e-07,25.916208993499147,2.4310168309967277e-07,3.508375901298375e-11,455361643097397.4,106606456.45498632,0.0019821316307570233
5.942000000000001e-07,25.826925144356,2.420917790121551e-07,3.5075229209478025e-11,457261218483803.75,106682371.65979628,0.001982613657352826
5.944e-07,25.738535472933687,2.4109606867216833e-07,3.5070327316951606e-11,459149676167194.6,106756346.60775742,0.001982890773644953
5.946e-07,25.651068737641236,2.401147858198304e-07,3.506910401509901e-11,461026094157619.56,106828359.81990904,0.0019829599420490233
5.948e-07,25.564551082876722,2.391481386235371e-07,3.507161010086421e-11,462889581717675.6,106898390.38688903,0.0019828182471661984
5.95e-07,25.479006111380567,2.3819631052181434e-07,3.5077896522436286e-11,464739280022860.94,106966417.97500539,0.0019824628999921016
5.952e-07,25.394454956738514,2.3725946105662643e-07,3.5088014413367474e-11,466574362779949.8,107032422.83214009,0.0019818912420133702
5.954e-07,25.31091635580664,2.363377266961567e-07,3.5102015126710105e-11,468394036802800.4,107096385.79348424,0.0019811007491868037
5.956000000000001e-07,25.228406720855546,2.35431221645335e-07,3.511995026906832e-11,470197542545025.9,107158288.28710255,0.0019800890357962544
5.958e-07,25.14694021125318,2.3454003864261003e-07,3.514187173446065e-11,471984154589026.1,107218112.33932582,0.0019788538581824973
5.96e-07,25.066528804526303,2.3366424974167594e-07,3.516783173788876e-11,473753182090934.5,107275840.57996991,0.0019773931183414677
5.962e-07,24.987182366662598,2.3280390707708122e-07,3.519788284850694e-11,475503969181055.8,107331456.24737887,0.0019757048673864127
5.964e-07,24.908908721532125,2.3195904361281155e-07,3.523207802228563e-11,477235895319477.4,107384943.19329207,0.0019737873088696276
5.966e-07,24.831713719327123,2.3112967387314248e-07,3.5270470634061125e-11,478948375606535.1,107436285.88753265,0.0019716388019596106
5.968e-07,24.755601303934807,2.3031579465520556e-07,3.5313114508861214e-11,480640861047902.1,107485469.42251702,0.0019692578644696403
5.970000000000001e-07,24.680573579173593,2.2951738572286813e-07,3.53600639523947e-11,482312838774113.9,107532479.51758334,0.0019666431757339167
5.972e-07,24.606630873838657,2.287344104816745e-07,3.5411373780589556e-11,483963832214386.8,107577302.5231377,0.0019637935793276116
5.974e-07,24.533771805515165,2.279668166347117e-07,3.546709934806199e-11,485593401224667.6,107619925.42461766,0.0019607080856273006
5.976e-07,24.46199334313167,2.272145368194017e-07,3.552729657539434e-11,487201142169867.0,107660335.84627089,0.001957385874208472
5.978e-07,24.391290868236002,2.2647748922530872e-07,3.559202197509641e-11,488786687960329.25,107698522.05474861,0.0019538262960769465
5.98e-07,24.321658234988575,2.2575557819317135e-07,3.566133267611949e-11,490349708042599.44,107734472.96251242,0.0019500288757312648
5.982e-07,24.25308782887592,2.250486947954385e-07,3.573528644678806e-11,491889908344643.06,107768178.13105355,0.0019459933130532472
5.984000000000001e-07,24.185570624157545,2.2435671739868396e-07,3.581394171600777e-11,493407031175698.3,107799627.7739238,0.0019417194850241603
5.986e-07,24.119096240066533,2.2367951220833917e-07,3.589735759260265e-11,494900855081007.9,107828812.75957705,0.0019372074472640876
5.988e-07,24.053652995791204,2.2301693379624608e-07,3.598559388262782e-11,496371194651736.06,107855724.6140207,0.0019324574353923028
5.99e-07,23.989227964272896,2.2236882561160117e-07,3.607871110449545e-11,497817900290401.7,107880355.523276,0.0019274698662066964
5.992e-07,23.92580702485851,2.2173502047589039e-07,3.6176770501746034e-11,499240857932255.75,107902698.335647,0.0019222453386803999
5.994e-07,23.863374914853306,2.2111534106247755e-07,3.627983405328619e-11,500639988723039.5,107922746.56379703,0.0019167846347740664
5.996e-07,23.801915280022758,2.2050960036153453e-07,3.6387964480906365e-11,502015248653636.7,107940494.38663234,0.0019110887200624131
5.998000000000001e-07,23.741410724095772,2.1991760213103175e-07,3.6501225253881795e-11,503366628152178.56,107955936.65099221,0.00190515874417384
6e-07,23.681842857325606,2.1933914133454084e-07,3.66196805904487e-11,504694151634199.2,107969068.87314537,0.0018989960410421979
6.002e-07,23.623192344165417,2.18774004566606e-07,3.6743395455938524e-11,505997877011513.56,107979887.24009168,0.0018926021289698918
6.004e-07,23.56543895011943,2.182219704664724e-07,3.687243555733844e-11,507277895160504.06,107988388.61066933,0.001885978710501855
6.006e-07,23.508561587829927,2.1768281012095287e-07,3.700686733403706e-11,508534329350586.4,107994570.51646693,0.0018791276721099794
6.008e-07,23.452538362462825,2.1715628745723362e-07,3.714675794449779e-11,509767334633636.7,107998431.16254014,0.001872051083687973
6.01e-07,23.397346616453465,2.166421596264084e-07,3.7292175248591565e-11,510977097195239.2,107999969.42793289,0.001864751197856668
6.012000000000001e-07,23.34296297367518,2.161401773785362e-07,3.7443187785303935e-11,512163833668634.6,107999184.86600286,0.0018572304490801362
6.014e-07,23.28936338309204,2.1565008543000604e-07,3.75998647455174e-11,513327790412305.0,107996077.70455122,0.0018494914525931225
6.016e-07,23.236523161955947,2.1517162282398004e-07,3.776227593955458e-11,514469242752175.9,107990648.84575629,0.0018415370031404986
6.018e-07,23.184417038607975,2.1470452328468047e-07,3.7930491759149057e-11,515588494189439.2,107982899.86591178,0.001833370073529782
6.02e-07,23.13301919494028,2.1424851556625517e-07,3.8104583133497844e-11,516685875575071.06,107972833.01496911,0.0018249938129977477
6.022e-07,23.082303308574087,2.1380332379694647e-07,3.8284621479027906e-11,517761744252129.3,107960451.21588399,0.0018164115453926026
6.024e-07,23.032242594806416,2.1336866781926135e-07,3.847067864249352e-11,518816483166966.25,107945758.06376776,0.0018076267671732588
6.026000000000001e-07,22.982809848374778,2.1294426352681008e-07,3.8662826837002667e-11,519850499950530.8,107928757.82484367,0.0017986431452274802
6.028e-07,22.933977485086828,2.1252982319845974e-07,3.8861138570550134e-11,520864225970955.6,107909455.43520801,0.001789464514510941
6.03e-07,22.885717583357298,2.12125055830405e-07,3.9065686566619455e-11,521858115358679.44,107887856.49939694,0.001780094875509303
6.032e-07,22.838001925691927,2.1172966746673645e-07,3.9276543676391823e-11,522832644005361.56,107863967.28875922,0.0017705383915258073
6.034e-07,22.790802040153146,2.1134336152904005e-07,3.949378278208633e-11,523788308537900.1,107837794.73963524,0.001760799385796852
6.036e-07,22.7440892418386,2.1096583914552853e-07,3.9717476690930747e-11,524725625268872.3,107809346.45134307,0.0017508823384384613
6.038e-07,22.697834674398532,2.1059679948015879e-07,3.9947698019248594e-11,525645129124762.56,107778630.68397196,0.0017407918832265156
6.040000000000001e-07,22.652009351613724,2.1023594006215072e-07,4.018451906612546e-11,526547372553353.7,107745656.35598393,0.0017305328042139716
6.042e-07,22.606584199050612,2.098829571162746e-07,4.042801167610142e-11,527432924411688.9,107710433.04162435,0.0017201100321884016
6.044e-07,22.561530095804805,2.0953754589422705e-07,4.067824709031964e-11,528302368836036.1,107672970.96814188,0.0017095286409733411
6.046e-07,22.516817916339832,2.0919940100737132e-07,4.0935295785541104e-11,529156304095293.44,107633281.01281911,0.0016987938435772726
6.048e-07,22.47241857242106,2.0886821676105863e-07,4.1199227300427465e-11,529995341429316.7,107591374.69981414,0.0016879109881939552
6.05e-07,22.428303055141047,2.0854368749070746e-07,4.1470110048473035e-11,530820103873642.6,107547264.19681457,0.0016768855540582885
6.052e-07,22.384442477025416,2.0822550789975457e-07,4.1748011116961264e-11,531631225072114.7,107500962.31150459,0.0016657231471618329
6.054000000000001e-07,22.340808114203842,2.079133733995472e-07,4.203299605130749e-11,532429348078919.06,107452482.48784605,0.0016544294958324472
6.056e-07,22.297371448624514,2.0760698045118504e-07,4.232512862414797e-11,533215124151563.25,107401838.8021752,0.0016430104461824726
6.058e-07,22.254104210284854,2.0730602690927047e-07,4.262447058852818e-11,533989211536326.4,107349045.95911524,0.0016314719574301963
6.06e-07,22.210978419446068,2.0701021236746979e-07,4.2931081414545446e-11,534752274247729.0,107294119.28730705,0.0016198200970994152
6.062e-07,22.167966428793015,2.0671923850573336e-07,4.324501800880548e-11,535504980843568.44,107237074.73495838,0.0016080610361020582
6.064e-07,22.12504096549582,2.0643280943896813e-07,4.3566334416063235e-11,536248003197079.1,107177928.86521311,0.0015962010437089182
6.066e-07,22.082175173124238,2.0615063206690263e-07,4.3895081502430915e-11,536982015267769.3,107116698.85134211,0.0015842464824137696
6.068000000000001e-07,22.039342653360666,2.058724164248316e-07,4.423130661955935e-11,537707691872497.25,107053402.47175705,0.0015722038026961794
6.07e-07,21.9965175074527,2.055978760348762e-07,4.457505324922556e-11,538425707458337.6,106988058.10484815,0.001560079537688496
6.072e-07,21.95367437734132,2.0532672825734133e-07,4.492636062779764e-11,539136734878800.75,106920684.7236479,0.0015478802977525064
6.074e-07,21.910788486396957,2.0505869464171133e-07,4.528526335008552e-11,539841444174941.6,106851301.8903225,0.0015356127649716002
6.076e-07,21.86783567969031,2.0479350127676636e-07,4.565179095215035e-11,540540501362913.6,106779929.75049153,0.0015232836875639882
6.078e-07,21.824792463722403,2.0453087913926845e-07,4.60259674726982e-11,541234567229493.56,106706589.02737881,0.0015108998742230065
6.08e-07,21.781636045533666,2.0427056444061584e-07,4.640781099276641e-11,541924296137104.56,106631301.01579504,0.001498468188390338
6.082000000000001e-07,21.738344371109914,2.0401229897083153e-07,4.6797333153492094e-11,542610334839846.7,106554087.57595508,0.0014859955424682712
6.084000000000001e-07,21.694896162999257,2.0375583043920859e-07,4.7194538651858916e-11,543293321312036.7,106474971.12713063,0.0014734888919769706
6.086e-07,21.651270957052787,2.0350091281090865e-07,4.759942471442654e-11,543973883590736.4,106393974.64114064,0.0014609552296630042
6.088e-07,21.607449138199474,2.0324730663877567e-07,4.801198054918289e-11,544652638633738.8,106311121.6356812,0.0014484015795652363
6.09e-07,21.563411975165366,2.029947793896076e-07,4.843218677579666e-11,545330191194449.5,106226436.16749738,0.0014358349910445073
6.092e-07,21.51914165404507,2.0274310576409862e-07,4.8860014834722886e-11,546007132715100.25,106139942.82539812,0.0014232625327831893
6.094e-07,21.47462131063492,2.0249206800965802e-07,4.9295426375783754e-11,546684040239689.44,106051666.72311664,0.0014106912867611092
6.096000000000001e-07,21.42983506143654,2.0224145622529208e-07,4.973837262705401e-11,547361475348029.56,105961633.49201868,0.0013981283422141342
6.098000000000001e-07,21.38476803324097,2.0199106865773141e-07,5.018879374509786e-11,548039983112256.7,105869869.27366032,0.001385580789581822
6.1e-07,21.33940639120487,2.017407119879824e-07,5.064661814784551e-11,548720091077125.4,105776400.7121976,0.0013730557144505044
6.102e-07,21.29373736533244,2.014902016074838e-07,5.111176183165682e-11,549402308265387.06,105681254.94665019,0.0013605601914982491
6.104e-07,21.247749275279734,2.0123936188305925e-07,5.15841276744031e-11,550087124209514.3,105584459.6030217,0.0013481012784480819
6.106e-07,21.20143155340044,2.0098802640986335e-07,5.206360472670253e-11,550775008011011.06,105486042.78627811,0.0013356860100358304
6.108e-07,21.15477476595709,2.007360382515437e-07,5.255006749376621e-11,551466407428505.25,105386033.07218754,0.0013233213919989961
6.110000000000001e-07,21.1077706324252,2.0048325016685934e-07,5.3043375210656246e-11,552161747995787.56,105284459.499023,0.0013110143950930448
6.112000000000001e-07,21.060412042823188,2.0022952482202513e-07,5.3543371114125674e-11,552861432170931.06,105181351.55913109,0.0012987719491413545
6.114e-07,21.012693073006083,1.9997473498808466e-07,5.4049881714586034e-11,553565838517579.44,105076739.19036876,0.001286600937125187
6.116e-07,20.964608997866822,1.997187637226503e-07,5.456271607215271e-11,554275320919460.06,104970652.76741049,0.0012745081893198403
6.118e-07,20.91615630239612,1.9946150453539612e-07,5.5081665081121115e-11,554990207829126.75,104863123.09292932,0.0012625004774833232
6.12e-07,20.867332690556996,1.9920286153672712e-07,5.560650076766388e-11,555710801551915.2,104754181.38865277,0.0012505845091034923
6.122e-07,20.818137091938866,1.9894274956910773e-07,5.613697560595619e-11,556437377566030.4,104643859.28629766,0.0012387669217098609
6.124000000000001e-07,20.768569666162588,1.9868109432058225e-07,5.667282185837845e-11,557170183879654.56,104532188.81838562,0.0012270542772560228
6.126000000000001e-07,20.718631805015864,1.984178324200793e-07,5.721375094587527e-11,557909440425916.94,104419202.40894236,0.0012154530565786181
6.128e-07,20.66832613230632,1.9815291151415316e-07,5.7759452854976476e-11,558655338496517.94,104304932.86408296,0.0012039696539386518
6.13e-07,20.61765650142806,1.9788629032488038e-07,5.830959558839501e-11,559408040214757.2,104189413.36248693,0.001192610371650942
6.132e-07,20.566627990645397,1.9761793868869526e-07,5.886382466651024e-11,560167678048664.6,104072677.44576424,0.0011813814148073202
6.134e-07,20.515246896106202,1.9734783757601686e-07,5.942176268740833e-11,560934354364888.06,103954759.00871672,0.0011702888860990956
6.136e-07,20.463520722605352,1.9707597909158902e-07,5.998300895347538e-11,561708141023942.3,103835692.28949583,0.001159338780744222
6.138000000000001e-07,20.41145817212829,1.9680236645553132e-07,6.054713917281646e-11,562489079017365.1,103715511.85966243,0.0011485369815245243
6.140000000000001e-07,20.35906913021119,1.9652701396516182e-07,6.111370524400493e-11,563277178147292.0,103594252.61414813,0.0011378892539380704
6.142e-07,20.306364650164376,1.962499469377339e-07,6.168223513281395e-11,564072416748894.2,103471949.76112361,0.0011274012414718322
6.144e-07,20.25335693521215,1.9597120163429267e-07,6.225223284967205e-11,564874741456087.1,103348638.81177554,0.0011170784609994635
6.146e-07,20.200059318611476,1.9569082516493786e-07,6.282317853656457e-11,565684067010842.6,103224355.56999604,0.0011069262983091125
6.148e-07,20.146486241817687,1.954088753758361e-07,6.339452867201355e-11,566500276116417.8,103099136.12198682,0.0010969500037657292
6.15e-07,20.092653230774104,1.9512542071840645e-07,6.396571640253776e-11,567323219334729.1,102973016.8257812,0.001087154688112474
6.152000000000001e-07,20.038576870408583,1.9484054010116206e-07,6.453615200866817e-11,568152715028065.0,102846034.30068746,0.001077545318415507
6.154000000000001e-07,19.984274777426172,1.9455432272475375e-07,6.510522351313039e-11,568988549345273.4,102718225.4166564,0.001068126714156307
6.156e-07,19.929765571493512,1.942668679008269e-07,6.567229743819974e-11,569830476252500.5,102589627.28357592,0.0010589035434755791
6.158e-07,19.87506884491537,1.939782848553536e-07,6.62367197185005e-11,570678217608514.1,102460277.24049565,0.0010498803195724772
6.16e-07,19.820205130909304,1.9368869251716015e-07,6.679781677461398e-11,571531463284580.9,102330212.84478599,0.0010410613972629164
6.162e-07,19.76519587058794,1.9339821929241742e-07,6.735489675182977e-11,572389871328820.4,102199471.86123279,0.0010324509697003247
6.164e-07,19.710063378762708,1.931070028259067e-07,6.790725092716126e-11,573253068174898.5,102068092.25107221,0.0010240530652622446
6.166000000000001e-07,19.654830808685755,1.9281518974991492e-07,6.845415528641166e-11,574120648894876.0,101936112.16096851,0.0010158715446057943
6.168000000000001e-07,19.59952211584941,1.9252293542164917e-07,6.899487227157353e-11,574992177495968.6,101803569.91193813,0.0010079100978949594
6.17e-07,19.544162020964198,1.9223040365009027e-07,6.952865269721931e-11,575867187260925.4,101670503.98822288,0.0010001722422024305
6.172e-07,19.488775972237892,1.9193776641323204e-07,7.005473783278759e-11,576745181131681.0,101536953.02611561,0.0009926613190884704
6.174e-07,19.433390107079344,1.9164520356667692e-07,7.057236164579891e-11,577625632135872.9,101402955.80274257,0.0009853804923592431
6.176e-07,19.378031213349324,1.9135290254456626e-07,7.108075319909903e-11,578507983855786.4,101268551.22480394,0.000978332746006599
6.178e-07,19.322726690281993,1.910610580538453e-07,7.157913919319628e-11,579391650939210.8,101133778.31727706,0.0009715208823313407
6.180000000000001e-07,19.26750450919811,1.907698717628592e-07,7.206674664271546e-11,580276019651661.4,100998676.2120856,0.0009649475202516459
6.182000000000001e-07,19.21239317412993,1.904795519852828e-07,7.254280567392595e-11,581160448469360.5,100863284.13673691,0.0009586150937981557
6.184e-07,19.157421682475857,1.9019031336038082e-07,7.3006552428263e-11,582044268712319.9,100727641.4029328,0.0009525258507970671
6.186e-07,19.102619485799227,1.8990237653058482e-07,7.345723205479304e-11,582926785216830.0,100591787.39515482,0.0009466818517422535
6.188e-07,19.048016450883477,1.8961596781736327e-07,7.389410177268606e-11,583807277046595.9,100455761.55922896,0.0009410849688573743
6.19e-07,18.99364282115131,1.8933131889633776e-07,7.43164339830297e-11,584684998241730.9,100319603.39087199,0.0009357368853485574
6.192e-07,18.93952917855236,1.8904866647258244e-07,7.472351940774201e-11,585559178604755.9,100183352.42422427,0.0009306390948481862
6.194000000000001e-07,18.88570640601828,1.8876825195701244e-07,7.511467023199676e-11,586429024522719.8,100047048.22037053,0.0009257929010499674
6.196000000000001e-07,18.832205650580214,1.8849032114473934e-07,7.548922322546285e-11,587293719824506.5,99910730.35585313,0.0009211994175353436
6.198e-07,18.77905828723807,1.882151238962388e-07,7.584654281683821e-11,588152426672349.6,99774438.41118094,0.0009168595677910532
6.2e-07,18.72629588366556,1.8794291382213836e-07,7.618602409564527e-11,589004286486539.5,99638211.95933662,0.0009127740854174169
6.202e-07,18.67395016582988,1.8767394797239595e-07,7.650709571506839e-11,589848420902255.5,99502090.55428696,0.0009089435145267917
6.204e-07,18.62205298459796,1.874084865305937e-07,7.6809222669797e-11,590683932757434.8,99366113.71949789,0.0009053682103312932
6.206e-07,18.570636283396432,1.8714679251403403e-07,7.709190892336376e-11,591509907110529.4,99230320.93645863,0.0009020483399188038
6.208000000000001e-07,18.519732066985632,1.868891314802741e-07,7.735469986037893e-11,592325412286984.4,99094751.63321824,0.0008989838832160037
6.210000000000001e-07,18.46937237140191,1.866357712406897e-07,7.759718454033389e-11,593129500953221.0,98959445.17293735,0.0008961746341369601
6.212e-07,18.419589235116554,1.8638698158161236e-07,7.781899773127202e-11,593921211216881.5,98824440.84245904,0.0008936202019156383
6.214e-07,18.370414671452856,1.8614303399353035e-07,7.80198217035941e-11,594699567752061.6,98689777.84090135,0.0008913200126204391
6.216e-07,18.321880642297543,1.859042014087989e-07,7.81993877665372e-11,595463582948214.0,98555495.2682762,0.0008892733108487261
6.218e-07,18.274019033135502,1.8567075794825006e-07,7.835747753242389e-11,596212258081392.2,98421632.11413622,0.0008874791615990494
6.22e-07,18.226861629431735,1.8544297867704617e-07,7.849392389656604e-11,596944584506460.9,98288227.24625392,0.0008859364523186255
6.222e-07,18.180440094377897,1.8522113937006683e-07,7.860861172369435e-11,597659544868881.4,98155319.39933632,0.0008846438951233995
6.224000000000001e-07,18.134785948015267,1.8500551628707305e-07,7.870147823490816e-11,598356114334655.2,98022947.1637782,0.0008836000291878514
6.226e-07,18.08993054774015,1.8479638595783937e-07,7.877251309235583e-11,599033261836979.0,97891148.97445723,0.0008828032233015072
6.228e-07,18.0459050701923,1.8459402497739865e-07,7.882175818210323e-11,599689951338152.0,97759963.09957384,0.0008822516785889376
6.23e-07,18.002740494522282,1.8439870981149797e-07,7.884930709887295e-11,600325143105243.6,97629427.6295405,0.0008819434313898479
6.232e-07,17.96046758702724,1.842107166123124e-07,7.88553043394849e-11,600937794998029.0,97499580.46592163,0.0008818763562956804
6.234e-07,17.919116887141357,1.840303210444254e-07,7.883994421484524e-11,601526863767665.4,97370459.31042871,0.0008820481693389844
6.236e-07,17.87871869476157,1.8385779812103626e-07,7.880346949316665e-11,602091306364579.2,97242101.65397362,0.0008824564313316438
6.238000000000001e-07,17.839303058885122,1.8369342205031524e-07,7.874616978971519e-11,602630081254016.4,97114544.76578252,0.0008830985513478828
6.24e-07,17.8008997675318,1.8353746609178712e-07,7.866837972072592e-11,603142149737695.1,96987825.68257517,0.0008839717903478159
6.242e-07,17.76353833891892,1.833902024225827e-07,7.857047684117896e-11,603626477280000.5,96861981.19781078,0.0008850732649371615
6.244e-07,17.727248013854698,1.8325190201336623e-07,7.84528793878579e-11,604082034837136.4,96737047.85100506,0.0008863999512585723
6.246e-07,17.69205774931121,1.8312283451370547e-07,7.831604385049646e-11,604507800187664.5,96613061.91712035,0.0008879486890099221
6.248e-07,17.65799621313609,1.8300326814662464e-07,7.816046239485897e-11,604902759262835.4,96490059.39603369,0.0008897161855847204
6.25e-07,17.625091779858252,1.8289346961204423e-07,7.798666016228008e-11,605265907475134.1,96368076.00208364,0.0008916990203297194
6.252000000000001e-07,17.59337252754101,1.827937039987845e-07,7.779519247052239e-11,605596251043449.0,96247147.15370063,0.0008938936489146389
6.254e-07,17.562866235633493,1.8270423470478403e-07,7.758664194080422e-11,605892808313277.6,96127307.96312307,0.0008962964078088194
6.256e-07,17.533600383768672,1.8262532336515401e-07,7.73616155755206e-11,606154611070393.8,96008593.22620198,0.0008989035188595068
6.258e-07,17.505602151455136,1.8255722978767094e-07,7.712074181055602e-11,606380705846391.5,95891037.41229855,0.000901711093966337
6.26e-07,17.47889841860707,1.825002118952835e-07,7.686466756518273e-11,606570155214547.0,95774674.65427525,0.0009047151398465374
6.262e-07,17.45351576685616,1.8245452567519098e-07,7.659405531140225e-11,606722039074429.9,95659538.73858543,0.0009079115628852162
6.264e-07,17.42948048158748,1.82420425134033e-07,7.63095801832338e-11,606835455923720.4,95545663.09546317,0.0009112961740650602
6.266000000000001e-07,17.406818554639948,1.8239816225870808e-07,7.601192714493264e-11,606909524115694.8,95433080.78921673,0.000914864693969647
6.268e-07,17.38555568761151,1.8238798698232865e-07,7.57017882354553e-11,606943383100858.0,95321824.50862828,0.0009186127578545392
6.27e-07,17.365717295707512,1.8239014715479991e-07,7.537985990472597e-11,606936194651217.2,95211926.55746208,0.0009225359207802404
6.272e-07,17.347328512070952,1.8240488851749993e-07,7.504684045542548e-11,606887144065710.4,95103418.84508567,0.0009266296628010072
6.274e-07,17.330414192531492,1.8243245468152348e-07,7.470342760214898e-11,606795441355321.9,94996332.8772043,0.0009308893942035324
6.276e-07,17.31499892071054,1.824730871089426e-07,7.435031615791266e-11,606660322406441.5,94890699.74671334,0.0009353104607893601
6.278e-07,17.30110701341869,1.8252702509652493e-07,7.398819585612925e-11,606481050121039.8,94786550.12467016,0.000939888149194965
6.280000000000001e-07,17.288762526281616,1.8259450576134186e-07,7.361774931437574e-11,606256915532266.6,94683914.25138883,0.0009446176922433069
6.282e-07,17.277989259530084,1.82675764027689e-07,7.323965014454048e-11,605987238894102.2,94582821.92765965,0.000949494274320693
6.284e-07,17.268810763889505,1.827710326147344e-07,7.285456121229147e-11,605671370743711.6,94483302.50609608,0.0009545130367727688
6.286e-07,17.261250346504365,1.8288054202430007e-07,7.246313304727373e-11,605308692935199.0,94385384.88261257,0.0009596690833133695
6.288e-07,17.255331076832245,1.830045205281771e-07,7.206600240400825e-11,604898619643472.2,94289097.48803419,0.0009649574854400985
6.29e-07,17.251075792442368,1.8314319415436652e-07,7.16637909721766e-11,604440598336973.5,94194468.2798417,0.0009703732878503592
6.292e-07,17.248507104653196,1.8329678667163243e-07,7.125710423379732e-11,603934110718057.4,94101524.73405376,0.0009759115138516773
6.294000000000001e-07,17.247647403943436,1.8346551957174537e-07,7.084653046377047e-11,603378673629843.4,94010293.83724952,0.0009815671707600927
6.296e-07,17.248518865070537,1.8364961204879098e-07,7.043263986935735e-11,602773839928395.1,93920802.07873267,0.0009873352552805061
6.298e-07,17.251143451830643,1.8384928097490962e-07,7.001598386339672e-11,602119199319127.0,93833075.44284032,0.0009932107588628298
6.3e-07,17.255542921393605,1.840647408718295e-07,6.959709446541518e-11,601414379156371.9,93747139.40139803,0.000999188673027847
6.302e-07,17.26173882814641,1.8429620387754614e-07,6.917648382426848e-11,600659045205091.9,93663018.90632434,0.001005263994656746
6.304e-07,17.269752526977964,1.8454387970749954e-07,6.875464385554662e-11,599852902363747.1,93580738.38238566,0.001011431731238353
6.306e-07,17.27960517593791,1.8480797560959043e-07,6.833204598668353e-11,598995695347388.4,93500321.72010438,0.0010176869060681119
6.308000000000001e-07,17.291317738201588,1.850886963123723e-07,6.790914100251595e-11,598087209330082.0,93421792.26882233,0.0010240245633929533
6.31e-07,17.304910983272862,1.8538624396575017e-07,6.748635898393331e-11,597127270545819.5,93345172.82992107,0.0010304397734962655
6.312e-07,17.320405487356002,1.857008180735106e-07,6.706410933223911e-11,596115746847108.5,93270485.65020125,0.0010369276377172772
6.314e-07,17.337821632827062,1.8603261541699783e-07,6.664278087190327e-11,595052548220505.2,93197752.41542351,0.0010434832933991559
6.316e-07,17.357179606734906,1.8638182996925207e-07,6.622274202449045e-11,593937627258366.1,93126994.24401172,0.0010501019187603925
6.318e-07,17.378499398260956,1.8674865279891103e-07,6.580434104673362e-11,592770979586179.5,93058231.6809211,0.0010567787376839592
6.32e-07,17.401800795066315,1.8713327196317553e-07,6.538790632593323e-11,591552644244864.4,92991484.69167298,0.0010635090244189647
6.322000000000001e-07,17.4271033784539,1.8753587238912993e-07,6.497374672612618e-11,590282704027489.4,92926772.65655774,0.00107028810818954
6.324e-07,17.454426517272804,1.8795663574270675e-07,6.456215197875165e-11,588961285769902.6,92864114.36500764,0.0010771113777059158
6.326e-07,17.483789360490764,1.8839574028457448e-07,6.415339311185986e-11,587588560594826.0,92803528.01014103,0.001083974285572685
6.328e-07,17.515210828360328,1.8885336071222473e-07,6.374772291223929e-11,586164744109020.8,92745031.18348025,0.0010908723525894037
6.33e-07,17.54870960210296,1.8932966798753062e-07,6.334537641518117e-11,584690096553174.8,92688640.86984365,0.0010978011719388252
6.332e-07,17.58430411203505,1.8982482914904493e-07,6.294657141695018e-11,583164922904221.5,92634373.44241393,0.0011047564132582142
6.334e-07,17.622012524058476,1.9033900710830057e-07,6.255150900538543e-11,581589572929858.4,92582244.6579842,0.0011117338265892952
6.336000000000001e-07,17.66185272443801,1.908723604293778e-07,6.216037410440606e-11,579964441195079.0,92532269.65238291,0.0011187292462025693
6.338e-07,17.703842302786832,1.914250430909989e-07,6.177333602854314e-11,578289967020595.4,92484462.9360791,0.0011257385942918768
6.34e-07,17.747998533181384,1.9199720423041678e-07,6.139054904395699e-11,576566634393067.4,92438838.38996908,0.0011327578845352771
6.342e-07,17.79433835332525,1.9258898786835638e-07,6.101215293273422e-11,574794971827142.5,92395409.26134633,0.0011397832255183704
6.344e-07,17.842878341682706,1.9320053261428733e-07,6.063827355756502e-11,572975552179319.0,92354188.16005485,0.0011468108240165465
6.346e-07,17.89363469250132,1.9383197135130004e-07,6.026902342421601e-11,571108992413739.6,92315187.05482796,0.001153836988132623
6.348e-07,17.94662318864358,1.9448343089987592e-07,5.990450223949477e-11,569195953320054.4,92278417.26981294,0.0011608581302866427
6.350000000000001e-07,18.001859172147256,1.951550316598468e-07,5.954479746268087e-11,567237139183566.2,92243889.48128332,0.0011678707700546942
6.352e-07,18.059357512435138,1.9584688722986498e-07,5.918998484864995e-11,565233297407900.5,92211613.71453874,0.0011748715368538913
6.354e-07,18.1191325720955,1.9655910400371772e-07,5.884012898116267e-11,563185218090514.1,92181599.34099412,0.0011818571724707628
6.356e-07,18.181198170155238,1.9729178074284444e-07,5.849528379501324e-11,561093733551415.25,92153855.07545859,0.0011888245334305103
6.358e-07,18.245567542769777,1.9804500812444613e-07,5.8155493085939825e-11,558959717815505.0,92128388.97360522,0.0011957705932047998
6.36e-07,18.312253301255545,1.9881886826461124e-07,5.782079100739062e-11,556784086049008.5,92105208.4296319,0.0012026924442559643
6.362e-07,18.381267387393063,1.9961343421591724e-07,5.7491202553418024e-11,554567793950526.7,92084320.17411448,0.0012095872999156373
6.364000000000001e-07,18.45262102593177,2.0042876943901525e-07,5.716674402713292e-11,552311837097280.7,92065730.27205247,0.0012164524960960868
6.366000000000001e-07,18.526324674231574,2.0126492724776015e-07,5.684742349429758e-11,550017250247170.2,92049444.12110804,0.0012232854928327156
6.368e-07,18.602387968979368,2.0212195022749864e-07,5.653324122177165e-11,547685106597339.8,92035466.45003882,0.0012300838756563448
6.37e-07,18.68081966992519,2.029998696262099e-07,5.6224190100639985e-11,545316516999955.3,92023801.31732485,0.0012368453567942162
6.372e-07,18.76162760058659,2.038987047182516e-07,5.592025605396562e-11,542912629135994.5,92014452.10999018,0.0012435677761986998
6.374e-07,18.844818585878187,2.0481846214056685e-07,5.562141842919927e-11,540474626647850.6,92007421.5426195,0.0012502491024030688
6.376e-07,18.93039838662885,2.0575913520128348e-07,5.532765037536901e-11,538003728231645.9,92002711.65656982,0.0012568874332037473
6.378000000000001e-07,19.01837163095945,2.0672070316076036e-07,5.5038919205241134e-11,535501186690151.8,92000323.8193779,0.0012634809961687952
6.380000000000001e-07,19.108741742501874,2.0770313048523626e-07,5.4755186742713937e-11,532968287947294.1,92000258.72436304,0.001270028148972488
6.382e-07,19.20151086545153,2.087063660733708e-07,5.447640965575918e-11,530406350025247.75,92002516.39042592,0.0012765273795561185
6.384e-07,19.296679786457624,2.097303424561113e-07,5.4202539775274e-11,527816721985160.5,92007096.16204292,0.001282977306115364
6.386e-07,19.394247853367013,2.1077497497045228e-07,5.393352440025085e-11,525200782832631.25,92013996.7094567,0.0012893766769146735
6.388e-07,19.494212890854417,2.1184016090785083e-07,5.366930658969925e-11,522559940389033.5,92023216.02906202,0.0012957243699295126
6.39e-07,19.596571112985192,2.1292577863820976e-07,5.340982544178828e-11,519895630129891.25,92034751.44398776,0.001302019392317331
6.392000000000001e-07,19.701317032775542,2.1403168671055322e-07,5.315501636069644e-11,517209313991504.25,92048599.60487399,0.0013082608797184232
6.394000000000001e-07,19.80844336883366,2.1515772293172285e-07,5.2904811311672386e-11,514502479147069.94,92064756.49084453,0.0013144480953880494
6.396e-07,19.917940949185027,2.1630370342463846e-07,5.265913906482476e-11,511776636753600.9,92083217.41067444,0.0013205804291613198
6.398e-07,20.029798612408786,2.1746942166792457e-07,5.241792542816214e-11,509033320670927.56,92103977.00415212,0.0013266573962526641
6.4e-07,20.144003106233527,2.1865464751893242e-07,5.218109347041427e-11,506274086154170.7,92127029.24363562,0.0013326786358917558
6.402e-07,20.26053898376892,2.1985912622248391e-07,5.1948563734159593e-11,503500508521029.25,92152367.43580297,0.0013386439097981138
6.404e-07,20.379388497574055,2.2108257740792206e-07,5.17202544397879e-11,500714181795327.25,92179984.22359535,0.0013445531004966395
6.406000000000001e-07,20.500531491794767,2.2232469407737543e-07,5.1496081680815575e-11,497916717328230.25,92209871.58835351,0.0013504062094766847
6.408000000000001e-07,20.623945292630893,2.235851415884403e-07,5.127595961106761e-11,495109742398611.7,92242020.85214585,0.001356203355197315
6.41e-07,20.749604597427528,2.2486355663481975e-07,5.105980062422787e-11,492294898794054.8,92276422.68028809,0.0013619447709416804
6.412e-07,20.87748136271865,2.2615954622880282e-07,5.084751552624701e-11,489473841373986.5,92313067.08405384,0.00136763080252359
6.414e-07,21.00754469158456,2.2747268668979599e-07,5.0639013701086646e-11,486648236616513.2,92351943.42357464,0.0013732619058494746
6.416e-07,21.13976072072516,2.288025226435182e-07,5.043420327025749e-11,483819761150460.5,92393040.41092938,0.001378838644339248
6.418e-07,21.274092507685506,2.301485660368015e-07,5.023299124659779e-11,480990100274223.1,92436346.11342183,0.001384361686209594
6.420000000000001e-07,21.410499918711132,2.3151029517333592e-07,5.0035283682717545e-11,478160946462995.6,92481847.9570453,0.0013898318016234534
6.422000000000001e-07,21.548939517750817,2.3288715377607312e-07,4.984098581451497e-11,475333997865978.8,92529532.73013361,0.0013952498597096345
6.424e-07,21.68936445716356,2.3427855008236798e-07,4.965000220015404e-11,472510956795191.1,92579386.5871971,0.0014006168254565787
6.426e-07,21.83172437073065,2.356838559783417e-07,4.9462236854866956e-11,469693528207475.4,92631395.05294283,0.001405933756484555
6.428e-07,21.975965269611066,2.3710240617928092e-07,4.927759338192943e-11,466883418181368.0,92685543.02647741,0.001411201799700574
6.43e-07,22.122029441923726,2.3853349746329016e-07,4.9095975100128947e-11,464082332390427.5,92741814.78569174,0.0014164221878405926
6.432e-07,22.269855356676096,2.399763879657159e-07,4.8917285168029095e-11,461291974574701.94,92800193.99182585,0.0014215962359035742
6.434000000000001e-07,22.419377572801825,2.414302965422263e-07,4.874142670530545e-11,458514045011946.0,92860663.69421312,0.0014267253374822219
6.436000000000001e-07,22.570526654104516,2.428944022086998e-07,4.8568302911408894e-11,455750238990253.9,92923206.33520183,0.0014318109609952321
6.438e-07,22.723229090942166,2.4436784366636333e-07,4.8397817181787036e-11,453002245283745.06,92987803.7552531,0.0014368546458260784
6.44e-07,22.877407229519278,2.4584971892085555e-07,4.8229873221870477e-11,450271744632932.94,93054437.19821385,0.00144185799837346
6.442e-07,23.032979209681223,2.4733908500406047e-07,4.8064375159010324e-11,447560408231446.75,93123087.31676233,0.0014468226880185618
6.444e-07,23.189858912134955,2.4883495780774133e-07,4.7901227652524336e-11,444869896220690.56,93193734.17802598,0.0014517504430145267
6.446e-07,23.347955916036913,2.50336312038049e-07,4.774033600199094e-11,442201856194096.56,93266357.26936898,0.0014566430463034824
6.448000000000001e-07,23.507175467906944,2.518420813000307e-07,4.7581606253904235e-11,439557921712570.9,93340935.50434805,0.00146150233126663
6.450000000000001e-07,23.66741846283681,2.5335115832121924e-07,4.742494530678037e-11,436939710832726.3,93417447.22883536,0.001466330177412975
6.452e-07,23.828581438962352,2.5486239532324524e-07,4.727026101478455e-11,434348824649507.94,93495870.22730543,0.0014711285060123092
6.454e-07,23.99055658616767,2.5637460455024683e-07,4.711746228992277e-11,431786845854749.56,93576181.72928576,0.0014758992756781996
6.456e-07,24.153231769972397,2.5788655896251953e-07,4.6966459202824646e-11,429255337313250.7,93658358.4159683,0.0014806444779066846
6.458e-07,24.31649057153555,2.5939699310350447e-07,4.681716308211798e-11,426755840657870.25,93742376.42698038,0.0014853661325765646
6.46e-07,24.48021234467428,2.6090460414768886e-07,4.6669486612379876e-11,424289874905185.25,93828211.36731224,0.0014900662834170767
6.462000000000001e-07,24.644272290758128,2.624080531364358e-07,4.6523343930625405e-11,421858935093173.94,93915838.31440054,0.0014947469934489096
6.464000000000001e-07,24.80854155228405,2.6390596640803294e-07,4.6378650721278716e-11,419464490942408.1,94005231.82536472,0.0014994103404044562
6.466e-07,24.97288732587595,2.65396937227454e-07,4.6235324309552526e-11,417107985542187.75,94096365.94439428,0.0015040584121332602
6.468e-07,25.137172995377473,2.668795276203979e-07,4.609328375314419e-11,414790834063020.75,94189214.21028553,0.0015086933019986515
6.47e-07,25.301258285617617,2.6835227041511e-07,4.5952449932143466e-11,412514422496858.06,94283749.66412428,0.0015133171042714883
6.472e-07,25.464999437334626,2.6981367149437627e-07,4.5812745637028103e-11,410280106426397.75,94379944.85711372,0.0015179319095270675
6.474e-07,25.62824940362793,2.7126221225876834e-07,4.567409565461428e-11,408089209824806.8,94477771.85854429,0.0015225398000511146
6.476000000000001e-07,25.790858068189166,2.7269635230088167e-07,4.553642685181389e-11,405943023887129.25,94577202.26390348,0.0015271428452608557
6.478000000000001e-07,25.95267248542674,2.741145322888057e-07,4.539966825704214e-11,403842805894645.9,94678207.20312315,0.0015317430971470843
6.48e-07,26.113537142456362,2.755151770555283e-07,4.526375113910739e-11,401789778113381.7,94780757.34896211,0.0015363425857431766
6.482e-07,26.273294242773073,2.7689669888930385e-07,4.512860908340971e-11,399785126727944.44,94884822.92552161,0.0015409433146269204
6.484e-07,26.431784011256248,2.782575010182987e-07,4.4994178065267645e-11,397830000811838.06,94990373.71689056,0.0015455472564609952
6.486e-07,26.588845019989503,2.795959812810702e-07,4.4860396520187446e-11,395925511335325.44,95097379.07591905,0.001550156348577931
6.488e-07,26.744314534194967,2.809105359725862e-07,4.4727205410887874e-11,394072730211916.44,95205807.9331169,0.0015547724886152564
6.490000000000001e-07,26.89802887740112,2.821995638536846e-07,4.459454829089103e-11,392272689384471.6,95315628.80567478,0.0015593975302065433
6.492000000000001e-07,27.049823814773788,2.834614703100072e-07,4.446237136449127e-11,390526379951899.0,95426809.80660543,0.001564033278733953
6.494e-07,27.19953495335252,2.846946716446272e-07,4.433062354291602e-11,388834751337359.4,95539318.65400204,0.0015686814871478253
6.496e-07,27.346998157747322,2.8589759948681245e-07,4.419925649649628e-11,387198710498847.75,95653122.68041185,0.0015733438518587854
6.498e-07,27.492049979663317,2.8706870529762335e-07,4.406822470267162e-11,385619121182995.4,95768188.84232076,0.0015780220087076942
6.5e-07,27.634528099445756,2.8820646495145284e-07,4.393748548965892e-11,384096803222844.44,95884483.72974797,0.00158271752901879
6.502e-07,27.774271777661994,2.8930938337106086e-07,4.380699907562633e-11,382632531880342.9,96001973.57594661,0.001587431915741141
6.504000000000001e-07,27.91112231457856,2.903759991923029e-07,4.3676728603222027e-11,381227037234226.5,96120624.2672084,0.0015921665996835189
6.506000000000001e-07,28.04492351524071,2.9140488943351716e-07,4.3546640169321164e-11,379881003613926.56,96240401.35276812,0.001596922935847612
6.508e-07,28.175522157731255,2.9239467414352227e-07,4.341670284986583e-11,378595069080064.7,96361270.05480704,0.0016017021998644655
6.51e-07,28.302768462067082,2.9334402100133575e-07,4.328688871968927e-11,377369824952067.8,96483195.27855045,0.0016065055845388347
6.512e-07,28.426516557097788,2.942516498401323e-07,4.3157172867230965e-11,376205815383373.25,96606141.62245816,0.0016113341965060407
6.514e-07,28.546624942695683,2.951163370676063e-07,4.302753340406587e-11,375103536984638.2,96730073.38850278,0.0016161890530057828
6.516e-07,28.662956944477873,2.9593691995481004e-07,4.289795146918931e-11,374063438495317.56,96854954.59253527,0.0016210710787772282
6.518e-07,28.775381158274477,2.967123007657068e-07,4.2768411228018234e-11,373085920503920.3,96980748.97473295,0.0016259811030795266
6.520000000000001e-07,28.883771881559568,2.974414507001335e-07,4.263889986608861e-11,372171335217200.44,97107420.01012774,0.0016309198568417724
6.522e-07,28.98800952909044,2.9812341362360267e-07,4.2509407577449245e-11,371319986278480.1,97234930.91921122,0.001635887969946267
6.524e-07,29.08798103005791,2.9875730955838904e-07,4.237992754777202e-11,370532128635248.7,97363244.67861418,0.001640885968648801
6.526e-07,29.183580204133857,2.9934233791162925e-07,4.225045593222147e-11,369807968456136.0,97492324.03185588,0.001645914273139432
6.528e-07,29.274708113917676,2.998777804177437e-07,4.212099182814403e-11,369147663097281.5,97622131.50016199,0.001650973195247194
6.53e-07,29.361273391419992,3.00363003774284e-07,4.199153724266151e-11,368551321118088.6,97752629.39334674,0.0016560629362918813
6.532e-07,29.443192536389265,3.0079746195238176e-07,4.186209705527184e-11,368019002346283.8,97883779.82075633,0.0016611835850859364
6.534000000000001e-07,29.520390184475698,3.0118069816523494e-07,4.173267897558174e-11,367550717992152.25,98015544.70227075,0.0016663351160892618
6.536e-07,29.592799343439165,3.015123464805423e-07,4.1603293496314214e-11,367146430811759.8,98147885.77936026,0.0016715173877196227
6.538e-07,29.66036159583945,3.017921330654171e-07,4.147395384175396e-11,366806055318925.1,98280764.62619457,0.0016767301408210995
6.54e-07,29.723027266895503,3.0201987705507856e-07,4.134467591181221e-11,366529458045643.44,98414142.66079909,0.001681972997292841
6.542e-07,29.780755556464822,3.021954910394803e-07,4.1215478221908823e-11,366316457850615.3,98547981.15625794,0.0016872454588802112
6.544e-07,29.83351463436717,3.023189811649633e-07,4.108638183888618e-11,366166826275475.25,98682241.25195839,0.0016925469061302256
6.546e-07,29.881281698559327,3.0239044685097607e-07,4.095741031318517e-11,366080287948264.94,98816883.96487409,0.001697876597512932
6.548000000000001e-07,29.924042995953606,3.0241008012485487e-07,4.082858960752627e-11,366056521033643.7,98951870.20088412,0.0017032336687102438
6.55e-07,29.96179380595985,3.0237816458056427e-07,4.069994802235242e-11,366095157729273.2,99087160.76612392,0.00170861713207349
6.552e-07,29.99453838711435,3.0229507397011977e-07,4.057151611829971e-11,366195784807766.4,99222716.37836595,0.0017140258762507947
6.554e-07,30.022289887436514,3.021612704391337e-07,4.044332663597441e-11,366357944203536.4,99358497.67842467,0.0017194586659850923
6.556e-07,30.045070219423053,3.019773024204894e-07,4.031541441331882e-11,366581133643833.7,99494465.24158522,0.0017249141420835321
6.558e-07,30.06290990084344,3.0174380220254636e-07,4.0187816300858835e-11,366864807323209.5,99630579.58905028,0.0017303908215586669
6.56e-07,30.075847862740904,3.0146148319047e-07,4.006057107512799e-11,367208376620596.75,99766801.19940338,0.0017358870979417192
6.562000000000001e-07,30.08393122626383,3.011311368812567e-07,3.993371935056837e-11,367611210858149.06,99903090.52008344,0.001741401241767933
6.564e-07,30.087215050154025,3.007536295747482e-07,3.980730349020815e-11,368072638100937.9,100039407.9788695,0.0017469314012338864
6.566e-07,30.085762050895987,3.003298988444083e-07,3.968136751541713e-11,368591945996557.75,100175713.99537046,0.0017524756030263763
6.568e-07,30.0796422976865,2.998609497928417e-07,3.955595701504002e-11,369168382653647.0,100311968.99251789,0.001758031753322289
6.57e-07,30.068932884512385,2.9934785111796446e-07,3.943111905420353e-11,369801157558289.6,100448133.40805669,0.0017635976389586783
6.572e-07,30.053717581729433,2.9879173101640043e-07,3.930690208308941e-11,370489442527221.75,100584167.7060327,0.001769170928772065
6.574e-07,30.034086469611577,2.9819377295105815e-07,3.9183355845959485e-11,371232372696725.0,100720032.38827191,0.001774749175105756
6.576000000000001e-07,30.010135556392328,2.975552113099649e-07,3.906053129071244e-11,372029047546049.7,100855688.00584912,0.001780329815483765
6.578e-07,29.981966383345636,2.9687732698329147e-07,3.893848047924205e-11,372878531954176.6,100991095.17054176,0.001785910174449764
6.58e-07,29.949685619455686,2.9616144288511774e-07,3.8817256498859335e-11,373779857288683.2,101126214.56626713,0.0017914874655692214
6.582e-07,29.91340464820153,2.9540891944587356e-07,3.869691337502866e-11,374732022525449.56,101261006.96049711,0.0017970587935927434
6.584e-07,29.873239148939117,2.9462115010055754e-07,3.857750598565712e-11,375733995397909.94,101395433.21565014,0.0018026211567784263
6.586e-07,29.829308675296993,2.937995567968239e-07,3.845908997716463e-11,376784713574511.8,101529454.30045477,0.001808171449370803
6.588e-07,29.781736232918185,2.9294558554582926e-07,3.834172168254834e-11,377883085863028.6,101663031.30128255,0.001813706464233819
6.590000000000001e-07,29.730647858779953,2.9206070203740216e-07,3.822545804164229e-11,379027993440327.2,101796125.43344691,0.0018192228956350317
6.592e-07,29.676172204206154,2.9114638733962234e-07,3.8110356523758023e-11,380218291106182.2,101928698.0524642,0.0018247173421781092
6.594e-07,29.618440123559722,2.902041337013452e-07,3.799647505287782e-11,381452808559689.6,102060710.66527483,0.0018301863098804728
6.596e-07,29.557584270462428,2.892354404745578e-07,3.7883871935558095e-11,382730351696811.8,102192124.9414192,0.0018356262153927441
6.598e-07,29.493738703242965,2.882418101717598e-07,3.7772605791684076e-11,384049703927565.2,102322902.72416762,0.0018410333893565211
6.6e-07,29.427038501159302,2.872247446718256e-07,3.7662735488202525e-11,385409627511346.1,102453006.04159908,0.0018464040798968201
6.602e-07,29.357619392785168,2.8618574158607444e-07,3.755432007594422e-11,386808864908860.06,102582397.11762665,0.0018517344562453367
6.604000000000001e-07,29.28561739778972,2.8512629079453067e-07,3.744741872963262e-11,388246140149111.94,102711038.38296585,0.001857020612490535
6.606e-07,29.211168483179684,2.84047871160651e-07,3.734209069116e-11,389720160209899.5,102838892.48604336,0.001862258571450427
6.608e-07,29.13440823491478,2.8295194743113326e-07,3.7238395216198474e-11,391229616410229.94,102965922.30384174,0.0018674442886637112
6.61e-07,29.055471545651706,2.818399673258036e-07,3.713639152419836e-11,392773185813078.44,103092090.95267859,0.0018725736564948342
6.612e-07,28.97449231922003,2.80713358821039e-07,3.703613875181243e-11,394349532636895.2,103217361.7989157,0.0018776425083483848
6.614e-07,28.891603192288624,2.7957352762872105e-07,3.69376959097714e-11,395957309674256.44,103341698.46959624,0.001882646622988084
6.616e-07,28.806935273541974,2.7842185487134547e-07,3.684112184322376e-11,397595159716043.94,103465064.86300518,0.0018875817289554825
6.618000000000001e-07,28.72061790055377,2.7725969495261956e-07,3.674647519553872e-11,399261716979552.4,103587425.15915191,0.0018924435090834132
6.62e-07,28.63277841442306,2.760883736217165e-07,3.665381437556144e-11,400955608538897.4,103708743.83017072,0.0018972276050990592
6.622e-07,28.54354195212245,2.749091862282622e-07,3.65631975282968e-11,402675455756121.0,103828985.65063672,0.0019019296223114345
6.624e-07,28.453031256404618,2.737233961641833e-07,3.64746825089892e-11,404419875711358.0,103948115.70779312,0.0019065451343778957
6.626e-07,28.361366503015088,2.725322334876473e-07,3.6388326860553854e-11,406187482630480.5,104066099.41168879,0.001911069688144311
6.628e-07,28.26866514487529,2.713368937235985e-07,3.630418779430772e-11,407976889308592.3,104182902.50522143,0.0019154988085533058
6.63e-07,28.175041772821785,2.701385368347157e-07,3.622232217393899e-11,409786708527784.44,104298491.07408428,0.0019198280036149796
6.632000000000001e-07,28.080607992421015,2.68938286356074e-07,3.614278650264621e-11,411615554467556.1,104412831.5566134,0.001924052769434378
6.634e-07,27.98547231631981,2.677372286863206e-07,3.606563691337092e-11,413462044106329.0,104525890.75353219,0.0019281685952899535
6.636e-07,27.88974007154426,2.665364125278219e-07,3.5990929162041835e-11,415324798612477.25,104637635.83759138,0.001932170968757138
6.638e-07,27.793513321117086,2.653368484679459e-07,3.591871862374218e-11,417202444723326.3,104748034.36310011,0.0019360553808711242
6.64e-07,27.69689079933215,2.6413950869344597e-07,3.584906029170683e-11,419093616110585.94,104857054.27534698,0.0019398173313228836
6.642e-07,27.599967859999232,2.6294532682979174e-07,3.578200877905152e-11,420996954730695.6,104964663.91990714,0.0019434523336824027
6.644e-07,27.50283643695529,2.617551978972399e-07,3.57176183231328e-11,422911112158575.7,105070832.05183332,0.0019469559206430444
6.646000000000001e-07,27.40558501612532,2.605699783754308e-07,3.565594279243312e-11,424834750903320.6,105175527.84472808,0.0019503236492809765
6.648000000000001e-07,27.308298618412742,2.5939048636838126e-07,3.5597035695863764e-11,426766545704367.1,105278720.89969419,0.0019535511063235034
6.65e-07,27.21105879269847,2.5821750186184684e-07,3.554095019437532e-11,428705184806709.1,105380381.25416109,0.001956633913420169
6.652e-07,27.113943618232817,2.5705176706518595e-07,3.548773911476367e-11,430649371213766.1,105480479.39058505,0.001959567732410473
6.654e-07,27.01702771571595,2.558939868300784e-07,3.543745496555892e-11,432597823916501.4,105578986.24501911,0.0019623482705819957
6.656e-07,26.92038226637336,2.5474482913864835e-07,3.539014995488224e-11,434549279097477.8,105675873.21555239,0.0019649712859128037
6.658e-07,26.824075038352476,2.5360492565383814e-07,3.534587601015632e-11,436502491308509.94,105771112.17061454,0.001967432592291956
6.660000000000001e-07,26.728170419785457,2.524748723251461e-07,3.5304684799554544e-11,438456234620637.6,105864675.45714398,0.001969728064711948
6.662000000000001e-07,26.632729457885162,2.5135523004314437e-07,3.5266627755073504e-11,440409303745176.25,105956535.9086172,0.001971853644426995
6.664e-07,26.5378099034673,2.502465253365243e-07,3.5231756097114645e-11,442360515124614.7,106046666.8529364,0.0019738053440710277
6.666e-07,26.44346626031577,2.491492511057233e-07,3.520012086046038e-11,444308707992206.8,106135042.12017408,0.001975579252729372
6.668e-07,26.349749838838246,2.480638673875493e-07,3.517177292153176e-11,446252745399090.6,106221636.0501714,0.0019771715409580594
6.67e-07,26.256708813484565,2.4699080214552843e-07,3.514676302681455e-11,448191515207862.7,106306423.4999891,0.0019785784657448315
6.672e-07,26.16438828343226,2.459304520810713e-07,3.512514182234236e-11,450123931051522.2,106389379.85120742,0.001979796375405909
6.674000000000001e-07,26.072830336070478,2.4488318346086217e-07,3.510695988412605e-11,452048933256791.0,106470481.01707442,0.0019808217144126846
6.676000000000001e-07,25.982074112844845,2.4384933295623245e-07,3.5092267749419756e-11,453965489730819.9,106549703.44949955,0.001981651028142567
6.678e-07,25.892155877054044,2.428292084905927e-07,3.508111594871505e-11,455872596810355.94,106627024.14589107,0.0019822809675482697
6.68e-07,25.803109083217905,2.418230900913199e-07,3.50735550383555e-11,457769280072495.8,106702420.65583502,0.0019827082937399457
6.682e-07,25.714964447666787,2.4083123074282125e-07,3.50696356336653e-11,459654595106160.44,106775871.08761352,0.0019829298824746264
6.684e-07,25.627750020027204,2.3985385723776764e-07,3.506940844248598e-11,461527628243532.8,106847354.11456135,0.0019829427285475575
6.686e-07,25.54149125530849,2.388911710238089e-07,3.50729242990163e-11,463387497250691.9,106916848.98125815,0.0019827439500801
6.688000000000001e-07,25.456211086319957,2.3794334904334127e-07,3.50802341978509e-11,465233351976759.8,106984335.50955492,0.0019823307926989876
6.690000000000001e-07,25.371929996174305,2.370105445641738e-07,3.509138932811367e-11,467064374960906.06,107049794.10443282,0.0019817006336018458
6.692e-07,25.288666090656147,2.360928879991793e-07,3.5106441107581976e-11,468879781996629.25,107113205.75969258,0.001980850985504
6.694e-07,25.206435170259173,2.3519048771326675e-07,3.512544121669789e-11,470678822652764.25,107174552.06347325,0.001979779500461727
6.696e-07,25.125250801717115,2.3430343081623488e-07,3.514844163236213e-11,472460780750716.4,107233815.20359789,0.001978483973567236
6.698e-07,25.045124388874072,2.3343178394026865e-07,3.517549466140608e-11,474224974797501.94,107290977.9727456,0.001976962346510812
6.7e-07,24.966065242761257,2.3257559400105764e-07,3.5206652973635926e-11,475970758374184.4,107346023.7734477,0.0019752127110056884
6.702000000000001e-07,24.888080650764255,2.317348889416837e-07,3.5241969634342186e-11,477697520479393.0,107398936.6229069,0.001973233312071376
6.704000000000001e-07,24.811175944784107,2.3090967845861195e-07,3.528149813616587e-11,479404685827629.5,107449701.15763788,0.0019710225511713223
6.706e-07,24.73535456831119,2.300999547092746e-07,3.5325292430210735e-11,481091715102140.7,107498302.63792828,0.001968578989200941
6.708e-07,24.660618142346408,2.2930569300088436e-07,3.537340695628905e-11,482758105162190.06,107544726.95211846,0.001965901349322199
6.71e-07,24.586966530119746,2.2852685246026572e-07,3.542589667218426e-11,484403389204589.1,107588960.62069868,0.001962988519641166
6.712e-07,24.514397900567403,2.2776337668459515e-07,3.5482817081812564e-11,486027136879451.56,107630990.80022307,0.001959839555725026
6.714e-07,24.44290879054348,2.2701519437308285e-07,3.554422426215983e-11,487628954360137.75,107670805.28703885,0.001956453682955305
6.716000000000001e-07,24.372494165751725,2.262822199397168e-07,3.561017488886755e-11,489208484367445.44,107708392.52082966,0.0019528302987141938
6.718000000000001e-07,24.303147480394596,2.2556435410729854e-07,3.568072626033547e-11,490765406148133.6,107743741.58797204,0.0019489689744010854
6.72e-07,24.234860735545226,2.2486148448307525e-07,3.575593632020477e-11,492299435407942.6,107776842.22470443,0.0019448694572765603
6.722e-07,24.167624536257268,2.2417348611636067e-07,3.5835863678078624e-11,493810324199311.06,107807684.8201071,0.0019405316721313186
6.724e-07,24.101428147435414,2.2350022203860495e-07,3.5920567628331364e-11,495297860764043.7,107836260.41889301,0.0019359557227777112
6.726e-07,24.03625954849575,2.2284154378643302e-07,3.60101081668501e-11,496761869331248.8,107862560.72400768,0.0019311418933617383
6.728e-07,23.972105486851756,2.2219729190822656e-07,3.610454600554593e-11,498202209870908.5,107886578.09903857,0.001926090649493555
6.730000000000001e-07,23.90895153026719,2.2156729645487517e-07,3.6203942584462766e-11,499618777803496.9,107908305.57043211,0.001920802639194767
6.732000000000001e-07,23.846782118121794,2.209513774553605e-07,3.630836008130375e-11,501011503666116.4,107927736.82951869,0.0019152786936609794
6.734e-07,23.78558061163982,2.2034934537787288e-07,3.641786141818565e-11,502380352735670.25,107944866.23434429,0.0019095198278382716
6.736e-07,23.725329343134568,2.197610015771863e-07,3.653251026542215e-11,503725324609649.25,107959688.81130876,0.0019035272408124602
6.738e-07,23.666009664326037,2.1918613872905006e-07,3.665237104212441e-11,505046452745135.06,107972200.25660974,0.0018973023160103113
6.74e-07,23.607601993789213,2.1862454125235694e-07,3.677750891339938e-11,506343803956713.3,107982396.93749252,0.0018908466212119042
6.742e-07,23.550085863593974,2.1807598571987782e-07,3.690798978391058e-11,507617477873995.4,107990275.89330466,0.0018841619083737517
6.744000000000001e-07,23.493439965197677,2.175402412583495e-07,3.704388028755644e-11,508867606359524.56,107995834.83635567,0.0018772501132623403
6.746000000000001e-07,23.437642194652998,2.1701706993871442e-07,3.71852477730053e-11,510094352887868.3,107999072.15258129,0.001870113354898096
6.748e-07,23.38266969719262,2.165062271573015e-07,3.733216028481514e-11,511297911886764.6,107999986.9020121,0.0018627539348098632
6.75e-07,23.32849891125326,2.1600746200874156e-07,3.748468653984876e-11,512478508041217.3,107998578.81904647,0.0018551743361003036
6.752e-07,23.2751056120003,2.1552051765139918e-07,3.764289589868131e-11,513636395561483.75,107994848.31252769,0.001847377222322792
6.754e-07,23.22246495441298,2.1504513166609027e-07,3.78068583316805e-11,514771857415945.3,107988796.46562514,0.0018393654361706082
6.756e-07,23.170551515988944,2.1458103640884005e-07,3.7976644379424285e-11,515885204529888.2,107980425.03552002,0.0018311419979793939
6.758000000000001e-07,23.119339339124636,2.1412795935841856e-07,3.815232510710221e-11,516976774951260.5,107969736.45289487,0.0018227101040441342
6.760000000000001e-07,23.06880197322629,2.1368562345936914e-07,3.833397205253028e-11,518046932984513.56,107956733.8212281,0.001814073124752064
6.762e-07,23.01891251660298,2.1325374746121973e-07,3.8521657167390233e-11,519096068293667.4,107941420.9158926,0.0018052346025331481
6.764e-07,22.969643658190538,2.1283204625453757e-07,3.8715452751287174e-11,520124594975789.25,107923802.18305975,0.0017961982496299202
6.766e-07,22.920967719152426,2.1242023120446728e-07,3.8915431378196946e-11,521132950606080.3,107903882.73840834,0.001786967945688847
6.768e-07,22.872856694398646,2.12018010482342e-07,3.9121665814861284e-11,522121595255839.9,107881668.36563924,0.001777547735175307
6.77e-07,22.825282294061605,2.1162508939594158e-07,3.933422893066391e-11,523091010484566.5,107857165.51479617,0.0017679418246147414
6.772000000000001e-07,22.778215984962223,2.112411707189176e-07,3.955319359850536e-11,524041698307517.44,107830381.30039264,0.0017581545796625563
6.774000000000001e-07,22.731629032096674,2.1086595501987933e-07,3.9778632586171953e-11,524974180140049.94,107801323.49934657,0.001748190522005675
6.776e-07,22.685492540168056,2.1049914099157982e-07,4.001061843767895e-11,525888995720119.6,107770000.54872194,0.0017380543260986899
6.778e-07,22.639777495183598,2.1014042578060633e-07,4.0249223344046435e-11,526786702010318.94,107736421.54327929,0.0017277508157378689
6.78e-07,22.59445480613257,2.0978950531793065e-07,4.049451900294947e-11,527667872080865.2,107700596.23283468,0.0017172849604764244
6.782e-07,22.549495346755133,2.0944607465062733e-07,4.0746576466667354e-11,528533093974975.75,107662535.01942913,0.00170666187188461
6.784e-07,22.504869997406587,2.091098282750176e-07,4.1005465977741373e-11,529382969558083.94,107622248.95430823,0.001695886799658368
6.786000000000001e-07,22.460549687016613,2.0878046047144848e-07,4.127125679173398e-11,530218113352366.8,107579749.73471323,0.0016849651275805066
6.788000000000001e-07,22.416505435137488,2.0845766564086513e-07,4.1544016986471447e-11,531039151358072.3,107535049.70048486,0.001673902369338463
6.79e-07,22.372708394069154,2.0814113864327839e-07,4.182381325714024e-11,531846719863155.1,107488161.83048035,0.0016627041642029087
6.792e-07,22.32912989104427,2.078305751381816e-07,4.2110710696598695e-11,532641464242730.2,107439099.73880488,0.0016513762725716414
6.794e-07,22.285741470449977,2.0752567192691183e-07,4.240477256026054e-11,533424037749878.0,107387877.67085877,0.0016399245713833073
6.796e-07,22.24251493605764,2.0722612729689727e-07,4.270606001490524e-11,534195100299339.94,107334510.49920127,0.0016283550494056553
6.798e-07,22.19942239322675,2.069316413676818e-07,4.301463187076971e-11,534955317245642.8,107279013.7192321,0.0016166738024032178
6.800000000000001e-07,22.156436291042887,2.0664191643855644e-07,4.3330544296284584e-11,535705358157213.2,107221403.44469246,0.0016048870281893672
6.802000000000001e-07,22.11352946434487,2.063566573375805e-07,4.3653850514825696e-11,536445895588026.1,107161696.40298627,0.0015930010215679498
6.804e-07,22.070675175590644,2.0607557177171587e-07,4.398460048287235e-11,537177603848354.0,107099909.9303233,0.0015810221691696642
6.806e-07,22.02784715650618,2.057983706777467e-07,4.432284054898382e-11,537901157776172.2,107036061.96668535,0.0015689569441885928
6.808e-07,21.985019649457644,2.055247685736098e-07,4.466861309303521e-11,538617231510771.9,106970171.05061764,0.001556811901024408
6.81e-07,21.94216744848116,2.0525448390970258e-07,4.502195614519391e-11,539326497270138.06,106902256.31384578,0.0015445936698358087
6.812e-07,21.899265939901095,2.0498723941969342e-07,4.53829029841635e-11,540029624133641.44,106832337.47572094,0.0015323089510108753
6.814000000000001e-07,21.8562911424635,2.0472276247031174e-07,4.575148171427696e-11,540727276831578.75,106760434.8374941,0.0015199645095601664
6.816000000000001e-07,21.81321974690741,2.0446078540954867e-07,4.612771482108881e-11,541420114543098.94,106686569.27642173,0.0015075671694384286
6.818e-07,21.770029154893372,2.0420104591265986e-07,4.651161870519467e-11,542108789704033.44,106610762.23970357,0.00149512380780085
6.82e-07,21.72669751720613,2.0394328732532412e-07,4.690320319409455e-11,542793946826138.25,106533035.73825581,0.0014826413491999533
6.822e-07,21.683203771144985,2.0368725900327328e-07,4.730247103202294e-11,543476221329243.0,106453412.34031989,0.001470126759729193
6.824e-07,21.639527677014115,2.034327166476798e-07,4.7709417347786695e-11,544156238387786.1,106371915.16490974,0.0014575870411194193
6.826e-07,21.595649853622906,2.03179422635558e-07,4.812402910078499e-11,544834611793195.25,106288567.87509885,0.0014450292247944296
6.828e-07,21.551551812706084,2.029271463444145e-07,4.8546284505534323e-11,545511942833550.6,106203394.67115007,0.0014324603658919398
6.830000000000001e-07,21.50721599217173,2.0267566447035716e-07,4.897615243519473e-11,546188819191957.75,106116420.28348856,0.00141988753725618
6.832e-07,21.462625788086513,2.0242476133886407e-07,4.9413591804773355e-11,546865813865017.44,106027669.96552138,0.001407317823408544
6.834e-07,21.417765585306796,2.021742292073946e-07,4.985855093489297e-11,547543484102774.75,105937169.4863048,0.001394758314502571
6.836e-07,21.372620786666822,2.0192386855902809e-07,5.031096689722958e-11,548222370371481.25,105844945.12306255,0.0013822161002698045
6.838e-07,21.327177840635247,2.0167348838630492e-07,5.07707648429821e-11,548902995340497.44,105751023.65355583,0.0013696982639627164
6.84e-07,21.281424267354765,2.0142290646445426e-07,5.123785731599068e-11,549585862894621.9,105655432.34830824,0.001357211876301259
6.842e-07,21.235348682982128,2.011719496132014e-07,5.171214355241607e-11,550271457173100.1,105558198.96268785,0.0013447639894293814
6.844000000000001e-07,21.18894082224885,2.0092045394635844e-07,5.219350876919871e-11,550960241636544.25,105459351.72884814,0.0013323616308879077
6.846e-07,21.142191559167365,2.0066826510842386e-07,5.268182344384676e-11,551652658162951.2,105358919.34753083,0.0013200117976101347
6.848e-07,21.09509292581154,2.0041523849743945e-07,5.317694258845047e-11,552349126173976.56,105256930.97973213,0.0013077214499465314
6.85e-07,21.047638129105927,2.0016123947338324e-07,5.367870502119082e-11,553050041792582.9,105153416.23823613,0.0012954975057248353
6.852e-07,20.999821565563067,1.9990614355140916e-07,5.4186932638997684e-11,553755777033144.06,105048405.1790165,0.0012833468343518
6.854e-07,20.951638833914462,1.9964983657928417e-07,5.4701429695413e-11,554466679025050.75,104941928.2925094,0.001271276250962838
6.856e-07,20.903086745587792,1.9939221489841963e-07,5.522198208812875e-11,555183069270811.3,104834016.49476069,0.001259292510625787
6.858000000000001e-07,20.85416333298858,1.9913318548793407e-07,5.574835666110081e-11,555905242939616.94,104724701.11844909,0.00124740230260482
6.86e-07,20.804867855553116,1.9887266609124548e-07,5.6280300526564635e-11,556633468197281.1,104614013.90378886,0.0012356122446906322
6.862e-07,20.75520080354573,1.986105853247383e-07,5.681754041272011e-11,557367985573432.8,104501986.98931344,0.0012239288776027938
6.864e-07,20.705163899582722,1.9834688276811774e-07,5.7359782043273146e-11,558109007366782.7,104388652.90254447,0.0012123586594703119
6.866e-07,20.654760097871574,1.980815090361166e-07,5.7906709555459966e-11,558856717089255.44,104274044.55054687,0.0012009079603960157
6.868e-07,20.60399358116399,1.9781442583129378e-07,5.845798496357124e-11,559611268949716.0,104158195.21037422,0.0011895830571106228
6.87e-07,20.55286975542863,1.9754560597772509e-07,5.90132476753872e-11,560372787377979.25,104041138.51940669,0.00117839012772204
6.872000000000001e-07,20.501395242258113,1.9727503343545745e-07,5.957211406928461e-11,561141366589742.8,103922908.46558423,0.001167335246565424
6.874e-07,20.449577869033362,1.9700270329566896e-07,6.013417714009363e-11,561917070193033.7,103803539.37753777,0.0011564243791593624
6.876e-07,20.397426656876974,1.9672862175654817e-07,6.06990062220437e-11,562699930836704.3,103683065.91462226,0.001145663377273502
6.878e-07,20.344951806435045,1.964528060799777e-07,6.126614679734839e-11,563489949901469.9,103561523.05685282,0.0011350579741127385
6.88e-07,20.29216468153565,1.9617528452917904e-07,6.183512039911633e-11,564287097233925.2,103438946.09474824,0.0011246137796229745
6.882e-07,20.239077790779707,1.9589609628754733e-07,6.24054246173314e-11,565091310923926.2,103315370.61908394,0.0011143362759233417
6.884e-07,20.18570476712834,1.9561529135897737e-07,6.297653321661113e-11,565902497125665.0,103190832.51055852,0.0011042308128696638
6.886000000000001e-07,20.13206034555724,1.953329304500475e-07,6.354789637432433e-11,566720529922725.5,103065367.92937538,0.001094302603753676
6.888e-07,20.07816033885649,1.9504908483449871e-07,6.411894104739434e-11,567545251237345.0,102939013.30474342,0.0010845567211425098
6.89e-07,20.024021611660608,1.9476383620051024e-07,6.468907147575462e-11,568376470784055.1,102811805.32429947,0.0010749980928626505
6.892e-07,19.969662052800086,1.944772764813372e-07,6.525766982991113e-11,569213966067819.5,102683780.92345639,0.0010656314981326172
6.894e-07,19.915100546070786,1.9418950766993155e-07,6.58240970094464e-11,570057482426742.8,102554977.27467825,0.0010564615638481475
6.896e-07,19.860356939523648,1.939006416182275e-07,6.638769359849727e-11,570906733119358.6,102425431.77668726,0.001047492761023799
6.898e-07,19.80545201338147,1.9361079982182417e-07,6.694778098331665e-11,571761399456455.2,102295182.043605,0.0010387294013945196
6.900000000000001e-07,19.750407446693465,1.9332011319084346e-07,6.75036626359387e-11,572621130977348.5,102164265.89403082,0.001030175634180607
6.902e-07,19.695245782842516,1.9302872180779075e-07,6.805462556672646e-11,573485545670447.1,102032721.34006125,0.0010218354430193497
6.904e-07,19.63999039402213,1.9273677467327882e-07,6.859994194719987e-11,574354230237916.4,101900586.57625256,0.0010137126430663172
6.906e-07,19.584665444803562,1.9244442944051629e-07,6.913887090299997e-11,575226740404176.9,101767899.9685314,0.0010058108782692674
6.908e-07,19.529295854914118,1.921518521394865e-07,6.967066047519219e-11,576102601267935.1,101634700.04305474,0.0009981336188172555
6.91e-07,19.473907261349673,1.918592168917703e-07,7.019454974631847e-11,576981307697384.9,101501025.47502369,0.0009906841587674566
6.912e-07,19.418525979944743,1.915667056169871e-07,7.070977112572137e-11,577862324768159.5,101366915.0774539,0.0009834656138519987
6.914000000000001e-07,19.363178966523023,1.912745077318384e-07,7.121555278669663e-11,578745088243578.4,101232407.78990616,0.0009764809194668274
6.916e-07,19.307893777750984,1.909828198427518e-07,7.171112124599618e-11,579629005096664.9,101097542.66718017,0.0009697328288445153
6.918e-07,19.25269853181564,1.9069184543312674e-07,7.219570407415008e-11,580513454073371.1,100962358.86797436,0.0009632239114126344
6.92e-07,19.197621869046174,1.9040179454618197e-07,7.266853272300846e-11,581397786296387.6,100826895.64351659,0.0009569565513392265
6.922e-07,19.142692912595926,1.901128834643984e-07,7.312884545489535e-11,582281325908877.4,100691192.32616708,0.0009509329462665098
6.924e-07,19.08794122929927,1.8982533438654345e-07,7.357589035579918e-11,583163370757413.4,100555288.31799807,0.0009451551062339375
6.926e-07,19.03339679081399,1.8953937510324487e-07,7.400892841318887e-11,584043193113358.9,100419223.0793534,0.0009396248527914007
6.928000000000001e-07,18.979089935156207,1.8925523867206638e-07,7.44272366373462e-11,584920040431878.1,100283036.11739057,0.0009343438183031735
6.930000000000001e-07,18.92505132873082,1.8897316309301114e-07,7.483011120358774e-11,585793136147721.2,100146766.97461033,0.0009293134454430393
6.932e-07,18.871311928955258,1.88693390985353e-07,7.521687059146786e-11,586661680506884.5,100010455.2173749,0.0009245349868807246
6.934e-07,18.817902947570243,1.8841616926666568e-07,7.558685869601402e-11,587524851433196.8,99874140.42441992,0.0009200095051596455
6.936e-07,18.764855814725284,1.8814174883488433e-07,7.593944788530452e-11,588381805428846.5,99737862.1753621,0.0009157378727657184
6.938e-07,18.712202143922017,1.8787038425419847e-07,7.627404197827269e-11,589231678507816.2,99601660.03920782,0.0009117207723867728
6.94e-07,18.65997369789158,1.876023334455335e-07,7.65900791165342e-11,590073587161158.9,99465573.5628636,0.0009079586973618823
6.942000000000001e-07,18.60820235547753,1.8733785738233677e-07,7.68870345043017e-11,590906629353000.9,99329642.25965367,0.0009044519523197532
6.944000000000001e-07,18.556920079589187,1.8707721979234146e-07,7.716442299108794e-11,591729885546126.8,99193905.59784697,0.0009012006540050647
6.946e-07,18.5061588862842,1.8682068686593216e-07,7.742180147290328e-11,592542419755959.2,99058402.98919758,0.0008982047322914632
6.948e-07,18.455950815032818,1.865685269716898e-07,7.765877108902317e-11,593343280631719.2,98923173.77750082,0.0008954639313796874
6.95e-07,18.406327900210908,1.8632101037964766e-07,7.787497919311796e-11,594131502563501.4,98788257.22717035,0.0008929778111791446
6.952e-07,18.357322143861158,1.860784089927353e-07,7.8070121079596e-11,594906106813991.6,98653692.51183702,0.0008907457488709682
6.954e-07,18.30896548975698,1.8584099608684072e-07,7.824394144835768e-11,595666102673501.2,98519518.70297484,0.000888766940650477
6.956000000000001e-07,18.2612897987969,1.856090460598702e-07,7.839623559378452e-11,596410488636974.0,98385774.75855634,0.0008870404036466935
6.958000000000001e-07,18.214326825751368,1.8538283419013475e-07,7.852685030663251e-11,597138253601587.9,98252499.51174095,0.0008855649780164222
6.96e-07,18.168108197377848,1.8516263640433963e-07,7.863568448052773e-11,597848378083556.9,98119731.65959978,0.0008843393292101629
6.962e-07,18.12266539191438,1.8494872905540722e-07,7.872268941791516e-11,598539835452702.0,97987509.75187922,0.0008833619504069729
6.964e-07,18.078029719956625,1.84741388710312e-07,7.878786883354217e-11,599211593183345.8,97855872.1798086,0.0008826311651151876
6.966e-07,18.034232306716994,1.8454089194805874e-07,7.883127855680378e-11,599862614120058.6,97724857.16495262,0.0008821451299357363
6.968e-07,17.99130407566045,1.8434751516788883e-07,7.885302593748835e-11,600491857756769.5,97594502.74811366,0.0008819018374846012
6.970000000000001e-07,17.949275733505583,1.841615344077509e-07,7.88532689625778e-11,601098281527734.4,97464846.77828653,0.0008818991194708048
6.972000000000001e-07,17.90817775657558,1.8398322517303283e-07,7.883221509473107e-11,601680842108835.1,97335926.90166873,0.0008821346499261291
6.974e-07,17.868040378478554,1.8381286227550219e-07,7.879011984585869e-11,602238496727676.1,97207780.5507299,0.0008826059485826133
6.976e-07,17.828893579092746,1.8365071968236664e-07,7.872728510174067e-11,602770204480928.5,97080444.93334267,0.000883310384393712
6.978e-07,17.790767074828373,1.8349707037532399e-07,7.864405721591135e-11,603274927657353.1,96953957.02197985,0.0008842451791948288
6.98e-07,17.753690310133223,1.8335218621943164e-07,7.854082489299899e-11,603751633064945.2,96828353.54297885,0.0008854074114988147
6.982e-07,17.717692450206535,1.8321633784159232e-07,7.841801688334777e-11,604199293360615.1,96703670.96587826,0.0008867940204218426
6.984000000000001e-07,17.682802374881817,1.8308979451841667e-07,7.827609951204224e-11,604616888380825.5,96579945.49282831,0.000888401809734957
6.986000000000001e-07,17.64904867363672,1.829728240731917e-07,7.811557406639683e-11,605003406471600.4,96457213.04808004,0.0008902274520364354
6.988e-07,17.616459641684582,1.8286569278165237e-07,7.793697406655904e-11,605357845816318.6,96335509.26755415,0.000892267493039997
6.99e-07,17.58506327710049,1.827686652862259e-07,7.774086244411608e-11,605679215759707.6,96214869.48849413,0.0008945183559737468
6.992e-07,17.55488727893186,1.8268200451839158e-07,7.75278286534999e-11,605966538126447.6,96095328.7392055,0.0008969763460846336
6.994e-07,17.52595904624181,1.8260597162877213e-07,7.729848574057456e-11,606218848532813.1,95976921.72888583,0.0008996376552430897
6.996e-07,17.498305678031276,1.825408259245516e-07,7.70534673920851e-11,606435197689772.5,95859682.83754635,0.0009024983666424218
6.998000000000001e-07,17.47195397398459,1.8248682481379046e-07,7.67934249886824e-11,606614652695980.9,95743646.10602967,0.0009055544595874009
7.000000000000001e-07,17.446930435981457,1.8244422375619094e-07,7.651902468303493e-11,606756298319109.9,95628845.22612585,0.0009088018143664315
7.002e-07,17.42326127031706,1.824132762198448e-07,7.623094452313901e-11,606859238263967.9,95515313.5307899,0.0009122362172015808
7.004e-07,17.40097239057084,1.8239423364348133e-07,7.592987163937551e-11,606922596425877.4,95403083.98446313,0.0009158533652706678
7.006e-07,17.38008942106348,1.823873454037127e-07,7.561649951216657e-11,606945518127796.5,95292189.17350222,0.0009196488717955389
7.008e-07,17.360637700840826,1.8239285878676687e-07,7.529152533529787e-11,606927171339678.2,95182661.29671735,0.000923618271190611
7.01e-07,17.342642288122583,1.824110189641769e-07,7.495564748812783e-11,606866747878589.6,95074532.15602313,0.0009277570242656684
7.012000000000001e-07,17.326127965153212,1.824420689718892e-07,7.460956312802877e-11,606763464588128.6,94967833.14720485,0.0009320605234768812
7.014000000000001e-07,17.31111924339173,1.8248624969223877e-07,7.42539659125365e-11,606616564495696.9,94862595.2508025,0.0009365240982199332
7.016e-07,17.297640368976793,1.8254379983823128e-07,7.3889543858841e-11,606425317946216.0,94758849.0231156,0.0009411430201591542
7.018e-07,17.285715328402894,1.8261495593956036e-07,7.351697734646664e-11,606189023710892.9,94656624.58733065,0.000945912508586483
7.02e-07,17.27536785434354,1.8269995232978135e-07,7.313693726727993e-11,605907010069674.1,94555951.6247752,0.0009508277358040674
7.022e-07,17.26662143155651,1.827990211340536e-07,7.275008332534311e-11,605578635866052.0,94456859.36629948,0.0009558838325243105
7.024e-07,17.259499302806475,1.8291239225685648e-07,7.235706248762237e-11,605203291532918.1,94359376.58378913,0.0009610758932811533
7.026000000000001e-07,17.25402447473985,1.830402933690758e-07,7.19585075851688e-11,604780400088192.5,94263531.58181113,0.0009663989818463767
7.028000000000001e-07,17.250219723646552,1.8318294989385199e-07,7.15550360631242e-11,604309418098988.1,94169352.18939559,0.0009718481366447049
7.03e-07,17.24810760104324,1.8334058499057502e-07,7.114724887676851e-11,603789836613102.0,94076865.7519551,0.0009774183761615382
7.032e-07,17.24771043901224,1.8351341953640097e-07,7.073572952982882e-11,603221182056672.2,93986099.12334535,0.0009831047043371067
7.034e-07,17.249050355230363,1.8370167210466586e-07,7.032104325039897e-11,602603017096860.4,93897078.65806766,0.0009889021159409117
7.036e-07,17.25214925762124,1.839055589395583e-07,6.990373629908478e-11,601934941468472.9,93809830.20361699,0.0009948056019203422
7.038e-07,17.257028848564982,1.841252939264138e-07,6.948433540338032e-11,601216592763463.8,93724379.09297678,0.0010008101547173875
7.040000000000001e-07,17.263710628598243,1.843610885569814e-07,6.906334731179536e-11,600447647182314.4,93640750.13726372,0.0010069107735473897
7.042000000000001e-07,17.2722158995376,1.8461315188901161e-07,6.864125846087511e-11,599627820246314.5,93558967.61852351,0.0010131024696339072
7.044e-07,17.28256576695874,1.8488169049950575e-07,6.821853474799277e-11,598756867469825.1,93479055.28268059,0.0010193802713937363
7.046e-07,17.294781141963686,1.8516690843096413e-07,6.779562140262057e-11,597834584991636.5,93401036.33264314,0.00102573922956629
7.048e-07,17.308882742167224,1.854690071299566e-07,6.73729429487136e-11,596860810164599.6,93324933.42156641,0.001032174422281485
7.05e-07,17.324891091833955,1.8578818537734397e-07,6.695090325082857e-11,595835422102729.0,93250768.646275,0.0010386809600605542
7.052e-07,17.342826521096118,1.8612463920946245e-07,6.652988563668335e-11,594758342185046.5,93178563.54084699,0.0010452539907441008
7.054000000000001e-07,17.362709164182036,1.864785618295815e-07,6.611025308898741e-11,593629534515475.6,93108339.07036145,0.0010518887043419278
7.056000000000001e-07,17.384558956584264,1.8685014350893916e-07,6.569234849956303e-11,592449006338139.6,93040115.62481119,0.0010585803377992258
7.058e-07,17.408395631095757,1.872395714766517e-07,6.527649497900513e-11,591216808407477.8,92973913.01318236,0.0010653241796738358
7.06e-07,17.43423871264154,1.8764702979778752e-07,6.486299621539745e-11,589933035312637.9,92909750.4577027,0.0010721155747193815
7.062e-07,17.462107511832855,1.880726992388919e-07,6.445213687589694e-11,588597825755659.4,92847646.58826056,0.001078949928369216
7.064e-07,17.492021117169436,1.8851675712024105e-07,6.404418304531692e-11,587211362783006.6,92787619.43699549,0.001085822711116258
7.066e-07,17.52399838581539,1.8897937715410272e-07,6.363938269617651e-11,585773873970070.6,92729686.43306245,0.0010927294627838988
7.068000000000001e-07,17.558057932872476,1.8946072926826839e-07,6.323796618503051e-11,584285631558318.5,92673864.39757131,0.00109966579668328
7.070000000000001e-07,17.594218119074753,1.8996097941413036e-07,6.284014677024138e-11,582746952544799.2,92620169.53870262,0.0011066274036524626
7.072e-07,17.632497036826912,1.9048028935856198e-07,6.24461211467135e-11,581158198723798.6,92568617.4470017,0.0011136100559730566
7.074e-07,17.67291249450851,1.910188164588689e-07,6.205606999345533e-11,579519776680461.6,92519223.09085152,0.001120609611160132
7.076e-07,17.71548199896502,1.9157671342006668e-07,6.167015853018805e-11,577832137736290.4,92472000.81212696,0.0011276220156212376
7.078e-07,17.76022273610677,1.921541280337555e-07,6.128853707954406e-11,576095777846434.8,92426964.32203034,0.0011346433081807414
7.08e-07,17.807151549535828,1.927512028978547e-07,6.091134163173672e-11,574311237448790.4,92384126.69711033,0.0011416696234656412
7.082000000000001e-07,17.856284917120686,1.9336807511646962e-07,6.05386944088887e-11,572479101264949.6,92343500.37546515,0.0011486971951493138
7.084000000000001e-07,17.907638925438604,1.9400487597917167e-07,6.017070442650884e-11,570599998053113.1,92305097.15313117,0.001155722359049781
7.086e-07,17.961229242005402,1.9466173061898214e-07,5.980746804989076e-11,568674600313119.5,92268928.18065771,0.0011627415560792815
7.088e-07,18.01707108521263,1.9533875764836144e-07,5.944906954347734e-11,566703623943818.9,92235003.95986962,0.0011697513350420769
7.09e-07,18.075179191892857,1.960360687725268e-07,5.909558161148605e-11,564687827853052.6,92203334.3408179,0.0011767483552776424
7.092e-07,18.13556778243463,1.9675376837944037e-07,5.874706592832634e-11,562628013520564.56,92173928.51891977,0.001183729389146585
7.094e-07,18.198250523369683,1.9749195310583446e-07,5.840357365756196e-11,560525024514223.8,92146795.03228863,0.001190691324356792
7.096000000000001e-07,18.263240487356597,1.9825071137866852e-07,5.8065145958374826e-11,558379745959997.94,92121941.75925513,0.0011976311661274993
7.098000000000001e-07,18.330550110487586,1.9903012293145486e-07,5.773181447867186e-11,556193103966147.6,92099375.91607955,0.0012045460391892347
7.1e-07,18.400191146846975,1.9983025829492186e-07,5.740360183415247e-11,553966065002193.5,92079104.05485657,0.0012114331896177022
7.102e-07,18.47217462025397,2.0065117826154127e-07,5.7080522072808084e-11,551699635233228.4,92061132.06161283,0.0012182899864999577
7.104e-07,18.546510773124332,2.014929333234826e-07,5.6762581124473845e-11,549394859810245.2,92045465.15459788,0.0012251139234313053
7.106e-07,18.62320901239257,2.0235556308364585e-07,5.644977723517294e-11,547052822117132.0,92032107.88276905,0.0012319026198417354
7.108e-07,18.702277852438776,2.032390956394665e-07,5.6142101386119855e-11,544674642975105.8,92021064.12447068,0.0012386538221507433
7.110000000000001e-07,18.783724854971684,2.0414354693928135e-07,5.583953769734691e-11,542261479805360.7,92012337.08630794,0.0012453654047496882
7.112000000000001e-07,18.867556565825904,2.0506892011112476e-07,5.55420638160138e-11,539814525750772.25,92005929.30221589,0.001252035370811015
7.114e-07,18.953778448638964,2.0601520476392505e-07,5.524965128954016e-11,537335008757538.7,92001842.63272361,0.001258661852923899
7.116e-07,19.042394815382387,2.0698237626117378e-07,5.4962265923774977e-11,534824190617696.56,92000078.26441407,0.0012652431135560366
7.118e-07,19.133408753730997,2.0797039496726356e-07,5.4679868126477893e-11,532283365973483.25,92000636.7095796,0.0012717775453415534
7.12e-07,19.226822051265675,2.0897920546682094e-07,5.440241323644079e-11,529713861284563.1,92003517.80607313,0.001278263671195214
7.122e-07,19.322635116516874,2.1000873575750218e-07,5.412985183862559e-11,527117033759179.2,92008720.71735525,0.0012847001442532972
7.124e-07,19.42084689686887,2.1105889641686849e-07,5.386213006573374e-11,524494270250350.7,92016243.93273713,0.001291085747641692
7.126000000000001e-07,19.521454793361283,2.1212957974414453e-07,5.3599189886650774e-11,521846986118235.9,92026085.26781914,0.0012974193940720631
7.128e-07,19.624454572438633,2.1322065887782554e-07,5.3340969382240585e-11,519176624059866.3,92038241.86512507,0.0013037001252670308
7.13e-07,19.729840274718324,2.143319868903172e-07,5.308740300897973e-11,516484652907450.94,92052710.19493195,0.0013099271112156138
7.132e-07,19.837604120864267,2.1546339586097845e-07,5.283842185094299e-11,513772566396545.9,92069486.05629472,0.0013160996492602632
7.134e-07,19.94773641467752,2.1661469592919897e-07,5.25939538606546e-11,511041881905335.3,92088564.57826613,0.0013222171630171936
7.136e-07,20.06022544353473,2.1778567432935433e-07,5.235392408933391e-11,508294139166384.9,92109940.22131099,0.0013282792011317342
7.138e-07,20.175057376331097,2.1897609440975776e-07,5.211825490706231e-11,505530898952214.4,92133606.77891459,0.0013342854358707387
7.140000000000001e-07,20.292216159110296,2.2018569463799804e-07,5.188686621339919e-11,502753741736072.56,92159557.37938488,0.0013402356615542495
7.142e-07,20.41168340859041,2.2141418759533291e-07,5.165967563897273e-11,499964266329350.56,92187784.4878476,0.0013461297928287715
7.144e-07,20.53343830382614,2.226612589631289e-07,5.143659873856159e-11,497164088497051.0,92218279.90843405,0.0013519678627847893
7.146e-07,20.657457476276203,2.2392656650463063e-07,5.121754917617991e-11,494354839552816.6,92251034.78666085,0.0013577500209212203
7.148e-07,20.783714898580097,2.2520973904570245e-07,5.100243890266219e-11,491538164934977.75,92286039.61200097,0.0013634765309598177
7.15e-07,20.912181772379814,2.26510375458497e-07,5.0791178326237036e-11,488715722765171.9,92323284.22064494,0.001369147768512579
7.152e-07,21.04282641556079,2.2782804365238916e-07,5.0583676476559945e-11,485889182391041.1,92362757.79845208,0.001374764218605511
7.154000000000001e-07,21.175614149321124,2.2916227957685467e-07,5.0379841162662983e-11,483060222914584.75,92404448.8840905,0.0013803264730621893
7.156e-07,21.31050718551763,2.3051258624135307e-07,5.017957912526027e-11,480230531707733.7,92448345.37236477,0.0013858352277507512
7.158e-07,21.44746451477718,2.3187843275765688e-07,4.998279618382958e-11,477401802916724.25,92494434.51773098,0.0013912912796981468
7.16e-07,21.586441795899706,2.3325925341042214e-07,4.97893973788744e-11,474575735956907.2,92542702.93799719,0.001396695524075532
7.162e-07,21.727391247124004,2.346544467622144e-07,4.9599287109744615e-11,471754033999560.7,92593136.61820915,0.0014020489510590058
7.164e-07,21.870261539865027,2.3606337479953988e-07,4.9412369268379194e-11,468938402452363.7,92645720.91471961,0.0014073526425698742
7.166e-07,22.01499769557441,2.374853621268202e-07,4.922854736930901e-11,466130547435151.06,92700440.55944014,0.0014126077688988692
7.168000000000001e-07,22.161540986416952,2.38919695215604e-07,4.9047724676236526e-11,463332174252581.2,92757279.66427428,0.0014178155852188619
7.17e-07,22.30982884049419,2.403656217166338e-07,4.8869804325487886e-11,460544985865377.6,92816221.7257307,0.0014229774279907075
7.172e-07,22.45979475238788,2.4182234984273333e-07,4.8694689446607034e-11,457770681361759.5,92877249.62971526,0.0014280947112670697
7.174e-07,22.611368199829485,2.4328904783073777e-07,4.85222832803423e-11,455010954430739.44,92940345.65649982,0.0014331689228990736
7.176e-07,22.764474567340844,2.4476484349098865e-07,4.8352489294247804e-11,452267491838897.75,93005491.48586753,0.001438201620650888
7.178e-07,22.919035077718934,2.4624882385310246e-07,4.818521129610352e-11,449541971912306.2,93072668.20243202,0.0014431944282273029
7.18e-07,23.07496673226973,2.47740034916932e-07,4.802035354532938e-11,446836063025209.44,93141856.30112968,0.00144814903121961
7.182000000000001e-07,23.232182260718204,2.4923748151774904e-07,4.785782086254913e-11,444151422097107.56,93213035.69288298,0.0014530671729750765
7.184e-07,23.39059008174189,2.5074012731475444e-07,4.769751873743417e-11,441489693099856.1,93286185.71043338,0.0014579506503954625
7.186e-07,23.550094275090387,2.5224689491203845e-07,4.7539353434934344e-11,438852505576379.7,93361285.1143424,0.0014628013096701037
7.188e-07,23.710594566258077,2.5375666612102337e-07,4.7383232099982355e-11,436241473172627.5,93438312.09915824,0.001467621041949095
7.19e-07,23.87198632468307,2.552682823733245e-07,4.722906286073112e-11,433658192184309.9,93517244.29974733,0.0014724117789623105
7.192e-07,24.034160576433777,2.567805452926953e-07,4.7076754930366244e-11,431104240120012.25,93598058.79778805,0.0014771754885899247
7.194e-07,24.19700403233226,2.582922174344351e-07,4.6926218707511153e-11,428581174282224.25,93680732.12842515,0.0014819141703902303
7.196000000000001e-07,24.360399132438715,2.5980202320021727e-07,4.6777365875222173e-11,426090530367806.7,93765240.28708312,0.0014866298510905968
7.198e-07,24.52422410778608,2.6130864993577497e-07,4.663010949855163e-11,423633821089419.4,93851558.73643562,0.0014913245800474023
7.2e-07,24.688353060212425,2.628107492182824e-07,4.648436412063517e-11,421212534819367.44,93939662.41353032,0.0014960004246809021
7.202e-07,24.85265606107981,2.6430693833950767e-07,4.634004585724392e-11,418828134257355.1,94029525.73706584,0.001500659465890909
7.204e-07,25.01699926960579,2.657958019900071e-07,4.619707248972138e-11,416482055123548.06,94121122.61481968,0.0015053037934593008
7.206e-07,25.181245071451677,2.672758941486351e-07,4.6055363556210996e-11,414175704878378.4,94214426.45122387,0.001509935501445275
7.208e-07,25.345252238125553,2.6874574018060873e-07,4.591484044106261e-11,411910461470441.06,94309410.15508729,0.001514556683579374
7.210000000000001e-07,25.508876107652952,2.702038391461519e-07,4.5775426462293116e-11,409687672113841.3,94406046.14746176,0.0015191694286622332
7.212000000000001e-07,25.671968786856027,2.716486663204659e-07,4.5637046956963116e-11,407508652096297.0,94504306.3696496,0.0015237758159740368
7.214e-07,25.834379375456084,2.730786759243684e-07,4.549962936431918e-11,405374683619269.3,94604162.2913506,0.0015283779107006458
7.216e-07,25.995954212077102,2.7449230406343764e-07,4.536310330654224e-11,403287014671370.25,94705584.91894622,0.0015329777593823214
7.218e-07,26.156537142080587,2.758879718719171e-07,4.5227400666932774e-11,401246857936244.75,94808544.80391751,0.001537577385390961
7.22e-07,26.315969807005555,2.7726408885596516e-07,4.509245566535608e-11,399255389736088.4,94913012.05139601,0.0015421787844417402
7.222e-07,26.474091955219475,2.7861905642909144e-07,4.495820493076675e-11,397313749011933.56,95018956.32884368,0.0015467839201449608
7.224000000000001e-07,26.630741773213725,2.799512716308424e-07,4.482458757062528e-11,395423036341778.9,95126346.8748602,0.0015513947196039277
7.226000000000001e-07,26.785756236795034,2.812591310179583e-07,4.469154523701992e-11,393584312997616.75,95235152.50811456,0.0015560130690645357
7.228e-07,26.9389714812419,2.8254103471540517e-07,4.4559022189303543e-11,391798600042339.5,95345341.63639873,0.0015606408096222818
7.23e-07,27.09022318930519,2.8379539061282256e-07,4.4426965353058264e-11,390066877467488.1,95456882.26580092,0.0015652797329922708
7.232e-07,27.239346995744043,2.8502061869012254e-07,4.429532437520305e-11,388390083372751.2,95569742.00999455,0.0015699315773477305
7.234e-07,27.386178906902018,2.8621515545420673e-07,4.4164051675063175e-11,386769113188072.3,95683888.09964222,0.0015745980232324875
7.236e-07,27.530555733644068,2.8737745846707484e-07,4.403310249122703e-11,385204818939174.94,95799287.3919103,0.001579280689552749
7.238000000000001e-07,27.672315535796823,2.885060109439822e-07,4.390243492402392e-11,383698008557276.56,95915906.3800921,0.0015839811296534366
7.240000000000001e-07,27.811298076066873,2.8959932639883853e-07,4.377200997346523e-11,382249445233701.94,96033711.2033366,0.0015887008274842235
7.242e-07,27.947345281252602,2.9065595331269e-07,4.3641791572502537e-11,380859846820060.56,96152667.65648052,0.0015934411938603248
7.244e-07,28.08030170842045,2.9167447979996313e-07,4.351174661546876e-11,379529885274603.94,96272741.19997934,0.0015982035628229567
7.246e-07,28.210015013588528,2.9265353824616894e-07,4.3381844981582134e-11,378260186155323.0,96393896.96993633,0.0016029891881042758
7.248e-07,28.336336420349184,2.9359180989000247e-07,4.32520595534074e-11,377051328160293.44,96516099.78822541,0.001607799239701488
7.25e-07,28.459121185772496,2.9448802932223625e-07,4.312236623018523e-11,375903842715725.3,96639314.17270549,0.0016126348005646813
7.252000000000001e-07,28.57822906086398,2.9534098887351536e-07,4.299274393595902e-11,374818213612126.0,96763504.34752244,0.0016174968634027637
7.254000000000001e-07,28.693524742808066,2.9614954286314986e-07,4.286317462244444e-11,373794876688915.5,96888634.25349702,0.0016223863276118226
7.256e-07,28.804878316209173,2.969126116812353e-07,4.273364326660813e-11,372834219567797.25,97014667.55859472,0.0016273039963299975
7.258e-07,28.912165680552572,2.976291856769698e-07,4.2604137862940216e-11,371936581435116.94,97141567.66847533,0.0016322505736228675
7.26e-07,29.015268961141796,2.982983288268325e-07,4.2474649410427515e-11,371102252873406.6,97269297.73711765,0.0016372266618031154
7.262e-07,29.114076900836842,2.989191821573999e-07,4.234517189425183e-11,370331475742228.1,97397820.67751823,0.0016422327588881919
7.264e-07,29.208485230006595,2.994909668989174e-07,4.2215702262261676e-11,369624443108404.0,97527099.1724598,0.0016472692561994185
7.266000000000001e-07,29.298397012231113,3.000129873473945e-07,4.20862403962849e-11,368981299225648.94,97657095.68534636,0.0016523364361058608
7.268000000000001e-07,29.38372296343501,3.004846334148613e-07,4.1956789078370876e-11,368402139563569.7,97787772.4711022,0.0016574344699161155
7.27e-07,29.464381742305772,3.0090538284954937e-07,4.1827353952071375e-11,367887010885939.0,97919091.5871311,0.001662563415920985
7.272e-07,29.54030021004657,3.0127480311007887e-07,4.169794347888983e-11,367435911378101.1,98051014.90433379,0.0016677232175898032
7.274e-07,29.611413657729706,3.015925528802485e-07,4.1568568890047714e-11,367048790823308.1,98183504.11817804,0.0016729137019230224
7.276e-07,29.677665999755334,3.0185838321369555e-07,4.1439244133735464e-11,366725550827727.6,98316520.7598211,0.001678134577963483
7.278e-07,29.73900993217126,3.020721383004814e-07,4.130998581803405e-11,366466045093816.5,98450026.20727919,0.0016833854354685747
7.280000000000001e-07,29.79540705487692,3.0223375585054055e-07,4.1180813149710486e-11,366270079741696.1,98583981.69664155,0.0016886657437452954
7.282000000000001e-07,29.846827957011605,3.0234326709187675e-07,4.105174786910499e-11,366137413678110.06,98718348.33332565,0.0016939748506500808
7.284e-07,29.893252265109897,3.024007963843414e-07,4.0922814181344513e-11,366067759012495.44,98853087.10337047,0.0016993119817549935
7.286e-07,29.93466865389423,3.0240656045277255e-07,4.0794038684128495e-11,366060781519645.4,98988158.88476464,0.0017046762396817473
7.288e-07,29.97107481986045,3.023608672461618e-07,4.066545029234788e-11,366116101148387.06,99123524.45880514,0.0017100666036047197
7.29e-07,30.002477418095822,3.0226411443231477e-07,4.053708015980494e-11,366233292575650.4,99259144.52148503,0.0017154819289240718
7.292e-07,30.028891963042998,3.021167875401473e-07,4.040896159831456e-11,366411885805251.25,99394979.69490543,0.0017209209471097226
7.294000000000001e-07,30.050342694189446,3.019194577642872e-07,4.0281129994472936e-11,366651366810661.9,99530990.53870909,0.001726382265716819
7.296000000000001e-07,30.066862407912204,3.016727794489903e-07,4.0153622724386324e-11,366951178220996.5,99667137.56153195,0.0017318643685731027
7.298e-07,30.078492256943633,3.0137748727052015e-07,4.002647906665675e-11,367310720049387.3,99803381.23247012,0.0017373656161383756
7.3e-07,30.085281519138793,3.010343931390471e-07,3.989974011392484e-11,367729350462882.5,99939681.99255714,0.0017428842460360417
7.302e-07,30.087287337421365,3.0064438284278586e-07,3.977344868327057e-11,368206386592950.44,100076000.26625054,0.0017484183737565093
7.304e-07,30.08457443295592,3.0020841245849276e-07,3.964764922577241e-11,368741105385630.1,100212296.47292265,0.0017539659935320447
7.306e-07,30.07721479374298,2.9972750455357875e-07,3.952238773552387e-11,369332744490325.56,100348531.03835331,0.0017595249793824267
7.308000000000001e-07,30.06528734095564,2.9920274420595694e-07,3.939771165840324e-11,369980503186193.25,100484664.4062199,0.0017650930863305457
7.310000000000001e-07,30.048877575433444,2.9863527486832237e-07,3.9273669800886314e-11,370683543345040.4,100620657.04958309,0.0017706679517869382
7.312e-07,30.028077206819667,2.980262941038823e-07,3.915031223918724e-11,371440990429601.7,100756469.48236336,0.0017762470971019657
7.314e-07,30.002983767872962,2.9737704922059477e-07,3.9027690229003806e-11,372251934526033.25,100892062.27080658,0.0017818279292842216
7.316e-07,29.973700216503847,2.9668883283077737e-07,3.8905856116136704e-11,373115431409409.94,101027396.04493293,0.001787407742883443
7.318e-07,29.940334528081067,2.9596297836248316e-07,3.878486324823972e-11,374030503640999.44,101162431.50996876,0.001792983722036149
7.32e-07,29.90299928052473,2.9520085554838234e-07,3.866476588794991e-11,374996141696027.7,101297129.45775571,0.0017985529426718869
7.322000000000001e-07,29.861811234652528,2.9440386591699637e-07,3.854561912763324e-11,376011305120633.5,101431450.77813518,0.0018041123748778608
7.324000000000001e-07,29.81689091217487,2.9357343831006814e-07,3.842747880596967e-11,377074923716671.1,101565356.470304,0.0018096588854194838
7.326e-07,29.768362173645734,2.927110244486173e-07,3.831040142658759e-11,378185898752993.56,101698807.65413842,0.0018151892404142337
7.328e-07,29.716351798571083,2.918180945688573e-07,3.819444407894493e-11,379343104201817.2,101831765.58148357,0.0018207001081559627
7.33e-07,29.66098906975653,2.908961331476592e-07,3.807966436163889e-11,380545387998742.4,101964191.6474035,0.0018261880620866631
7.332e-07,29.602405363845,2.899466347356534e-07,3.7966120308311955e-11,381791573324984.9,102096047.40139076,0.0018316495839125102
7.334e-07,29.540733749852897,2.889710999144095e-07,3.7853870316306966e-11,383080459910343.44,102227294.55853054,0.0018370810668608087
7.336000000000001e-07,29.476108597365183,2.879710313924277e-07,3.7742973078209895e-11,384410825355403.0,102357895.01061691,0.0018424788190742637
7.338000000000001e-07,29.40866519589311,2.8694793025292713e-07,3.7633487516401367e-11,385781426471468.94,102487810.83721761,0.0018478390671389361
7.34e-07,29.338539386741978,2.859032923646929e-07,3.752547272072578e-11,387191000636690.8,102617004.31668441,0.0018531579597419372
7.342e-07,29.26586720857445,2.8483860496549767e-07,3.7418987889369235e-11,388638267166835.5,102745437.93710619,0.0018584315714548884
7.344e-07,29.19078455769693,2.837553434259362e-07,3.731409227302561e-11,390121928699128.5,102873074.40720001,0.0018636559066388674
7.346e-07,29.11342686393645,2.8265496819982807e-07,3.721084512241177e-11,391640672587608.6,102999876.66713922,0.0018688269034665968
7.348e-07,29.03392878282297,2.8153892196578026e-07,3.710930563918238e-11,393193172308391.4,103125807.89931385,0.0018739404380573065
7.350000000000001e-07,28.952423904640856,2.804086269629616e-07,3.700953293027879e-11,394778088873249.1,103250831.53902075,0.0018789923287196712
7.352000000000001e-07,28.869044480769748,2.7926548252270404e-07,3.6911585965733736e-11,396394072249906.7,103374911.28508057,0.0018839783402980516
7.354e-07,28.783921167598418,2.7811086279620615e-07,3.6815523539941346e-11,398039762787431.5,103498011.1103775,0.0018888941886171177
7.356e-07,28.69718278816481,2.7694611467733904e-07,3.6721404236388185e-11,399713792645121.0,103620095.27232029,0.0018937355450198796
7.358e-07,28.60895611155648,2.7577255591843284e-07,3.6629286395831994e-11,401414787223251.0,103741128.32321991,0.0018984980409939094
7.36e-07,28.51936564999128,2.745914734358403e-07,3.653922808790047e-11,403141366594091.4,103861075.12058263,0.00190317727288058
7.362e-07,28.42853347339782,2.7340412180116544e-07,3.645128708607539e-11,404892146931553.3,103979900.83731297,0.0019077688066618873
7.364000000000001e-07,28.336579041220247,2.722117219131793e-07,3.6365520846015255e-11,406665741937875.9,104097570.97182637,0.0019122681828194358
7.366000000000001e-07,28.24361905108906,2.7101545984473245e-07,3.628198648716191e-11,408460764265737.8,104214051.35806687,0.0019166709212600115
7.368e-07,28.149767303925582,2.698164858583405e-07,3.6200740777567924e-11,410275826934197.3,104329308.17542714,0.0019209725263020945
7.37e-07,28.05513458498178,2.6861591358357614e-07,3.6121840121873666e-11,412109544736884.25,104443307.95856892,0.0019251684917176023
7.372e-07,27.959828560263706,2.6741481934899716e-07,3.6045340552357123e-11,413960535640841.75,104556017.60713924,0.0019292543058230145
7.374e-07,27.863953687736778,2.662142416609526e-07,3.59712977229713e-11,415827422174486.8,104667404.39538163,0.0019332254566140714
