time_s,voltage_V
0.0,25.251262658470836
2e-10,31.278519393521307
4e-10,37.284416865944856
6e-10,43.26416319724752
8e-10,49.212910689184866
1e-09,55.12576561716476
1.2e-09,60.997798283008436
1.4000000000000001e-09,66.82405330118179
1.6e-09,72.5995600918407
1.8e-09,78.31934355333458
2e-09,83.97843488618739
2.2000000000000003e-09,89.5718825400222
2.4e-09,95.09476325441861
2.6e-09,100.54219316429388
2.8000000000000003e-09,105.90933894007595
3e-09,111.19142893269563
3.2e-09,116.38376429326311
3.4000000000000003e-09,121.48173003721257
3.6e-09,126.48080602269894
3.8e-09,131.37657781311216
4e-09,136.1647473937363
4.2e-09,140.84114371282433
4.4000000000000005e-09,145.40173301768436
4.6e-09,149.84262895677426
4.8e-09,154.16010241928666
5e-09,158.35059108426486
5.2e-09,162.41070865192765
5.4e-09,166.33725373059175
5.6000000000000005e-09,170.12721835336617
5.8e-09,173.77779609964793
6e-09,177.28638979737454
6.2e-09,180.6506187829792
6.4e-09,183.86832569705248
6.6e-09,186.93758279483123
6.8000000000000005e-09,189.85669775181225
7.000000000000001e-09,192.6242189460219
7.2e-09,195.2389401997574
7.4e-09,197.69990496495126
7.6e-09,200.00640993769161
7.8e-09,202.15800808885416
8e-09,204.15451109926445
8.2e-09,205.9959911893087
8.4e-09,207.68278233443752
8.600000000000001e-09,209.21548085956576
8.800000000000001e-09,210.59494540695124
9e-09,211.82229627373385
9.2e-09,212.89891411693043
9.4e-09,213.82643802530788
9.6e-09,214.60676295918648
9.8e-09,215.24203656086192
1e-08,215.73465533996614
1.02e-08,216.0872602397136
1.04e-08,216.30273159159606
1.06e-08,216.38418346769205
1.08e-08,216.33495744133685
1.1000000000000001e-08,216.15861576846248
1.1200000000000001e-08,215.85893400344858
1.1400000000000001e-08,215.43989306482715
1.16e-08,214.9056707676512
1.18e-08,214.2606328407661
1.2e-08,213.50932344860755
1.22e-08,212.656455238489
1.24e-08,211.7068989356314
1.26e-08,210.665672509423
1.28e-08,209.53792993557747
1.3e-08,208.32894957997672
1.32e-08,207.04412223104322
1.3400000000000001e-08,205.68893880847537
1.3600000000000001e-08,204.2689777771044
1.3800000000000001e-08,202.78989229548128
1.4000000000000001e-08,201.25739712958205
1.42e-08,199.67725536272158
1.44e-08,198.05526493339391
1.46e-08,196.39724503330248
1.48e-08,194.7090223983093
1.5000000000000002e-08,192.99641752541964
1.52e-08,191.2652308492158
1.54e-08,189.52122891137344
1.56e-08,187.77013055702642
1.58e-08,186.0175931917912
1.6e-08,184.26919913322644
1.62e-08,182.53044209037682
1.64e-08,180.8067138048435
1.66e-08,179.1032908865272
1.68e-08,177.42532187681277
1.7e-08,175.7778145715017
1.7200000000000002e-08,174.16562363525296
1.74e-08,172.59343853866963
1.7600000000000002e-08,171.06577184845938
1.78e-08,169.5869479003162
1.8e-08,168.1610918833077
1.82e-08,166.79211936362103
1.84e-08,165.48372627451138
1.86e-08,164.23937939822318
1.88e-08,163.0623073645109
1.9e-08,161.95549218917876
1.92e-08,160.9216613747936
1.9400000000000002e-08,159.96328059439588
1.96e-08,159.08254697765707
1.9800000000000002e-08,158.28138301749743
2e-08,157.56143111370096
2.0200000000000002e-08,156.9240487685395
2.04e-08,156.37030444785626
2.06e-08,155.90097411945817
2.08e-08,155.51653847903532
2.1e-08,155.21718087216516
2.12e-08,155.00278591927577
2.14e-08,154.87293884873833
2.16e-08,154.82692554153925
2.18e-08,154.8637332892526
2.2000000000000002e-08,154.98205226529566
2.22e-08,155.18027770771133
2.2400000000000002e-08,155.45651280998206
2.26e-08,155.80857231465026
2.2800000000000002e-08,156.23398680279814
2.3e-08,156.73000767073484
2.32e-08,157.29361278355177
2.34e-08,157.92151279354593
2.36e-08,158.6101581098744
2.38e-08,159.35574650420142
2.4e-08,160.15423133553247
2.42e-08,161.0013303759036
2.44e-08,161.89253521710998
2.4600000000000002e-08,162.82312123722406
2.48e-08,163.7881581042689
2.5000000000000002e-08,164.78252079308348
2.52e-08,165.80090109014563
2.5400000000000002e-08,166.83781955990878
2.56e-08,167.88763794506428
2.58e-08,168.94457197206236
2.6e-08,170.00270453221793
2.62e-08,171.05599920779264
2.64e-08,172.0983141115846
2.66e-08,173.12341600777467
2.6800000000000002e-08,174.12499468107492
2.7e-08,175.09667752060307
2.7200000000000002e-08,176.03204428436604
2.74e-08,176.92464200978134
2.7600000000000002e-08,177.7680000352937
2.78e-08,178.5556450978603
2.8000000000000003e-08,179.28111647088022
2.82e-08,179.9379811070329
2.84e-08,180.51984875047
2.86e-08,181.02038698286637
2.88e-08,181.43333616799214
2.9e-08,181.75252425970473
2.92e-08,181.9718814385879
2.9400000000000002e-08,182.0854545428749
2.96e-08,182.08742125979094
2.9800000000000002e-08,181.97210404402884
3.0000000000000004e-08,181.73398373073493
3.02e-08,181.36771281112215
3.04e-08,180.86812833965047
3.06e-08,180.23026444260915
3.08e-08,179.44936439890733
3.1e-08,178.52089226492078
3.12e-08,177.44054401635566
3.14e-08,176.20425818126387
3.16e-08,174.80822593958965
3.18e-08,173.2489006659218
3.2e-08,171.5230068934892
3.2200000000000004e-08,169.6275486788408
3.24e-08,167.55981734811678
3.26e-08,165.31739860731932
3.28e-08,162.8981790005421
3.3000000000000004e-08,160.3003517017017
3.32e-08,157.52242162693545
3.34e-08,154.5632098564808
3.36e-08,151.42185735652777
3.38e-08,148.09782799323278
3.4e-08,144.59091083279844
3.42e-08,140.90122172325553
3.4400000000000004e-08,137.0292041553132
3.46e-08,132.9756294013941
3.48e-08,128.74159593370447
3.5e-08,124.32852812393475
3.5200000000000004e-08,119.73817422890448
3.54e-08,114.97260366819197
3.56e-08,110.03420360147507
3.58e-08,104.9256748149982
3.6e-08,99.65002692821662
3.62e-08,94.21057293330253
3.64e-08,88.61092308177368
3.6600000000000003e-08,82.85497813405848
3.68e-08,76.94692198931482
3.7e-08,70.89121371427956
3.72e-08,64.692578991343
3.7400000000000004e-08,58.35600100738776
3.76e-08,51.8867108062488
3.78e-08,45.29017712887902
3.8e-08,38.57209576650044
3.8200000000000005e-08,31.738378453118045
3.84e-08,24.795141324836692
3.86e-08,17.748692974384277
3.8800000000000003e-08,10.60552213015822
3.9e-08,3.3722849899289393
3.92e-08,-3.944207759905531
3.94e-08,-11.337004207953413
3.9600000000000004e-08,-18.799024732199285
3.98e-08,-26.32307573244882
4e-08,-33.90186354776005
4.02e-08,-41.52800852542966
4.0400000000000004e-08,-49.19405920784854
4.06e-08,-56.89250660336694
4.08e-08,-64.61579850722461
4.1e-08,-72.35635383859146
4.12e-08,-80.10657695986788
4.14e-08,-87.85887194454004
4.16e-08,-95.6056567601593
4.1800000000000004e-08,-103.33937733333728
4.2e-08,-111.05252146408208
4.22e-08,-118.73763255729062
4.24e-08,-126.38732313980123
4.2600000000000004e-08,-133.99428813206953
4.28e-08,-141.5513178442648
4.3e-08,-149.05131066739895
4.32e-08,-156.4872854309757
4.3400000000000005e-08,-163.852393399613
4.36e-08,-171.13992988209895
4.38e-08,-178.34334542743562
4.4000000000000004e-08,-185.45625658356397
4.42e-08,-192.47245619567533
4.44e-08,-199.3859232222699
4.46e-08,-206.19083204843002
4.4800000000000004e-08,-212.8815612771508
4.5e-08,-219.45270198095784
4.52e-08,-225.89906539749902
4.54e-08,-232.21569005427705
4.5600000000000005e-08,-238.39784830920428
4.58e-08,-244.44105229521128
4.6e-08,-250.34105925870304
4.6200000000000003e-08,-256.0938762832605
4.64e-08,-261.69576439157936
4.66e-08,-267.1432420202768
4.68e-08,-272.43308786380527
4.7000000000000004e-08,-277.5623430853709
4.72e-08,-282.52831289436324
4.74e-08,-287.32856749145645
4.76e-08,-291.9609423841399
4.7800000000000005e-08,-296.4235380770643
4.8e-08,-300.7147191431698
4.82e-08,-304.8331126831335
4.84e-08,-308.7776061822216
4.8600000000000005e-08,-312.5473447751477
4.88e-08,-316.14172793101756
4.9e-08,-319.56040557189374
4.9200000000000004e-08,-322.8032736399075
4.94e-08,-325.8704691292239
4.96e-08,-328.76236460046056
4.98e-08,-331.4795621964391
5.0000000000000004e-08,-334.02288717934783
5.02e-08,-336.3933810105495
5.04e-08,-338.5922939953569
5.06e-08,-340.621077516131
5.0800000000000005e-08,-342.4813758780139
5.1e-08,-344.17501779251205
5.12e-08,-345.70400752495846
5.1400000000000004e-08,-347.0705157326494
5.16e-08,-348.27687002111816
5.18e-08,-349.32554524661924
5.2e-08,-350.2191535934196
5.2200000000000004e-08,-350.96043445494274
5.24e-08,-351.5522441481808
5.26e-08,-351.99754549107655
5.28e-08,-352.2993972727894
5.3000000000000005e-08,-352.4609436468819
5.32e-08,-352.4854034775138
5.34e-08,-352.37605966869154
5.3600000000000004e-08,-352.13624850650893
5.38e-08,-351.76934904411354
5.4e-08,-351.2787725588626
5.42e-08,-350.6679521107719
5.4400000000000004e-08,-349.9403322309326
5.46e-08,-349.09935876805736
5.48e-08,-348.14846892073757
5.5e-08,-347.09108148233406
5.5200000000000005e-08,-345.9305873246926
5.54e-08,-344.6703401460825
5.56e-08,-343.31364750788765
5.5800000000000003e-08,-341.8637621836541
5.6000000000000005e-08,-340.3238738431011
5.62e-08,-338.69710109266106
5.64e-08,-336.9864838929974
5.6600000000000004e-08,-335.1949763728003
5.68e-08,-333.32544005694166
5.7e-08,-331.3806375258211
5.72e-08,-329.36322652143417
5.7400000000000004e-08,-327.27575451435433
5.76e-08,-325.1206537444483
5.78e-08,-322.9002367467371
5.8e-08,-320.6166923723815
5.8200000000000005e-08,-318.27208231331144
5.84e-08,-315.8683381375416
5.86e-08,-313.4072588407177
5.8800000000000004e-08,-310.8905089179373
5.9e-08,-308.3196169583648
5.92e-08,-305.69597476365004
5.94e-08,-303.02083698963594
5.9600000000000004e-08,-300.2953213093292
5.98e-08,-297.5204090936013
6.000000000000001e-08,-294.69694660459226
6.02e-08,-291.82564669531763
6.04e-08,-288.90709100751803
6.06e-08,-285.94173265836406
6.08e-08,-282.92989940522114
6.1e-08,-279.8717972763143
6.12e-08,-276.7675146537935
6.140000000000001e-08,-273.6170267944092
6.16e-08,-270.4202007717489
6.18e-08,-267.17680082279054
6.2e-08,-263.8864940803627
6.22e-08,-260.5488566720051
6.24e-08,-257.16338016467074
6.26e-08,-253.72947833372896
6.28e-08,-250.24649423379665
6.300000000000001e-08,-246.71370754805946
6.32e-08,-243.13034219195683
6.34e-08,-239.49557414636513
6.36e-08,-235.8085394947643
6.38e-08,-232.06834263827494
6.4e-08,-228.2740646619552
6.42e-08,-224.42477182529487
6.440000000000001e-08,-220.51952414949233
6.46e-08,-216.55738407380696
6.48e-08,-212.5374251530824
6.5e-08,-208.45874076840113
6.52e-08,-204.32045282278438
6.54e-08,-200.12172039387784
6.56e-08,-195.8617483156807
6.580000000000001e-08,-191.5397956615541
6.600000000000001e-08,-187.15518410101248
6.62e-08,-182.70730610314948
6.64e-08,-178.1956329599633
6.66e-08,-173.6197226033445
6.68e-08,-168.97922719005797
6.7e-08,-164.27390042968713
6.72e-08,-159.5036046312316
6.740000000000001e-08,-154.66831744481948
6.76e-08,-149.768138275846
6.78e-08,-144.80329434976815
6.8e-08,-139.77414640675306
6.82e-08,-134.68119400641365
6.84e-08,-129.52508042395266
6.86e-08,-124.30659712018803
6.880000000000001e-08,-119.02668776911904
6.900000000000001e-08,-113.68645182793465
6.92e-08,-108.28714763566073
6.94e-08,-102.83019502795605
6.96e-08,-97.31717745694355
6.98e-08,-91.74984360634974
7e-08,-86.1301084936548
7.02e-08,-80.46005405241362
7.040000000000001e-08,-74.74192918937347
7.06e-08,-68.97814931250659
7.08e-08,-63.17129532758756
7.1e-08,-57.32411210245482
7.12e-08,-51.43950639961477
7.14e-08,-45.52054427937032
7.16e-08,-39.570447977178965
7.180000000000001e-08,-33.592592260449145
7.2e-08,-27.5905002714927
7.22e-08,-21.567838864826776
7.24e-08,-15.52841344850281
7.26e-08,-9.476162340561768
7.28e-08,-3.415150653151084
7.3e-08,2.650436281790604
7.320000000000001e-08,8.716299930011484
7.340000000000001e-08,14.77803599901425
7.36e-08,20.83114229086955
7.38e-08,26.871026944699324
7.4e-08,32.893017048586
7.42e-08,38.89236759953653
7.44e-08,44.86427078906502
7.46e-08,50.80386559094073
7.480000000000001e-08,56.70624762670839
7.5e-08,62.56647928369492
7.52e-08,68.37960005940755
7.54e-08,74.14063710546276
7.56e-08,79.84461594352538
7.58e-08,85.48657132511384
7.6e-08,91.06155820660746
7.620000000000001e-08,96.56466281032634
7.640000000000001e-08,101.99101374218195
7.66e-08,107.33579313609592
7.68e-08,112.59424779516081
7.7e-08,117.76170029937649
7.72e-08,122.83356004974314
7.74e-08,127.80533421850382
7.760000000000001e-08,132.67263857544097
7.780000000000001e-08,137.43120816030878
7.8e-08,142.07690777175318
7.82e-08,146.60574224341653
7.84e-08,151.01386647834184
7.86e-08,155.2975952133065
7.88e-08,159.45341248528518
7.9e-08,163.477980772907
7.920000000000001e-08,167.36814978649625
7.94e-08,171.12096488109518
7.96e-08,174.7336750677419
7.98e-08,178.20374059921326
8e-08,181.5288401074622
8.02e-08,184.70687727104365
8.04e-08,187.73598699195992
8.060000000000001e-08,190.61454106255175
8.080000000000001e-08,193.3411533043027
8.1e-08,195.9146841617275
8.12e-08,198.33424473586484
8.14e-08,200.5992002432795
8.16e-08,202.70917288792532
8.18e-08,204.66404413468175
8.2e-08,206.46395637489212
8.220000000000001e-08,208.10931397576178
8.24e-08,209.600783707043
8.26e-08,210.9392945400153
8.28e-08,212.12603681537587
8.3e-08,213.1624607782704
8.32e-08,214.05027448032456
8.34e-08,214.7914410501661
8.360000000000001e-08,215.38817533556633
8.380000000000001e-08,215.84293992195626
8.4e-08,216.15844053370083
8.42e-08,216.3376208261257
8.44e-08,216.38365657788785
8.46e-08,216.2999492948602
8.48e-08,216.09011923825136
8.500000000000001e-08,215.75799789120887
8.520000000000001e-08,215.30761987964706
8.54e-08,214.74321436449446
8.56e-08,214.06919592397998
8.58e-08,213.29015494594097
8.6e-08,212.41084755147216
8.62e-08,211.4361850724999
8.64e-08,210.37122310709793
8.660000000000001e-08,209.2211501775147
8.680000000000001e-08,207.99127601698953
8.7e-08,206.68701951247763
8.72e-08,205.31389633136774
8.74e-08,203.87750626119134
8.76e-08,202.38352029214286
8.78e-08,200.83766747300058
8.800000000000001e-08,199.24572157171167
8.820000000000001e-08,197.61348757251233
8.84e-08,195.9467880419832
8.86e-08,194.25144939687814
8.88e-08,192.5332881069323
8.9e-08,190.79809686612876
8.92e-08,189.05163076610378
8.94e-08,187.29959350547512
8.960000000000001e-08,185.54762366890282
8.98e-08,183.80128110963483
9e-08,182.0660334691376
9.02e-08,180.34724286718372
9.04e-08,178.65015279544787
9.06e-08,176.97987524726688
9.08e-08,175.34137811572973
9.100000000000001e-08,173.73947289169865
9.120000000000001e-08,172.17880269271728
9.14e-08,170.6638306530309
9.16e-08,169.1988287041417
9.18e-08,167.787866774443
9.2e-08,166.43480243551747
9.22e-08,165.14327102166573
9.240000000000001e-08,163.91667624813212
9.260000000000001e-08,162.75818135233885
9.28e-08,161.6707007812119
9.3e-08,160.65689244640345
9.32e-08,159.7191505678708
9.34e-08,158.8595991248796
9.36e-08,158.08008593205386
9.38e-08,157.38217735660362
9.400000000000001e-08,156.7671536913289
9.420000000000001e-08,156.23600519642034
9.44e-08,155.78942882147484
9.46e-08,155.42782561749806
9.48e-08,155.15129884700525
9.5e-08,154.95965279863455
9.52e-08,154.85239231098652
9.540000000000001e-08,154.8287230086763
9.560000000000001e-08,154.8875522518499
9.58e-08,155.02749079868488
9.6e-08,155.24685517864944
9.62e-08,155.54367077256046
9.64e-08,155.9156755937508
9.66e-08,156.36032476294002
9.68e-08,156.87479566770412
9.700000000000001e-08,157.45599379575097
9.720000000000001e-08,158.10055922956403
9.74e-08,158.8048737883437
9.76e-08,159.56506880158014
9.78e-08,160.37703349704157
9.8e-08,161.23642398444096
9.82e-08,162.13867281457976
9.840000000000001e-08,163.07899909233487
9.860000000000001e-08,164.05241912049794
9.88e-08,165.05375755015766
9.9e-08,166.077659012053
9.92e-08,167.1186002021472
9.94e-08,168.17090239353334
9.96e-08,169.22874434573168
9.980000000000001e-08,170.28617558144043
1.0000000000000001e-07,171.33712999989868
1.002e-07,172.37543979517378
1.004e-07,173.39484964692372
1.006e-07,174.38903115050735
1.008e-07,175.3515974527091
1.01e-07,176.27611805883777
1.012e-07,177.15613377651496
1.0140000000000001e-07,177.98517176112367
1.0160000000000001e-07,178.75676062763625
1.018e-07,179.46444559335424
1.02e-07,180.10180361600854
1.022e-07,180.66245849167706
1.024e-07,181.14009587705735
1.026e-07,181.52847820081087
1.0280000000000001e-07,181.82145942895394
1.0300000000000001e-07,182.01299964963175
1.032e-07,182.09717944303256
1.034e-07,182.0682140027233
1.036e-07,181.92046697529514
1.038e-07,181.64846398588392
1.04e-07,181.24690581789804
1.042e-07,180.71068121612035
1.0440000000000001e-07,180.03487928328204
1.0460000000000001e-07,179.21480144118112
1.048e-07,178.24597292848406
1.05e-07,177.1241538084868
1.052e-07,175.84534946129122
1.054e-07,174.40582053612442
1.056e-07,172.80209234082804
1.0580000000000001e-07,171.03096364693556
1.0600000000000001e-07,169.08951489016303
1.062e-07,166.97511574761555
1.064e-07,164.68543207453828
1.066e-07,162.21843218498515
1.068e-07,159.57239246238618
1.07e-07,156.74590228761141
1.0720000000000001e-07,153.73786827380297
1.0740000000000001e-07,150.547517798914
1.076e-07,147.17440182860113
1.078e-07,143.61839702384583
1.08e-07,139.87970712939665
1.082e-07,135.95886364087423
1.084e-07,131.85672575011404
1.086e-07,127.5744795700765
1.0880000000000001e-07,123.11363664237223
1.0900000000000001e-07,118.47603173218499
1.092e-07,113.66381991709153
1.094e-07,108.67947297795124
1.096e-07,103.52577510173286
1.098e-07,98.20581790776016
1.1e-07,92.72299481049888
1.1020000000000001e-07,87.0809947335575
1.1040000000000001e-07,81.28379519112586
1.106e-07,75.33565475457227
1.108e-07,69.24110492334874
1.11e-07,63.00494142077632
1.112e-07,56.63221493660539
1.114e-07,50.128221339540445
1.1160000000000001e-07,43.49849138414322
1.1180000000000001e-07,36.748779937698316
1.1200000000000001e-07,29.885054753705475
1.122e-07,22.913484819704934
1.124e-07,15.840428308096577
1.126e-07,8.67242015949218
1.128e-07,1.4161593289471668
1.13e-07,-5.921504273850065
1.1320000000000001e-07,-13.333583118695344
1.1340000000000001e-07,-20.81296563100503
1.136e-07,-28.352429977184336
1.138e-07,-35.94465802603456
1.14e-07,-43.58224945269568
1.142e-07,-51.25773595138337
1.144e-07,-58.963595523030605
1.1460000000000001e-07,-66.6922668038695
1.1480000000000001e-07,-74.43616340103156
1.1500000000000001e-07,-82.18768820133897
1.152e-07,-89.93924761964348
1.154e-07,-97.68326575337281
1.156e-07,-105.41219841026809
1.158e-07,-113.11854697678032
1.16e-07,-120.79487209507094
1.1620000000000001e-07,-128.4338071172097
1.1640000000000001e-07,-136.02807130580288
1.166e-07,-143.57048275107937
1.168e-07,-151.05397097526145
1.17e-07,-158.47158919596598
1.172e-07,-165.81652622134808
1.174e-07,-173.08211795074578
1.1760000000000001e-07,-180.26185845566792
1.1780000000000001e-07,-187.34941061714144
1.18e-07,-194.33861629666197
1.182e-07,-201.2235060192455
1.184e-07,-207.99830814841872
1.186e-07,-214.65745753435186
1.188e-07,-221.1956036177638
1.1900000000000001e-07,-227.6076179736685
1.1920000000000001e-07,-233.8886012805328
1.194e-07,-240.0338897019529
1.196e-07,-246.03906066948417
1.198e-07,-251.89993805685043
1.2000000000000002e-07,-257.612596737367
1.202e-07,-263.17336651799087
1.204e-07,-268.57883544507456
1.206e-07,-273.8258524785024
1.208e-07,-278.9115295325307
1.21e-07,-283.83324288330635
1.212e-07,-288.5886339446198
1.2140000000000002e-07,-293.17560941512494
1.216e-07,-297.59234080180784
1.218e-07,-301.83726332611474
1.22e-07,-305.9090742206849
1.222e-07,-309.80673042618514
1.224e-07,-313.5294456992556
1.226e-07,-317.07668714402377
1.2280000000000001e-07,-320.4481711811205
1.23e-07,-323.64385896948096
1.232e-07,-326.66395129759894
1.234e-07,-329.50888296218176
1.236e-07,-332.1793166534084
1.238e-07,-334.67613636719335
1.24e-07,-337.00044036597563
1.2420000000000001e-07,-339.1535337106555
1.244e-07,-341.1369203872809
1.2460000000000002e-07,-342.95229505305656
1.248e-07,-344.6015344271093
1.25e-07,-346.0866883522581
1.252e-07,-347.40997055476464
1.254e-07,-348.57374912969897
1.256e-07,-349.58053678014915
1.258e-07,-350.4329808389882
1.2600000000000002e-07,-351.13385310236106
1.262e-07,-351.6860395043842
1.264e-07,-352.0925296628327
1.266e-07,-352.35640632575985
1.268e-07,-352.4808347491169
1.27e-07,-352.46905203545026
1.272e-07,-352.3243564637071
1.2740000000000002e-07,-352.0500968400338
1.276e-07,-351.6496618992429
1.278e-07,-351.1264697863169
1.28e-07,-350.4839576469507
1.282e-07,-349.7255713556733
1.284e-07,-348.8547554095635
1.286e-07,-347.8749430149717
1.2880000000000002e-07,-346.7895463939789
1.29e-07,-345.60194733658176
1.292e-07,-344.3154880237706
1.294e-07,-342.93346214579105
1.296e-07,-341.4591063389317
1.298e-07,-339.8955919631664
1.3e-07,-338.2460172419303
1.3020000000000001e-07,-336.5133997841653
1.304e-07,-334.7006695076228
1.306e-07,-332.810661981165
1.308e-07,-330.8461122025583
1.31e-07,-328.8096488269304
1.312e-07,-326.7037888597182
1.314e-07,-324.5309328265544
1.3160000000000001e-07,-322.2933604311155
1.318e-07,-319.9932267105307
1.3200000000000002e-07,-317.63255869646673
1.322e-07,-315.2132525885378
1.324e-07,-312.7370714451781
1.326e-07,-310.2056433956143
1.328e-07,-307.6204603750547
1.33e-07,-304.9828773836882
1.332e-07,-302.29411226858355
1.3340000000000002e-07,-299.5552460260431
1.336e-07,-296.7672236204892
1.338e-07,-293.9308553144503
1.34e-07,-291.04681850275534
1.342e-07,-288.1156600425929
1.344e-07,-285.1377990696573
1.346e-07,-282.11353028923475
1.3480000000000002e-07,-279.0430277296828
1.35e-07,-275.9263489444755
1.352e-07,-272.7634396476652
1.354e-07,-269.5541387663973
1.356e-07,-266.29818389290824
1.358e-07,-262.99521711729955
1.36e-07,-259.64479122129933
1.3620000000000002e-07,-256.24637621216846
1.364e-07,-252.79936617497313
1.366e-07,-249.3030864204952
1.368e-07,-245.7568009052376
1.37e-07,-242.15971989918438
1.372e-07,-238.5110078762697
1.374e-07,-234.80979160188033
1.3760000000000001e-07,-231.05516839112727
1.378e-07,-227.24621451115533
1.3800000000000002e-07,-223.38199370032328
1.382e-07,-219.46156577675342
1.384e-07,-215.48399530848218
1.386e-07,-211.44836031726445
1.388e-07,-207.35376098797343
1.3900000000000001e-07,-203.19932835550185
1.392e-07,-198.98423294114562
1.3940000000000002e-07,-194.70769331053927
1.396e-07,-190.36898452547806
1.398e-07,-185.96744646218477
1.4e-07,-181.50249196899944
1.402e-07,-176.97361483686842
1.404e-07,-172.3803975565479
1.406e-07,-167.72251883701958
1.4080000000000002e-07,-162.99976086026322
1.41e-07,-158.21201624829274
1.412e-07,-153.3592947191234
1.414e-07,-148.44172940923386
1.416e-07,-143.45958284100237
1.418e-07,-138.4132525145799
1.42e-07,-133.3032761047393
1.4220000000000002e-07,-128.13033624429818
1.424e-07,-122.89526487693311
1.426e-07,-117.59904716334344
1.428e-07,-112.24282492603518
1.43e-07,-106.82789961925363
1.432e-07,-101.35573481194578
1.434e-07,-95.82795817301235
1.4360000000000002e-07,-90.2463629494921
1.438e-07,-84.61290892978988
1.44e-07,-78.92972288547134
1.442e-07,-73.19909848667717
1.444e-07,-67.42349568766622
1.446e-07,-61.60553958051699
1.448e-07,-55.74801871654885
1.4500000000000001e-07,-49.853882896512594
1.452e-07,-43.92624043216489
1.4540000000000002e-07,-37.96835488330525
1.456e-07,-31.983641275923326
1.458e-07,-25.975661808545418
1.46e-07,-19.948121055392072
1.462e-07,-13.904860676399931
1.4640000000000001e-07,-7.849853645590901
1.466e-07,-1.787198010714004
1.4680000000000002e-07,4.278889801593053
1.47e-07,10.344082119468645
1.472e-07,16.403947581425967
1.474e-07,22.45395909568782
1.476e-07,28.48950218387185
1.478e-07,34.50588368847936
1.48e-07,40.498340822505625
1.4820000000000002e-07,46.462050538486466
1.484e-07,52.39213919323558
1.486e-07,58.283692483666044
1.488e-07,64.13176562816035
1.49e-07,69.93139376719475
1.492e-07,75.67760255617578
1.494e-07,81.36541892278015
1.4960000000000002e-07,86.98988196052439
1.498e-07,92.54605392974803
1.5e-07,98.02903133679581
1.502e-07,103.43395606178927
1.504e-07,108.75602650512249
1.506e-07,113.99050872262237
1.508e-07,119.13274751916262
1.5100000000000002e-07,124.17817747053397
1.512e-07,129.12233384335596
1.514e-07,133.9608633830061
1.516e-07,138.6895349396846
1.518e-07,143.30424990306923
1.52e-07,147.80105241635553
1.522e-07,152.1761393409263
1.5240000000000001e-07,156.4258699434319
1.526e-07,160.54677527764207
1.5280000000000002e-07,164.53556723413365
1.53e-07,168.38914723160337
1.532e-07,172.10461452443815
1.534e-07,175.67927410205914
1.536e-07,179.11064415651316
1.5380000000000001e-07,182.39646309583145
1.54e-07,185.53469608173253
1.5420000000000002e-07,188.52354107143282
1.544e-07,191.36143434450216
1.546e-07,194.04705549699554
1.548e-07,196.579331886371
1.55e-07,198.95744251209157
1.5520000000000001e-07,201.18082131820307
1.554e-07,203.24915990561834
1.5560000000000002e-07,205.16240964333235
1.558e-07,206.92078316929906
1.56e-07,208.52475527325296
1.562e-07,209.97506315531786
1.564e-07,211.2727060558437
1.566e-07,212.418944253523
1.568e-07,213.41529743044646
1.5700000000000002e-07,214.26354240439971
1.572e-07,214.9657102303302
1.574e-07,215.52408267455064
1.576e-07,215.9411880668711
1.578e-07,216.21979653747587
1.58e-07,216.36291464697473
1.582e-07,216.37377941964039
1.5840000000000002e-07,216.25585179142266
1.586e-07,216.01280948587583
1.588e-07,215.6485393326491
1.59e-07,215.16712904467596
1.592e-07,214.5728584716433
1.594e-07,213.87019034873134
1.596e-07,213.0637605609705
1.5980000000000001e-07,212.15836794487615
1.6e-07,211.15896365028686
1.6020000000000002e-07,210.07064008653464
1.604e-07,208.89861947822
1.606e-07,207.6482420569586
1.608e-07,206.32495391647907
1.61e-07,204.93429455941836
1.6120000000000001e-07,203.4818841650258
1.614e-07,201.9734106078272
1.6160000000000002e-07,200.41461625801088
1.618e-07,198.81128459498277
1.62e-07,197.16922666610034
1.622e-07,195.4942674231211
1.624e-07,193.7922319693038
1.6260000000000001e-07,192.06893175045158
1.628e-07,190.33015072344077
1.6300000000000002e-07,188.5816315359489
1.632e-07,186.82906175118296
1.634e-07,185.0780601514105
1.636e-07,183.33416315401104
1.638e-07,181.60281137360155
1.64e-07,179.8893363635187
1.642e-07,178.19894756962665
1.6440000000000002e-07,176.53671952896633
1.646e-07,174.9075793452842
1.648e-07,173.31629447286127
1.65e-07,171.76746083942362
1.652e-07,170.26549133814186
1.654e-07,168.81460471791843
1.656e-07,167.4188149002546
1.6580000000000002e-07,166.08192075001807
1.66e-07,164.80749632638538
1.6620000000000002e-07,163.59888163912558
1.664e-07,162.4591739342106
1.666e-07,161.39121953149953
1.668e-07,160.39760623594464
1.67e-07,159.48065634241345
1.6720000000000001e-07,158.64242025280618
1.674e-07,157.88467072270237
1.6760000000000002e-07,157.2088977532525
1.678e-07,156.61630414250055
1.68e-07,156.1078017087243
1.682e-07,155.68400819677885
1.684e-07,155.3452448767676
1.6860000000000001e-07,155.09153484269987
1.688e-07,154.9226020170959
1.6900000000000002e-07,154.83787086578872
1.692e-07,154.83646682544463
1.694e-07,154.91721744459102
1.696e-07,155.07865423720068
1.698e-07,155.3190152461426
1.7000000000000001e-07,155.63624831207318
1.702e-07,156.02801504161692
1.7040000000000002e-07,156.49169546697402
1.706e-07,157.02439338739129
1.708e-07,157.62294238126367
1.71e-07,158.28391247598475
1.712e-07,159.00361746104315
1.714e-07,159.77812282828296
1.716e-07,160.60325432169353
1.7180000000000002e-07,161.47460707760177
1.72e-07,162.38755533466585
1.722e-07,163.33726269167857
1.724e-07,164.31869288982026
1.726e-07,165.32662109471178
1.728e-07,166.35564565237345
1.73e-07,167.4002002920247
1.7320000000000002e-07,168.45456674754865
1.734e-07,169.51288776840576
1.7360000000000002e-07,170.56918048980802
1.738e-07,171.6173501310806
1.74e-07,172.65120399030505
1.742e-07,173.66446570261317
1.744e-07,174.65078972882287
1.7460000000000001e-07,175.60377604055338
1.748e-07,176.51698496743322
1.7500000000000002e-07,177.38395217163185
1.752e-07,178.1982037145986
1.754e-07,178.95327118068
1.756e-07,179.64270682210065
1.758e-07,180.26009868976894
1.7600000000000001e-07,180.7990857143642
1.762e-07,181.2533727022875
1.7640000000000002e-07,181.6167452112506
1.766e-07,181.88308427057288
1.768e-07,182.04638091161937
1.77e-07,182.10075047427506
1.772e-07,182.0404466558892
1.7740000000000001e-07,181.85987526975308
1.776e-07,181.55360768087186
1.7780000000000002e-07,181.1163938875834
1.78e-07,180.5431752184296
1.782e-07,179.82909661463663
1.784e-07,178.96951846954917
1.786e-07,177.9600279974677
1.788e-07,176.79645010545957
1.79e-07,175.4748577429526
1.7920000000000002e-07,173.9915817051648
1.794e-07,172.34321986778204
1.796e-07,170.52664583165947
1.798e-07,168.53901695777415
1.8e-07,166.37778177413463
1.802e-07,164.04068673788012
1.804e-07,161.52578233738242
1.8060000000000002e-07,158.8314285207504
1.808e-07,155.95629943879305
1.8100000000000002e-07,152.89938749214608
1.812e-07,149.66000667396912
1.814e-07,146.23779520131293
1.816e-07,142.6327174299977
1.818e-07,138.8450650495644
1.8200000000000002e-07,134.8754575565966
1.822e-07,130.7248420064764
1.8240000000000002e-07,126.39449204534515
1.826e-07,121.88600622580392
1.828e-07,117.2013056115812
1.83e-07,112.34263067812964
1.832e-07,107.31253751778226
1.8340000000000001e-07,102.11389335975672
1.836e-07,96.7498714169582
1.8380000000000002e-07,91.22394507309636
1.84e-07,85.53988142523252
1.842e-07,79.70173419836911
1.844e-07,73.7138360501994
1.846e-07,67.58079028556168
1.8480000000000001e-07,61.30746200150294
1.85e-07,54.89896868523826
1.8520000000000002e-07,48.36067028849469
1.854e-07,41.698158803004475
1.856e-07,34.91724736299701
1.858e-07,28.023958901670063
1.86e-07,21.024514389595765
1.862e-07,13.925320683954673
1.864e-07,6.732958018387016
1.8660000000000002e-07,-0.5458328360126927
1.868e-07,-7.904163707275302
1.87e-07,-15.335012424839713
1.872e-07,-22.83123645509075
1.874e-07,-30.38558673725006
1.876e-07,-37.99072168635688
1.878e-07,-45.63922132972495
1.8800000000000002e-07,-53.32360154313071
1.882e-07,-61.03632835276457
1.8840000000000002e-07,-68.76983226904065
1.886e-07,-76.51652261830534
1.888e-07,-84.26880183869723
1.89e-07,-92.01907970657098
1.892e-07,-99.75978746022102
1.8940000000000002e-07,-107.48339178803198
1.896e-07,-115.18240864861079
1.8980000000000002e-07,-122.84941689104315
1.9e-07,-130.47707164400583
1.902e-07,-138.05811744320368
1.904e-07,-145.58540106733258
1.906e-07,-153.0518840536521
1.9080000000000001e-07,-160.4506548651813
1.91e-07,-167.77494068247023
1.9120000000000002e-07,-175.018118794018
1.914e-07,-182.17372756047044
1.916e-07,-189.23547692896412
1.918e-07,-196.19725847515562
1.92e-07,-203.05315495181205
1.9220000000000001e-07,-209.7974493241694
1.924e-07,-216.42463327361682
1.9260000000000002e-07,-222.92941515273725
1.928e-07,-229.3067273761625
1.93e-07,-235.55173323324289
1.932e-07,-241.6598331100137
1.934e-07,-247.62667010954078
1.936e-07,-253.44813506130697
1.938e-07,-259.12037091186846
1.9400000000000002e-07,-264.63977649067016
1.942e-07,-270.00300964650086
1.9440000000000002e-07,-275.2069897517356
1.946e-07,-280.2488995730977
1.948e-07,-285.1261865093699
1.95e-07,-289.8365631980439
1.952e-07,-294.37800749456284
1.9540000000000002e-07,-298.74876182938283
1.956e-07,-302.94733194966636
1.9580000000000002e-07,-306.9724850539925
1.96e-07,-310.8232473299637
1.962e-07,-314.49890090613417
1.964e-07,-317.99898023110507
1.966e-07,-321.3232678940852
1.9680000000000002e-07,-324.47178990258703
1.97e-07,-327.4448104342603
1.9720000000000002e-07,-330.24282608117215
1.974e-07,-332.86655960603827
1.976e-07,-335.31695323113945
1.978e-07,-337.5951614817261
1.98e-07,-339.70254360681196
1.9820000000000001e-07,-341.6406556012223
1.984e-07,-343.4112418537108
1.9860000000000002e-07,-345.0162264468033
1.988e-07,-346.45770413481426
1.99e-07,-347.73793102720487
1.992e-07,-348.85931500507905
1.994e-07,-349.8244058991815
1.9960000000000001e-07,-350.6358854582471
1.998e-07,-351.2965571369518
2.0000000000000002e-07,-351.8093357330523
2.002e-07,-352.17723690352966
2.004e-07,-352.4033665897348
2.006e-07,-352.4909103816053
2.008e-07,-352.44312285103365
2.01e-07,-352.26331688437875
2.012e-07,-351.954853043966
2.0140000000000002e-07,-351.52112898816586
2.016e-07,-350.9655689793418
2.0180000000000002e-07,-350.2916135085378
2.02e-07,-349.5027090653275
2.022e-07,-348.6022980806741
2.024e-07,-347.5938090700425
2.026e-07,-346.4806470033016
2.0280000000000002e-07,-345.2661839271907
2.03e-07,-343.9537498652889
2.0320000000000002e-07,-342.5466240195301
2.034e-07,-341.048026296338
2.036e-07,-339.4611091794361
2.038e-07,-337.78894997030716
2.04e-07,-336.03454341613997
2.0420000000000002e-07,-334.20079474391235
2.044e-07,-332.2905131180317
2.0460000000000002e-07,-330.306405537667
2.048e-07,-328.25107118859256
2.05e-07,-326.12699626299866
2.052e-07,-323.9365492593407
2.054e-07,-321.6819767728732
2.0560000000000001e-07,-319.36539978605913
2.058e-07,-316.98881046659517
2.0600000000000002e-07,-314.5540694792824
2.062e-07,-312.0629038164907
2.064e-07,-309.5169051504326
2.066e-07,-306.9175287089686
2.068e-07,-304.266092675127
2.0700000000000001e-07,-301.56377810900904
2.072e-07,-298.81162938925087
2.0740000000000002e-07,-296.01055516970007
2.076e-07,-293.16132984549046
2.078e-07,-290.2645955212186
2.08e-07,-287.320864472507
2.082e-07,-284.3305220907973
2.084e-07,-281.29383029983916
2.086e-07,-278.2109314310002
2.0880000000000002e-07,-275.08185254319164
2.09e-07,-271.90651017194307
2.0920000000000002e-07,-268.6847154909216
2.094e-07,-265.41617986803226
2.096e-07,-262.1005207970783
2.098e-07,-258.7372681849159
2.1e-07,-255.32587097300498
2.1020000000000002e-07,-251.865704071303
2.104e-07,-248.35607558156846
2.1060000000000002e-07,-244.79623428628497
2.108e-07,-241.18537737869622
2.11e-07,-237.52265840871218
2.112e-07,-233.80719541884983
2.114e-07,-230.03807924381883
2.1160000000000002e-07,-226.21438194688022
2.118e-07,-222.33516536573455
2.1200000000000002e-07,-218.39948974033823
2.122e-07,-214.40642239484055
2.124e-07,-210.35504644564963
2.126e-07,-206.24446950754512
2.128e-07,-202.0738323697749
2.1300000000000001e-07,-197.84231761410174
2.132e-07,-193.54915814697713
2.1340000000000002e-07,-189.19364561817687
2.136e-07,-184.77513869861056
2.138e-07,-180.29307119034846
2.14e-07,-175.7469599423968
2.142e-07,-171.13641254628214
2.1440000000000001e-07,-166.46113478609914
2.146e-07,-161.72093781838942
2.1480000000000002e-07,-156.91574505792104
2.15e-07,-152.04559874630226
2.152e-07,-147.1106661812135
2.154e-07,-142.1112455849999
2.156e-07,-137.04777159237955
2.1580000000000001e-07,-131.92082033805997
2.16e-07,-126.73111412622424
2.1620000000000002e-07,-121.47952566495687
2.164e-07,-116.16708184995909
2.1660000000000002e-07,-110.79496708312857
2.168e-07,-105.36452611290937
2.17e-07,-99.87726638464238
2.172e-07,-94.33485989056203
2.174e-07,-88.7391445104698
2.1760000000000002e-07,-83.09212483555233
2.178e-07,-77.39597246931194
2.1800000000000002e-07,-71.65302580101755
2.182e-07,-65.86578924861755
2.184e-07,-60.036931969533335
2.186e-07,-54.16928603931226
2.188e-07,-48.265844099606845
2.1900000000000002e-07,-42.32975647846729
2.192e-07,-36.364327787485024
2.1940000000000002e-07,-30.373013001786674
2.196e-07,-24.359413030409463
2.198e-07,-18.327269786026108
2.2e-07,-12.280460764489849
2.202e-07,-6.222993146060457
2.2040000000000001e-07,-0.15899743157841684
2.206e-07,5.907279371749805
2.2080000000000002e-07,11.971480999000057
2.21e-07,18.0291495933359
2.212e-07,24.075733770477953
2.214e-07,30.106597062109103
2.216e-07,36.11702671737078
2.2180000000000001e-07,42.10224284050112
2.22e-07,48.05740784161222
2.2220000000000002e-07,53.977636176667545
2.224e-07,59.85800435174197
2.2260000000000002e-07,65.69356116587521
2.228e-07,71.47933816596893
2.23e-07,77.21036028653077
2.2320000000000001e-07,82.88165664638336
2.234e-07,88.48827147391087
2.2360000000000002e-07,94.0252751319287
2.238e-07,99.48777521281744
2.2400000000000002e-07,104.87092767427127
2.242e-07,110.16994798570718
2.244e-07,115.3801222552379
2.246e-07,120.49681830700004
2.248e-07,125.51549667860556
2.2500000000000002e-07,130.43172150858166
2.252e-07,135.24117128375627
2.2540000000000002e-07,139.9396494168425
2.256e-07,144.52309462471484
2.258e-07,148.98759107831555
2.26e-07,153.32937829555647
2.262e-07,157.54486074914792
2.2640000000000002e-07,161.63061716190734
2.266e-07,165.58340946277917
2.2680000000000002e-07,169.40019137759896
2.27e-07,173.07811662944076
2.272e-07,176.6145467243348
2.274e-07,180.00705829908992
2.276e-07,183.25345000902087
2.2780000000000001e-07,186.35174893447999
2.28e-07,189.30021648624927
2.2820000000000002e-07,192.0973537910908
2.284e-07,194.7419065400064
2.286e-07,197.2328692831021
2.288e-07,199.56948915631415
2.29e-07,201.75126902666977
2.2920000000000001e-07,203.77797004422382
2.294e-07,205.64961359027862
2.2960000000000002e-07,207.36648261304947
2.298e-07,208.9291223434595
2.3000000000000002e-07,210.33834038534684
2.302e-07,211.59520617594632
2.304e-07,212.7010498141327
2.3060000000000001e-07,213.65746025552417
2.308e-07,214.46628287518288
2.3100000000000002e-07,215.1296164002852
2.312e-07,215.64980921675917
2.3140000000000002e-07,216.0294550555244
2.316e-07,216.2713880655807
2.318e-07,216.37867728280347
2.32e-07,216.35462050488238
2.322e-07,216.20273758441544
2.3240000000000002e-07,215.92676315369664
2.326e-07,215.5306387962583
2.3280000000000002e-07,215.01850468168746
2.33e-07,214.39469068168762
2.332e-07,213.6637069867367
2.334e-07,212.83023424405354
2.336e-07,211.89911323887335
2.3380000000000002e-07,210.87533414228758
2.34e-07,209.76402535008876
2.3420000000000002e-07,208.57044193819598
2.344e-07,207.29995376130253
2.346e-07,205.9580332223941
2.348e-07,204.55024274171902
2.35e-07,203.082221954664
2.3520000000000001e-07,201.55967466876882
2.354e-07,199.98835561085215
2.3560000000000002e-07,198.37405699583613
2.358e-07,196.72259494944677
2.36e-07,195.0397958174231
2.362e-07,193.33148239429278
2.364e-07,191.60346010506848
2.3660000000000001e-07,189.86150317346772
2.368e-07,188.1113408103995
2.3700000000000002e-07,186.3586434565294
2.372e-07,184.60900911271003
2.3740000000000002e-07,182.86794979195938
2.376e-07,181.14087812647455
2.378e-07,179.4330941628911
2.3800000000000001e-07,177.74977237864096
2.382e-07,176.09594895180456
2.3840000000000002e-07,174.47650931633717
2.3860000000000003e-07,172.89617603393094
2.388e-07,171.3594970130863
2.39e-07,169.87083410519452
2.392e-07,168.43435210659902
2.394e-07,167.05400819466314
2.396e-07,165.73354182489888
2.398e-07,164.4764651151398
2.4000000000000003e-07,163.28605374160992
2.402e-07,162.16533837054962
2.404e-07,161.11709664780383
2.406e-07,160.14384576746147
2.408e-07,159.24783563926488
2.41e-07,158.43104267308485
2.412e-07,157.69516419729644
2.4140000000000003e-07,157.04161352635697
2.416e-07,156.47151569135357
2.418e-07,155.98570384567586
2.42e-07,155.58471635635937
2.422e-07,155.26879458997584
2.424e-07,155.0378814002788
2.426e-07,154.89162032310577
2.4280000000000003e-07,154.8293554823241
2.43e-07,154.8501322088772
2.432e-07,154.9526983732547
2.434e-07,155.13550642996682
2.436e-07,155.39671617086768
2.438e-07,155.7341981824371
2.44e-07,156.14553800040818
2.4420000000000003e-07,156.62804095342057
2.444e-07,157.17873768568472
2.446e-07,157.79439034698152
2.448e-07,158.47149943667188
2.45e-07,159.20631128679236
2.452e-07,159.99482616772957
2.454e-07,160.83280699843624
2.4560000000000003e-07,161.71578864165838
2.458e-07,162.63908776320102
2.46e-07,163.59781323285966
2.462e-07,164.58687704331186
2.464e-07,165.60100572197442
2.466e-07,166.63475220961857
2.468e-07,167.6825081783627
2.4700000000000003e-07,168.73851676059118
2.472e-07,169.79688565930755
2.474e-07,170.85160060949636
2.476e-07,171.89653915917776
2.4780000000000004e-07,172.92548473806127
2.48e-07,173.93214098096428
2.482e-07,174.91014627254185
2.4840000000000003e-07,175.8530884793022
2.486e-07,176.75451983442758
2.488e-07,177.60797194051378
2.49e-07,178.4069708550572
2.4920000000000003e-07,179.1450522232941
2.494e-07,179.81577642286902
2.496e-07,180.4127436847832
2.4980000000000003e-07,180.92960915509371
2.5e-07,181.36009786200722
2.502e-07,181.69801955319716
2.504e-07,181.93728336851333
2.5060000000000003e-07,182.071912313627
2.508e-07,182.0960575006441
2.51e-07,182.00401212228815
2.512e-07,181.79022512688155
2.514e-07,181.4493145621086
2.516e-07,180.97608055631437
2.518e-07,180.36551790701415
2.5200000000000003e-07,179.61282824720968
2.522e-07,178.71343176115946
2.524e-07,177.66297842233985
2.526e-07,176.45735872749688
2.528e-07,175.0927139019265
2.53e-07,173.56544555239114
2.532e-07,171.87222474545223
2.5340000000000003e-07,170.01000049037353
2.536e-07,167.97600760721537
2.538e-07,165.767773962238
2.54e-07,163.3831270542572
2.542e-07,160.8201999371977
2.544e-07,158.07743646567326
2.546e-07,155.15359585210928
2.5480000000000003e-07,152.0477565255416
2.55e-07,148.75931928397804
2.552e-07,145.2880097338629
2.554e-07,141.63388001197296
2.556e-07,137.79730978674698
2.558e-07,133.77900653783297
2.56e-07,129.58000511438547
2.5620000000000003e-07,125.20166657432986
2.564e-07,120.64567630861677
2.566e-07,115.91404145613069
2.568e-07,111.00908761669737
2.57e-07,105.9334548712342
2.572e-07,100.69009311980156
2.574e-07,95.28225674993666
2.5760000000000003e-07,89.71349864918838
2.578e-07,83.98766357740936
2.58e-07,78.10888091579535
2.582e-07,72.08155681121238
2.584e-07,65.9103657356876
2.586e-07,59.600241482366755
2.588e-07,53.15636762056795
2.5900000000000003e-07,46.584167433727046
2.592e-07,39.88929336534156
2.594e-07,33.07761599903204
2.596e-07,26.155212600019198
2.598e-07,19.128355246177172
2.6e-07,12.00349857783548
2.602e-07,4.787267196334142
2.6040000000000003e-07,-2.5135572579682517
2.606e-07,-9.89204931674588
2.608e-07,-17.34115315182071
2.61e-07,-24.85369626771562
2.612e-07,-32.42240338568674
2.614e-07,-40.03991048584818
2.616e-07,-47.69877897371299
2.6180000000000003e-07,-55.391509937375574
2.62e-07,-63.11055846134421
2.622e-07,-70.84834796312198
2.624e-07,-78.59728451858965
2.6260000000000004e-07,-86.34977114251615
2.628e-07,-94.09822199067054
2.63e-07,-101.83507645036197
2.6320000000000003e-07,-109.5528130866478
2.634e-07,-117.24396341191274
2.636e-07,-124.9011254471351
2.638e-07,-132.51697704370667
2.6400000000000003e-07,-140.08428893552454
2.642e-07,-147.59593749175463
2.644e-07,-155.04491714159755
2.6460000000000003e-07,-162.4243524433111
2.648e-07,-169.72750977074784
2.65e-07,-176.9478085917624
2.652e-07,-184.0788323139098
2.6540000000000003e-07,-191.11433867416287
2.656e-07,-198.0482696504979
2.658e-07,-204.8747608746179
2.66e-07,-211.5881505263187
2.662e-07,-218.18298769151676
2.664e-07,-224.65404016731202
2.666e-07,-230.99630169893453
2.6680000000000003e-07,-237.2049986350214
2.67e-07,-243.27559598908525
2.672e-07,-249.20380289672374
2.674e-07,-254.98557745958908
2.676e-07,-260.6171309688601
2.678e-07,-266.09493150249517
2.68e-07,-271.415706892178
2.6820000000000003e-07,-276.5764470575755
2.684e-07,-281.57440570705234
2.686e-07,-286.4071014057255
2.688e-07,-291.0723180132589
2.69e-07,-295.5681044955168
2.692e-07,-299.89277411570936
2.694e-07,-304.0449030122514
2.6960000000000003e-07,-308.0233281721621
2.698e-07,-311.82714481026807
2.7e-07,-315.4557031660461
2.702e-07,-318.90860473131727
2.704e-07,-322.18569792349143
2.706e-07,-325.2870732203848
2.708e-07,-328.21305777394826
2.7100000000000003e-07,-330.9642095215781
2.712e-07,-333.5413108148156
2.714e-07,-335.9453615864913
2.716e-07,-338.1775720783888
2.718e-07,-340.2393551526171
2.72e-07,-342.13231821081763
2.722e-07,-343.8582547462271
2.7240000000000003e-07,-345.4191355545117
2.726e-07,-346.8170996299842
2.728e-07,-348.0544447745804
2.73e-07,-349.13361794751904
2.732e-07,-350.057205384176
2.734e-07,-350.8279225131206
2.736e-07,-351.44860370066607
2.7380000000000003e-07,-351.9221918525941
2.74e-07,-352.25172790291913
2.742e-07,-352.4403402197258
2.744e-07,-352.4912339581534
2.746e-07,-352.40768039059316
2.748e-07,-352.19300624406185
2.75e-07,-351.85058307452783
2.7520000000000003e-07,-351.3838167077228
2.754e-07,-350.79613677560445
2.756e-07,-350.0909863772457
2.758e-07,-349.27181189241236
2.7600000000000004e-07,-348.34205297553524
2.762e-07,-347.3051327571231
2.764e-07,-346.1644482789651
2.7660000000000003e-07,-344.9233611886769
2.768e-07,-343.585188718296
2.77e-07,-342.15319497070874
2.772e-07,-340.63058253672756
2.7740000000000004e-07,-339.0204844645751
2.776e-07,-337.3259566024633
2.778e-07,-335.5499703337766
2.7800000000000003e-07,-333.69540572320045
2.782e-07,-331.7650450908576
2.784e-07,-329.7615670302479
2.786e-07,-327.68754088445
2.7880000000000003e-07,-325.54542169366323
2.79e-07,-323.33754562579077
2.792e-07,-321.0661259003115
2.7940000000000003e-07,-318.73324921426115
2.796e-07,-316.34087267763874
2.798e-07,-313.8908212640807
2.8e-07,-311.3847857811504
2.8020000000000003e-07,-308.82432136303737
2.804e-07,-306.21084648699537
2.806e-07,-303.5456425132754
2.808e-07,-300.82985374684927
2.81e-07,-298.06448801765697
2.812e-07,-295.2504177746533
2.814e-07,-292.3883816874485
2.8160000000000003e-07,-289.4789867478391
2.818e-07,-286.52271086214597
2.82e-07,-283.5199059238094
2.822e-07,-280.47080135437386
2.824e-07,-277.3755080995904
2.826e-07,-274.2340230661081
2.828e-07,-271.04623398296303
2.8300000000000003e-07,-267.81192467081326
2.832e-07,-264.5307807007697
2.834e-07,-261.2023954234916
2.836e-07,-257.82627634822825
2.838e-07,-254.40185185041008
2.84e-07,-250.92847818551584
2.842e-07,-247.4054467860536
2.8440000000000003e-07,-243.83199181764112
2.846e-07,-240.20729796949655
2.848e-07,-236.53050845391016
2.85e-07,-232.80073318873514
2.852e-07,-229.01705713634067
2.854e-07,-225.17854877205687
2.856e-07,-221.2842686547863
2.8580000000000003e-07,-217.3332780720785
2.86e-07,-213.32464773184557
2.862e-07,-209.2574664726457
2.864e-07,-205.13084996451155
2.866e-07,-200.94394937219425
2.868e-07,-196.6959599528992
2.87e-07,-192.3861295606701
2.8720000000000003e-07,-188.01376702990248
2.874e-07,-183.578250410735
2.876e-07,-179.07903502950677
2.878e-07,-174.5156613479587
2.88e-07,-169.88776259535683
2.882e-07,-165.19507214841622
2.884e-07,-160.43743063454073
2.8860000000000003e-07,-155.61479273470147
2.888e-07,-150.72723366308804
2.89e-07,-145.7749553015703
2.892e-07,-140.75829196800885
2.894e-07,-135.6777157983862
2.896e-07,-130.53384172392043
2.898e-07,-125.3274320253648
2.9000000000000003e-07,-120.0594004479448
2.902e-07,-114.73081586156947
2.904e-07,-109.34290545226091
2.906e-07,-103.8970574320817
2.9080000000000004e-07,-98.39482325612286
2.91e-07,-92.83791933660794
2.912e-07,-87.22822824548693
2.9140000000000003e-07,-81.56779939844489
2.916e-07,-75.85884921461488
2.918e-07,-70.10376074784503
2.92e-07,-64.30508278687596
2.9220000000000004e-07,-58.46552842321924
2.924e-07,-52.58797308715831
2.926e-07,-46.6754520537047
2.9280000000000003e-07,-40.7311574219719
2.93e-07,-34.758434572833515
2.932e-07,-28.76077811131058
2.934e-07,-22.74182730162491
2.9360000000000003e-07,-16.705361004246598
2.938e-07,-10.655292125822989
2.94e-07,-4.595661594193594
2.9420000000000003e-07,1.4693681278116806
2.944e-07,7.535519974837804
2.946e-07,13.598409641387022
2.948e-07,19.653553356495564
2.9500000000000003e-07,25.696376051915465
2.952e-07,31.722219903731272
2.954e-07,37.72635322630287
2.956e-07,43.70397969624263
2.958e-07,49.65024788322748
2.96e-07,55.560261063400716
2.962e-07,61.42908729023175
2.9640000000000003e-07,67.25176969692879
2.966e-07,73.02333700365263
2.968e-07,78.73881420216546
2.97e-07,84.39323338984637
2.972e-07,89.98164472454728
2.974e-07,95.4991274712166
2.976e-07,100.94080111086274
2.9780000000000003e-07,106.30183648211036
2.98e-07,111.57746692535318
2.982e-07,116.76299939937675
2.984e-07,121.85382554019748
2.986e-07,126.84543263195272
2.988e-07,131.7334144596746
2.99e-07,136.51348201401302
2.9920000000000003e-07,141.18147401819198
2.994e-07,145.73336724782658
2.996e-07,150.1652866146294
2.998e-07,154.47351498551333
3e-07,158.65450270920363
3.002e-07,162.70487682306387
3.004e-07,166.62144991358343
3.0060000000000003e-07,170.40122860477138
3.008e-07,174.041421649543
3.01e-07,177.53944760013542
3.012e-07,180.89294203455023
3.014e-07,184.09976431714273
3.016e-07,187.15800387253353
3.018e-07,190.06598595324357
3.0200000000000003e-07,192.82227688267085
3.022e-07,195.42568875632665
3.024e-07,197.8752835855822
3.026e-07,200.17037686955223
3.028e-07,202.31054058219343
3.03e-07,204.29560556313587
3.032e-07,206.12566330227747
3.0340000000000003e-07,207.801067109704
3.036e-07,209.32243266405035
3.038e-07,210.6906379340073
3.04e-07,211.90682246926409
3.0420000000000004e-07,212.97238605881662
3.044e-07,213.88898675616892
3.046e-07,214.65853827261276
3.0480000000000003e-07,215.28320674138394
3.05e-07,215.76540685714352
3.052e-07,216.10779739684756
3.054e-07,216.3132761296842
3.0560000000000004e-07,216.38497412536623
3.058e-07,216.32624947163822
3.06e-07,216.14068041342298
3.0620000000000003e-07,215.83205792755854
3.064e-07,215.40437774857887
3.066e-07,214.86183186245717
3.068e-07,214.2087994866503
3.0700000000000004e-07,213.44983755617199
3.072e-07,212.5896707367508
3.074e-07,211.63318098742428
3.0760000000000003e-07,210.58539669614103
3.078e-07,209.45148141312572
3.08e-07,208.23672220787014
3.082e-07,206.9465176766806
3.0840000000000004e-07,205.58636562867108
3.086e-07,204.16185047903775
3.088e-07,202.67863037927427
3.0900000000000003e-07,201.1424241147828
3.092e-07,199.55899780100503
3.094e-07,197.93415140984365
3.096e-07,196.27370515867256
3.0980000000000003e-07,194.58348579469845
3.1e-07,192.86931280780908
3.102e-07,191.13698460534494
3.1040000000000003e-07,189.39226468244257
3.106e-07,187.64086782171938
3.108e-07,185.88844635610636
3.11e-07,184.14057652860976
3.1120000000000003e-07,182.4027449826245
3.114e-07,180.68033541623674
3.116e-07,178.97861543362154
3.118e-07,177.3027236262905
3.12e-07,175.65765691643983
3.122e-07,174.04825819413264
3.124e-07,172.4792042793931
3.1260000000000003e-07,170.95499423958833
3.128e-07,169.47993809168378
3.13e-07,168.05814591809383
3.132e-07,166.6935174239043
3.134e-07,165.3897319622357
3.136e-07,164.15023905343202
3.138e-07,162.978249422626
3.1400000000000003e-07,161.87672657899319
3.142e-07,160.8483789587651
3.144e-07,159.89565265271963
3.146e-07,159.0207247375008
3.148e-07,158.22549722866412
3.15e-07,157.51159167188112
3.152e-07,156.88034438719893
3.1540000000000003e-07,156.33280237968847
3.156e-07,155.8697199282097
3.158e-07,155.49155586239317
3.16e-07,155.1984715362706
3.162e-07,154.99032950530523
3.164e-07,154.8666929118629
3.166e-07,154.82682558245048
3.1680000000000003e-07,154.86969283831198
3.17e-07,154.99396301923798
3.172e-07,155.198009718703
3.174e-07,155.47991472670876
3.176e-07,155.83747167497964
3.178e-07,156.26819037743806
3.18e-07,156.76930185718103
3.1820000000000003e-07,157.33776404949828
3.184e-07,157.97026816880557
3.186e-07,158.66324572574246
3.188e-07,159.41287617907363
3.1900000000000004e-07,160.21509520548028
3.192e-07,161.06560356879118
3.194e-07,161.9598765687388
3.1960000000000003e-07,162.89317404787852
3.198e-07,163.86055093394393
3.2e-07,164.85686829357346
3.202e-07,165.87680487208496
3.2040000000000004e-07,166.91486909276978
3.206e-07,167.9654114880337
3.208e-07,169.02263753363997
3.2100000000000003e-07,170.08062085631258
3.212e-07,171.13331678402247
3.214e-07,172.17457620743298
3.216e-07,173.19815972018566
3.2180000000000004e-07,174.19775200504168
3.22e-07,175.16697643224487
3.222e-07,176.0994098359637
3.2240000000000003e-07,176.9885974341992
3.226e-07,177.82806785720402
3.228e-07,178.61134824916357
3.23e-07,179.33197940770032
3.2320000000000004e-07,179.98353092566657
3.234e-07,180.55961629966956
3.236e-07,181.05390796984315
3.2380000000000003e-07,181.46015225554484
3.24e-07,181.77218415189031
3.242e-07,181.98394195239413
3.244e-07,182.08948166337052
3.2460000000000003e-07,182.08299117628653
3.248e-07,181.95880416481128
3.25e-07,181.7114136740015
3.2520000000000003e-07,181.33548536979612
3.254e-07,180.82587041781906
3.256e-07,180.17761796139888
3.258e-07,179.38598716968178
3.2600000000000003e-07,178.44645882777212
3.262e-07,177.3547464419388
3.264e-07,176.1068068341112
3.266e-07,174.69885020114947
3.268e-07,173.12734961564476
3.27e-07,171.38904994640535
3.272e-07,169.48097617816177
3.2740000000000003e-07,167.40044111152037
3.276e-07,165.14505242567733
3.278e-07,162.7127190879655
3.28e-07,160.10165709591314
3.282e-07,157.3103945390746
3.284e-07,154.33777596959226
3.286e-07,151.18296607209248
3.2880000000000003e-07,147.84545262523966
3.29e-07,144.3250487489685
3.292e-07,140.62189443316942
3.294e-07,136.73645734531982
3.296e-07,132.6695329162952
3.298e-07,128.42224370535612
3.3e-07,123.99603804701835
3.3020000000000003e-07,119.39268798426232
3.304e-07,114.61428649422811
3.306e-07,109.66324401426934
3.308e-07,104.54228427788493
3.31e-07,99.2544394717186
3.312e-07,93.80304472639891
3.314e-07,88.19173195564214
3.3160000000000003e-07,82.42442305949508
3.318e-07,76.50532250917693
3.32e-07,70.43890933239372
3.322e-07,64.22992851941792
3.3240000000000004e-07,57.88338187157714
3.326e-07,51.404518315097675
3.328e-07,44.79882370446849
3.3300000000000003e-07,38.0720101407226
3.332e-07,31.23000483104191
3.334e-07,24.278938517246033
3.336e-07,17.225133501613477
3.3380000000000004e-07,10.075091299422468
3.34e-07,2.835479948400426
3.342e-07,-4.486878993976498
3.3440000000000003e-07,-11.885023733697347
3.346e-07,-19.351865771803126
3.348e-07,-26.880203651605807
3.35e-07,-34.46273688843759
3.3520000000000004e-07,-42.09208004848381
3.354e-07,-49.760776942991214
3.356e-07,-57.46131490399756
3.3580000000000003e-07,-65.18613910758532
3.36e-07,-72.92766691078894
3.362e-07,-80.67830216824113
3.364e-07,-88.43044949491046
3.3660000000000004e-07,-96.17652844149977
3.368e-07,-103.90898754944496
3.37e-07,-111.62031825286799
3.3720000000000003e-07,-119.30306859530953
3.374e-07,-126.9498567297473
3.376e-07,-134.55338417096712
3.378e-07,-142.10644877016216
3.3800000000000004e-07,-149.60195738242942
3.382e-07,-157.03293819872368
3.384e-07,-164.39255271480238
3.3860000000000003e-07,-171.67410731065965
3.388e-07,-178.87106441515135
3.39e-07,-185.9770532315334
3.392e-07,-192.98588000094037
3.3940000000000003e-07,-199.89153778204562
3.396e-07,-206.6882157264894
3.398e-07,-213.37030783099243
3.4000000000000003e-07,-219.93242114850347
3.402e-07,-226.36938344218956
3.404e-07,-232.676250267518
3.406e-07,-238.84831146924805
3.4080000000000003e-07,-244.88109708166144
3.41e-07,-250.77038262196567
3.412e-07,-256.5121937683559
3.414e-07,-262.1028104158731
3.416e-07,-267.5387701047846
3.418e-07,-272.81687081788425
3.42e-07,-277.934173144673
3.4220000000000003e-07,-282.8880018121075
3.424e-07,-287.67594658315744
3.426e-07,-292.29586252605947
3.428e-07,-296.7458696587788
3.43e-07,-301.0243519747444
3.432e-07,-305.12995585754015
3.434e-07,-309.0615878937061
3.4360000000000003e-07,-312.8184120944072
3.438e-07,-316.39984653813167
3.44e-07,-319.8055594480554
3.442e-07,-323.0354647191207
3.444e-07,-326.08971691121116
3.446e-07,-328.96870572614546
3.448e-07,-331.6730499874243
3.4500000000000003e-07,-334.2035911429297
3.452e-07,-336.56138631187935
3.454e-07,-338.7477008984265
3.456e-07,-340.76400079535495
3.458e-07,-342.6119442022268
3.46e-07,-344.2933730832872
3.462e-07,-345.81030429118425
3.4640000000000003e-07,-347.1649203833769
3.466e-07,-348.35956015872665
3.468e-07,-349.3967089423908
3.47e-07,-350.2789886476542
3.4720000000000004e-07,-351.00914764376586
3.474e-07,-351.5900504592276
3.476e-07,-352.0246673502579
3.4780000000000003e-07,-352.3160637643407
3.48e-07,-352.46738972892393
3.482e-07,-352.4818691953326
3.484e-07,-352.3627893679629
3.4860000000000004e-07,-352.1134900486554
3.488e-07,-351.7373530259864
3.49e-07,-351.2377915389016
3.4920000000000003e-07,-350.6182398437789
3.494e-07,-349.88214291355007
3.496e-07,-349.0329462970077
3.498e-07,-348.0740861658331
3.5000000000000004e-07,-347.00897957621413
3.502e-07,-345.84101497118917
3.504e-07,-344.5735429490523
3.5060000000000003e-07,-343.20986732228573
3.508e-07,-341.75323649055093
3.51e-07,-340.2068351502676
3.512e-07,-338.57377636226977
3.5140000000000004e-07,-336.85709399790534
3.516e-07,-335.0597355827843
3.518e-07,-333.18455555617356
3.5200000000000003e-07,-331.2343089627734
3.522e-07,-329.2116455923094
3.524e-07,-327.11910458102597
3.526e-07,-324.9591094878116
3.5280000000000004e-07,-322.7339638562478
3.53e-07,-320.44584727246325
3.532e-07,-318.09681192720285
3.5340000000000003e-07,-315.6887796890415
3.536e-07,-313.22353969418265
3.538e-07,-310.70274645675863
3.54e-07,-308.12791850206605
3.5420000000000004e-07,-305.50043752360693
3.544e-07,-302.8215480633255
3.546e-07,-300.0923577128995
3.5480000000000003e-07,-297.31383783243956
3.55e-07,-294.4868247814671
3.552e-07,-291.61202165554823
3.554e-07,-288.69000052053946
3.5560000000000003e-07,-285.7212051349293
3.558e-07,-282.7059541493923
3.56e-07,-279.64444477129825
3.562e-07,-276.5367568805655
3.564e-07,-273.38285758199345
3.566e-07,-270.1826061779115
3.568e-07,-266.9357595438447
3.5700000000000003e-07,-263.641977888667
3.572e-07,-260.30083087967955
3.574e-07,-256.9118041119817
3.576e-07,-253.4743059005076
3.578e-07,-249.98767437220508
3.58e-07,-246.45118483494213
3.582e-07,-242.86405739898305
3.5840000000000003e-07,-239.225464826091
3.586e-07,-235.5345405807036
3.588e-07,-231.7903870570489
3.59e-07,-227.99208395552327
3.592e-07,-224.1386967812726
3.594e-07,-220.22928543749757
3.596e-07,-216.2629128858127
3.5980000000000003e-07,-212.23865384568944
3.6e-07,-208.15560350496614
3.602e-07,-204.01288621333575
3.604e-07,-199.8096641307494
3.6060000000000004e-07,-195.54514580281545
3.608e-07,-191.2185946354281
3.61e-07,-186.82933724117544
3.6120000000000003e-07,-182.3767716303926
3.614e-07,-177.86037522015567
3.616e-07,-173.27971263503267
3.618e-07,-168.63444327395192
3.6200000000000004e-07,-163.9243286182277
3.622e-07,-159.149239256459
3.624e-07,-154.3091616028525
3.6260000000000003e-07,-149.40420428632848
3.628e-07,-144.43460418872328
3.63e-07,-139.4007321113327
3.632e-07,-134.30309805015193
3.6340000000000004e-07,-129.14235606117478
3.636e-07,-123.91930869832896
3.638e-07,-118.63491100780422
3.6400000000000003e-07,-113.29027406375127
3.642e-07,-107.88666803166353
3.644e-07,-102.4255247470216
3.646e-07,-96.9084397982348
3.6480000000000004e-07,-91.33717410420618
3.65e-07,-85.71365497836368
3.652e-07,-80.03997667241748
3.6540000000000003e-07,-74.31840039457023
3.656e-07,-68.55135379842716
3.658e-07,-62.74142994031436
3.66e-07,-56.891385704306074
3.6620000000000004e-07,-51.004139695680294
3.664e-07,-45.08276960512911
3.666e-07,-39.1305090475331
3.6680000000000003e-07,-33.150743880614066
3.67e-07,-27.14700801030446
3.672e-07,-21.12297869111464
3.674e-07,-15.08247133132003
3.6760000000000004e-07,-9.02943381413128
3.678e-07,-2.967940347509508
3.68e-07,3.097815143364084
3.6820000000000003e-07,9.163526065608806
3.684e-07,15.224780633476897
3.686e-07,21.277069750581397
3.688e-07,27.315795280312543
3.6900000000000004e-07,33.33627868416795
3.692e-07,39.33377000650873
3.694e-07,45.303457183237626
3.6960000000000003e-07,51.24047565087392
3.698e-07,57.13991823156556
3.7e-07,62.996845268704035
3.702e-07,68.80629498694788
3.7040000000000003e-07,74.56329404979272
3.706e-07,80.26286828708885
3.708e-07,85.90005356432502
3.7100000000000003e-07,91.4699067649849
3.712e-07,96.96751685680415
3.714e-07,102.3880160124294
3.716e-07,107.72659075460939
3.7180000000000003e-07,112.9784930959317
3.72e-07,118.13905164289486
3.722e-07,123.20368263411447
3.724e-07,128.16790088244602
3.726e-07,133.02733059095547
3.728e-07,137.7777160128323
3.73e-07,142.41493192560094
3.7320000000000003e-07,146.93499389039272
3.734e-07,151.33406826738536
3.736e-07,155.60848195912297
3.738e-07,159.75473185391832
3.74e-07,163.7694939422929
3.742e-07,167.64963208008007
3.744e-07,171.39220637264745
3.7460000000000003e-07,174.99448115559775
3.748e-07,178.45393254821568
3.75e-07,181.76825555697357
3.752e-07,184.93537070746078
3.7540000000000004e-07,187.95343018427315
3.756e-07,190.8208234595655
3.758e-07,193.53618239222305
3.7600000000000003e-07,196.0983857809388
3.762e-07,198.50656335580084
3.764e-07,200.76009919441543
3.766e-07,202.85863455000066
3.7680000000000004e-07,204.8020700804051
3.77e-07,206.59056746846068
3.772e-07,208.2245504256695
3.7740000000000003e-07,209.7047050727428
3.776e-07,211.03197969214006
3.778e-07,212.20758384932967
3.78e-07,213.2329868811205
3.7820000000000004e-07,214.10991575105243
3.784e-07,214.8403522734511
3.786e-07,215.42652970939739
3.7880000000000003e-07,215.87092873948427
3.79e-07,216.17627281987183
3.792e-07,216.34552292974115
3.794e-07,216.3818717198692
3.7960000000000004e-07,216.28873707359602
3.798e-07,216.06975509303243
3.8e-07,215.72877252485753
3.8020000000000003e-07,215.2698386415607
3.804e-07,214.6971965954287
3.806e-07,214.0152742639983
3.808e-07,213.22867460705947
3.8100000000000004e-07,212.34216555662002
3.812e-07,211.36066946251267
3.814e-07,210.28925211754517
3.8160000000000003e-07,209.1331113872486
3.818e-07,207.89756547038118
3.82e-07,206.58804081737335
3.822e-07,205.2100597348851
3.8240000000000004e-07,203.76922770551542
3.826e-07,202.27122045256135
3.828e-07,200.7217707804534
3.8300000000000003e-07,199.12665522219564
3.832e-07,197.4916805257054
3.834e-07,195.82267001149714
3.836e-07,194.12544983457957
3.8380000000000004e-07,192.4058351837915
3.84e-07,190.66961645207437
3.842e-07,188.92254541137018
3.8440000000000003e-07,187.17032142593837
3.846e-07,185.41857773789977
3.848e-07,183.67286785874202
3.85e-07,181.9386521003869
3.8520000000000003e-07,180.22128427916124
3.854e-07,178.52599862569969
3.856e-07,176.85789693339916
3.8580000000000003e-07,175.2219359775567
3.86e-07,173.62291523674546
3.862e-07,172.06546494732666
3.864e-07,170.55403452127968
3.8660000000000003e-07,169.09288135669624
3.868e-07,167.68606006942662
3.87e-07,166.3374121733804
3.872e-07,165.05055623597835
3.874e-07,163.82887853413064
3.876e-07,162.67552423497057
3.878e-07,161.5933891243332
3.8800000000000003e-07,160.5851119046842
3.882e-07,159.653067082859
3.884e-07,158.7993584665784
3.886e-07,158.02581328725066
3.8880000000000004e-07,157.33397696508055
3.89e-07,156.72510853096824
3.892e-07,156.2001767181044
3.8940000000000003e-07,155.7598567345562
3.896e-07,155.4045277264956
3.898e-07,155.13427094005533
3.9e-07,154.94886858810764
3.9020000000000004e-07,154.84780342654483
3.904e-07,154.8302590429243
3.906e-07,154.895120858604
3.9080000000000003e-07,155.0409778437557
3.91e-07,155.26612494290384
3.912e-07,155.56856620690334
3.914e-07,155.94601862553947
3.9160000000000004e-07,156.3959166532165
3.918e-07,156.91541741850605
3.92e-07,157.50140660664263
3.9220000000000003e-07,158.15050500240326
3.924e-07,158.85907567918125
3.926e-07,159.62323181847992
3.928e-07,160.4388451424853
3.9300000000000004e-07,161.30155494088322
3.932e-07,162.20677767159822
3.934e-07,163.14971711373474
3.9360000000000003e-07,164.1253750496162
3.938e-07,165.12856245152514
3.94e-07,166.1539111474825
3.942e-07,167.19588593922663
3.9440000000000004e-07,168.24879714442704
3.946e-07,169.30681353411353
3.948e-07,170.36397563531534
3.9500000000000003e-07,171.4142093680027
3.952e-07,172.45133998458576
3.954e-07,173.46910627946795
3.956e-07,174.4611750354749
3.9580000000000004e-07,175.42115567339746
3.96e-07,176.34261507035856
3.962e-07,177.21909251229607
3.9640000000000003e-07,178.04411474551804
3.966e-07,178.81121109202087
3.968e-07,179.51392859310312
3.97e-07,180.1458471457141
3.9720000000000004e-07,180.70059459600435
3.974e-07,181.1718617546188
3.976e-07,181.5534172984703
3.9780000000000003e-07,181.83912252399105
3.98e-07,182.0229459172215
3.982e-07,182.09897750654292
3.984e-07,182.06144296435747
3.9860000000000004e-07,181.9047174246705
3.988e-07,181.6233389841808
3.99e-07,181.21202185527312
3.9920000000000003e-07,180.66566914015596
3.994e-07,179.9793851962926
3.996e-07,179.14848756428927
3.998e-07,178.1685184304609
4.0000000000000003e-07,177.03525559742562
4.002e-07,175.7447229372778
4.004e-07,174.29320030317575
4.0060000000000003e-07,172.67723287644583
4.008e-07,170.89363992775293
4.01e-07,168.93952297223683
4.012e-07,166.81227330006467
4.0140000000000003e-07,164.50957886530688
4.016e-07,162.02943051765092
4.018e-07,159.37012756303326
4.02e-07,156.53028264093584
4.022e-07,153.50882590770996
4.024e-07,150.30500851700737
4.026e-07,146.9184053901049
4.0280000000000003e-07,143.34891727059602
4.03e-07,139.5967720596853
4.032e-07,135.66252543006848
4.034e-07,131.54706071807038
4.0360000000000004e-07,127.25158809553295
4.038e-07,122.77764302460074
4.04e-07,118.12708400032434
4.0420000000000003e-07,113.3020895877194
4.044e-07,108.3051547615542
4.046e-07,103.13908655885989
4.048e-07,97.80699905579539
4.0500000000000004e-07,92.31230768205904
4.052e-07,86.65872288767207
4.054e-07,80.85024317844476
4.0560000000000003e-07,74.89114753798285
4.058e-07,68.78598725544958
4.06e-07,62.539577179800105
4.062e-07,56.15698642243272
4.0640000000000004e-07,49.6435285315893
4.066e-07,43.00475116296879
4.068e-07,36.246425272221416
4.0700000000000003e-07,29.374533856109082
4.072e-07,22.395260270054578
4.074e-07,15.31497615083579
4.076e-07,8.140228974044255
4.0780000000000004e-07,0.8777292766661873
4.08e-07,-6.465662424038074
4.082e-07,-13.882948983624996
4.0840000000000003e-07,-21.367010223138326
4.086e-07,-28.910616728617946
4.088e-07,-36.50644382414708
4.09e-07,-44.14708568499223
4.0920000000000004e-07,-51.825069557006366
4.094e-07,-59.532870048455464
4.096e-07,-67.26292346028583
4.0980000000000003e-07,-75.00764212088421
4.1e-07,-82.75942869156208
4.102e-07,-90.51069040912769
4.104e-07,-98.25385323217816
4.1060000000000004e-07,-105.98137585820814
4.108e-07,-113.68576357897909
4.11e-07,-121.35958194214471
4.1120000000000003e-07,-128.99547018780163
4.114e-07,-136.586154429209
4.116e-07,-144.12446054781552
4.118e-07,-151.6033267734204
4.1200000000000004e-07,-159.01581592134676
4.122e-07,-166.35512725937335
4.124e-07,-173.6146079782838
4.1260000000000003e-07,-180.7877642409266
4.128e-07,-187.8682717859396
4.13e-07,-194.84998606344433
4.132e-07,-201.7269518812854
4.1340000000000004e-07,-208.49341254180175
4.136e-07,-215.14381845040884
4.138e-07,-221.6728351787
4.1400000000000003e-07,-228.07535096631312
4.142e-07,-234.34648364716983
4.144e-07,-240.48158698737348
4.146e-07,-246.47625642345312
4.1480000000000004e-07,-252.32633419136027
4.15e-07,-258.02791383811507
4.152e-07,-263.5773441096841
4.1540000000000003e-07,-268.9712322102316
4.156e-07,-274.2064464295971
4.158e-07,-279.2801181374218
4.16e-07,-284.18964314398335
4.1620000000000003e-07,-288.93268242948074
4.164e-07,-293.50716224507323
4.166e-07,-297.9112735905714
4.168e-07,-302.14347107535104
4.1700000000000004e-07,-306.20247117048746
4.172e-07,-310.0872498617767
4.174e-07,-313.7970397147272
4.1760000000000003e-07,-317.33132636409573
4.178e-07,-320.6898444420085
4.18e-07,-323.8725729600591
4.182e-07,-326.87973016212015
4.1840000000000004e-07,-329.7117678659492
4.186e-07,-332.369365312852
4.188e-07,-334.85342254590574
4.1900000000000003e-07,-337.1650533383296
4.192e-07,-339.305577694728
4.194e-07,-341.27651394884055
4.196e-07,-343.07957048248653
4.1980000000000004e-07,-344.71663709115404
4.2e-07,-346.18977602256956
4.202e-07,-347.5012127152652
4.2040000000000003e-07,-348.6533262648155
4.206e-07,-349.64863964602785
4.208e-07,-350.48980971982553
4.21e-07,-351.1796170540095
4.2120000000000004e-07,-351.7209555874258
4.214e-07,-352.11682216732584
4.216e-07,-352.37030598986246
4.2180000000000003e-07,-352.48457797382116
4.22e-07,-352.46288009762804
4.222e-07,-352.308514729692
4.224e-07,-352.02483398192607
4.2260000000000004e-07,-351.61522911611905
4.228e-07,-351.083120032494
4.23e-07,-350.4319448694292
4.2320000000000003e-07,-349.6651497428414
4.234e-07,-348.78617865320683
4.236e-07,-347.7984635875818
4.238e-07,-346.7054148433084
4.2400000000000004e-07,-345.51041159932475
4.242e-07,-344.2167927601956
4.244e-07,-342.827848097076
4.2460000000000003e-07,-341.34680970888843
4.248e-07,-339.776843825958
4.25e-07,-338.12104297730167
4.252e-07,-336.3824185416364
4.2540000000000004e-07,-334.5638937009874
4.256e-07,-332.6682968145599
4.258e-07,-330.69835522926246
4.2600000000000003e-07,-328.65668954196616
4.262e-07,-326.54580832721683
4.264e-07,-324.36810334274327
4.266e-07,-322.12584522369553
4.2680000000000004e-07,-319.82117967508213
4.27e-07,-317.456124170427
4.272e-07,-315.0325651631882
4.2740000000000003e-07,-312.55225581594755
4.276e-07,-310.01681425092227
4.278e-07,-307.4277223237721
4.28e-07,-304.78632492121983
4.2820000000000004e-07,-302.09382978142594
4.284e-07,-299.3513078345939
4.286e-07,-296.5596940597432
4.2880000000000003e-07,-293.719788852142
4.29e-07,-290.8322598943673
4.292e-07,-287.89764452255815
4.294e-07,-284.91635257799453
4.2960000000000004e-07,-281.8886697327201
4.298e-07,-278.81476127659045
4.3e-07,-275.6946763518216
4.3020000000000003e-07,-272.5283526197691
4.304e-07,-269.3156213435311
4.306e-07,-266.05621286866625
4.308e-07,-262.74976248329176
4.3100000000000003e-07,-259.39581663764125
4.312e-07,-255.99383950221446
4.314e-07,-252.54321984262901
4.3160000000000003e-07,-249.04327818842089
4.3180000000000004e-07,-245.49327427215707
4.32e-07,-241.89241471447437
4.322e-07,-238.2398609299847
4.3240000000000003e-07,-234.53473722824756
4.326e-07,-230.7761390836074
4.328e-07,-226.96314154703532
4.33e-07,-223.0948077728574
4.3320000000000004e-07,-219.17019763278765
4.334e-07,-215.1883763895242
4.336e-07,-211.1484234019162
4.3380000000000003e-07,-207.04944083367548
4.34e-07,-202.89056233750324
4.342e-07,-198.67096168662988
4.344e-07,-194.38986132588624
4.3460000000000004e-07,-190.04654081459805
4.348e-07,-185.6403451339237
4.35e-07,-181.17069283165935
4.3520000000000003e-07,-176.63708397786124
4.354e-07,-172.03910790532612
4.356e-07,-167.37645070937998
4.358e-07,-162.64890248226715
4.3600000000000004e-07,-157.85636425801837
4.362e-07,-152.99885464458754
4.364e-07,-148.07651612084356
4.3660000000000003e-07,-143.08962097701175
4.368e-07,-138.03857687806374
4.37e-07,-132.92393203068033
4.372e-07,-127.74637993551141
4.3740000000000004e-07,-122.50676370757057
4.376e-07,-117.20607994885901
4.378e-07,-111.84548215859107
4.3800000000000003e-07,-106.42628366758885
4.382e-07,-100.94996008491442
4.384e-07,-95.41815124600588
4.386e-07,-89.8326626531595
4.3880000000000004e-07,-84.19546640049023
4.39e-07,-78.50870157707115
4.392e-07,-72.77467414335865
4.3940000000000003e-07,-66.9958562775768
4.396e-07,-61.17488519015769
4.398e-07,-55.31456140592012
4.4e-07,-49.41784651518903
4.4020000000000004e-07,-43.48786039651452
4.404e-07,-37.52787791523308
4.406e-07,-31.54132510361996
4.4080000000000003e-07,-25.531774829801975
4.41e-07,-19.50294196420311
4.412e-07,-13.458678053616442
4.414e-07,-7.402965514570106
4.4160000000000004e-07,-1.3399113589311327
4.418e-07,4.726259533830273
4.42e-07,10.791211582032282
4.4220000000000003e-07,16.85050608777116
4.424e-07,22.899609225287392
4.426e-07,28.933900412202277
4.428e-07,34.948681042971224
4.4300000000000004e-07,40.93918356286282
4.432e-07,46.90058085960992
4.434e-07,52.82799594901344
4.4360000000000003e-07,58.71651192973343
4.438e-07,64.5611821817457
4.44e-07,70.35704078208141
4.442e-07,76.09911311073068
4.4440000000000004e-07,81.7824266190153
4.446e-07,87.40202173206039
4.448e-07,92.95296285656266
4.4500000000000003e-07,98.43034946455022
4.4520000000000004e-07,103.82932722356885
4.454e-07,109.14509914337566
4.456e-07,114.37293670905564
4.4580000000000003e-07,119.50819097038945
4.46e-07,124.54630355721926
4.462e-07,129.48281759067095
4.4640000000000003e-07,134.31338846014535
4.4660000000000004e-07,139.03379443628185
4.468e-07,143.63994709033344
4.47e-07,148.12790149079737
4.4720000000000003e-07,152.4938661485647
4.474e-07,156.73421268242635
4.476e-07,160.84548517735013
4.478e-07,164.82440920861202
4.4800000000000004e-07,168.66790050567377
4.482e-07,172.37307323047213
4.484e-07,175.93724784570924
4.4860000000000003e-07,179.357958549709
4.488e-07,182.63296025540612
4.49e-07,185.76023509216566
4.492e-07,188.73799841024362
4.4940000000000004e-07,191.5647042689555
4.496e-07,194.23905039084633
4.498e-07,196.75998256549659
4.5000000000000003e-07,199.1266984879434
4.502e-07,201.33865101812785
4.504e-07,203.3955508492067
4.506e-07,205.29736857404887
4.5080000000000004e-07,207.04433614078195
4.51e-07,208.6369476897703
4.512e-07,210.07595976598864
4.5140000000000003e-07,211.36239090235665
4.516e-07,212.4975205711902
4.518e-07,213.4828875025677
4.52e-07,214.32028737001642
4.5220000000000004e-07,215.01176984558148
4.524e-07,215.55963502795487
4.526e-07,215.96642924898373
4.5280000000000003e-07,216.2349402654876
4.53e-07,216.36819184493558
4.532e-07,216.36943775511122
4.534e-07,216.24215516946913
4.5360000000000004e-07,215.99003750143692
4.538e-07,215.61698668241527
4.54e-07,215.12710489972744
4.5420000000000003e-07,214.5246858122023
4.544e-07,213.8142052624807
4.546e-07,213.00031150649133
4.548e-07,212.08781498185692
4.5500000000000004e-07,211.08167763823772
4.552e-07,209.98700185383598
4.554e-07,208.80901896341092
4.5560000000000003e-07,207.55307742425254
4.558e-07,206.22463064756357
4.56e-07,204.8292245236628
4.562e-07,203.37248467029198
4.5640000000000004e-07,201.86010343412008
4.566e-07,200.2978266762702
4.568e-07,198.69144037335627
4.5700000000000003e-07,197.0467570660858
4.572e-07,195.36960218798666
4.574e-07,193.66580030723145
4.576e-07,191.94116131487783
4.5780000000000004e-07,190.2014665930663
4.58e-07,188.4524551969137
4.582e-07,186.69981008389453
4.5840000000000003e-07,184.9491444245267
4.586e-07,183.20598802804898
4.588e-07,181.475773916637
4.59e-07,179.7638250814277
4.5920000000000004e-07,178.07534145327546
4.594e-07,176.41538712073486
4.596e-07,174.78887782725565
4.5980000000000003e-07,173.2005687789801
4.6000000000000004e-07,171.65504279385516
4.602e-07,170.15669882201738
4.604e-07,168.70974086658364
4.6060000000000003e-07,167.31816733307167
4.608e-07,165.98576083469527
4.61e-07,164.71607847972604
4.6120000000000003e-07,163.5124426660113
4.6140000000000004e-07,162.37793240653383
4.616e-07,161.31537520867755
4.618e-07,160.32733952853886
4.6200000000000003e-07,159.41612782028415
4.622e-07,158.5837701991221
4.624e-07,157.83201873501562
4.626e-07,157.16234239274075
4.6280000000000004e-07,156.5759226323554
4.63e-07,156.07364968255507
4.632e-07,155.65611949777391
4.6340000000000003e-07,155.3236314082367
4.636e-07,155.07618647049426
4.638e-07,154.91348652427928
4.64e-07,154.83493395980327
4.6420000000000004e-07,154.83963219788973
4.644e-07,154.92638688360455
4.646e-07,155.09370779230338
4.6480000000000003e-07,155.33981144527763
4.65e-07,155.6626244304478
4.652e-07,156.05978742182393
4.654e-07,156.52865988974423
4.6560000000000004e-07,157.06632549220691
4.658e-07,157.66959813593817
4.66e-07,158.33502869419578
4.6620000000000003e-07,159.05891236668302
4.664e-07,159.8372966653811
4.666e-07,160.66599000855211
4.668e-07,161.5405709036709
4.6700000000000004e-07,162.45639769858616
4.672e-07,163.40861887881462
4.674e-07,164.39218388751013
4.6760000000000003e-07,165.4018544433642
4.678e-07,166.43221633045482
4.68e-07,167.4776916328993
4.682e-07,168.53255138604652
4.6840000000000004e-07,169.59092861492908
4.686e-07,170.64683172971093
4.688e-07,171.6941582469983
4.6900000000000003e-07,172.72670880504884
4.692e-07,173.73820144019777
4.694e-07,174.7222860911477
4.696e-07,175.6725592972148
4.6980000000000004e-07,176.58257905611916
4.7e-07,177.44587980652153
4.702e-07,178.25598750016493
4.7040000000000003e-07,179.0064347282778
4.706e-07,179.69077586672842
4.708e-07,180.30260220437668
4.71e-07,180.8355570190875
4.7120000000000004e-07,181.28335056600696
4.714e-07,181.63977494288852
4.716e-07,181.898718797565
4.7180000000000003e-07,182.0541818430262
4.72e-07,182.1002891460421
4.722e-07,182.03130515580227
4.724e-07,181.84164743969038
4.7260000000000004e-07,181.5259000939964
4.728e-07,181.07882679820173
4.73e-07,180.49538348228793
4.7320000000000003e-07,179.77073057751124
4.7340000000000004e-07,178.90024482205874
4.736e-07,177.87953059411953
4.738e-07,176.70443074602943
4.7400000000000004e-07,175.37103691439037
4.742e-07,173.87569928231142
4.744e-07,172.21503577128183
4.7460000000000003e-07,170.3859406415698
4.7480000000000004e-07,168.38559248145816
4.75e-07,166.21146156716077
4.752e-07,163.86131657674878
4.7540000000000004e-07,161.33323064301496
4.756e-07,158.62558673182016
4.758e-07,155.7370823340617
4.7600000000000003e-07,152.66673346113262
4.7620000000000004e-07,149.41387793536904
4.764e-07,145.9781779687394
4.766e-07,142.35962202471984
4.7680000000000003e-07,138.55852596007142
4.77e-07,134.575533444926
4.772000000000001e-07,130.41161566136927
4.774e-07,126.06807028245242
4.776e-07,121.54651973523997
4.778e-07,116.84890875331408
4.78e-07,111.97750122575468
4.782e-07,106.93487635140588
4.784e-07,101.72392410880477
4.786000000000001e-07,96.34784005385004
4.788e-07,90.8101194588584
4.79e-07,85.11455080819466
4.792e-07,79.26520866728097
4.794e-07,73.26644594311064
4.796e-07,67.12288555598263
4.798e-07,60.83941154345091
4.800000000000001e-07,54.421159618835304
4.802e-07,47.87350720793815
4.804e-07,41.20206298873408
4.806e-07,34.41265596006235
4.808e-07,27.51132406627756
4.81e-07,20.504302405969483
4.812e-07,13.398011053667311
4.814000000000001e-07,6.1990425243808005
4.816e-07,-1.0858510884148806
4.818e-07,-8.449771270077932
4.82e-07,-15.88568650535874
4.822e-07,-23.386445929866614
4.824e-07,-30.944793179421183
4.826e-07,-38.55338040401841
4.828000000000001e-07,-46.204782412815064
4.83e-07,-53.89151091629876
4.832e-07,-61.60602883178276
4.834e-07,-69.34076461818334
4.836e-07,-77.08812660626488
4.838e-07,-84.84051729050162
4.84e-07,-92.59034754907049
4.842000000000001e-07,-100.33005075869696
4.844e-07,-108.05209677150094
4.846e-07,-115.74900572150054
4.848e-07,-123.41336162884296
4.85e-07,-131.03782577068353
4.852e-07,-138.61514978811653
4.854e-07,-146.13818849950277
4.856000000000001e-07,-153.59991239128524
4.858e-07,-160.99341975840508
4.86e-07,-168.31194846736668
4.862e-07,-175.5488873160313
4.864e-07,-182.69778696546246
4.866e-07,-189.7523704201628
4.868e-07,-196.70654303443374
4.870000000000001e-07,-203.55440202377753
4.872e-07,-210.29024546164678
4.874e-07,-216.90858074325635
4.876e-07,-223.40413249949486
4.878e-07,-229.7718499456277
4.88e-07,-236.0069136507971
4.882e-07,-242.10474171598892
4.884000000000001e-07,-248.06099534961047
4.886e-07,-253.87158383149338
4.888e-07,-259.5326688576695
4.89e-07,-265.0406682598998
4.892e-07,-270.39225909558377
4.894e-07,-275.5843801053075
4.896e-07,-280.6142335368923
4.898000000000001e-07,-285.479286336472
4.9e-07,-290.1772707087297
4.902e-07,-294.7061840500735
4.904e-07,-299.06428826003935
4.906e-07,-303.25010843793774
4.908e-07,-307.26243097316006
4.91e-07,-311.10030103920127
4.912000000000001e-07,-314.7630195028687
4.914e-07,-318.250139261693
4.916e-07,-321.56146102390244
4.918e-07,-324.69702854674176
4.92e-07,-327.6571233502301
4.922e-07,-330.442258924771
4.924e-07,-333.0531744522022
4.926000000000001e-07,-335.49082806109425
4.928e-07,-337.75638963819415
4.93e-07,-339.85123321899533
4.932e-07,-341.7769289813385
4.934e-07,-343.5352348669671
4.936e-07,-345.1280878567187
4.938e-07,-346.5575949258853
4.940000000000001e-07,-347.8260237069237
4.942e-07,-348.93579288739386
4.944e-07,-349.889462371502
4.946e-07,-350.68972323414954
4.948e-07,-351.33938749674087
4.95e-07,-351.84137775438245
4.952e-07,-352.1987166842881
4.954000000000001e-07,-352.41451646540537
4.956000000000001e-07,-352.491968139333
4.958e-07,-352.43433094259547
4.96e-07,-352.2449216402825
4.962e-07,-351.9271038908588
4.964e-07,-351.4842776717279
4.966e-07,-350.91986879480777
4.968000000000001e-07,-350.23731854095837
4.970000000000001e-07,-349.44007344164726
4.972e-07,-348.5315752356546
4.974e-07,-347.51525102801196
4.976e-07,-346.39450367766017
4.978e-07,-345.17270243954005
4.98e-07,-343.85317388599026
4.982000000000001e-07,-342.4391931314237
4.984000000000001e-07,-340.9339753832902
4.986e-07,-339.3406678412971
4.988e-07,-337.66234196577767
4.99e-07,-335.9019861349707
4.992e-07,-334.06249870975716
4.994e-07,-332.146681523193
4.996000000000001e-07,-330.1572338108694
4.998000000000001e-07,-328.0967465968225
5e-07,-325.9676975483553
5.002e-07,-323.77244631171845
5.004e-07,-321.5132303392206
5.006e-07,-319.1921612168229
5.008e-07,-316.8112214998631
5.01e-07,-314.37226206302967
5.012000000000001e-07,-311.8769999692096
5.014e-07,-309.3270168603415
5.016e-07,-306.7237578718444
5.018e-07,-304.06853107073334
5.02e-07,-301.36250741594876
5.022e-07,-298.6067212379861
5.024e-07,-295.8020712333521
5.026000000000001e-07,-292.9493219679332
5.028e-07,-290.0491058818786
5.03e-07,-287.1019257871526
5.032e-07,-284.10815784753606
5.034e-07,-281.0680550294038
5.036e-07,-277.9817510103234
5.038e-07,-274.8492645311726
5.040000000000001e-07,-271.67050417621056
5.042e-07,-268.44527356433423
5.044e-07,-265.17327693351933
5.046e-07,-261.8541250994143
5.048e-07,-258.48734176786905
5.05e-07,-255.07237018030122
5.052e-07,-251.6085800697189
5.054000000000001e-07,-248.09527490442957
5.056e-07,-244.5316993956062
5.058e-07,-240.91704724409146
5.06e-07,-237.2504691012267
5.062e-07,-233.5310807177613
5.064e-07,-229.75797125444186
5.066e-07,-225.93021172739665
5.068000000000001e-07,-222.0468635609941
5.07e-07,-218.10698722061923
5.072e-07,-214.10965089748555
5.074e-07,-210.05393921752378
5.076e-07,-205.93896194622525
5.078e-07,-201.76386266143027
5.08e-07,-197.5278273659811
5.082000000000001e-07,-193.23009301246358
5.084e-07,-188.86995591239548
5.086e-07,-184.44678000255323
5.088e-07,-179.96000494160344
5.09e-07,-175.40915401049966
5.092e-07,-170.79384179081865
5.094e-07,-166.1137815957174
5.096000000000001e-07,-161.36879262893646
5.098e-07,-156.55880684796256
5.1e-07,-151.68387550836206
5.102e-07,-146.74417536712593
5.104e-07,-141.74001452386716
5.106e-07,-136.6718378796504
5.108e-07,-131.54023219438446
5.110000000000001e-07,-126.34593072478232
5.112e-07,-121.08981742607833
5.114e-07,-115.77293070189482
5.116e-07,-110.39646668801714
5.118e-07,-104.96178205696783
5.12e-07,-99.47039633181083
5.122e-07,-93.92399369886134
5.124000000000001e-07,-88.32442431049373
5.126e-07,-82.67370507058773
5.128e-07,-76.97401989668754
5.13e-07,-71.22771945441974
5.132e-07,-65.43732036120164
5.134e-07,-59.60550385777261
5.136e-07,-53.735113947641715
5.138000000000001e-07,-47.829155006028046
5.14e-07,-41.890788861412155
5.142e-07,-35.92333135429285
5.144e-07,-29.930248379355746
5.146e-07,-23.915151418579605
5.148e-07,-17.8817925744499
5.15e-07,-11.83405911379625
5.152000000000001e-07,-5.775967534260957
5.154e-07,0.2883428332575342
5.156e-07,6.35461667142733
5.158e-07,12.418489956494199
5.16e-07,18.475497654133974
5.162e-07,24.52108181255295
5.164e-07,30.550600033032502
5.166000000000001e-07,36.559334296970576
5.168e-07,42.54250012741725
5.17e-07,48.49525606201219
5.172e-07,54.41271341329319
5.174e-07,60.289946291463465
5.176e-07,66.12200186378159
5.178e-07,71.90391082403912
5.180000000000001e-07,77.63069804483122
5.182e-07,83.29739338472112
5.184e-07,88.89904262184218
5.186e-07,94.43071848493912
5.188e-07,99.88753175251772
5.19e-07,105.26464239040912
5.192e-07,110.55727069777413
5.194000000000001e-07,115.76070843144231
5.196e-07,120.8703298783903
5.198e-07,125.88160284610623
5.2e-07,130.79009954071535
5.202e-07,135.5915073028687
5.204e-07,140.28163917162445
5.206e-07,144.85644424687428
5.208000000000001e-07,149.3120178212668
5.21e-07,153.64461125303228
5.212e-07,157.85064155171384
5.214e-07,161.92670064933034
5.216e-07,165.86956433036033
5.218e-07,169.67620079455233
5.22e-07,173.34377882751244
5.222000000000001e-07,176.8696755549111
5.224e-07,180.2514837571224
5.226e-07,183.48701872217035
5.228e-07,186.5743246159662
5.23e-07,189.51168034999318
5.232e-07,192.29760492781037
5.234e-07,194.9308622530367
5.236000000000001e-07,197.41046538280162
5.238000000000001e-07,199.73568021203002
5.24e-07,201.9060285753339
5.242e-07,203.9212907547649
5.244e-07,205.7815073831403
5.246e-07,207.48698073422804
5.248e-07,209.03827539258248
5.250000000000001e-07,210.43621829743327
5.252000000000001e-07,211.6818981566097
5.254e-07,212.77666422809904
5.256e-07,213.72212446847146
5.258e-07,214.52014304901448
5.26e-07,215.17283724208104
5.262e-07,215.68257368176083
5.264000000000001e-07,216.05196400463672
5.266000000000001e-07,216.28385987798634
5.268e-07,216.38134742440718
5.27e-07,216.34774105341768
5.272e-07,216.1865767121574
5.274e-07,215.90160456884666
5.276e-07,215.49678114416037
5.278000000000001e-07,214.97626090716005
5.280000000000001e-07,214.34438735384947
5.282e-07,213.60568358780438
5.284e-07,212.7648424236948
5.286e-07,211.8267160357864
5.288e-07,210.79630517476917
5.29e-07,209.67874797744227
5.292000000000001e-07,208.47930839490138
5.294000000000001e-07,207.20336426596052
5.296e-07,205.85639506352146
5.298e-07,204.44396934252842
5.3e-07,202.9717319190478
5.302e-07,201.44539081073287
5.304e-07,199.87070396971367
5.306e-07,198.253465839547
5.308000000000001e-07,196.5994937684179
5.31e-07,194.91461431129076
5.312e-07,193.2046494540673
5.314e-07,191.4754027931392
5.316e-07,189.73264570395213
5.318e-07,187.9821035323202
5.32e-07,186.22944184231991
5.322000000000001e-07,184.48025275453935
5.324e-07,182.74004140834353
5.326e-07,181.01421258163933
5.328e-07,179.30805750133288
5.33e-07,177.62674087726947
5.332e-07,175.97528819205448
5.334e-07,174.35857327857346
5.336000000000001e-07,172.78130621641725
5.338e-07,171.24802157775628
5.34e-07,169.7630670523769
5.342e-07,168.33059248080775
5.344e-07,166.95453932347897
5.346e-07,165.63863059289065
5.348e-07,164.38636127470286
5.350000000000001e-07,163.20098926250932
5.352e-07,162.08552682985774
5.354e-07,161.04273266183984
5.356e-07,160.07510446723012
5.358e-07,159.18487219079373
5.36e-07,158.37399184395673
5.362e-07,157.6441399705481
5.364000000000001e-07,156.99670876282283
5.366e-07,156.43280184140127
5.368e-07,155.9532307111655
5.37e-07,155.55851190354298
5.372e-07,155.24886481392073
5.374e-07,155.0242102412832
5.376e-07,154.8841696354425
5.378000000000001e-07,154.82806505552296
5.38e-07,154.85491984163116
5.382e-07,154.9634599999027
5.384e-07,155.15211629938142
5.386e-07,155.41902707744384
5.388e-07,155.76204174875562
5.39e-07,156.1787250110173
5.392000000000001e-07,156.666361739053
5.394e-07,157.2219625571096
5.396e-07,157.8422700775614
5.398e-07,158.5237657925769
5.4e-07,159.2626776037139
5.402e-07,160.05498797280728
5.404e-07,160.89644267601568
5.406000000000001e-07,161.78256014137756
5.408e-07,162.7086413487995
5.41e-07,163.66978027001826
5.412e-07,164.66087482471008
5.414e-07,165.67663832767997
5.416e-07,166.71161140083032
5.418e-07,167.76017432243992
5.420000000000001e-07,168.81655978523457
5.422e-07,169.8748660336748
5.424e-07,170.9290703499704
5.426e-07,171.97304285745582
5.428e-07,173.00056060915767
5.43e-07,174.00532192868283
5.432e-07,174.98096096993189
5.434000000000001e-07,175.9210624615664
5.436e-07,176.81917660171416
5.438e-07,177.66883406802822
5.44e-07,178.4635611078634
5.442e-07,179.19689467321203
5.444e-07,179.86239756483417
5.446e-07,180.4536735500439
5.448000000000001e-07,180.9643824186469
5.45e-07,181.38825494165417
5.452e-07,181.71910769764565
5.454e-07,181.95085773197573
5.456e-07,182.07753701437989
5.458e-07,182.09330666108104
5.46e-07,181.9924708880122
5.462000000000001e-07,181.7694906624578
5.464e-07,181.4189970211407
5.466e-07,180.9358040235859
5.468e-07,180.31492131047722
5.47e-07,179.5515662377119
5.472e-07,178.64117555784193
5.474e-07,177.57941662175992
5.476000000000001e-07,176.36219807458593
5.478e-07,174.9856800209999
5.48e-07,173.44628363652848
5.482e-07,171.7407002026648
5.484e-07,169.86589954507008
5.486e-07,167.81913785560735
5.488e-07,165.59796488041343
5.490000000000001e-07,163.20023045779277
5.492e-07,160.62409039126754
5.494e-07,157.86801164476714
5.496e-07,154.93077684856326
5.498e-07,151.81148810623293
5.5e-07,148.50957009463485
5.502e-07,145.02477245061095
5.504000000000001e-07,141.35717143980992
5.506e-07,137.50717090481675
5.508e-07,133.47550249146275
5.51e-07,129.26322515400946
5.512e-07,124.87172394152117
5.514e-07,120.3027080695885
5.516e-07,115.55820828321262
5.518000000000001e-07,110.64057351836658
5.520000000000001e-07,105.55246687147572
5.522e-07,100.29686088763428
5.524e-07,94.8770321800655
5.526e-07,89.29655539491004
5.528e-07,83.55929653694736
5.53e-07,77.6694056733958
5.532000000000001e-07,71.63130903440506
5.534000000000001e-07,65.44970053024723
5.536e-07,59.12953270661069
5.538e-07,52.67600716065705
5.54e-07,46.09456444185061
5.542e-07,39.39087346261485
5.544e-07,32.57082044512207
5.546000000000001e-07,25.6404974315042
5.548000000000001e-07,18.60619038580942
5.55e-07,11.474366916860617
5.552e-07,4.251663652098024
5.554e-07,-3.0551267067971395
5.556e-07,-10.439068615017657
5.558e-07,-17.89309717040545
5.560000000000001e-07,-25.410031821276093
5.562000000000001e-07,-32.98259026324466
5.564e-07,-40.60340249166054
5.566e-07,-48.26502497603441
5.568e-07,-55.9599549225084
5.57e-07,-63.68064459055517
5.572e-07,-71.41951562987407
5.574000000000001e-07,-79.16897340363221
5.576000000000001e-07,-86.92142126431833
5.578e-07,-94.66927474875675
5.58e-07,-102.40497565912607
5.582e-07,-110.12100599723166
5.584e-07,-117.80990171979981
5.586e-07,-125.46426628312847
5.588000000000001e-07,-133.0767839460641
5.590000000000001e-07,-140.64023280100048
5.592e-07,-148.1474975034236
5.594e-07,-155.59158167140058
5.596e-07,-162.96561992725873
5.598e-07,-170.2628895549188
5.6e-07,-177.47682174719355
5.602000000000001e-07,-184.6010124186662
5.604000000000001e-07,-191.6292325608606
5.606e-07,-198.55543811774467
5.608e-07,-205.37377936087154
5.61e-07,-212.07860974479766
5.612e-07,-218.6644942248676
5.614e-07,-225.12621702088217
5.616e-07,-231.45878881160684
5.618000000000001e-07,-237.65745334663413
5.62e-07,-243.71769346364903
5.622e-07,-249.63523650068083
5.624e-07,-255.4060590945536
5.626e-07,-261.02639135834846
5.628e-07,-266.4927204322947
5.63e-07,-271.8017934041193
5.632000000000001e-07,-276.9506195965872
5.634e-07,-281.9364722215157
5.636e-07,-286.7568894012496
5.638e-07,-291.4096745601119
5.64e-07,-295.8928961900914
5.642e-07,-300.20488699648735
5.644e-07,-304.3442424308851
5.646000000000001e-07,-308.30981862035117
5.648e-07,-312.10072970328287
5.65e-07,-315.7163445837963
5.652e-07,-319.15628311801805
5.654e-07,-322.4204117470619
5.656e-07,-325.5088385928053
5.658e-07,-328.4219080339154
5.660000000000001e-07,-331.160194780877
5.662e-07,-333.7244974699225
5.664e-07,-336.1158317969998
5.666e-07,-338.33542321392946
5.668e-07,-340.3846992100226
5.67e-07,-342.26528120334166
5.672e-07,-343.97897606671626
5.674000000000001e-07,-345.52776731444123
5.676e-07,-346.9138059763885
5.678e-07,-348.1394011868767
5.68e-07,-349.2070105163448
5.682e-07,-350.11923007434604
5.684e-07,-350.8787844128554
5.686e-07,-351.4885162592691
5.688000000000001e-07,-351.95137610878066
5.69e-07,-352.2704117059979
5.692e-07,-352.44875744586363
5.694e-07,-352.48962372392253
5.696e-07,-352.39628626603235
5.698e-07,-352.1720754674495
5.7e-07,-351.8203657710503
5.702000000000001e-07,-351.3445651142033
5.704e-07,-350.74810447343924
5.706e-07,-350.034427535629
5.708e-07,-349.20698052393954
5.71e-07,-348.26920220617683
5.712e-07,-347.2245141125554
5.714e-07,-346.0763109891649
5.716000000000001e-07,-344.82795151262616
5.718e-07,-343.48274929058954
5.72e-07,-342.0439641717805
5.722e-07,-340.51479388833195
5.724e-07,-338.89836605209604
5.726e-07,-337.1977305255168
5.728e-07,-335.41585218651437
5.730000000000001e-07,-333.5556041056051
5.732e-07,-331.61976115224707
5.734e-07,-329.61099404609445
5.736e-07,-327.5318638675331
5.738e-07,-325.38481704045745
5.74e-07,-323.17218079890426
5.742e-07,-320.89615914766864
5.744000000000001e-07,-318.5588293256193
5.746e-07,-316.1621387789262
5.748e-07,-313.7079026499198
5.75e-07,-311.1978017858348
5.752e-07,-308.63338127010485
5.754e-07,-306.01604947742965
5.756e-07,-303.3470776522725
5.758000000000001e-07,-300.6276000089411
5.76e-07,-297.8586143499177
5.762e-07,-295.0409831975614
5.764e-07,-292.17543543289787
5.766e-07,-289.2625684336701
5.768e-07,-286.3028507024723
5.77e-07,-283.29662497431406
5.772000000000001e-07,-280.24411179162865
5.774e-07,-277.1454135333854
5.776e-07,-274.00051888365897
5.778e-07,-270.80930772378804
5.78e-07,-267.571556430977
5.782e-07,-264.2869435651001
5.784e-07,-260.95505592431937
5.786000000000001e-07,-257.57539494908326
5.788e-07,-254.14738345309482
5.79e-07,-250.6703726588457
5.792e-07,-247.14364951454277
5.794e-07,-243.56644426831525
5.796e-07,-239.93793827500718
5.798e-07,-236.25727201003704
5.800000000000001e-07,-232.52355326432934
5.802000000000001e-07,-228.73586549375224
5.804e-07,-224.89327629604364
5.806e-07,-220.99484598783133
5.808e-07,-217.03963625414187
5.81e-07,-213.02671884241008
5.812e-07,-208.95518427305112
5.814000000000001e-07,-204.82415053844824
5.816000000000001e-07,-200.63277176234277
5.818e-07,-196.38024679162197
5.82e-07,-192.0658276927299
5.822e-07,-187.688828125172
5.824e-07,-183.24863156493527
5.826e-07,-178.74469935098486
5.828000000000001e-07,-174.17657852859276
5.830000000000001e-07,-169.54390946372183
5.832e-07,-164.8464332033555
5.834e-07,-160.0839985574023
5.836e-07,-155.2565688785026
5.838e-07,-150.36422851695858
5.84e-07,-145.40718892890214
5.842000000000001e-07,-140.38579441679124
5.844000000000001e-07,-135.30052748231202
5.846e-07,-130.15201377290134
5.848e-07,-124.94102660418045
5.85e-07,-119.66849104189185
5.852e-07,-114.33548752798748
5.854e-07,-108.94325503697702
5.856000000000001e-07,-103.49319374986524
5.858000000000001e-07,-97.98686723438965
5.86e-07,-92.42600412166313
5.862e-07,-86.81249927076647
5.864e-07,-81.14841441425659
5.866e-07,-75.43597827903685
5.868e-07,-69.67758617852843
5.870000000000001e-07,-63.875799073614616
5.872000000000001e-07,-58.03334210126741
5.874e-07,-52.153102571373246
5.876e-07,-46.23812743371434
5.878e-07,-40.2916202186957
5.88e-07,-34.31693745675521
5.882e-07,-28.3175845830583
5.884000000000001e-07,-22.29721133547296
5.886000000000001e-07,-16.25960665532286
5.888e-07,-10.20869310183933
5.89e-07,-4.148520792697411
5.892e-07,1.9167391156344848
5.894e-07,7.982801392635835
5.896e-07,14.045274127136864
5.898000000000001e-07,20.099666531675908
5.900000000000001e-07,26.14139713891533
5.902e-07,32.165802369976305
5.904e-07,38.16814545350324
5.906e-07,44.1436256730606
5.908e-07,50.08738791963128
5.91e-07,55.99453252486978
5.912e-07,61.86012534993854
5.914000000000001e-07,67.67920810394048
5.916e-07,73.44680886517044
5.918e-07,79.15795277773128
5.92e-07,84.8076728954509
5.922e-07,90.39102114450016
5.924e-07,95.90307937562535
5.926e-07,101.33897047653392
5.928000000000001e-07,106.6938695146661
5.93e-07,111.96301488035218
5.932e-07,117.14171940021137
5.934e-07,122.22538139052162
5.936e-07,127.20949562043768
5.938e-07,132.08966415486526
5.94e-07,136.86160704708084
5.942000000000001e-07,141.52117285142378
5.944e-07,146.06434892666556
5.946e-07,150.4872715011869
5.948e-07,154.78623547144613
5.95e-07,158.95770390593475
5.952e-07,162.99831722735706
5.954e-07,166.90490204655225
5.956000000000001e-07,170.67447962244478
5.958e-07,174.30427392319652
5.96e-07,177.79171926465222
5.962e-07,181.13446750316137
5.964e-07,184.33039476097366
5.966e-07,187.37760766346744
5.968e-07,190.27444906870818
5.970000000000001e-07,193.01950327104365
5.972e-07,195.6116006617404
5.974e-07,198.04982183104013
5.976e-07,200.3335010973333
5.978e-07,202.462229450667
5.98e-07,204.43585689918382
5.982e-07,206.25449420865857
5.984000000000001e-07,207.91851402679734
5.986e-07,209.4285513855303
5.988e-07,210.7855035761254
5.99e-07,211.99052939352552
5.992e-07,213.04504774796385
5.994e-07,213.95073564350497
5.996e-07,214.70952552480998
5.998000000000001e-07,215.323601995058
6e-07,215.79539790957625
6.002e-07,216.12758985137464
6.004e-07,216.32309299637885
6.006e-07,216.3850553777632
6.008e-07,216.31685156036198
6.01e-07,216.12207573769962
6.012000000000001e-07,215.80453426569585
6.014e-07,215.36823764861893
6.016e-07,214.81739199429722
6.018e-07,214.15638995704745
6.02e-07,213.3898011881378
6.022e-07,212.5223623149378
6.024e-07,211.5589664712035
6.026000000000001e-07,210.50465240215976
6.028e-07,209.36459316920684
6.03e-07,208.1440844802159
6.032e-07,206.8485326723924
6.034e-07,205.48344237568983
6.036e-07,204.05440388566328
6.038e-07,202.56708027547958
6.040000000000001e-07,201.027194277597
6.042e-07,199.4405149662951
6.044e-07,197.8128442728436
6.046e-07,196.15000336568335
6.048e-07,194.457818928367
6.05e-07,192.74210936845864
6.052e-07,191.00867099083206
6.054000000000001e-07,189.2632641690162
6.056e-07,187.51159954838496
6.058e-07,185.7593243149877
6.06e-07,184.01200856378796
6.062e-07,182.2751317999389
6.064e-07,180.55406960648475
6.066e-07,178.854080511603
6.068000000000001e-07,177.18029308808374
6.07e-07,175.53769331727003
6.072e-07,173.9311122491447
6.074e-07,172.36521398960537
6.076e-07,170.84448404522013
6.078e-07,169.37321805502262
6.08e-07,167.9555109379681
6.082000000000001e-07,166.59524648378095
6.084000000000001e-07,165.29608741387426
6.086e-07,164.06146593794176
6.088e-07,162.8945748306844
6.09e-07,161.79835905191138
6.092e-07,160.77550793195644
6.094e-07,159.82844794306217
6.096000000000001e-07,158.95933607594955
6.098000000000001e-07,158.17005383938607
6.1e-07,157.46220189906222
6.102e-07,156.8370953705543
6.104e-07,156.29575977960405
6.106e-07,155.8389277013118
6.108e-07,155.46703608822494
6.110000000000001e-07,155.18022429563254
6.112000000000001e-07,154.9783328106891
6.114e-07,154.86090269028318
6.116e-07,154.82717571085078
6.118e-07,154.8760952315938
6.12e-07,155.00630777083384
6.122e-07,155.2161652934838
6.124000000000001e-07,155.50372820589257
6.126000000000001e-07,155.86676905257656
6.128e-07,156.3027769076412
6.13e-07,156.8089624519946
6.132e-07,157.38226372575593
6.134e-07,158.0193525436304
6.136e-07,158.71664155936242
6.138000000000001e-07,159.47029196380083
6.140000000000001e-07,160.2762217995463
6.142e-07,161.13011487361848
6.144e-07,162.0274302481189
6.146e-07,162.96341228743344
6.148e-07,163.93310123913153
6.15e-07,164.9313443244223
6.152000000000001e-07,165.95280731273633
6.154000000000001e-07,166.9919865538215
6.156e-07,168.04322143960988
6.158e-07,169.1007072670235
6.16e-07,170.15850847190117
6.162e-07,171.21057220332673
6.164e-07,172.25074220674065
6.166000000000001e-07,173.2727729835026
6.168000000000001e-07,174.27034419383241
6.17e-07,175.23707526947675
6.172e-07,176.1665402019227
6.174e-07,177.05228247150424
6.176e-07,177.88783008242828
6.178e-07,178.6667106684619
6.180000000000001e-07,179.38246663381415
6.182000000000001e-07,180.02867029369435
6.184e-07,180.59893897897666
6.186e-07,181.08695006949762
6.188e-07,181.48645592068766
6.19e-07,181.79129864846394
6.192e-07,181.99542473767676
6.194000000000001e-07,182.09289943981724
6.196000000000001e-07,182.07792092618436
6.198e-07,181.94483416334447
6.2e-07,181.68814447833725
6.202e-07,181.3025307818811
6.204e-07,180.78285841863976
6.206e-07,180.12419161451763
6.208000000000001e-07,179.32180549194433
6.210000000000001e-07,178.37119762515903
6.212e-07,177.26809910862232
6.214e-07,176.00848511286003
6.216e-07,174.58858490332887
6.218e-07,173.00489129914442
6.22e-07,171.25416954994947
6.222e-07,169.33346561054267
6.224000000000001e-07,167.2401137944132
6.226e-07,164.97174378881604
6.228e-07,162.52628701555682
6.23e-07,159.9019823233087
6.232e-07,157.09738099881798
6.234e-07,154.11135108609355
6.236e-07,150.94308100431033
6.238000000000001e-07,147.59208245685898
6.24e-07,144.058192625725
6.242e-07,140.34157564705006
6.244e-07,136.44272336554576
6.246e-07,132.3624553670844
6.248e-07,128.10191829062063
6.25e-07,123.6625844222554
6.252000000000001e-07,119.04624957603431
6.254e-07,114.25503026776693
6.256e-07,109.2913601898241
6.258e-07,104.15798599662087
6.26e-07,98.85796241201427
6.262e-07,93.394646671587
6.264e-07,87.77169231427213
6.266000000000001e-07,81.99304233940123
6.268e-07,76.06292174666065
6.27e-07,69.98582947797237
6.272e-07,63.76652978171711
6.274e-07,57.41004302097281
6.276e-07,50.92163594888689
6.278e-07,44.306811475390646
6.280000000000001e-07,37.5712979507192
6.282e-07,30.721037992296516
6.284e-07,23.76217688251168
6.286e-07,16.701050566033537
6.288e-07,9.544173275988463
6.29e-07,2.2982248193288797
6.292e-07,-5.029962447642163
6.294000000000001e-07,-12.433416921904684
6.296e-07,-19.90504130233365
6.298e-07,-27.43762635151778
6.3e-07,-35.023864837648965
6.302e-07,-42.65636562301306
6.304e-07,-50.32766786537146
6.306e-07,-58.03025529834881
6.308000000000001e-07,-65.75657055686838
6.31e-07,-73.49902951369553
6.312e-07,-81.25003559329181
6.314e-07,-89.00199402920461
6.316e-07,-96.74732603174627
6.318e-07,-104.4784828328012
6.32e-07,-112.18795957521066
6.322000000000001e-07,-119.86830901459834
6.324e-07,-127.51215500216475
6.326e-07,-135.11220571760262
6.328e-07,-142.66126662203624
6.33e-07,-150.15225310172534
6.332e-07,-157.57820277418793
6.334e-07,-164.93228742929625
6.336000000000001e-07,-172.20782457898815
6.338e-07,-179.39828859030675
6.34e-07,-186.49732137766196
6.342e-07,-193.498742631319
6.344e-07,-200.39655956058343
6.346e-07,-207.18497613125504
6.348e-07,-213.8584017784452
6.350000000000001e-07,-220.4114595771627
6.352e-07,-226.8389938546097
6.354e-07,-233.13607722956056
6.356e-07,-239.29801706571422
6.358e-07,-245.32036132749815
6.36e-07,-251.19890382836456
6.362e-07,-256.92968886318357
6.364000000000001e-07,-262.5090152179829
6.366000000000001e-07,-267.93343955190636
6.368e-07,-273.1997791478457
6.37e-07,-278.30511402993005
6.372e-07,-283.24678844756545
6.374e-07,-288.0224117274824
6.376e-07,-292.6298584967271
6.378000000000001e-07,-297.0672682812738
6.380000000000001e-07,-301.3330444864211
6.382e-07,-305.4258527667474
6.384e-07,-309.3446187949641
6.386e-07,-313.08852544042026
6.388e-07,-316.6570093696425
6.39e-07,-320.0497570825889
6.392000000000001e-07,-323.26670039977085
6.394000000000001e-07,-326.3080114167529
6.396e-07,-329.17409694379677
6.398e-07,-331.8655924497397
6.4e-07,-334.38335553033534
6.402e-07,-336.7284589224734
6.404e-07,-338.90218308673576
6.406000000000001e-07,-340.9060083818191
6.408000000000001e-07,-342.74160685524123
6.41e-07,-344.4108336756931
6.412e-07,-345.9157182331879
6.414e-07,-347.25845493386385
6.416e-07,-348.44139371706353
6.418e-07,-349.46703032278543
6.420000000000001e-07,-350.3379963382106
6.422000000000001e-07,-351.05704905240555
6.424e-07,-351.62706114863727
6.426e-07,-352.0510102640796
6.428e-07,-352.3319684468208
6.43e-07,-352.47309154022406
6.432e-07,-352.47760852473783
6.434000000000001e-07,-352.34881084718006
6.436000000000001e-07,-352.09004176741854
6.438e-07,-351.7046857521436
6.44e-07,-351.1961579451377
6.442e-07,-350.56789374310483
6.444e-07,-349.8233385056557
6.446e-07,-348.9659374275211
6.448000000000001e-07,-347.99912560049756
6.450000000000001e-07,-346.9263182919369
6.452e-07,-345.7509014658512
6.454e-07,-344.476222571923
6.456e-07,-343.1055816268055
6.458e-07,-341.6422226111761
6.46e-07,-340.0893252050075
6.462000000000001e-07,-338.4499968824452
6.464000000000001e-07,-336.7272653865919
6.466e-07,-334.9240716033132
6.468e-07,-333.04326285195395
6.47e-07,-331.0875866096395
6.472e-07,-329.05968468445735
6.474e-07,-326.96208785154226
6.476000000000001e-07,-324.79721096466204
6.478000000000001e-07,-322.567348554515
6.48e-07,-320.27467092349895
6.482e-07,-317.9212207452522
6.484e-07,-315.50891017580335
6.486e-07,-313.0395184816299
6.488e-07,-310.51469018847064
6.490000000000001e-07,-307.93593375316823
6.492000000000001e-07,-305.3046207593377
6.494e-07,-302.6219856361243
6.496e-07,-299.889125897783
6.498e-07,-297.1070029003647
6.5e-07,-294.276443110218
6.502e-07,-291.3981398776198
6.504000000000001e-07,-288.4726557073479
6.506000000000001e-07,-285.5004250166157
6.508e-07,-282.4817573693453
6.51e-07,-279.41684117443987
6.512e-07,-276.30574783435213
6.514e-07,-273.14843632897845
6.516e-07,-269.94475821864205
6.518e-07,-266.6944630487445
6.520000000000001e-07,-263.39720413752514
6.522e-07,-260.0525447272473
6.524e-07,-256.6599644780965
6.526e-07,-253.21886628315795
6.528e-07,-249.72858338179435
6.53e-07,-246.1883867480236
6.532e-07,-242.59749272962907
6.534000000000001e-07,-238.95507091305456
6.536e-07,-235.2602521884577
6.538e-07,-231.51213698874
6.54e-07,-227.70980367586682
6.542e-07,-223.85231704738274
6.544e-07,-219.93873693561267
6.546e-07,-215.96812687184536
6.548000000000001e-07,-211.93956278756403
6.55e-07,-207.85214172466155
6.552e-07,-203.70499052653966
6.554e-07,-199.49727448211368
6.556e-07,-195.22820589469674
6.558e-07,-190.89705254812617
6.56e-07,-186.50314604262007
6.562000000000001e-07,-182.04588997332155
6.564e-07,-177.52476792482543
6.566e-07,-172.93935125553736
6.568e-07,-168.2893066463066
6.57e-07,-163.57440338839245
6.572e-07,-158.79452038654114
6.574e-07,-153.94965285379553
6.576000000000001e-07,-149.03991867545585
6.578e-07,-144.06556442055273
6.58e-07,-139.02697098021545
6.582e-07,-133.92465881328877
6.584e-07,-128.75929278069663
6.586e-07,-123.53168655121338
6.588e-07,-118.24280656244684
6.590000000000001e-07,-112.89377552218167
6.592e-07,-107.48587543640343
6.594e-07,-102.02055015175348
6.596e-07,-96.49940740150305
6.598e-07,-90.92422034552271
6.6e-07,-85.29692859614967
6.602e-07,-79.61963872334991
6.604000000000001e-07,-73.89462423400815
6.606e-07,-68.12432502168278
6.608e-07,-62.31134628469218
6.61e-07,-56.4584569118864
6.612e-07,-50.568587336979256
6.614e-07,-44.64482686385415
6.616e-07,-38.69042046679338
6.618000000000001e-07,-32.70876507101755
6.62e-07,-26.7034053205156
6.622e-07,-20.678028841532488
6.624e-07,-14.636461011677365
6.626e-07,-8.582659245874517
6.628e-07,-2.5207068119588243
6.63e-07,3.545193809992025
6.632000000000001e-07,9.610728009124568
6.634e-07,15.671476549326137
6.636e-07,21.72292348073178
6.638e-07,27.760464437992923
6.64e-07,33.77941530489721
6.642e-07,39.775021223797516
6.644e-07,45.74246592725102
6.646000000000001e-07,51.67688136829902
6.648000000000001e-07,57.57335762483214
6.65e-07,63.42695305265015
6.652e-07,69.23270466100351
6.654e-07,74.98563868362059
6.656e-07,80.68078131766231
6.658e-07,86.31316960232665
6.660000000000001e-07,91.87786240839509
6.662000000000001e-07,97.3699515095234
6.664e-07,102.78457270570578
6.666e-07,108.11691696912726
6.668e-07,113.36224158226736
6.67e-07,118.51588123817405
6.672e-07,123.57325907259647
6.674000000000001e-07,128.52989759783875
6.676000000000001e-07,133.3814295082415
6.678e-07,138.1236083273984
6.68e-07,142.75231886753156
6.682e-07,147.26358747173558
6.684e-07,151.6535920103314
6.686e-07,155.918671602991
6.688000000000001e-07,160.0553360389648
6.690000000000001e-07,164.06027486833483
6.692e-07,167.93036613804674
6.694e-07,171.66268474721457
6.696e-07,175.25451039709193
6.698e-07,178.70333511211732
6.7e-07,182.00687030935478
6.702000000000001e-07,185.16305339483043
6.704000000000001e-07,188.17005386635597
6.706e-07,191.0262789036323
6.708e-07,193.73037842772163
6.71e-07,196.28124961320842
6.712e-07,198.678040837816
6.714e-07,200.920155055573
6.716000000000001e-07,203.0072525810938
6.718000000000001e-07,204.93925327400814
6.72e-07,206.71633811410072
6.722e-07,208.3389501592393
6.724e-07,209.80779487975227
6.726e-07,211.12383986450112
6.728e-07,212.28831389550203
6.730000000000001e-07,213.30270538956367
6.732000000000001e-07,214.1687602070421
6.734e-07,214.88847882944555
6.736e-07,215.464112909259
6.738e-07,215.8981611969787
6.74e-07,216.19336485198775
6.742e-07,216.3527021454955
6.744000000000001e-07,216.37938256537373
6.746000000000001e-07,216.27684033427934
6.748e-07,216.04872735402512
6.75e-07,215.69890559066
6.752e-07,215.23143891621794
6.754e-07,214.6505844245489
6.756e-07,213.9607832400441
6.758000000000001e-07,213.16665083945094
6.760000000000001e-07,212.27296690828047
6.762e-07,211.2846647545738
6.764e-07,210.2068203040221
6.766e-07,209.04464070158352
6.768e-07,207.80345254581272
6.77e-07,206.48868978319481
6.772000000000001e-07,205.1058812906827
6.774000000000001e-07,203.66063817557995
6.776e-07,202.1586408227043
6.778e-07,200.6056257195068
6.78e-07,199.00737209053804
6.782e-07,197.3696883731882
6.784e-07,195.69839856717587
6.786000000000001e-07,193.999328490694
6.788000000000001e-07,192.27829197645812
6.79e-07,190.54107704116237
6.792e-07,188.79343206206104
6.794e-07,187.04105199445527
6.796e-07,185.28956466389795
6.798e-07,183.5445171668536
6.800000000000001e-07,181.81136241337325
6.802000000000001e-07,180.09544584513117
6.804e-07,178.4019923618158
6.806e-07,176.73609348844573
6.808e-07,175.10269481573857
6.81e-07,173.50658374499605
6.812e-07,171.9523775683948
6.814000000000001e-07,170.44451191478151
6.816000000000001e-07,168.98722959026142
6.818e-07,167.58456984200456
6.82e-07,166.24035807269775
6.822e-07,164.95819603205123
6.824e-07,163.74145251066906
6.826e-07,162.5932545604008
6.828e-07,161.51647926409254
6.830000000000001e-07,160.5137460763348
6.832e-07,159.58740975546505
6.834e-07,158.73955390568747
6.836e-07,157.97198514671908
6.838e-07,157.28622792685394
6.84e-07,156.6835199938327
6.842e-07,156.16480853628948
6.844000000000001e-07,155.73074700696105
6.846e-07,155.38169263718612
6.848e-07,155.1177046505503
6.85e-07,154.93854318185402
6.852e-07,154.84366890585022
6.854e-07,154.83224337848958
6.856e-07,154.90313009166996
6.858000000000001e-07,155.05489624075022
6.86e-07,155.28581520234724
6.862e-07,155.59386971820123
6.864e-07,155.97675577916667
6.866e-07,156.4318872016699
6.868e-07,156.956400887276
6.87e-07,157.54716275433665
6.872000000000001e-07,158.20077432902568
6.874e-07,158.91357998146466
6.876e-07,159.68167479103977
6.878e-07,160.50091302345635
6.88e-07,161.36691720059545
6.882e-07,162.2750877427342
6.884e-07,163.22061316130805
6.886000000000001e-07,164.19848077902395
6.888e-07,165.20348795281524
6.89e-07,166.2302537739001
6.892e-07,167.27323121801797
6.894e-07,168.3267197177873
6.896e-07,169.38487812810837
6.898e-07,170.44173805452144
6.900000000000001e-07,171.49121751355113
6.902e-07,172.52713489324563
6.904e-07,173.54322318133367
6.906e-07,174.53314442779805
6.908e-07,175.49050440804265
6.91e-07,176.40886745233516
6.912e-07,177.28177140680646
6.914000000000001e-07,178.10274269091127
6.916e-07,178.8653114160435
6.918e-07,179.56302652983385
6.92e-07,180.1894709505545
6.922e-07,180.7382766561032
6.924e-07,181.20313969213396
6.926e-07,181.57783506406054
6.928000000000001e-07,181.8562314779848
6.930000000000001e-07,182.03230589592
6.932e-07,182.10015787114244
6.934e-07,182.0540236300552
6.936e-07,181.88828986751673
6.938e-07,181.5975072233332
6.94e-07,181.1764034083561
6.942000000000001e-07,180.61989594947792
6.944000000000001e-07,179.923104523777
6.946e-07,179.0813628530236
6.948e-07,178.09023013085215
6.95e-07,176.94550195606234
6.952e-07,175.64322074666066
6.954e-07,174.17968561057648
6.956000000000001e-07,172.55146165028123
6.958000000000001e-07,170.7553886799265
6.96e-07,168.7885893350447
6.962e-07,166.64847655633503
6.964e-07,164.33276043058868
6.966e-07,161.83945437337226
6.968e-07,159.16688063966438
6.970000000000001e-07,156.31367515031081
6.972000000000001e-07,153.27879162380128
6.974e-07,150.06150500456346
6.976e-07,146.66141418066232
6.978e-07,143.0784439855657
6.98e-07,139.31284648027855
6.982e-07,135.36520151398122
6.984000000000001e-07,131.23641656298454
6.986000000000001e-07,126.92772584960508
6.988e-07,122.44068874423971
6.99e-07,117.77718745569345
6.992e-07,112.93942401650526
6.994e-07,107.92991657169969
6.996e-07,102.75149498105505
6.998000000000001e-07,97.40729574663332
7.000000000000001e-07,91.90075627891596
7.002e-07,86.2356085164482
7.004e-07,80.41587191544185
7.006e-07,74.44584582728363
7.008e-07,68.33010128327932
7.01e-07,62.0734722074382
7.012000000000001e-07,55.6810460793632
7.014000000000001e-07,49.15815407064487
7.016e-07,42.51036067932565
7.018e-07,35.74345288818606
7.02e-07,28.863428873694367
7.022e-07,21.87648629345715
7.024e-07,14.789010180958478
7.026000000000001e-07,7.6075604772576995
7.028000000000001e-07,0.33885923012245556
7.03e-07,-7.010222508260426
7.032e-07,-14.432678053140794
7.034e-07,-21.921378696258735
7.036e-07,-29.46908751928528
7.038e-07,-37.06847337837051
7.040000000000001e-07,-44.712125026241814
7.042000000000001e-07,-52.39256533813794
7.044e-07,-60.10226560760576
7.046e-07,-67.8336598782828
7.048e-07,-75.57915927762674
7.05e-07,-83.33116631891798
7.052e-07,-91.08208913785727
7.054000000000001e-07,-98.82435563046728
7.056000000000001e-07,-106.55042745936234
7.058e-07,-114.25281389592384
7.06e-07,-121.92408546639479
7.062e-07,-129.5568873705862
7.064e-07,-137.1439526425608
7.066e-07,-144.67811502340993
7.068000000000001e-07,-152.1523215170771
7.070000000000001e-07,-159.55964460114436
7.072e-07,-166.8932940654054
7.074e-07,-174.1466284521928
7.076e-07,-181.31316607337226
7.078e-07,-188.3865955803309
7.08e-07,-195.36078606427571
7.082000000000001e-07,-202.22979666558427
7.084000000000001e-07,-208.9878856722367
7.086e-07,-215.62951908874382
7.088e-07,-222.14937865839107
7.09e-07,-228.54236932310388
7.092e-07,-234.80362610673785
7.094e-07,-240.92852040911083
7.096000000000001e-07,-246.91266569962727
7.098000000000001e-07,-252.7519226010041
7.1e-07,-258.4424033551138
7.102e-07,-263.9804756646592
7.104e-07,-269.36276590590666
7.106e-07,-274.5861617095011
7.108e-07,-279.64781390785834
7.110000000000001e-07,-284.54513784935756
7.112000000000001e-07,-289.27581408115407
7.114e-07,-293.83778840406353
7.116e-07,-298.2292713045331
7.118e-07,-302.448736770347
7.12e-07,-306.49492049825125
7.122e-07,-310.3668175032082
7.124e-07,-314.0636791404898
7.126000000000001e-07,-317.5850095533327
7.128e-07,-320.93056156023584
7.13e-07,-324.1003319974507
7.132e-07,-327.0945565334473
7.134e-07,-329.91370397357474
7.136e-07,-332.5584700742461
7.138e-07,-335.0297708872246
7.140000000000001e-07,-337.32873565572527
7.142e-07,-339.4566992850612
7.144e-07,-341.4151944116219
7.146e-07,-343.20594309486603
7.148e-07,-344.8308481578975
7.15e-07,-346.2919842029685
7.152e-07,-347.59158832901755
7.154000000000001e-07,-348.73205057893574
7.156e-07,-349.7159041448872
7.158e-07,-350.5458153604741
7.16e-07,-351.22457350892597
7.162e-07,-351.75508047690846
7.164e-07,-352.1403402837022
7.166e-07,-352.38344851575755
7.168000000000001e-07,-352.4875816966885
7.17e-07,-352.4559866227626
7.172e-07,-352.2919696939331
7.174e-07,-351.99888627025445
7.176e-07,-351.5801300833109
7.178e-07,-351.03912273199336
7.18e-07,-350.3793032915472
7.182000000000001e-07,-349.60411806437236
7.184e-07,-348.71701050050154
7.186e-07,-347.721411315061
7.188e-07,-346.62072882936275
7.19e-07,-345.4183395614824
7.192e-07,-344.1175790913657
7.194e-07,-342.7217332246325
7.196000000000001e-07,-341.2340294782516
7.198e-07,-339.6576289102909
7.2e-07,-337.9956183148309
7.202e-07,-336.25100280203367
7.204e-07,-334.42669878215327
7.206e-07,-332.52552737106936
7.208e-07,-330.55020823362304
7.210000000000001e-07,-328.50335387975
7.212000000000001e-07,-326.3874644270232
7.214e-07,-324.20492284184934
7.216e-07,-321.9579906701381
7.218e-07,-319.6488042668194
7.22e-07,-317.27937153210934
7.222e-07,-314.8515691609563
7.224000000000001e-07,-312.36714041057576
7.226000000000001e-07,-309.8276933895032
7.228e-07,-307.23469987003614
7.23e-07,-304.58949462445213
7.232e-07,-301.893275283857
7.234e-07,-299.1471027170152
7.236e-07,-296.3519019249893
7.238000000000001e-07,-293.50846344596306
7.240000000000001e-07,-290.61744526313447
7.242e-07,-287.67937520711024
7.244e-07,-284.6946538428432
7.246e-07,-281.66355782973733
7.248e-07,-278.58624374218897
7.25e-07,-275.4627523365335
7.252000000000001e-07,-272.2930132490892
7.254000000000001e-07,-269.0768501087148
7.256e-07,-265.81398604618107
7.258e-07,-262.50404958144475
7.26e-07,-259.1465808689254
7.262e-07,-255.74103827975895
7.264e-07,-252.28680529911642
7.266000000000001e-07,-248.78319771575457
7.268000000000001e-07,-245.22947108010956
7.27e-07,-241.62482840648534
7.272e-07,-237.96842809422782
7.274e-07,-234.25939204207106
7.276e-07,-230.49681392934536
7.278e-07,-226.67976763723811
7.280000000000001e-07,-222.80731578289766
7.282000000000001e-07,-218.8785183388165
7.284e-07,-214.89244130971116
7.286e-07,-210.84816543889855
7.288e-07,-206.74479491617043
7.29e-07,-202.58146605898816
7.292e-07,-198.35735593904263
7.294000000000001e-07,-194.0716909262872
7.296000000000001e-07,-189.72375512276503
7.298e-07,-185.31289865888624
7.3e-07,-180.8385458251704
7.302e-07,-176.30020301290318
7.304e-07,-171.69746643771256
7.306e-07,-167.0300296206309
7.308000000000001e-07,-162.29769060194266
7.310000000000001e-07,-157.50035886377765
7.312e-07,-152.63806193828128
7.314e-07,-147.71095167902985
7.316e-07,-142.71931017436265
7.318e-07,-137.6635552821739
7.32e-07,-132.54424576691633
7.322000000000001e-07,-127.36208602057046
7.324000000000001e-07,-122.11793035055285
7.326e-07,-116.8127868187273
7.328e-07,-111.44782061696586
7.33e-07,-106.02435696599258
7.332e-07,-100.54388352557592
7.334e-07,-95.00805230553406
7.336000000000001e-07,-89.41868106845008
7.338000000000001e-07,-83.77775421634627
7.34e-07,-78.08742315513126
7.342e-07,-72.35000613202294
7.344e-07,-66.5679875427638
7.346e-07,-60.7440167067908
7.348e-07,-54.88090611020123
7.350000000000001e-07,-48.98162911778368
7.352000000000001e-07,-43.049317156917404
7.354e-07,-37.087256377710176
7.356e-07,-31.098883795151906
7.358e-07,-25.0877829206906
7.36e-07,-19.05767889196884
7.362e-07,-13.012433111064677
7.364000000000001e-07,-6.956037402874372
7.366000000000001e-07,-0.8926077067913916
7.368e-07,5.173622683861133
7.37e-07,11.238310318845521
7.372e-07,17.297009207294707
7.374e-07,23.345178835007758
