time_s,voltage_V
0.0,0.0
2e-10,5.1117521814927045
4e-10,10.222020142609155
6e-10,15.329320093923194
8e-10,20.43216910778375
1e-09,25.52908554888957
1.2e-09,30.618589504488757
1.4000000000000001e-09,35.69920321407811
1.6e-09,40.76945149847759
1.8e-09,45.82786218815527
2e-09,50.872966550678406
2.2000000000000003e-09,55.903299717166576
2.4e-09,60.91740110762291
2.6e-09,65.91381485502022
2.8000000000000003e-09,70.89109022801848
3e-09,75.84778205219129
3.2e-09,80.78245112963877
3.4000000000000003e-09,85.69366465686522
3.6e-09,90.57999664080006
3.8e-09,95.44002831284143
4e-09,100.27234854080201
4.2e-09,105.07555423863766
4.4000000000000005e-09,109.84825077383982
4.6e-09,114.58905237237329
4.8e-09,119.29658252104215
5e-09,123.96947436716647
5.2e-09,128.60637111545415
5.4e-09,133.20592642195268
5.6000000000000005e-09,137.7668047849661
5.8e-09,142.28768193282403
6e-09,146.7672452083899
6.2e-09,151.2041939501969
6.4e-09,155.5972398701009
6.6e-09,159.94510742734087
6.8000000000000005e-09,164.24653419889768
7.000000000000001e-09,168.50027124604455
7.2e-09,172.70508347698197
7.4e-09,176.8597500054521
7.6e-09,180.96306450522883
7.8e-09,185.01383556037996
8e-09,189.01088701120005
8.2e-09,192.95305829571402
8.4e-09,196.83920478665127
8.600000000000001e-09,200.66819812379364
8.800000000000001e-09,204.4389265415997
9e-09,208.15029519201101
9.2e-09,211.8012264623463
9.4e-09,215.39066028819096
9.6e-09,218.9175544611916
9.8e-09,222.38088493166623
1e-08,225.77964610594137
1.02e-08,229.11285113833085
1.04e-08,232.37953221767094
1.06e-08,235.5787408483288
1.08e-08,238.70954812560228
1.1000000000000001e-08,241.77104500543172
1.1200000000000001e-08,244.76234256834493
1.1400000000000001e-08,247.68257227755916
1.16e-08,250.5308862311644
1.18e-08,253.30645740831585
1.2e-08,256.00847990936296
1.22e-08,258.63616918984593
1.24e-08,261.1887622882922
1.26e-08,263.6655180477452
1.28e-08,266.0657173309631
1.3e-08,268.38866322922314
1.32e-08,270.6336812646727
1.3400000000000001e-08,272.80011958616655
1.3600000000000001e-08,274.8873491585351
1.3800000000000001e-08,276.8947639452274
1.4000000000000001e-08,278.82178108427667
1.42e-08,280.667841057537
1.44e-08,282.43240785314185
1.46e-08,284.11496912113756
1.48e-08,285.7150363222465
1.5000000000000002e-08,287.23214486971654
1.52e-08,288.66585426421614
1.54e-08,290.0157482217352
1.56e-08,291.281434794455
1.58e-08,292.46254648455186
1.6e-08,293.55874035090227
1.62e-08,294.56969810865684
1.64e-08,295.4951262216561
1.66e-08,296.3347559876599
1.68e-08,297.0883436163664
1.7e-08,297.7556703001977
1.7200000000000002e-08,298.33654227783165
1.74e-08,298.83079089046095
1.7600000000000002e-08,299.2382726307646
1.78e-08,299.55886918457537
1.8e-08,299.79248746523325
1.82e-08,299.9390596406133
1.84e-08,299.9985431528213
1.86e-08,299.97092073055023
1.88e-08,299.8562003940953
1.9e-08,299.6544154530254
1.92e-08,299.36562449651126
1.9400000000000002e-08,298.9899113763138
1.96e-08,298.52738518243757
1.9800000000000002e-08,297.9781802114558
2e-08,297.3424559275171
2.0200000000000002e-08,296.6203969160437
2.04e-08,295.81221283013707
2.06e-08,294.9181383297034
2.08e-08,293.9384330133196
2.1e-08,292.87338134285733
2.12e-08,291.72329256088835
2.14e-08,290.4885006008948
2.16e-08,289.16936399030936
2.18e-08,287.7662657464161
2.2000000000000002e-08,286.27961326513895
2.22e-08,284.7098382027529
2.2400000000000002e-08,283.0573963505505
2.26e-08,281.3227675025007
2.2800000000000002e-08,279.5064553159386
2.3e-08,277.6089871653263
2.32e-08,275.63091398912724
2.34e-08,273.57281012983873
2.36e-08,271.4352731672292
2.38e-08,269.21892374482786
2.4e-08,266.92440538971846
2.42e-08,264.5523843256879
2.44e-08,262.1035492797854
2.4600000000000002e-08,259.5786112823473
2.48e-08,256.97830346054644
2.5000000000000002e-08,254.303380825525
2.52e-08,251.554620053174
2.5400000000000002e-08,248.73281925862156
2.56e-08,245.83879776449697
2.58e-08,242.8733958630363
2.6e-08,239.83747457209975
2.62e-08,236.73191538517173
2.64e-08,233.55762001541447
2.66e-08,230.31551013385214
2.6800000000000002e-08,227.00652710175905
2.7e-08,223.63163169733173
2.7200000000000002e-08,220.19180383672193
2.74e-08,216.688042289514
2.7600000000000002e-08,213.12136438872733
2.78e-08,209.49280573542967
2.8000000000000003e-08,205.80341989804487
2.82e-08,202.05427810644505
2.84e-08,198.24646894091404
2.86e-08,194.3810980160731
2.88e-08,190.45928765986096
2.9e-08,186.48217658766038
2.92e-08,182.4509195716674
2.9400000000000002e-08,178.3666871055977
2.96e-08,174.23066506482888
2.9800000000000002e-08,170.04405436207549
3.0000000000000004e-08,165.80807059869946
3.02e-08,161.52394371175396
3.04e-08,157.19291761686597
3.06e-08,152.81624984705974
3.08e-08,148.39521118762664
3.1e-08,143.93108530714593
3.12e-08,139.42516838476723
3.14e-08,134.87876873385775
3.16e-08,130.2932064221286
3.18e-08,125.66981288834596
3.2e-08,121.00993055574325
3.2200000000000004e-08,116.31491244224118
3.24e-08,111.58612176759407
3.26e-08,106.82493155757125
3.28e-08,102.03272424529456
3.3000000000000004e-08,97.21089126984165
3.32e-08,92.36083267223549
3.34e-08,87.48395668893568
3.36e-08,82.58167934295182
3.38e-08,77.65542403269403
3.4e-08,72.70662111868216
3.42e-08,67.73670750823571
3.4400000000000004e-08,62.74712623825973
3.46e-08,57.739326056253915
3.48e-08,52.71476099966056
3.5e-08,47.67488997368009
3.5200000000000004e-08,42.62117632766973
3.54e-08,37.555087430254744
3.56e-08,32.47809424326969
3.58e-08,27.391670894659892
3.6e-08,22.29729425046023
3.62e-08,17.196443485981085
3.64e-08,12.090599656322818
3.6600000000000003e-08,6.98124526634513
3.68e-08,1.869863840214928
3.7e-08,-3.242060509342564
3.72e-08,-8.353043511960914
3.7400000000000004e-08,-13.4616011705987
3.76e-08,-18.566250192423432
3.78e-08,-23.66550841949394
3.8e-08,-28.757895259109763
3.8200000000000005e-08,-33.84193211370957
3.84e-08,-38.91614281018726
3.86e-08,-43.979054028507164
3.8800000000000003e-08,-49.02919572948729
3.9e-08,-54.065101581633314
3.92e-08,-59.0853093868939
3.94e-08,-64.08836150521681
3.9600000000000004e-08,-69.07280527778084
3.98e-08,-74.03719344878209
4e-08,-78.98008458565194
4.02e-08,-83.90004349758254
4.0400000000000004e-08,-88.79564165224116
4.06e-08,-93.66545759055104
4.08e-08,-98.50807733941944
4.1e-08,-103.32209482228933
4.12e-08,-108.10611226740156
4.14e-08,-112.8587406136435
4.16e-08,-117.5785999138697
4.1800000000000004e-08,-122.26431973557493
4.2e-08,-126.91453955880655
4.22e-08,-131.52790917119694
4.24e-08,-136.10308906000398
4.2600000000000004e-08,-140.63875080104438
4.28e-08,-145.13357744440813
4.3e-08,-149.58626389684053
4.32e-08,-153.9955173006821
4.3400000000000005e-08,-158.36005740925538
4.36e-08,-162.67861695859023
4.38e-08,-166.94994203538087
4.4000000000000004e-08,-171.1727924410633
4.42e-08,-175.34594205191422
4.44e-08,-179.46817917506115
4.46e-08,-183.53830690030233
4.4800000000000004e-08,-187.5551434476355
4.5e-08,-191.51752251039335
4.52e-08,-195.42429359388552
4.54e-08,-199.27432234945007
4.5600000000000005e-08,-203.06649090381651
4.58e-08,-206.79969818368588
4.6e-08,-210.47286023543188
4.6200000000000003e-08,-214.08491053983207
4.64e-08,-217.634800321736
4.66e-08,-221.12149885458288
4.68e-08,-224.54399375967623
4.7000000000000004e-08,-227.9012913001341
4.72e-08,-231.19241666942355
4.74e-08,-234.41641427440197
4.76e-08,-237.57234801277636
4.7800000000000005e-08,-240.65930154490508
4.8e-08,-243.67637855986192
4.82e-08,-246.6227030356835
4.84e-08,-249.49741949372637
4.8600000000000005e-08,-252.29969324705917
4.88e-08,-255.02871064281706
4.9e-08,-257.6836792984511
4.9200000000000004e-08,-260.26382833179815
4.94e-08,-262.7684085849115
4.96e-08,-265.19669284158164
4.98e-08,-267.5479760384868
5.0000000000000004e-08,-269.82157546991124
5.02e-08,-272.0168309859723
5.04e-08,-274.1331051842974
5.06e-08,-276.1697835950971
5.0800000000000005e-08,-278.126274859579
5.1e-08,-280.0020109016513
5.12e-08,-281.79644709286674
5.1400000000000004e-08,-283.5090624105575
5.16e-08,-285.1393595891165
5.18e-08,-286.6868652643811
5.2e-08,-288.15113011107604
5.2200000000000004e-08,-289.5317289732774
5.24e-08,-290.8282609878583
5.26e-08,-292.04034970088173
5.28e-08,-293.1676431769052
5.3000000000000005e-08,-294.20981410116696
5.32e-08,-295.16655987462343
5.34e-08,-296.0376027018101
5.3600000000000004e-08,-296.82268967150065
5.38e-08,-297.52159283014095
5.4e-08,-298.1341092480364
5.42e-08,-298.6600610782735
5.4400000000000004e-08,-299.0992956083584
5.46e-08,-299.4516853045578
5.48e-08,-299.71712784892884
5.5e-08,-299.89554616902774
5.5200000000000005e-08,-299.9868884602878
5.54e-08,-299.99112820106154
5.56e-08,-299.908264160321
5.5800000000000003e-08,-299.73832039801533
5.6000000000000005e-08,-299.48134625808495
5.62e-08,-299.1374163541342
5.64e-08,-298.7066305477669
5.6600000000000004e-08,-298.18911391959114
5.68e-08,-297.58501673290186
5.7e-08,-296.8945143900505
5.72e-08,-296.1178073815169
5.7400000000000004e-08,-295.2551212276955
5.76e-08,-294.3067064134147
5.78e-08,-293.2728383152073
5.8e-08,-292.1538171213538
5.8200000000000005e-08,-290.94996774472133
5.84e-08,-289.6616397284239
5.86e-08,-288.28920714433036
5.8800000000000004e-08,-286.83306848445187
5.9e-08,-285.2936465452372
5.92e-08,-283.67138830481224
5.94e-08,-281.9667647931977
5.9600000000000004e-08,-280.18027095554334
5.98e-08,-278.3124255084189
6.000000000000001e-08,-276.36377078920185
6.02e-08,-274.3348725986074
6.04e-08,-272.22632003640564
6.06e-08,-270.0387253303743
6.08e-08,-267.7727236585349
6.1e-08,-265.4289729647264
6.12e-08,-263.0081537675681
6.140000000000001e-08,-260.51096896286793
6.16e-08,-257.93814361953366
6.18e-08,-255.29042476904544
6.2e-08,-252.56858118855214
6.22e-08,-249.77340317765382
6.24e-08,-246.90570232893387
6.26e-08,-243.96631129230968
6.28e-08,-240.95608353326958
6.300000000000001e-08,-237.8758930850644
6.32e-08,-234.7266342949286
6.34e-08,-231.5092215644016
6.36e-08,-228.2245890838288
6.38e-08,-224.87369056111345
6.4e-08,-221.45749894480434
6.42e-08,-217.9770061415951
6.440000000000001e-08,-214.43322272832046
6.46e-08,-210.82717765852993
6.48e-08,-207.15991796372626
6.5e-08,-203.43250844935594
6.52e-08,-199.6460313856382
6.54e-08,-195.80158619332178
6.56e-08,-191.90028912446402
6.580000000000001e-08,-187.9432729383223
6.600000000000001e-08,-183.93168657245147
6.62e-08,-179.8666948091051
6.64e-08,-175.74947793703518
6.66e-08,-171.5812314087906
6.68e-08,-167.36316549361234
6.7e-08,-163.09650492602515
6.72e-08,-158.782488550231
6.740000000000001e-08,-154.42236896040566
6.76e-08,-150.01741213700134
6.78e-08,-145.5688970791634
6.8e-08,-141.0781154333681
6.82e-08,-136.54637111838736
6.84e-08,-131.97497994668856
6.86e-08,-127.36526924238348
6.880000000000001e-08,-122.71857745583425
6.900000000000001e-08,-118.0362537750268
6.92e-08,-113.31965773382936
6.94e-08,-108.57015881724429
6.96e-08,-103.78913606377319
6.98e-08,-98.97797766500689
7e-08,-94.13808056255637
7.02e-08,-89.27085004244535
7.040000000000001e-08,-84.37769932707972
7.06e-08,-79.46004916491096
7.08e-08,-74.51932741791511
7.1e-08,-69.55696864700792
7.12e-08,-64.57441369551341
7.14e-08,-59.57310927080722
7.16e-08,-54.55450752425965
7.180000000000001e-08,-49.52006562959642
7.2e-08,-44.47124535980296
7.22e-08,-39.4095126626894
7.24e-08,-34.336337235248656
7.26e-08,-29.253192096921616
7.28e-08,-24.16155316190063
7.3e-08,-19.062898810589573
7.320000000000001e-08,-13.958709460350164
7.340000000000001e-08,-8.850467135656924
7.36e-08,-3.7396550377833013
7.38e-08,1.3722428858525133
7.4e-08,6.483742372557374
7.42e-08,11.593359275325568
7.44e-08,16.69960999376894
7.46e-08,21.80101190488594
7.480000000000001e-08,26.896083793548396
7.5e-08,31.983346282577774
7.52e-08,37.061322262291625
7.54e-08,42.12853731938645
7.56e-08,47.18352016504187
7.58e-08,52.22480306211461
7.6e-08,57.25092225130431
7.620000000000001e-08,62.26041837616175
7.640000000000001e-08,67.25183690681891
7.66e-08,72.22372856231956
7.68e-08,77.17464973142455
7.7e-08,82.10316289176956
7.72e-08,87.00783702725751
7.74e-08,91.88724804355931
7.760000000000001e-08,96.73997918160762
7.780000000000001e-08,101.56462142895845
7.8e-08,106.3597739289033
7.82e-08,111.12404438721683
7.84e-08,115.85604947641318
7.86e-08,120.5544152374029
7.88e-08,125.217777478427
7.9e-08,129.84478217115765
7.920000000000001e-08,134.4340858438456
7.94e-08,138.98435597140247
7.96e-08,143.49427136230779
7.98e-08,147.96252254222046
8e-08,152.3878121341918
8.02e-08,156.7688552353649
8.04e-08,161.1043797900509
8.060000000000001e-08,165.39312695907762
8.080000000000001e-08,169.63385148529844
8.1e-08,173.82532205515747
8.12e-08,177.9663216562093
8.14e-08,182.05564793048177
8.16e-08,186.0921135235874
8.18e-08,190.07454642947607
8.2e-08,194.0017903307335
8.220000000000001e-08,197.87270493432246
8.24e-08,201.68616630267212
8.26e-08,205.44106718001845
8.28e-08,209.13631731390112
8.3e-08,212.7708437717229
8.32e-08,216.34359125228104
8.34e-08,219.8535223921776
8.360000000000001e-08,223.2996180670242
8.380000000000001e-08,226.68087768734839
8.4e-08,229.9963194891189
8.42e-08,233.24498081880694
8.44e-08,236.42591841289527
8.46e-08,239.53820867176012
8.48e-08,242.58094792784152
8.500000000000001e-08,245.55325270802845
8.520000000000001e-08,248.45425999017849
8.54e-08,251.28312745370022
8.56e-08,254.03903372412566
8.58e-08,256.72117861159836
8.6e-08,259.32878334321396
8.62e-08,261.8610907891394
8.64e-08,264.317365682449
8.660000000000001e-08,266.69689483261317
8.680000000000001e-08,268.99898733257606
8.7e-08,271.22297475936307
8.72e-08,273.36821136816184
8.74e-08,275.4340742798158
8.76e-08,277.4199636616807
8.78e-08,279.32530290178835
8.800000000000001e-08,281.14953877626897
8.820000000000001e-08,282.89214160998176
8.84e-08,284.5526054303088
8.86e-08,286.13044811406655
8.88e-08,287.6252115274919
8.9e-08,289.03646165926415
8.92e-08,290.3637887465218
8.94e-08,291.6068073938388
8.960000000000001e-08,292.76515668512644
8.98e-08,293.8385002884265
9e-08,294.82652655356696
9.02e-08,295.7289486026511
9.04e-08,296.54550441335334
9.06e-08,297.27595689499935
9.08e-08,297.9200939574058
9.100000000000001e-08,298.47772857246184
9.120000000000001e-08,298.94869882843386
9.14e-08,299.3328679769768
9.16e-08,299.63012447284024
9.18e-08,299.84038200625525
9.2e-08,299.9635795279959
9.22e-08,299.99968126710405
9.240000000000001e-08,299.94867674127653
9.260000000000001e-08,299.8105807599082
9.28e-08,299.5854334197921
9.3e-08,299.27330009347713
9.32e-08,298.8742714102871
9.34e-08,298.38846323000564
9.36e-08,297.81601660923627
9.38e-08,297.1570977604455
9.400000000000001e-08,296.4118980037027
9.420000000000001e-08,295.5806337111293
9.44e-08,294.6635462440739
9.46e-08,293.6609018830324
9.48e-08,292.57299175033205
9.5e-08,291.40013172560236
9.52e-08,290.14266235405876
9.540000000000001e-08,288.8009487476234
9.560000000000001e-08,287.37538047891275
9.58e-08,285.8663714681246
9.6e-08,284.27435986285303
9.62e-08,282.59980791087173
9.64e-08,280.84320182591694
9.66e-08,279.005051646514
9.68e-08,277.0858910878853
9.700000000000001e-08,275.08627738698266
9.720000000000001e-08,273.0067911406925
9.74e-08,270.8480361372562
9.76e-08,268.61063918095704
9.78e-08,266.2952499101251
9.8e-08,263.90254060851237
9.82e-08,261.43320601009174
9.840000000000001e-08,258.88796309733686
9.860000000000001e-08,256.26755089304487
9.88e-08,253.5727302457567
9.9e-08,250.80428360884093
9.92e-08,247.9630148133053
9.94e-08,245.04974883440153
9.96e-08,242.06533155208916
9.980000000000001e-08,239.01062950542988
1.0000000000000001e-07,235.88652964098586
1.002e-07,232.69393905528872
1.004e-07,229.4337847314611
1.006e-07,226.1070132700631
1.008e-07,222.7145906142424
1.01e-07,219.25750176926692
1.012e-07,215.73675051652623
1.0140000000000001e-07,212.15335912207814
1.0160000000000001e-07,208.50836803982784
1.018e-07,204.8028356094303
1.02e-07,201.0378377489931
1.022e-07,197.21446764268222
1.024e-07,193.3338354233078
1.026e-07,189.39706784999467
1.0280000000000001e-07,185.4053079810218
1.0300000000000001e-07,181.3597148419288
1.032e-07,177.2614630889905
1.034e-07,173.11174266814683
1.036e-07,168.9117584695001
1.038e-07,164.66272997746617
1.04e-07,160.36589091669475
1.042e-07,156.0224888938504
1.0440000000000001e-07,151.63378503536333
1.0460000000000001e-07,147.20105362125784
1.048e-07,142.72558171515828
1.05e-07,138.2086687905834
1.052e-07,133.65162635363913
1.054e-07,129.0557775622183
1.056e-07,124.42245684181248
1.0580000000000001e-07,119.75300949805877
1.0600000000000001e-07,115.04879132612294
1.062e-07,110.31116821703696
1.064e-07,105.54151576110755
1.066e-07,100.74121884850811
1.068e-07,95.91167126716881
1.07e-07,91.05427529808227
1.0720000000000001e-07,86.17044130814803
1.0740000000000001e-07,81.2615873406646
1.076e-07,76.3291387035932
1.078e-07,71.37452755571415
1.08e-07,66.39919249079401
1.082e-07,61.40457811988247
1.084e-07,56.39213465186145
1.086e-07,51.36331747237337
1.0880000000000001e-07,46.3195867212419
1.0900000000000001e-07,41.262406868512166
1.092e-07,36.19324628923887
1.094e-07,31.113576837132793
1.096e-07,26.02487341720559
1.098e-07,20.92861355752025
1.1e-07,15.826276980187812
1.1020000000000001e-07,10.719345171721796
1.1040000000000001e-07,5.609300952880272
1.106e-07,0.4976280481258746
1.108e-07,-4.614189345184031
1.11e-07,-9.724666987739178
1.112e-07,-14.832321029230924
1.114e-07,-19.935668439195975
1.1160000000000001e-07,-25.033227437622582
1.1180000000000001e-07,-30.12351792518889
1.1200000000000001e-07,-35.20506191301805
1.122e-07,-40.276383951820065
1.124e-07,-45.336011560294075
1.126e-07,-50.38247565266893
1.128e-07,-55.41431096525996
1.13e-07,-60.43005648191646
1.1320000000000001e-07,-65.4282558582312
1.1340000000000001e-07,-70.40745784439822
1.136e-07,-75.36621670659078
1.138e-07,-80.30309264673566
1.14e-07,-85.2166522205641
1.142e-07,-90.10546875381976
1.144e-07,-94.96812275650164
1.1460000000000001e-07,-99.80320233501637
1.1480000000000001e-07,-104.60930360212934
1.1500000000000001e-07,-109.38503108459139
1.152e-07,-114.12899812831712
1.154e-07,-118.83982730101019
1.156e-07,-123.51615079210313
1.158e-07,-128.15661080991123
1.16e-07,-132.7598599758695
1.1620000000000001e-07,-137.32456171575421
1.1640000000000001e-07,-141.8493906477597
1.166e-07,-146.3330329673305
1.168e-07,-150.7741868286314
1.17e-07,-155.17156272254334
1.172e-07,-159.52388385107713
1.174e-07,-163.82988649809874
1.1760000000000001e-07,-168.08832039625602
1.1780000000000001e-07,-172.29794908999716
1.18e-07,-176.4575502945821
1.182e-07,-180.56591625097965
1.184e-07,-184.62185407654468
1.186e-07,-188.62418611137622
1.188e-07,-192.57175026025723
1.1900000000000001e-07,-196.4634003300755
1.1920000000000001e-07,-200.29800636262328
1.194e-07,-204.07445496268733
1.196e-07,-207.79164962132924
1.198e-07,-211.44851103425893
1.2000000000000002e-07,-215.04397741521893
1.202e-07,-218.57700480427553
1.204e-07,-222.0465673709399
1.206e-07,-225.451657712022
1.208e-07,-228.791287144132
1.21e-07,-232.06448599075387
1.212e-07,-235.27030386379064
1.2140000000000002e-07,-238.40780993951748
1.216e-07,-241.4760932288476
1.218e-07,-244.47426284184453
1.22e-07,-247.4014482463949
1.222e-07,-250.25679952097053
1.224e-07,-253.0394876014094
1.226e-07,-255.74870452163483
1.2280000000000001e-07,-258.3836636482558
1.23e-07,-260.94359990896623
1.232e-07,-263.42777001468966
1.234e-07,-265.83545267539535
1.236e-07,-268.1659488095277
1.238e-07,-270.41858174698956
1.24e-07,-272.59269742561355
1.2420000000000001e-07,-274.6876645810753
1.244e-07,-276.70287493018117
1.2460000000000002e-07,-278.6377433474881
1.248e-07,-280.4917080351955
1.25e-07,-282.2642306862674
1.252e-07,-283.95479664073196
1.254e-07,-285.56291503511386
1.256e-07,-287.0881189449611
1.258e-07,-288.5299655204167
1.2600000000000002e-07,-289.8880361148035
1.262e-07,-291.1619364061791
1.264e-07,-292.35129651182956
1.266e-07,-293.4557710956667
1.268e-07,-294.47503946849696
1.27e-07,-295.4088056811365
1.272e-07,-296.25679861034007
1.2740000000000002e-07,-297.0187720375237
1.276e-07,-297.6945047202548
1.278e-07,-298.28380045649135
1.28e-07,-298.7864881415499
1.282e-07,-299.2024218177863
1.284e-07,-299.5314807169757
1.286e-07,-299.7735692953776
1.2880000000000002e-07,-299.92861726147805
1.29e-07,-299.9965795963983
1.292e-07,-299.977436566967
1.294e-07,-299.87119373144935
1.296e-07,-299.6778819379333
1.298e-07,-299.3975573153729
1.3e-07,-299.03030125729083
1.3020000000000001e-07,-298.5762203981452
1.304e-07,-298.0354465823683
1.306e-07,-297.40813682608444
1.308e-07,-296.6944732715199
1.31e-07,-295.8946631341171
1.312e-07,-295.00893864236815
1.314e-07,-294.0375569703877
1.3160000000000001e-07,-292.98080016323917
1.318e-07,-291.83897505504353
1.3200000000000002e-07,-290.6124131798875
1.322e-07,-289.30147067556175
1.324e-07,-287.90652818015434
1.326e-07,-286.42799072153053
1.328e-07,-284.86628759973223
1.33e-07,-283.2218722623269
1.332e-07,-281.49522217274915
1.3340000000000002e-07,-279.68683867166516
1.336e-07,-277.79724683140756
1.338e-07,-275.8269953035173
1.34e-07,-273.77665615944056
1.342e-07,-271.64682472442587
1.344e-07,-269.43811940466713
1.346e-07,-267.151181507749
1.3480000000000002e-07,-264.78667505643745
1.35e-07,-262.3452865958804
1.352e-07,-259.8277249942642
1.354e-07,-257.23472123699145
1.356e-07,-254.56702821443682
1.358e-07,-251.8254205033396
1.36e-07,-249.0106941419056
1.3620000000000002e-07,-246.12366639866931
1.364e-07,-243.16517553520026
1.366e-07,-240.13608056270738
1.368e-07,-237.03726099262207
1.37e-07,-233.86961658122905
1.372e-07,-230.63406706841562
1.374e-07,-227.33155191062482
1.3760000000000001e-07,-223.96303000807535
1.378e-07,-220.52947942634472
1.3800000000000002e-07,-217.03189711238014
1.382e-07,-213.47129860503358
1.384e-07,-209.8487177401928
1.386e-07,-206.16520635060343
1.388e-07,-202.42183396046588
1.3900000000000001e-07,-198.61968747489098
1.392e-07,-194.75987086431687
1.3940000000000002e-07,-190.84350484396066
1.396e-07,-186.87172654841848
1.398e-07,-182.8456892014901
1.4e-07,-178.76656178133632
1.402e-07,-174.63552868106225
1.404e-07,-170.4537893648199
1.406e-07,-166.2225580195436
1.4080000000000002e-07,-161.94306320239923
1.41e-07,-157.61654748407224
1.412e-07,-153.24426708797824
1.414e-07,-148.82749152551403
1.416e-07,-144.36750322745078
1.418e-07,-139.86559717157058
1.42e-07,-135.32308050666944
1.4220000000000002e-07,-130.74127217301427
1.424e-07,-126.12150251938805
1.426e-07,-121.4651129168134
1.428e-07,-116.77345536908082
1.43e-07,-112.04789212018976
1.432e-07,-107.28979525881138
1.434e-07,-102.5005463199005
1.4360000000000002e-07,-97.68153588355605
1.438e-07,-92.834163171266
1.44e-07,-87.95983563963036
1.442e-07,-83.0599685717035
1.444e-07,-78.13598466606119
1.446e-07,-73.18931362371013
1.448e-07,-68.22139173297188
1.4500000000000001e-07,-63.23366145244539
1.452e-07,-58.22757099218885
1.4540000000000002e-07,-53.20457389321808
1.456e-07,-48.16612860547059
1.458e-07,-43.11369806433376
1.46e-07,-38.04874926587665
1.462e-07,-32.9727528409025
1.4640000000000001e-07,-27.887182627940295
1.466e-07,-22.793515245315366
1.4680000000000002e-07,-17.693229662399197
1.47e-07,-12.587806770190326
1.472e-07,-7.4787289513266915
1.474e-07,-2.3674796496707247
1.476e-07,2.7444570604136884
1.478e-07,7.855596904973179
1.48e-07,12.964455841424162
1.4820000000000002e-07,18.069550489458766
1.484e-07,23.169398561744636
1.486e-07,28.262519294318025
1.488e-07,33.34743387652871
1.49e-07,38.42266588041776
1.492e-07,43.486741689408795
1.494e-07,48.538190926175
1.4960000000000002e-07,53.57554687957455
1.498e-07,58.597346930510575
1.5e-07,63.602132976616
1.502e-07,68.5884518556165
1.504e-07,73.55485576726174
1.506e-07,78.49990269370437
1.508e-07,83.4221568181922
1.5100000000000002e-07,88.32018894196885
1.512e-07,93.19257689924186
1.514e-07,98.03790597012156
1.516e-07,102.85476929138797
1.518e-07,107.64176826497871
1.52e-07,112.39751296408195
1.522e-07,117.12062253670385
1.5240000000000001e-07,121.8097256066097
1.526e-07,126.46346067150331
1.5280000000000002e-07,131.08047649835217
1.53e-07,135.6594325157183
1.532e-07,140.198999203003
1.534e-07,144.69785847647793
1.536e-07,149.15470407199496
1.5380000000000001e-07,153.56824192426944
1.54e-07,157.93719054261405
1.5420000000000002e-07,162.26028138302962
1.544e-07,166.5362592165271
1.546e-07,170.76388249359488
1.548e-07,174.9419237046852
1.55e-07,179.06916973662615
1.5520000000000001e-07,183.14442222485772
1.554e-07,187.1664979013788
1.5560000000000002e-07,191.13422893831836
1.558e-07,195.0464632870144
1.56e-07,198.90206501252203
1.562e-07,202.69991462343424
1.564e-07,206.43890939693074
1.566e-07,210.117963698961
1.568e-07,213.73600929946028
1.5700000000000002e-07,217.29199568251812
1.572e-07,220.78489035139611
1.574e-07,224.21367912832275
1.576e-07,227.57736644896193
1.578e-07,230.874975651479
1.58e-07,234.1055492601211
1.582e-07,237.26814926322228
1.5840000000000002e-07,240.36185738556196
1.586e-07,243.38577535498672
1.588e-07,246.33902516323178
1.59e-07,249.22074932085226
1.592e-07,252.03011110619886
1.594e-07,254.76629480836556
1.596e-07,257.4285059640328
1.5980000000000001e-07,260.01597158814576
1.6e-07,262.52794039835186
1.6020000000000002e-07,264.96368303314125
1.604e-07,267.32249226361733
1.606e-07,269.6036831988472
1.608e-07,271.8065934847206
1.61e-07,273.93058349626773
1.6120000000000001e-07,275.97503652337815
1.614e-07,277.939358949864
1.6160000000000002e-07,279.8229804258209
1.618e-07,281.6253540332293
1.62e-07,283.34595644475706
1.622e-07,284.9842880757085
1.624e-07,286.5398732290809
1.6260000000000001e-07,288.0122602336864
1.628e-07,289.40102157529543
1.6300000000000002e-07,290.7057540207688
1.632e-07,291.92607873513657
1.634e-07,293.0616413915964
1.636e-07,294.1121122743927
1.638e-07,295.07718637455105
1.64e-07,295.9565834784398
1.642e-07,296.75004824913054
1.6440000000000002e-07,297.4573503005368
1.646e-07,298.07828426430734
1.648e-07,298.6126698494561
1.65e-07,299.06035189471044
1.652e-07,299.4212004135627
1.654e-07,299.69511063201276
1.656e-07,299.8820030189891
1.6580000000000002e-07,299.9818233094416
1.66e-07,299.9945425200972
1.6620000000000002e-07,299.92015695787546
1.664e-07,299.7586882209611
1.666e-07,299.5101831925325
1.668e-07,299.17471402714904
1.67e-07,298.752378129801
1.6720000000000001e-07,298.24329812762704
1.674e-07,297.6476218343095
1.6760000000000002e-07,296.96552220715535
1.678e-07,296.1971972968781
1.68e-07,295.3428701900919
1.682e-07,294.40278894453786
1.684e-07,293.3772265170597
1.6860000000000001e-07,292.26648068434855
1.688e-07,291.0708739564833
1.6900000000000002e-07,289.790753483287
1.692e-07,288.42649095353204
1.694e-07,286.9784824870169
1.696e-07,285.44714851955183
1.698e-07,283.83293368088374
1.7000000000000001e-07,282.136306665595
1.702e-07,280.35776009701686
1.7040000000000002e-07,278.4978103841931
1.706e-07,276.55699757193923
1.708e-07,274.5358851840373
1.71e-07,272.43506005961393
1.712e-07,270.2551321827512
1.714e-07,267.9967345053713
1.716e-07,265.6605227634596
1.7180000000000002e-07,263.247175286666
1.72e-07,260.75739280135116
1.722e-07,258.19189822712553
1.724e-07,255.55143646694697
1.726e-07,252.83677419083648
1.728e-07,250.04869961326878
1.73e-07,247.18802226431393
1.7320000000000002e-07,244.255572754584
1.734e-07,241.25220253406388
1.7360000000000002e-07,238.1787836448862
1.738e-07,235.03620846813382
1.74e-07,231.82538946472854
1.742e-07,228.54725891049642
1.744e-07,225.20276862547794
1.7460000000000001e-07,221.7928896975603
1.748e-07,218.31861220052033
1.7500000000000002e-07,214.7809449065495
1.752e-07,211.18091499335472
1.754e-07,207.5195677459115
1.756e-07,203.79796625295987
1.758e-07,200.017191098334
1.7600000000000001e-07,196.17834004720703
1.762e-07,192.28252772735303
1.7640000000000002e-07,188.33088530550663
1.766e-07,184.32456015892666
1.768e-07,180.26471554224742
1.77e-07,176.1525302497231
1.772e-07,171.98919827296243
1.7740000000000001e-07,167.7759284542424
1.776e-07,163.51394413552052
1.7780000000000002e-07,159.20448280322807
1.78e-07,154.84879572896384
1.782e-07,150.4481476061786
1.784e-07,146.00381618296652
1.786e-07,141.51709189106847
1.788e-07,136.98927747118339
1.79e-07,132.42168759471713
1.7920000000000002e-07,127.8156484820574
1.794e-07,123.17249751750356
1.796e-07,118.49358286094767
1.798e-07,113.78026305643107
1.8e-07,109.03390663768845
1.802e-07,104.25589173078144
1.804e-07,99.44760565395951
1.8060000000000002e-07,94.61044451484128
1.808e-07,89.74581280505231
1.8100000000000002e-07,84.85512299242069
1.812e-07,79.93979511086461
1.814e-07,75.0012563480755
1.816e-07,70.04094063112872
1.818e-07,65.06028821013984
1.8200000000000002e-07,60.06074524007489
1.822e-07,55.04376336085888
1.8240000000000002e-07,50.01079927588094
1.826e-07,44.963314329038035
1.828e-07,39.90277408042351
1.83e-07,34.830647880796114
1.832e-07,29.74840844495108
1.8340000000000001e-07,24.657531424103837
1.836e-07,19.55949497743435
1.8380000000000002e-07,14.455779342892145
1.84e-07,9.34786640740676
1.842e-07,4.2372392766114775
1.844e-07,-0.8746181557820804
1.846e-07,-5.986221638835448
1.8480000000000001e-07,-11.096086995349234
1.85e-07,-16.20273055279429
1.8520000000000002e-07,-21.304669574107525
1.854e-07,-26.400422688207097
1.856e-07,-31.488510320118877
1.858e-07,-36.56745512057674
1.86e-07,-41.63578239497383
1.862e-07,-46.69202053155375
1.864e-07,-51.73470142869334
1.8660000000000002e-07,-56.76236092117734
1.868e-07,-61.77353920532122
1.87e-07,-66.76678126283544
1.872e-07,-71.740637283295
1.874e-07,-76.69366308509693
1.876e-07,-81.62442053478911
1.878e-07,-86.53147796463259
1.8800000000000002e-07,-91.41341058830052
1.882e-07,-96.26880091456314
1.8840000000000002e-07,-101.09623915886993
1.886e-07,-105.89432365268279
1.888e-07,-110.66166125045788
1.89e-07,-115.3968677341528
1.892e-07,-120.09856821513651
1.8940000000000002e-07,-124.76539753340045
1.896e-07,-129.39600065393495
1.8980000000000002e-07,-133.98903306017172
1.9e-07,-138.5431611443665
1.902e-07,-143.0570625948239
1.904e-07,-147.52942677983353
1.906e-07,-151.95895512821528
1.9080000000000001e-07,-156.3443615063708
1.91e-07,-160.68437259171446
1.9120000000000002e-07,-164.9777282423903
1.914e-07,-169.22318186315613
1.916e-07,-173.4195007673437
1.918e-07,-177.56546653477193
1.92e-07,-181.6598753655183
1.9220000000000001e-07,-185.70153842945274
1.924e-07,-189.6892822114163
1.9260000000000002e-07,-193.62194885195848
1.928e-07,-197.49839648352344
1.93e-07,-201.31749956200153
1.932e-07,-205.07814919353345
1.934e-07,-208.77925345648046
1.936e-07,-212.41973771847333
1.938e-07,-215.9985449484336
1.9400000000000002e-07,-219.51463602348892
1.942e-07,-222.96699003068406
1.9440000000000002e-07,-226.35460456341283
1.946e-07,-229.67649601246546
1.948e-07,-232.9316998516291
1.95e-07,-236.11927091773944
1.952e-07,-239.23828368511388
1.9540000000000002e-07,-242.28783253428273
1.956e-07,-245.2670320149373
1.9580000000000002e-07,-248.17501710302898
1.96e-07,-251.01094345192772
1.962e-07,-253.77398763758637
1.964e-07,-256.463347397623
1.966e-07,-259.07824186426217
1.9680000000000002e-07,-261.61791179106376
1.97e-07,-264.08161977337153
1.9720000000000002e-07,-266.4686504624258
1.974e-07,-268.7783107730638
1.976e-07,-271.00993008496386
1.978e-07,-273.16286043736073
1.98e-07,-275.23647671718476
1.9820000000000001e-07,-277.2301768405665
1.984e-07,-279.14338192765297
1.9860000000000002e-07,-280.97553647069077
1.988e-07,-282.7261084953172
1.99e-07,-284.39458971502404
1.992e-07,-285.9804956787394
1.994e-07,-287.4833659114905
1.9960000000000001e-07,-288.9027640481054
1.998e-07,-290.23827795991156
2.0000000000000002e-07,-291.48951987440205
2.002e-07,-292.6561264878252
2.004e-07,-293.73775907067187
2.006e-07,-294.7341035660276
2.008e-07,-295.64487068075937
2.01e-07,-296.46979596951456
2.012e-07,-297.20863991150253
2.0140000000000002e-07,-297.86118798004173
2.016e-07,-298.42725070484767
2.0180000000000002e-07,-298.90666372704686
2.02e-07,-299.2992878468989
2.022e-07,-299.605009064214
2.024e-07,-299.82373861145345
2.026e-07,-299.9554129795033
2.0280000000000002e-07,-299.99999393611506
2.03e-07,-299.9574685370063
2.0320000000000002e-07,-299.827849129619
2.034e-07,-299.6111733495346
2.036e-07,-299.3075041095464
2.038e-07,-298.9169295813922
2.04e-07,-298.4395631701537
2.0420000000000002e-07,-297.87554348132835
2.044e-07,-297.225034280585
2.0460000000000002e-07,-296.4882244462134
2.048e-07,-295.66532791428335
2.05e-07,-294.7565836165263
2.052e-07,-293.76225541096085
2.054e-07,-292.68263200528116
2.0560000000000001e-07,-291.5180268730282
2.058e-07,-290.2687781625717
2.0600000000000002e-07,-288.93524859892744
2.062e-07,-287.51782537843883
2.064e-07,-286.0169200563514
2.066e-07,-284.43296842731655
2.068e-07,-282.76643039885784
2.0700000000000001e-07,-281.0177898578323
2.072e-07,-279.1875545299337
2.0740000000000002e-07,-277.2762558322707
2.076e-07,-275.2844487190695
2.078e-07,-273.21271152053777
2.08e-07,-271.06164577494513
2.082e-07,-268.83187605396523
2.084e-07,-266.52404978132563
2.086e-07,-264.1388370448273
2.0880000000000002e-07,-261.67693040178085
2.09e-07,-259.13904467792094
2.0920000000000002e-07,-256.52591675985036
2.094e-07,-253.8383053810853
2.096e-07,-251.0769909017504
2.098e-07,-248.2427750819995
2.1e-07,-245.33648084922055
2.1020000000000002e-07,-242.3589520590941
2.104e-07,-239.31105325057885
2.1060000000000002e-07,-236.19366939488475
2.108e-07,-233.00770563852024
2.11e-07,-229.75408704047828
2.112e-07,-226.4337583036406
2.114e-07,-223.0476835004815
2.1160000000000002e-07,-219.5968457931405
2.118e-07,-216.0822471479622
2.1200000000000002e-07,-212.5049080445658
2.122e-07,-208.86586717954728
2.124e-07,-205.16618116488817
2.126e-07,-201.40692422116294
2.128e-07,-197.58918786563711
2.1300000000000001e-07,-193.714080595335
2.132e-07,-189.78272756518868
2.1340000000000002e-07,-185.79627026133886
2.136e-07,-181.7558661697022
2.138e-07,-177.6626884398892
2.14e-07,-173.51792554457424
2.142e-07,-169.32278093442054
2.1440000000000001e-07,-165.07847268864666
2.146e-07,-160.7862331613587
2.1480000000000002e-07,-156.44730862372472
2.15e-07,-152.06295890211757
2.152e-07,-147.63445701231777
2.154e-07,-143.16308878988687
2.156e-07,-138.65015251682271
2.1580000000000001e-07,-134.09695854459105
2.16e-07,-129.50482891366659
2.1620000000000002e-07,-124.87509696966578
2.164e-07,-120.20910697620785
2.1660000000000002e-07,-115.50821372459967
2.168e-07,-110.77378214047012
2.17e-07,-106.00718688745162
2.172e-07,-101.20981196804347
2.174e-07,-96.38305032176333
2.1760000000000002e-07,-91.52830342069498
2.178e-07,-86.6469808625686
2.1800000000000002e-07,-81.74049996147556
2.182e-07,-76.81028533634908
2.184e-07,-71.85776849731346
2.186e-07,-66.8843874300417
2.188e-07,-61.89158617823299
2.1900000000000002e-07,-56.88081442432187
2.192e-07,-51.853527068560524
2.1940000000000002e-07,-46.811183806579805
2.196e-07,-41.75524870556421
2.198e-07,-36.68718977914707
2.2e-07,-31.608478561169253
2.202e-07,-26.520589678415874
2.2040000000000001e-07,-21.425000422445354
2.206e-07,-16.32319032065539
2.2080000000000002e-07,-11.216640706693344
2.21e-07,-6.106834290348577
2.212e-07,-0.9952547270345631
2.214e-07,4.11661381299291
2.216e-07,9.227287075572361
2.2180000000000001e-07,14.335281153597588
2.22e-07,19.439112917872553
2.2220000000000002e-07,24.537300447752102
2.224e-07,29.628363461415834
2.2260000000000002e-07,34.710823745682056
2.228e-07,39.78320558520941
2.23e-07,44.84403619097858
2.2320000000000001e-07,49.89184612792429
2.234e-07,54.925169741588235
2.2360000000000002e-07,59.94254558368578
2.238e-07,64.94251683643579
2.2400000000000002e-07,69.92363173556151
2.242e-07,74.88444399181276
2.244e-07,79.82351321090354
2.246e-07,84.73940531173818
2.248e-07,89.630692942799
2.2500000000000002e-07,94.49595589659161
2.252e-07,99.33378152200035
2.2540000000000002e-07,104.14276513446504
2.256e-07,108.92151042383341
2.258e-07,113.66862985978722
2.26e-07,118.38274509471877
2.262e-07,123.06248736393657
2.2640000000000002e-07,127.70649788309915
2.266e-07,132.31342824273648
2.2680000000000002e-07,136.88194079977356
2.27e-07,141.4107090659172
2.272e-07,145.89841809280892
2.274e-07,150.3437648538271
2.276e-07,154.74545862242294
2.2780000000000001e-07,159.10222134689513
2.28e-07,163.41278802147073
2.2820000000000002e-07,167.67590705361167
2.284e-07,171.89034062741655
2.286e-07,176.05486506302728
2.288e-07,180.16827117193054
2.29e-07,184.22936460804797
2.2920000000000001e-07,188.23696621452598
2.294e-07,192.18991236610225
2.2960000000000002e-07,196.08705530697566
2.298e-07,199.92726348405907
2.3000000000000002e-07,203.70942187553229
2.302e-07,207.43243231459078
2.304e-07,211.0952138083079
2.3060000000000001e-07,214.69670285150391
2.308e-07,218.2358537355371
2.3100000000000002e-07,221.71163885193457
2.312e-07,225.12304899076005
2.3140000000000002e-07,228.4690936336441
2.316e-07,231.7488012413825
2.318e-07,234.96121953603165
2.32e-07,238.1054157774037
2.322e-07,241.1804770338933
2.3240000000000002e-07,244.1855104475489
2.326e-07,247.11964349332186
2.3280000000000002e-07,249.98202423240622
2.33e-07,252.77182155960105
2.332e-07,255.4882254446294
2.334e-07,258.1304471673316
2.336e-07,260.6977195466747
2.3380000000000002e-07,263.18929716350704
2.34e-07,265.60445657699233
2.3420000000000002e-07,267.9424965346674
2.344e-07,270.2027381760501
2.346e-07,272.3845252297529
2.348e-07,274.4872242040323
2.35e-07,276.51022457072656
2.3520000000000001e-07,278.4529389425256
2.354e-07,280.31480324352015
2.3560000000000002e-07,282.09527687298635
2.358e-07,283.7938428623486
2.36e-07,285.4100080252864
2.362e-07,286.9433031009316
2.364e-07,288.393282890121
2.3660000000000001e-07,289.75952638466185
2.368e-07,291.041636889573
2.3700000000000002e-07,292.23924213826825
2.372e-07,293.3519944006441
2.3740000000000002e-07,294.37957058404635
2.376e-07,295.3216723270803
2.378e-07,296.178026086242
2.3800000000000001e-07,296.94838321534274
2.382e-07,297.63252003770384
2.3840000000000002e-07,298.23023791110353
2.3860000000000003e-07,298.74136328545245
2.388e-07,299.1657477531855
2.39e-07,299.5032680923521
2.392e-07,299.7538263023945
2.394e-07,299.9173496326027
2.396e-07,299.99379060323776
2.398e-07,299.98312701931803
2.4000000000000003e-07,299.8853619770634
2.402e-07,299.7005238629962
2.404e-07,299.42866634569924
2.406e-07,299.06986836023276
2.408e-07,298.62423408521556
2.41e-07,298.0918929125756
2.412e-07,297.47299940998124
2.4140000000000003e-07,296.7677332759616
2.416e-07,295.97629928772983
2.418e-07,295.0989272417256
2.42e-07,294.1358718868924
2.422e-07,293.08741285071085
2.424e-07,291.9538545580054
2.426e-07,290.7355261425563
2.4280000000000003e-07,289.43278135153133
2.43e-07,288.04599844277607
2.432e-07,286.5755800749828
2.434e-07,285.02195319077777
2.436e-07,283.38556889275804
2.438e-07,281.66690231250755
2.44e-07,279.8664524726459
2.4420000000000003e-07,277.9847421419302
2.444e-07,276.0223176834709
2.446e-07,273.9797488960876
2.448e-07,271.857628848871
2.45e-07,269.6565737089803
2.452e-07,267.3772225627332
2.454e-07,265.0202372300502
2.4560000000000003e-07,262.58630207228697
2.458e-07,260.0761237935315
2.46e-07,257.49043123540326
2.462e-07,254.82997516543776
2.464e-07,252.09552805909436
2.466e-07,249.2878838754614
2.468e-07,246.40785782673368
2.4700000000000003e-07,243.45628614150516
2.472e-07,240.43402582197226
2.474e-07,237.34195439509173
2.476e-07,234.1809696577951
2.4780000000000004e-07,230.95198941630468
2.48e-07,227.65595121964395
2.482e-07,224.29381208741768
2.4840000000000003e-07,220.8665482319356
2.486e-07,217.37515477476853
2.488e-07,213.8206454578022
2.49e-07,210.20405234890202
2.4920000000000003e-07,206.52642554224298
2.494e-07,202.78883285340856
2.496e-07,198.99235950934838
2.4980000000000003e-07,195.13810783327585
2.5e-07,191.22719692460785
2.502e-07,187.26076233402
2.504e-07,183.23995573374523
2.5060000000000003e-07,179.16594458317465
2.508e-07,175.0399117898797
2.51e-07,170.86305536615185
2.512e-07,166.63658808115295
2.514e-07,162.3617371087863
2.516e-07,158.03974367137158
2.518e-07,153.67186267926195
2.5200000000000003e-07,149.25936236646874
2.522e-07,144.80352392242312
2.524e-07,140.30564111997978
2.526e-07,135.767019939762
2.528e-07,131.18897819096938
2.53e-07,126.57284512873514
2.532e-07,121.91996106818355
2.5340000000000003e-07,117.2316769952566
2.536e-07,112.50935417444808
2.538e-07,107.75436375355719
2.54e-07,102.96808636556771
2.542e-07,98.15191172777985
2.544e-07,93.30723823828855
2.546e-07,88.43547256996635
2.5480000000000003e-07,83.53802926201743
2.55e-07,78.61633030927001
2.552e-07,73.67180474928124
2.554e-07,68.7058882474232
2.556e-07,63.720022680024755
2.558e-07,58.71565571570996
2.56e-07,53.69424039507448
2.5620000000000003e-07,48.657234708776166
2.564e-07,43.60610117421131
2.566e-07,38.54230641085353
2.568e-07,33.467320714427835
2.57e-07,28.382617629997295
2.572e-07,23.289673524106185
2.574e-07,18.189967156124098
2.5760000000000003e-07,13.084979248868704
2.578e-07,7.976192058681817
2.58e-07,2.8650889450367907
2.582e-07,-2.2468460601477753
2.584e-07,-7.3581286834098085
2.586e-07,-12.467274840715673
2.588e-07,-17.57280106835683
2.5900000000000003e-07,-22.673224953693026
2.592e-07,-27.76706556556687
2.594e-07,-32.85284388431164
2.596e-07,-37.92908323117753
2.598e-07,-42.9943096970984
2.6e-07,-48.04705257065427
2.602e-07,-53.085844765085284
2.6040000000000003e-07,-58.109223244279676
2.606e-07,-63.1157294475624
2.608e-07,-68.10390971320739
2.61e-07,-73.07231570050119
2.612e-07,-78.01950481028163
2.614e-07,-82.9440406038091
2.616e-07,-87.8444932198296
2.6180000000000003e-07,-92.71943978975393
2.62e-07,-97.5674648507836
2.622e-07,-102.38716075690918
2.624e-07,-107.17712808761348
2.6260000000000004e-07,-111.93597605420673
2.628e-07,-116.66232290364937
2.63e-07,-121.35479631974722
2.6320000000000003e-07,-126.01203382161174
2.634e-07,-130.63268315925762
2.636e-07,-135.21540270624544
2.638e-07,-139.75886184921623
2.6400000000000003e-07,-144.26174137424806
2.642e-07,-148.72273384989649
2.644e-07,-153.14054400681056
2.6460000000000003e-07,-157.51388911382176
2.648e-07,-161.84149935038644
2.65e-07,-166.12211817529388
2.652e-07,-170.35450269149604
2.6540000000000003e-07,-174.53742400699912
2.656e-07,-178.66966759166908
2.658e-07,-182.75003362988647
2.66e-07,-186.77733736890693
2.662e-07,-190.7504094628649
2.664e-07,-194.66809631230325
2.666e-07,-198.52926039911557
2.6680000000000003e-07,-202.33278061683936
2.67e-07,-206.0775525961662
2.672e-07,-209.76248902561034
2.674e-07,-213.38651996720367
2.676e-07,-216.9485931671624
2.678e-07,-220.44767436141768
2.68e-07,-223.8827475759095
2.6820000000000003e-07,-227.25281542158788
2.684e-07,-230.55689938400243
2.686e-07,-233.79404010742664
2.688e-07,-236.96329767340225
2.69e-07,-240.06375187365296
2.692e-07,-243.094502477275
2.694e-07,-246.0546694921147
2.6960000000000003e-07,-248.94339342028593
2.698e-07,-251.75983550772312
2.7e-07,-254.5031779877243
2.702e-07,-257.1726243183858
2.704e-07,-259.76739941388524
2.706e-07,-262.28674986953473
2.708e-07,-264.7299441805279
2.7100000000000003e-07,-267.09627295434234
2.712e-07,-269.3850491167096
2.714e-07,-271.59560811111623
2.716e-07,-273.7273080917546
2.718e-07,-275.77953010988875
2.72e-07,-277.7516782935712
2.722e-07,-279.6431800206517
2.7240000000000003e-07,-281.4534860850457
2.726e-07,-283.18207085619474
2.728e-07,-284.82843243169026
2.73e-07,-286.3920927829983
2.732e-07,-287.8725978942599
2.734e-07,-289.269517894118
2.736e-07,-290.58244718052873
2.7380000000000003e-07,-291.8110045385335
2.74e-07,-292.9548332509434
2.742e-07,-294.0136012019171
2.744e-07,-294.98700097338866
2.746e-07,-295.87474993432943
2.748e-07,-296.6765903228124
2.75e-07,-297.3922893208519
2.7520000000000003e-07,-298.02163912200575
2.754e-07,-298.564456991711
2.756e-07,-299.02058532034346
2.758e-07,-299.3898916689785
2.7600000000000004e-07,-299.67226880784705
2.762e-07,-299.86763474746886
2.764e-07,-299.97593276245954
2.7660000000000003e-07,-299.9971314080002
2.768e-07,-299.9312245289684
2.77e-07,-299.7782312617245
2.772e-07,-299.538196028556
2.7740000000000004e-07,-299.2111885247789
2.776e-07,-298.79730369850193
2.778e-07,-298.2966617230568
2.7800000000000003e-07,-297.7094079621066
2.782e-07,-297.0357129274384
2.784e-07,-296.2757722294534
2.786e-07,-295.42980652037244
2.7880000000000003e-07,-294.4980614301666
2.79e-07,-293.4808074952397
2.792e-07,-292.37834007987374
2.7940000000000003e-07,-291.1909792904719
2.796e-07,-289.9190698826126
2.798e-07,-288.56298116094666
2.8e-07,-287.1231068719715
2.8020000000000003e-07,-285.5998650897016
2.804e-07,-283.9936980942821
2.806e-07,-282.3050722435664
2.808e-07,-280.53447783771213
2.81e-07,-278.68242897681733
2.812e-07,-276.7494634116478
2.814e-07,-274.7361423875031
2.8160000000000003e-07,-272.64305048125186
2.818e-07,-270.4707954316015
2.82e-07,-268.22000796263325
2.822e-07,-265.89134160067425
2.824e-07,-263.4854724845408
2.826e-07,-261.0030991692152
2.828e-07,-258.4449424230236
2.8300000000000003e-07,-255.8117450183517
2.832e-07,-253.1042715159827
2.834e-07,-250.3233080430969
2.836e-07,-247.4696620650234
2.838e-07,-244.54416215078584
2.84e-07,-241.5476577325195
2.842e-07,-238.4810188588431
2.8440000000000003e-07,-235.3451359422287
2.846e-07,-232.14091950047273
2.848e-07,-228.86929989231535
2.85e-07,-225.53122704731493
2.852e-07,-222.12767019002803
2.854e-07,-218.6596175585862
2.856e-07,-215.12807611776586
2.8580000000000003e-07,-211.5340712666029
2.86e-07,-207.87864654067073
2.862e-07,-204.16286330907607
2.864e-07,-200.3878004662962
2.866e-07,-196.5545541189087
2.868e-07,-192.6642372673357
2.87e-07,-188.7179794826777
2.8720000000000003e-07,-184.7169265787398
2.874e-07,-180.66224027933885
2.876e-07,-176.5550978809858
2.878e-07,-172.39669191106313
2.88e-07,-168.18822978155978
2.882e-07,-163.93093343849816
2.884e-07,-159.62603900713452
2.8860000000000003e-07,-155.27479643304733
2.888e-07,-150.87846911920886
2.89e-07,-146.43833355914418
2.892e-07,-141.9556789663072
2.894e-07,-137.4318068997418
2.896e-07,-132.8680308861727
2.898e-07,-128.26567603861534
2.9000000000000003e-07,-123.62607867162598
2.902e-07,-118.95058591329597
2.904e-07,-114.24055531410013
2.906e-07,-109.49735445273845
2.9080000000000004e-07,-104.72236053904174
2.91e-07,-99.91696001410237
2.912e-07,-95.08254814770292
2.9140000000000003e-07,-90.22052863320619
2.916e-07,-85.33231317998057
2.918e-07,-80.41932110349774
2.92e-07,-75.48297891324113
2.9220000000000004e-07,-70.52471989850027
2.924e-07,-65.545983712219
2.926e-07,-60.54821595297332
2.9280000000000003e-07,-55.532867745248815
2.93e-07,-50.501395318093806
2.932e-07,-45.45525958229044
2.934e-07,-40.3959257061862
2.9360000000000003e-07,-35.32486269026306
2.938e-07,-30.24354294061714
2.94e-07,-25.153441841426144
2.9420000000000003e-07,-20.056037326578736
2.944e-07,-14.952809450543372
2.946e-07,-9.845239958621384
2.948e-07,-4.7348118567293795
2.9500000000000003e-07,0.3769910192110198
2.952e-07,5.488684434100999
2.954e-07,10.598784184631713
2.956e-07,15.705806530215584
2.958e-07,20.808268623803485
2.96e-07,25.90468894244248
2.962e-07,30.993587717428873
2.9640000000000003e-07,36.07348736397852
2.966e-07,41.14291291023965
2.968e-07,46.2003924255703
2.97e-07,51.24445744790523
2.972e-07,56.273643410142206
2.974e-07,61.286490065380335
2.976e-07,66.28154191091149
2.9780000000000003e-07,71.25734861082896
2.98e-07,76.21246541714015
2.982e-07,81.1454535892629
2.984e-07,86.05488081175689
2.986e-07,90.93932161021424
2.988e-07,95.7973577651473
2.99e-07,100.6275787237772
2.9920000000000003e-07,105.42858200959115
2.994e-07,110.19897362955888
2.996e-07,114.9373684788918
2.998e-07,119.64239074320146
3e-07,124.31267429798451
3.002e-07,128.94686310527806
3.004e-07,133.54361160739344
3.0060000000000003e-07,138.10158511760213
3.008e-07,142.619460207669
3.01e-07,147.0959250921223
3.012e-07,151.52968000912426
3.014e-07,155.9194375978733
3.016e-07,160.2639232723901
3.018e-07,164.5618755916014
3.0200000000000003e-07,168.81204662560248
3.022e-07,173.0132023180001
3.024e-07,177.16412284423248
3.026e-07,181.26360296573964
3.028e-07,185.3104523799192
3.03e-07,189.30349606573205
3.032e-07,193.24157462487656
3.0340000000000003e-07,197.1235446184227
3.036e-07,200.94827889881552
3.038e-07,204.71466693715325
3.04e-07,208.42161514562395
3.0420000000000004e-07,212.06804719504308
3.044e-07,215.65290432736302
3.046e-07,219.17514566309703
3.0480000000000003e-07,222.63374850353392
3.05e-07,226.02770862768762
3.052e-07,229.35604058388142
3.054e-07,232.61777797586925
3.0560000000000004e-07,235.81197374344154
3.058e-07,238.93770043740165
3.06e-07,241.99405048886294
3.0620000000000003e-07,244.98013647275678
3.064e-07,247.89509136550478
3.066e-07,250.7380687967662
3.068e-07,253.50824329517778
3.0700000000000004e-07,256.20481052804024
3.072e-07,258.826987534854
3.074e-07,261.37401295466225
3.0760000000000003e-07,263.84514724710743
3.078e-07,266.23967290716666
3.08e-07,268.55689467347935
3.082e-07,270.796139730221
3.0840000000000004e-07,272.95675790245633
3.086e-07,275.03812184492153
3.088e-07,277.0396272241796
3.0900000000000003e-07,278.96069289408575
3.092e-07,280.8007610645303
3.094e-07,282.55929746339405
3.096e-07,284.2357914916764
3.0980000000000003e-07,285.82975637174997
3.1e-07,287.3407292886985
3.102e-07,288.76827152469997
3.1040000000000003e-07,290.11196858640545
3.106e-07,291.37143032529343
3.108e-07,292.546291050949
3.11e-07,293.63620963724435
3.1120000000000003e-07,294.6408696213861
3.114e-07,295.5599792958014
3.116e-07,296.393271792838
3.118e-07,297.1405051622485
3.12e-07,297.80146244144277
3.122e-07,298.37595171848426
3.124e-07,298.86380618781186
3.1260000000000003e-07,299.2648841986728
3.128e-07,299.5790692962516
3.13e-07,299.80627025548375
3.132e-07,299.94642110754256
3.134e-07,299.99948115899406
3.136e-07,299.9654350036121
3.138e-07,299.844292526852
3.1400000000000003e-07,299.63608890297996
3.142e-07,299.3408845848606
3.144e-07,298.958765286403
3.146e-07,298.48984195767486
3.148e-07,297.9342507526865
3.15e-07,297.2921529898582
3.152e-07,296.5637351051808
3.1540000000000003e-07,295.74920859808316
3.156e-07,294.8488099700228
3.158e-07,293.8628006558148
3.16e-07,292.7914669477258
3.162e-07,291.63511991234543
3.164e-07,290.39409530026785
3.166e-07,289.0687534486044
3.1680000000000003e-07,287.6594791763591
3.17e-07,286.16668167269444
3.172e-07,284.59079437811914
3.174e-07,282.9322748586409
3.176e-07,281.1916046729066
3.178e-07,279.3692892323811
3.18e-07,277.465857654598
3.1820000000000003e-07,275.4818626095296
3.184e-07,273.4178801591144
3.186e-07,271.27450958999617
3.188e-07,269.0523732395178
3.1900000000000004e-07,266.7521163150242
3.192e-07,264.3744067065228
3.194e-07,261.9199347927555
3.1960000000000003e-07,259.38941324075034
3.198e-07,256.78357679888984
3.2e-07,254.10318208357617
3.202e-07,251.34900735954292
3.2040000000000004e-07,248.5218523138843
3.206e-07,245.62253782386168
3.208e-07,242.65190571855405
3.2100000000000003e-07,239.61081853443696
3.212e-07,236.50015926493444
3.214e-07,233.3208311040409
3.216e-07,230.07375718407346
3.2180000000000004e-07,226.75988030763824
3.22e-07,223.3801626738828
3.222e-07,219.93558559911233
3.2240000000000003e-07,216.4271492318691
3.226e-07,212.85587226252707
3.228e-07,209.2227916275141
3.23e-07,205.5289622082313
3.2320000000000004e-07,201.7754565247656
3.234e-07,197.96336442447816
3.236e-07,194.09379276555666
3.2380000000000003e-07,190.1678650956442
3.24e-07,186.1867213256035
3.242e-07,182.15151739854267
3.244e-07,178.0634249541801
3.2460000000000003e-07,173.92363098865619
3.248e-07,169.73333750988292
3.25e-07,165.4937611885291
3.2520000000000003e-07,161.20613300476623
3.254e-07,156.87169789083774
3.256e-07,152.49171436959202
3.258e-07,148.06745418906266
3.2600000000000003e-07,143.60020195321357
3.262e-07,139.09125474894725
3.264e-07,134.5419217694835
3.266e-07,129.95352393424113
3.268e-07,125.32739350529289
3.27e-07,120.66487370054176
3.272e-07,115.9673183037097
3.2740000000000003e-07,111.23609127126328
3.276e-07,106.47256633638187
3.278e-07,101.67812661008098
3.28e-07,96.8541641796327
3.282e-07,92.00207970435584
3.284e-07,87.12328200893316
3.286e-07,82.21918767435074
3.2880000000000003e-07,77.29122062659144
3.29e-07,72.34081172318524
3.292e-07,67.36939833775654
3.294e-07,62.37842394267919
3.296e-07,57.36933768995162
3.298e-07,52.34359399043311
3.3e-07,47.30265209154693
3.3020000000000003e-07,42.24797565358548
3.304e-07,37.18103232472357
3.306e-07,32.10329331488432
3.308e-07,27.016232968564644
3.31e-07,21.921328336757902
3.312e-07,16.82005874807382
3.314e-07,11.713905379222513
3.3160000000000003e-07,6.604350824940729
3.318e-07,1.4928786675126466
3.32e-07,-3.6190269539917304
3.322e-07,-8.729881774645209
3.3240000000000004e-07,-13.838201834623254
3.326e-07,-18.942503910079484
3.328e-07,-24.041305943813907
3.3300000000000003e-07,-29.133127475581073
3.332e-07,-34.21649007196012
3.334e-07,-39.28991775561931
3.336e-07,-44.35193743387478
3.3380000000000004e-07,-49.401079326406574
3.34e-07,-54.43587739201705
3.342e-07,-59.45486975430991
3.3440000000000003e-07,-64.456599126139
3.346e-07,-69.43961323274972
3.348e-07,-74.40246523344842
3.35e-07,-79.3437141417011
3.3520000000000004e-07,-84.2619252435274
3.354e-07,-89.15567051407726
3.356e-07,-94.02352903227153
3.3580000000000003e-07,-98.8640873933597
3.36e-07,-103.67594011931938
3.362e-07,-108.45769006693828
3.364e-07,-113.20794883348297
3.3660000000000004e-07,-117.92533715982495
3.368e-07,-122.60848533091584
3.37e-07,-127.2560335734971
3.3720000000000003e-07,-131.86663245090378
3.374e-07,-136.43894325489003
3.376e-07,-140.97163839432454
3.378e-07,-145.46340178066438
3.3800000000000004e-07,-149.91292921008437
3.382e-07,-154.31892874215973
3.384e-07,-158.68012107499314
3.3860000000000003e-07,-162.99523991665387
3.388e-07,-167.2630323528616
3.39e-07,-171.48225921077082
3.392e-07,-175.65169541877262
3.3940000000000003e-07,-179.77013036219574
3.396e-07,-183.83636823481964
3.398e-07,-187.8492283860793
3.4000000000000003e-07,-191.80754566387023
3.402e-07,-195.71017075286048
3.404e-07,-199.55597050819634
3.406e-07,-203.34382828451768
3.4080000000000003e-07,-207.0726442601777
3.41e-07,-210.741335756586
3.412e-07,-214.34883755256607
3.414e-07,-217.8941021936483
3.416e-07,-221.37610029620006
3.418e-07,-224.7938208463192
3.42e-07,-228.1462714933776
3.4220000000000003e-07,-231.4324788381596
3.424e-07,-234.65148871549343
3.426e-07,-237.80236647129541
3.428e-07,-240.88419723395225
3.43e-07,-243.89608617995503
3.432e-07,-246.83715879372218
3.434e-07,-249.70656112151082
3.4360000000000003e-07,-252.5034600193706
3.438e-07,-255.22704339505145
3.44e-07,-257.87652044379615
3.442e-07,-260.4511218779554
3.444e-07,-262.95010015035126
3.446e-07,-265.37272967133674
3.448e-07,-267.71830701946715
3.4500000000000003e-07,-269.9861511457453
3.452e-07,-272.17560357136784
3.454e-07,-274.28602857891593
3.456e-07,-276.3168133969394
3.458e-07,-278.26736837787587
3.46e-07,-280.1371271692622
3.462e-07,-281.925546878172
3.4640000000000003e-07,-283.6321082288498
3.466e-07,-285.25631571348583
3.468e-07,-286.79769773608746
3.47e-07,-288.25580674941006
3.4720000000000004e-07,-289.63021938490346
3.474e-07,-290.92053657563923
3.476e-07,-292.1263836721836
3.4780000000000003e-07,-293.24741055137486
3.48e-07,-294.28329171798634
3.482e-07,-295.233726399234
3.484e-07,-296.0984386321077
3.4860000000000004e-07,-296.8771773434976
3.488e-07,-297.5697164230948
3.49e-07,-298.17585478904454
3.4920000000000003e-07,-298.69541644632903
3.494e-07,-299.12825053787026
3.496e-07,-299.47423138833113
3.498e-07,-299.73325854060636
3.5000000000000004e-07,-299.90525678499
3.502e-07,-299.99017618101357
3.504e-07,-299.98799207194617
3.5060000000000003e-07,-299.89870509195384
3.508e-07,-299.7223411659151
3.51e-07,-299.45895150189403
3.512e-07,-299.10861257627124
3.5140000000000004e-07,-298.6714261115393
3.516e-07,-298.14751904676626
3.518e-07,-297.5370435007392
3.5200000000000003e-07,-296.84017672779504
3.522e-07,-296.05712106635497
3.524e-07,-295.188103880173
3.526e-07,-294.2333774923217
3.5280000000000004e-07,-293.19321911192804
3.53e-07,-292.0679307536843
3.532e-07,-290.85783915015713
3.5340000000000003e-07,-289.5632956569188
3.536e-07,-288.18467615053135
3.538e-07,-286.7223809194053
3.54e-07,-285.17683454757844
3.5420000000000004e-07,-283.5484857914336
3.544e-07,-281.83780744940015
3.546e-07,-280.04529622467527
3.5480000000000003e-07,-278.17147258100374
3.55e-07,-276.2168805915606
3.552e-07,-274.1820877809727
3.554e-07,-272.0676849605409
3.5560000000000003e-07,-269.8742860566918
3.558e-07,-267.602527932722
3.56e-07,-265.2530702038822
3.562e-07,-262.8265950458546
3.564e-07,-260.3238069966826
3.566e-07,-257.7454327521991
3.568e-07,-255.09222095503404
3.5700000000000003e-07,-252.36494197723883
3.572e-07,-249.56438769660497
3.574e-07,-246.69137126674016
3.576e-07,-243.74672688096442
3.578e-07,-240.73130953010133
3.58e-07,-237.64599475422077
3.582e-07,-234.49167838843005
3.5840000000000003e-07,-231.26927630275972
3.586e-07,-227.97972413623586
3.588e-07,-224.62397702521505
3.59e-07,-221.20300932605483
3.592e-07,-217.7178143322084
3.594e-07,-214.16940398580974
3.596e-07,-210.55880858386055
3.5980000000000003e-07,-206.88707647907435
3.6e-07,-203.15527377548136
3.602e-07,-199.36448401888276
3.604e-07,-195.51580788223666
3.6060000000000004e-07,-191.61036284607596
3.608e-07,-187.64928287403797
3.61e-07,-183.63371808361538
3.6120000000000003e-07,-179.56483441221698
3.614e-07,-175.44381327862735
3.616e-07,-171.27185123998
3.618e-07,-167.05015964432982
3.6200000000000004e-07,-162.7799642789362
3.622e-07,-158.46250501434508
3.624e-07,-154.09903544439013
3.6260000000000003e-07,-149.69082252220448
3.628e-07,-145.23914619235973
3.63e-07,-140.74529901921812
3.632e-07,-136.2105858116426
3.6340000000000004e-07,-131.6363232441332
3.636e-07,-127.02383947452377
3.638e-07,-122.37447375834796
3.6400000000000003e-07,-117.68957605997859
3.642e-07,-112.9705066606642
3.644e-07,-108.21863576355445
3.646e-07,-103.43534309586816
3.6480000000000004e-07,-98.62201750827654
3.65e-07,-93.78005657164292
3.652e-07,-88.91086617123484
3.6540000000000003e-07,-84.0158600985168
3.656e-07,-79.09645964065469
3.658e-07,-74.15409316782734
3.66e-07,-69.19019571850606
3.6620000000000004e-07,-64.20620858277763
3.664e-07,-59.203578883858135
3.666e-07,-54.1837591579172
3.6680000000000003e-07,-49.1482069323256
3.67e-07,-44.09838430246074
3.672e-07,-39.035757507169116
3.674e-07,-33.96179650305093
3.6760000000000004e-07,-28.87797453764412
3.678e-07,-23.785767721659283
3.68e-07,-18.686654600387353
3.6820000000000003e-07,-13.58211572439519
3.684e-07,-8.473633219646356
3.686e-07,-3.3626903571474056
3.688e-07,1.7492288777127063
3.6900000000000004e-07,6.860640216051957
3.692e-07,11.970059536460509
3.694e-07,17.07600329591888
3.6960000000000003e-07,22.176988960553494
3.698e-07,27.271535436091803
3.7e-07,32.35816349791637
3.702e-07,37.43539622055065
3.7040000000000003e-07,42.5017594064984
3.706e-07,47.55578201428468
3.708e-07,52.59599658557617
3.7100000000000003e-07,57.62093967126648
3.712e-07,62.629152256390014
3.714e-07,67.61918018376497
3.716e-07,72.58957457620102
3.7180000000000003e-07,77.53889225719453
3.72e-07,82.46569616996256
3.722e-07,87.3685557946955
3.724e-07,92.24604756391722
3.726e-07,97.09675527581912
3.728e-07,101.91927050547197
3.73e-07,106.71219301375422
3.7320000000000003e-07,111.4741311539299
3.734e-07,116.20370227570962
3.736e-07,120.89953312672105
3.738e-07,125.5602602512263
3.74e-07,130.18453038601336
3.742e-07,134.77100085332788
3.744e-07,139.31833995071332
3.7460000000000003e-07,143.82522733768826
3.748e-07,148.29035441910366
3.75e-07,152.71242472511076
3.752e-07,157.09015428758474
3.7540000000000004e-07,161.42227201293724
3.756e-07,165.70752005118513
3.758e-07,169.94465416117086
3.7600000000000003e-07,174.13244407183197
3.762e-07,178.2696738394166
3.764e-07,182.3551422005446
3.766e-07,186.38766292098737
3.7680000000000004e-07,190.3660651401102
3.77e-07,194.28919371082335
3.772e-07,198.15590953499782
3.7740000000000003e-07,201.96508989419561
3.776e-07,205.71562877566168
3.778e-07,209.40643719346392
3.78e-07,213.03644350467601
3.7820000000000004e-07,216.6045937205399
3.784e-07,220.1098518124933
3.786e-07,223.5512000129911
3.7880000000000003e-07,226.9276391110085
3.79e-07,230.23818874217804
3.792e-07,233.4818876734315
3.794e-07,236.6577940821094
3.7960000000000004e-07,239.7649858294138
3.798e-07,242.8025607281598
3.8e-07,245.7696368047332
3.8020000000000003e-07,248.6653525551681
3.804e-07,251.48886719529227
3.806e-07,254.23936090485603
3.808e-07,256.91603506556385
3.8100000000000004e-07,259.51811249296134
3.812e-07,262.0448376620922
3.814e-07,264.4954769268724
3.8160000000000003e-07,266.86931873310044
3.818e-07,269.1656738250683
3.82e-07,271.38387544568224
3.822e-07,273.5232795300664
3.8240000000000004e-07,275.58326489256325
3.826e-07,277.56323340710065
3.828e-07,279.46261018086284
3.8300000000000003e-07,281.28084372120816
3.832e-07,283.0174060958
3.834e-07,284.67179308589664
3.836e-07,286.2435243327487
3.8380000000000004e-07,287.7321434770766
3.84e-07,289.13721829157544
3.842e-07,290.45834080641606
3.8440000000000003e-07,291.6951274276971
3.846e-07,292.8472190488279
3.848e-07,293.91428115479204
3.85e-07,294.89600391927956
3.8520000000000003e-07,295.7921022946431
3.854e-07,296.6023160946643
3.856e-07,297.32641007010074
3.8580000000000003e-07,297.9641739769899
3.86e-07,298.5154226376954
3.862e-07,298.9799959946746
3.864e-07,299.3577591569509
3.8660000000000003e-07,299.64860243928086
3.868e-07,299.8524413940013
3.87e-07,299.9692168355495
3.872e-07,299.9988948576475
3.874e-07,299.94146684314734
3.876e-07,299.7969494665329
3.878e-07,299.5653846890784
3.8800000000000003e-07,299.24683974666476
3.882e-07,298.84140713025755
3.884e-07,298.34920455905126
3.886e-07,297.7703749462897
3.8880000000000004e-07,297.10508635777006
3.89e-07,296.35353196304493
3.892e-07,295.5159299793327
3.8940000000000003e-07,294.59252360816026
3.896e-07,293.58358096474507
3.898e-07,292.48939500014984
3.9e-07,291.31028341621965
3.9020000000000004e-07,290.0465885733387
3.904e-07,288.69867739102335
3.906e-07,287.2669412413835
3.9080000000000003e-07,285.75179583548925
3.91e-07,284.15368110266576
3.912e-07,282.4730610627558
3.914e-07,280.7104236913933
3.9160000000000004e-07,278.8662807783149
3.918e-07,276.9411677787608
3.92e-07,274.93564365799983
3.9220000000000003e-07,272.85029072903706
3.924e-07,270.6857144835297
3.926e-07,268.4425434159871
3.928e-07,266.12142884127695
3.9300000000000004e-07,263.7230447055199
3.932e-07,261.24808739040327
3.934e-07,258.6972755109806
3.9360000000000003e-07,256.0713497070243
3.938e-07,253.3710724279748
3.94e-07,250.59722771155643
3.942e-07,247.75062095613524
3.9440000000000004e-07,244.83207868686333
3.946e-07,241.84244831569606
3.948e-07,238.78259789533715
3.9500000000000003e-07,235.65341586720425
3.952e-07,232.45581080345605
3.954e-07,229.19071114319445
3.956e-07,225.85906492287734
3.9580000000000004e-07,222.46183950106175
3.96e-07,219.00002127752254
3.962e-07,215.47461540684253
3.9640000000000003e-07,211.88664550656998
3.966e-07,208.23715336000225
3.968e-07,204.52719861369485
3.97e-07,200.75785846979716
3.9720000000000004e-07,196.93022737327595
3.974e-07,193.0454166941416
3.976e-07,189.10455440475002
3.9780000000000003e-07,185.10878475230243
3.98e-07,181.0592679265946
3.982e-07,176.95717972316416
3.984e-07,172.8037112018792
3.9860000000000004e-07,168.60006834112073
3.988e-07,164.34747168761646
3.99e-07,160.04715600204386
3.9920000000000003e-07,155.70036990052267
3.994e-07,151.30837549206828
3.996e-07,146.87244801212697
3.998e-07,142.39387545231668
4.0000000000000003e-07,137.8739581864473
4.002e-07,133.31400859294558
4.004e-07,128.71535067381325
4.0060000000000003e-07,124.07931967018193
4.008e-07,119.40726167463515
4.01e-07,114.7005332403488
4.012e-07,109.96050098722337
4.0140000000000003e-07,105.18854120507189
4.016e-07,100.38603945401194
4.018e-07,95.55439016215396
4.02e-07,90.69499622073475
4.022e-07,85.80926857677571
4.024e-07,80.89862582340176
4.026e-07,75.96449378795877
4.0280000000000003e-07,71.00830511801192
4.03e-07,66.03149886536386
4.032e-07,61.0355200682339
4.034e-07,56.021819331668134
4.0360000000000004e-07,50.99185240636419
4.038e-07,45.94707976598121
4.04e-07,40.888966183078416
4.0420000000000003e-07,35.81898030382434
4.044e-07,30.738594221562515
4.046e-07,25.64928304937613
4.048e-07,20.55252449179495
4.0500000000000004e-07,15.44979841572869
4.052e-07,10.34258642078518
4.054e-07,5.232371409072709
4.0560000000000003e-07,0.12063715464758928
4.058e-07,-4.991132127323389
4.06e-07,-10.101452211494506
4.062e-07,-15.208839293309708
4.0640000000000004e-07,-20.311810419817046
4.066e-07,-25.408883920257196
4.068e-07,-30.49857983627961
4.0700000000000003e-07,-35.57942035164239
4.072e-07,-40.649930221309305
4.074e-07,-45.70863719980018
4.076e-07,-50.754072468651366
4.0780000000000004e-07,-55.784771062902266
4.08e-07,-60.79927229645036
4.082e-07,-65.79612018617637
4.0840000000000003e-07,-70.7738638746809
4.086e-07,-75.7310580515642
4.088e-07,-80.66626337306184
4.09e-07,-85.57804687998139
4.0920000000000004e-07,-90.464982413754
4.094e-07,-95.32565103053237
4.096e-07,-100.15864141319344
4.0980000000000003e-07,-104.96255028110858
4.1e-07,-109.73598279759862
4.102e-07,-114.47755297493691
4.104e-07,-119.18588407676518
4.1060000000000004e-07,-123.8596090178411
4.108e-07,-128.49737076098364
4.11e-07,-133.09782271108125
4.1120000000000003e-07,-137.6596291060973
4.114e-07,-142.18146540489926
4.116e-07,-146.66201867186055
4.118e-07,-151.099987958064
4.1200000000000004e-07,-155.49408467904584
4.122e-07,-159.84303298893826
4.124e-07,-164.14557015092439
4.1260000000000003e-07,-168.40044690386878
4.128e-07,-172.60642782505136
4.13e-07,-176.76229168888338
4.132e-07,-180.86683182148522
4.1340000000000004e-07,-184.9188564510549
4.136e-07,-188.91718905390942
4.138e-07,-192.86066869608203
4.1400000000000003e-07,-196.74815037041785
4.142e-07,-200.57850532901898
4.144e-07,-204.35062141099425
4.146e-07,-208.063403365369
4.1480000000000004e-07,-211.71577316910268
4.15e-07,-215.3066703400946
4.152e-07,-218.83505224510552
4.1540000000000003e-07,-222.29989440248212
4.156e-07,-225.70019077962445
4.158e-07,-229.03495408509605
4.16e-07,-232.3032160552802
4.1620000000000003e-07,-235.50402773552378
4.164e-07,-238.6364597556747
4.166e-07,-241.69960259991922
4.168e-07,-244.69256687087451
4.1700000000000004e-07,-247.6144835478203
4.172e-07,-250.46450423902667
4.174e-07,-253.24180142809223
4.1760000000000003e-07,-255.94556871420977
4.178e-07,-258.5750210463124
4.18e-07,-261.12939495101944
4.182e-07,-263.60794875430827
4.1840000000000004e-07,-266.0099627968668
4.186e-07,-268.3347396430478
4.188e-07,-270.58160428337646
4.1900000000000003e-07,-272.74990433053574
4.192e-07,-274.8390102087972
4.194e-07,-276.8483153368145
4.196e-07,-278.7772363037531
4.1980000000000004e-07,-280.6252130386814
4.2e-07,-282.3917089731916
4.202e-07,-284.0762111971974
4.2040000000000003e-07,-285.67823060785486
4.206e-07,-287.1973020515786
4.208e-07,-288.6329844591025
4.21e-07,-289.9848609735424
4.2120000000000004e-07,-291.2525390714348
4.214e-07,-292.43565067670875
4.216e-07,-293.5338522675552
4.2180000000000003e-07,-294.5468249761739
4.22e-07,-295.4742746813544
4.222e-07,-296.3159320938789
4.224e-07,-297.0715528347089
4.2260000000000004e-07,-297.7409175059431
4.228e-07,-298.32383175452014
4.23e-07,-298.8201263286508
4.2320000000000003e-07,-299.2296571269595
4.234e-07,-299.55230524032584
4.236e-07,-299.78797698641023
4.238e-07,-299.9366039368548
4.2400000000000004e-07,-299.99814293715184
4.242e-07,-299.9725761191743
4.244e-07,-299.8599109063633
4.2460000000000003e-07,-299.6601800115734
4.248e-07,-299.3734414275736
4.25e-07,-298.9997784102091
4.252e-07,-298.53929945422783
4.2540000000000004e-07,-297.99213826177834
4.256e-07,-297.358453703589
4.258e-07,-296.63842977283815
4.2600000000000003e-07,-295.83227553173236
4.262e-07,-294.94022505080375
4.264e-07,-293.9625373409452
4.266e-07,-292.89949627820755
4.2680000000000004e-07,-291.75141052137405
4.27e-07,-290.5186134223384
4.272e-07,-289.2014629293174
4.2740000000000003e-07,-287.8003414829159
4.276e-07,-286.3156559050868
4.278e-07,-284.74783728100465
4.28e-07,-283.0973408339018
4.2820000000000004e-07,-281.3646457928899
4.284e-07,-279.5502552538155
4.286e-07,-277.6546960331799
4.2880000000000003e-07,-275.6785185151809
4.29e-07,-273.6222964919038
4.292e-07,-271.48662699671564
4.294e-07,-269.2721301309189
4.2960000000000004e-07,-266.97944888370006
4.298e-07,-264.6092489454316
4.3e-07,-262.1622185143925
4.3020000000000003e-07,-259.63906809693907
4.304e-07,-257.04053030121423
4.306e-07,-254.36735962442302
4.308e-07,-251.62033223376844
4.3100000000000003e-07,-248.80024574108347
4.312e-07,-245.9079189712432
4.314e-07,-242.94419172441047
4.3160000000000003e-07,-239.90992453220323
4.3180000000000004e-07,-236.80599840783202
4.32e-07,-233.6333145902894
4.322e-07,-230.39279428268068
4.3240000000000003e-07,-227.08537838473765
4.326e-07,-223.71202721963488
4.328e-07,-220.27372025514453
4.33e-07,-216.77145581925328
4.3320000000000004e-07,-213.20625081028757
4.334e-07,-209.5791404016557
4.336e-07,-205.89117774127413
4.3380000000000003e-07,-202.14343364579068
4.34e-07,-198.33699628966335
4.342e-07,-194.47297088919922
4.344e-07,-190.55247938165934
4.3460000000000004e-07,-186.5766600994946
4.348e-07,-182.5466674398206
4.35e-07,-178.46367152924486
4.3520000000000003e-07,-174.32885788410195
4.354e-07,-170.14342706624697
4.356e-07,-165.90859433445314
4.358e-07,-161.6255892915683
4.3600000000000004e-07,-157.29565552748696
4.362e-07,-152.920050258072
4.364e-07,-148.5000439601091
4.3660000000000003e-07,-144.036920002429
4.368e-07,-139.53197427326998
4.37e-07,-134.9865148040054
4.372e-07,-130.4018613893619
4.3740000000000004e-07,-125.77934520420565
4.376e-07,-121.12030841702375
4.378e-07,-116.42610380023312
4.3800000000000003e-07,-111.69809433738128
4.382e-07,-106.93765282741367
4.384e-07,-102.14616148605943
4.386e-07,-97.32501154451272
4.3880000000000004e-07,-92.47560284547444
4.39e-07,-87.59934343670571
4.392e-07,-82.69764916218654
4.3940000000000003e-07,-77.77194325103142
4.396e-07,-72.82365590424224
4.398e-07,-67.85422387943672
4.4e-07,-62.86509007369166
4.4020000000000004e-07,-57.8577031045852
4.404e-07,-52.83351688957774
4.406e-07,-47.793990223875134
4.4080000000000003e-07,-42.740586356844105
4.41e-07,-37.67477256716799
4.412e-07,-32.5980197367989
4.414e-07,-27.511801923895224
4.4160000000000004e-07,-22.41759593481376
4.418e-07,-17.31688089531653
4.42e-07,-12.211137821091413
4.4220000000000003e-07,-7.101849187745304
4.424e-07,-1.9904985003542415
4.426e-07,3.121430137285411
4.428e-07,8.232452453558295
4.4300000000000004e-07,13.341084440012088
4.432e-07,18.44584278222902
4.434e-07,23.545245290529977
4.4360000000000003e-07,28.63781133032006
4.438e-07,33.72206225200396
4.44e-07,38.796521820324884
4.442e-07,43.85971664298344
4.4440000000000004e-07,48.91017659845222
4.446e-07,53.94643526282806
4.448e-07,58.96703033562318
4.4500000000000003e-07,63.970504064338215
4.4520000000000004e-07,68.95540366773356
4.454e-07,73.92028175765718
4.456e-07,78.86369675928573
4.4580000000000003e-07,83.78421332970899
4.46e-07,88.68040277467159
4.462e-07,93.55084346341734
4.4640000000000003e-07,98.39412124145174
4.4660000000000004e-07,103.20882984115643
4.468e-07,107.99357129010126
4.47e-07,112.74695631695982
4.4720000000000003e-07,117.46760475487882
4.474e-07,122.15414594222172
4.476e-07,126.80521912055237
4.478e-07,131.41947382972566
4.4800000000000004e-07,135.99557030000568
4.482e-07,140.53217984107954
4.484e-07,145.02798522783533
4.4860000000000003e-07,149.48168108283954
4.488e-07,153.89197425534425
4.49e-07,158.25758419677416
4.492e-07,162.57724333252685
4.4940000000000004e-07,166.8496974300261
4.496e-07,171.0737059628903
4.498e-07,175.24804247113212
4.5000000000000003e-07,179.37149491725597
4.502e-07,183.4428660381841
4.504e-07,187.46097369289225
4.506e-07,191.42465120563944
4.5080000000000004e-07,195.3327477047229
4.51e-07,199.1841284566434
4.512e-07,202.97767519556922
4.5140000000000003e-07,206.71228644804228
4.516e-07,210.38687785278344
4.518e-07,214.00038247555412
4.52e-07,217.55175111893462
4.5220000000000004e-07,221.03995262696967
4.524e-07,224.46397418456607
4.526e-07,227.82282161157394
4.5280000000000003e-07,231.11551965144287
4.53e-07,234.34111225439636
4.532e-07,237.49866285502924
4.534e-07,240.58725464423426
4.5360000000000004e-07,243.60599083541234
4.538e-07,246.5539949248494
4.54e-07,249.4304109462175
4.5420000000000003e-07,252.23440371911147
4.544e-07,254.96515909153956
4.546e-07,257.6218841763252
4.548e-07,260.2038075813172
4.5500000000000004e-07,262.71017963337204
4.552e-07,265.14027259602216
4.554e-07,267.4933808807819
4.5560000000000003e-07,269.768821252012
4.558e-07,271.9659330253036
4.56e-07,274.08407825931346
4.562e-07,276.12264194098645
4.5640000000000004e-07,278.08103216413514
4.566e-07,279.9586803012948
4.568e-07,281.7550411688342
4.5700000000000003e-07,283.4695931852463
4.572e-07,285.1018385225942
4.574e-07,286.65130325105974
4.576e-07,288.1175374765471
4.5780000000000004e-07,289.50011547131425
4.58e-07,290.7986357975838
4.582e-07,292.0127214241044
4.5840000000000003e-07,293.14201983562026
4.586e-07,294.18620313522706
4.588e-07,295.14496813957976
4.59e-07,296.01803646692025
4.5920000000000004e-07,296.8051546179098
4.594e-07,297.50609404923097
4.596e-07,298.12065123994876
4.5980000000000003e-07,298.64864775060175
4.6000000000000004e-07,299.0899302750138
4.602e-07,299.4443706848071
4.604e-07,299.7118660666052
4.6060000000000003e-07,299.8923387519133
4.608e-07,299.9857363396707
4.61e-07,299.99203171146524
4.6120000000000003e-07,299.9112230394071
4.6140000000000004e-07,299.74333378665995
4.616e-07,299.488412700628
4.618e-07,299.1465337988022
4.6200000000000003e-07,298.71779634726835
4.622e-07,298.20232483188596
4.624e-07,297.6002689221415
4.626e-07,296.91180342769286
4.6280000000000004e-07,296.13712824761166
4.63e-07,295.27646831234205
4.632e-07,294.3300735183901
4.6340000000000003e-07,293.29821865576685
4.636e-07,292.18120332820126
4.638e-07,290.9793518661471
4.64e-07,289.69301323261584
4.6420000000000004e-07,288.3225609218492
4.644e-07,286.8683928508772
4.646e-07,285.3309312439801
4.6480000000000003e-07,283.710622510091
4.65e-07,282.007937113184
4.652e-07,280.2233694356672
4.654e-07,278.3574376348415
4.6560000000000004e-07,276.41068349244847
4.658e-07,274.3836722573632
4.66e-07,272.2769924814682
4.6620000000000003e-07,270.0912558487697
4.664e-07,267.82709699779053
4.666e-07,265.4851733372962
4.668e-07,263.06616485542054
4.6700000000000004e-07,260.57077392222016
4.672e-07,257.9997250857461
4.674e-07,255.3537648616596
4.6760000000000003e-07,252.63366151648577
4.678e-07,249.84020484454018
4.68e-07,246.97420593860554
4.682e-07,244.03649695443377
4.6840000000000004e-07,241.02793086912132
4.686e-07,237.94938123344605
4.688e-07,234.8017419182222
4.6900000000000003e-07,231.58592685476924
4.692e-07,228.3028697695435
4.694e-07,224.95352391302256
4.696e-07,221.53886178293428
4.6980000000000004e-07,218.0598748418764
4.7e-07,214.51757322945235
4.702e-07,210.912985468961
4.7040000000000003e-07,207.24715816877068
4.706e-07,203.52115571842717
4.708e-07,199.73605997959874
4.71e-07,195.892969971962
4.7120000000000004e-07,191.99300155409048
4.714e-07,188.03728709946307
4.716e-07,184.02697516766764
4.7180000000000003e-07,179.96323017092175
4.72e-07,175.84723203597505
4.722e-07,171.68017586150728
4.724e-07,167.4632715711378
4.7260000000000004e-07,163.19774356210505
4.728e-07,158.88483034977122
4.73e-07,154.52578420799964
4.7320000000000003e-07,150.12187080556373
4.7340000000000004e-07,145.67436883864733
4.736e-07,141.18456965957307
4.738e-07,136.6537769018449
4.7400000000000004e-07,132.08330610164353
4.742e-07,127.47448431584874
4.744e-07,122.82864973671684
4.7460000000000003e-07,118.14715130334388
4.7480000000000004e-07,113.43134830997954
4.75e-07,108.68261001136365
4.752e-07,103.90231522515094
4.7540000000000004e-07,99.09185193155913
4.756e-07,94.25261687037656
4.758e-07,89.38601513539646
4.7600000000000003e-07,84.49345976645566
4.7620000000000004e-07,79.57637133914403
4.764e-07,74.63617755233804
4.766e-07,69.67431281365363
4.7680000000000003e-07,64.69221782297187
4.77e-07,59.691339154119035
4.772000000000001e-07,54.67312883484114
4.774e-07,49.63904392521566
4.776e-07,44.590546094570826
4.778e-07,39.529101197100104
4.78e-07,34.45617884622797
4.782e-07,29.37325198791579
4.784e-07,24.281796472976787
4.786000000000001e-07,19.183290628558236
4.788e-07,14.079214828906752
4.79e-07,8.971051065517871
4.792e-07,3.8602825168586707
4.794e-07,-1.251606882296836
4.796e-07,-6.363132871730626
4.798e-07,-11.472811296740197
4.800000000000001e-07,-16.579158539078136
4.802e-07,-21.680691947712475
4.804e-07,-26.775930269338144
4.806e-07,-31.86339407844858
4.808e-07,-36.941606206910585
4.81e-07,-42.00909217285196
4.812e-07,-47.06438060879242
4.814000000000001e-07,-52.10600368885974
4.816e-07,-57.132497554975394
4.818e-07,-62.14240274190918
4.82e-07,-67.13426460101635
4.822e-07,-72.10663372261827
4.824e-07,-77.05806635684081
4.826e-07,-81.98712483281165
4.828000000000001e-07,-86.89237797610272
4.83e-07,-91.77240152426381
4.832e-07,-96.62577854038
4.834e-07,-101.45109982446935
4.836e-07,-106.24696432266678
4.838e-07,-111.01197953401227
4.84e-07,-115.74476191477777
4.842000000000001e-07,-120.44393728018349
4.844e-07,-125.10814120339474
4.846e-07,-129.73601941170494
4.848e-07,-134.3262281797316
4.85e-07,-138.87743471958845
4.852e-07,-143.38831756786087
4.854e-07,-147.8575669693062
4.856000000000001e-07,-152.2838852571357
4.858e-07,-156.6659872298039
4.86e-07,-161.00260052417795
4.862e-07,-165.29246598496132
4.864e-07,-169.53433803030964
4.866e-07,-173.7269850134786
4.868e-07,-177.86918958044512
4.870000000000001e-07,-181.95974902337
4.872e-07,-185.99747562980605
4.874e-07,-189.98119702756944
4.876e-07,-193.9097565251228
4.878e-07,-197.78201344743957
4.88e-07,-201.596843467199
4.882e-07,-205.35313893124624
4.884000000000001e-07,-209.04980918219462
4.886e-07,-212.68578087510812
4.888e-07,-216.25999828915474
4.89e-07,-219.7714236341366
4.892e-07,-223.21903735181425
4.894e-07,-226.60183841194467
4.896e-07,-229.91884460293298
4.898000000000001e-07,-233.16909281702243
4.9e-07,-236.35163932993422
4.902e-07,-239.46556007489284
4.904e-07,-242.50995091091698
4.906e-07,-245.4839278853518
4.908e-07,-248.3866274905244
4.91e-07,-251.2172069144724
4.912000000000001e-07,-253.9748442856506
4.914e-07,-256.65873891156906
4.916e-07,-259.2681115112798
4.918e-07,-261.80220444164235
4.92e-07,-264.26028191730666
4.922e-07,-266.64163022435497
4.924e-07,-268.9455579275309
4.926000000000001e-07,-271.1713960710007
4.928e-07,-273.3184983725859
4.93e-07,-275.38624141142134
4.932e-07,-277.3740248089574
4.934e-07,-279.28127140329
4.936e-07,-281.10742741673965
4.938e-07,-282.851962616646
4.940000000000001e-07,-284.5143704693192
4.942e-07,-286.0941682871162
4.944e-07,-287.59089736859283
4.946e-07,-289.0041231316883
4.948e-07,-290.33343523990686
4.95e-07,-291.57844772146285
4.952e-07,-292.7387990813486
4.954000000000001e-07,-293.81415240629593
4.956000000000001e-07,-294.8041954626018
4.958e-07,-295.7086407867842
4.96e-07,-296.52722576905137
4.962e-07,-297.25971272954934
4.964e-07,-297.9058889873744
4.966e-07,-298.4655669223267
4.968000000000001e-07,-298.938584029385
4.970000000000001e-07,-299.324802965892
4.972e-07,-299.6241115914316
4.974e-07,-299.8364230003905
4.976e-07,-299.9616755471901
4.978e-07,-299.99983286418677
4.98e-07,-299.95088387223075
4.982000000000001e-07,-299.81484278388353
4.984000000000001e-07,-299.5917490992905
4.986e-07,-299.28166759471264
4.988e-07,-298.8846883037177
4.99e-07,-298.4009264910395
4.992e-07,-297.8305226191088
4.994e-07,-297.1736423072712
4.996000000000001e-07,-296.4304762836975
4.998000000000001e-07,-295.60124033000534
5e-07,-294.68617521860705
5.002e-07,-293.68554664279674
5.004e-07,-292.59964513961
5.006e-07,-291.4287860054618
5.008e-07,-290.17330920459983
5.01e-07,-288.8335792703948
5.012000000000001e-07,-287.40998519949414
5.014e-07,-285.9029403388792
5.016e-07,-284.3128822658433
5.018e-07,-282.6402726609442
5.02e-07,-280.88559717394776
5.022e-07,-279.049365282822
5.024e-07,-277.1321101458055
5.026000000000001e-07,-275.1343884466026
5.028e-07,-273.05678023275004
5.03e-07,-270.8998887471904
5.032e-07,-268.6643402531279
5.034e-07,-266.3507838521835
5.036e-07,-263.9598912959269
5.038e-07,-261.49235679083165
5.040000000000001e-07,-258.94889679670456
5.042e-07,-256.33024981866606
5.044e-07,-253.6371761927132
5.046e-07,-250.8704578649616
5.048e-07,-248.0308981645946
5.05e-07,-245.1193215706212
5.052e-07,-242.1365734724801
5.054000000000001e-07,-239.08351992457847
5.056e-07,-235.9610473948313
5.058e-07,-232.77006250726146
5.06e-07,-229.51149177877264
5.062e-07,-226.1862813501207
5.064e-07,-222.79539671119994
5.066e-07,-219.33982242071025
5.068000000000001e-07,-215.82056182028032
5.07e-07,-212.23863674315277
5.072e-07,-208.5950872174788
5.074e-07,-204.89097116435306
5.076e-07,-201.12736409062933
5.078e-07,-197.30535877665315
5.08e-07,-193.42606495896172
5.082000000000001e-07,-189.4906090080686
5.084e-07,-185.50013360142015
5.086e-07,-181.45579739160067
5.088e-07,-177.35877466993244
5.09e-07,-173.21025502550137
5.092e-07,-169.01144299975982
5.094e-07,-164.76355773677537
5.096000000000001e-07,-160.46783262925717
5.098e-07,-156.12551496043
5.1e-07,-151.73786554187586
5.102e-07,-147.30615834745547
5.104e-07,-142.83168014340774
5.106e-07,-138.3157301147259
5.108e-07,-133.75961948793523
5.110000000000001e-07,-129.1646711503723
5.112e-07,-124.53221926608268
5.114e-07,-119.86360888842478
5.116e-07,-115.16019556955077
5.118e-07,-110.42334496680044
5.12e-07,-105.65443244618226
5.122e-07,-100.85484268302164
5.124000000000001e-07,-96.02596925992614
5.126e-07,-91.16921426214654
5.128e-07,-86.28598787047093
5.13e-07,-81.3777079517764
5.132e-07,-76.445799647349
5.134e-07,-71.49169495908156
5.136e-07,-66.51683233368726
5.138000000000001e-07,-61.52265624504037
5.14e-07,-56.51061677477075
5.142e-07,-51.48216919120938
5.144e-07,-46.43877352686975
5.146e-07,-41.38189415450403
5.148e-07,-36.31299936192219
5.15e-07,-31.23356092565944
5.152000000000001e-07,-26.145053683652016
5.154e-07,-21.048955107004936
5.156e-07,-15.94674487099733
5.158e-07,-10.83990442545628
5.16e-07,-5.729916564615408
5.162e-07,-0.6182649965724843
5.164e-07,4.493566087509803
5.166000000000001e-07,9.604092444343346
5.168e-07,14.711830209477759
5.17e-07,19.815296328142864
5.172e-07,24.913008985856116
5.174e-07,30.003488038680516
5.176e-07,35.085255442986856
5.178e-07,40.156835684618855
5.180000000000001e-07,45.21675620730265
5.182e-07,50.26354784021655
5.184e-07,55.29574522457565
5.186e-07,60.31188723910109
5.188e-07,65.31051742425915
5.19e-07,70.29018440515704
5.192e-07,75.2494423129542
5.194000000000001e-07,80.18685120467471
5.196e-07,85.10097748130748
5.198e-07,89.99039430405399
5.2e-07,94.8536820086134
5.202e-07,99.68942851739261
5.204e-07,104.49622974951536
5.206e-07,109.27269002849145
5.208000000000001e-07,114.01742248746564
5.21e-07,118.72904947189497
5.212e-07,123.40620293957255
5.214e-07,128.04752485782126
5.216e-07,132.65166759782042
5.218e-07,137.21729432589206
5.22e-07,141.7430793916565
5.222000000000001e-07,146.2277087129391
5.224e-07,150.6698801573257
5.226e-07,155.06830392023866
5.228e-07,159.421702899434
5.23e-07,163.72881306581743
5.232e-07,167.98838383046638
5.234e-07,172.19917840773317
5.236000000000001e-07,176.35997417435877
5.238000000000001e-07,180.46956302446495
5.24e-07,184.5267517203301
5.242e-07,188.53036223886465
5.244e-07,192.47923211363502
5.246e-07,196.3722147724047
5.248e-07,200.20817987004318
5.250000000000001e-07,203.9860136167253
5.252000000000001e-07,207.70461910133145
5.254e-07,211.36291660992953
5.256e-07,214.95984393928748
5.258e-07,218.49435670527637
5.26e-07,221.96542864612397
5.262e-07,225.3720519203845
5.264000000000001e-07,228.71323739957546
5.266000000000001e-07,231.98801495537435
5.268e-07,235.19543374129702
5.27e-07,238.33456246879092
5.272e-07,241.40448967762305
5.274e-07,244.40432400053695
5.276e-07,247.33319442206303
5.278000000000001e-07,250.19025053142025
5.280000000000001e-07,252.97466276944158
5.282e-07,255.68562266943212
5.284e-07,258.3223430919203
5.286e-07,260.8840584531982
5.288e-07,263.3700249476212
5.29e-07,265.77952076356775
5.292000000000001e-07,268.1118462930248
5.294000000000001e-07,270.3663243347214
5.296e-07,272.54230029075484
5.298e-07,274.6391423566638
5.3e-07,276.65624170486456
5.302e-07,278.59301266143405
5.304e-07,280.4488928761606
5.306e-07,282.22334348582757
5.308000000000001e-07,283.91584927067044
5.31e-07,285.5259188039754
5.312e-07,287.05308459476873
5.314e-07,288.4969032235534
5.316e-07,289.85695547105655
5.318e-07,291.1328464399541
5.32e-07,292.3242056695299
5.322000000000001e-07,293.43068724324064
5.324e-07,294.45196988915404
5.326e-07,295.3877570732342
5.328e-07,296.237777085437
5.33e-07,297.0017831186056
5.332e-07,297.6795533401309
5.334e-07,298.2708909563628
5.336000000000001e-07,298.7756242697484
5.338e-07,299.193606728686
5.34e-07,299.52471697007763
5.342e-07,299.76885885456653
5.344e-07,299.92596149445166
5.346e-07,299.99597927427055
5.348e-07,299.97889186404416
5.350000000000001e-07,299.8747042251792
5.352e-07,299.6834466090284
5.354e-07,299.40517454810566
5.356e-07,299.03996883996314
5.358e-07,298.5879355237307
5.36e-07,298.04920584932745
5.362e-07,297.42393623935163
5.364000000000001e-07,296.7123082436639
5.366e-07,295.91452848667336
5.368e-07,295.030828607342
5.37e-07,294.06146519192805
5.372e-07,293.00671969948587
5.374e-07,291.86689838014183
5.376e-07,290.64233218617363
5.378000000000001e-07,289.3333766759167
5.38e-07,287.9404119105277
5.382e-07,286.46384234362694
5.384e-07,284.9040967038707
5.386e-07,283.2616278704633
5.388e-07,281.53691274166323
5.39e-07,279.73045209631096
5.392000000000001e-07,277.8427704484297
5.394e-07,275.87441589492835
5.396e-07,273.8259599564575
5.398e-07,271.69799741146704
5.4e-07,269.49114612351167
5.402e-07,267.2060468618488
5.404e-07,264.8433631153889
5.406000000000001e-07,262.40378090004975
5.408e-07,259.8880085595656
5.41e-07,257.29677655981817
5.412e-07,254.63083727674473
5.414e-07,251.89096477788053
5.416e-07,249.07795459760104
5.418e-07,246.1926235061419
5.420000000000001e-07,243.23580927244151
5.422e-07,240.2083704208946
5.424e-07,237.1111859820656
5.426e-07,233.9451552374734
5.428e-07,230.71119745847076
5.43e-07,227.41025163933227
5.432e-07,224.04327622461315
5.434000000000001e-07,220.61124883086177
5.436e-07,217.1151659627603
5.438e-07,213.55604272378756
5.44e-07,209.93491252148218
5.442e-07,206.25282676738533
5.444e-07,202.5108545717539
5.446e-07,198.7100824331486
5.448000000000001e-07,194.8516139229581
5.45e-07,190.93656936497695
5.452e-07,186.96608551010144
5.454e-07,182.94131520628818
5.456e-07,178.8634270638067
5.458e-07,174.73360511593145
5.46e-07,170.55304847515214
5.462000000000001e-07,166.3229709850079
5.464e-07,162.04460086763717
5.466e-07,157.71918036716107
5.468e-07,153.34796538899587
5.47e-07,148.9322251351919
5.472e-07,144.47324173590906
5.474e-07,139.9723098771558
5.476000000000001e-07,135.43073642486374
5.478e-07,130.84984004543892
5.48e-07,126.23095082286575
5.482e-07,121.57540987253398
5.484e-07,116.88456895182459
5.486e-07,112.15979006762466
5.488e-07,107.40244508086253
5.490000000000001e-07,102.61391530818383
5.492e-07,97.79559112087387
5.494e-07,92.94887154116101
5.496e-07,88.07516383600833
5.498e-07,83.17588310850331
5.5e-07,78.25245188697
5.502e-07,73.30629971194385
5.504000000000001e-07,68.33886272108991
5.506e-07,63.351583232219994
5.508e-07,58.345909324492474
5.51e-07,53.323294417981
5.512e-07,48.28519685165068
5.514e-07,43.23307945992699
5.516e-07,38.168409147957234
5.518000000000001e-07,33.092656465679596
5.520000000000001e-07,28.007295180854936
5.522e-07,22.91380185114538
5.524e-07,17.813655395384828
5.526e-07,12.70833666417242
5.528e-07,7.59932800990514
5.53e-07,2.4881128563637
5.532000000000001e-07,-2.6238247320041412
5.534000000000001e-07,-7.7350004809884005
5.536e-07,-12.843930337578353
5.538e-07,-17.94913090088107
5.54e-07,-23.049119852808015
5.542e-07,-28.14241638848987
5.544e-07,-33.22754164622853
5.546000000000001e-07,-38.30301913689978
5.548000000000001e-07,-43.367375172645865
5.55e-07,-48.4191392947738
5.552e-07,-53.45684470071392
5.554e-07,-58.47902866990841
5.556e-07,-63.48423298851464
5.558e-07,-68.47100437281047
5.560000000000001e-07,-73.43789489115963
5.562000000000001e-07,-78.38346238442524
5.564e-07,-83.30627088470318
5.566e-07,-88.20489103227817
5.568e-07,-93.07790049062032
5.57e-07,-97.92388435938334
5.572e-07,-102.74143558522113
5.574000000000001e-07,-107.52915537034019
5.576000000000001e-07,-112.28565357863475
5.578e-07,-117.00954913932523
5.58e-07,-121.69947044796221
5.582e-07,-126.3540557646741
5.584e-07,-130.9719536095505
5.586e-07,-135.55182315505644
5.588000000000001e-07,-140.09233461534578
5.590000000000001e-07,-144.59216963237049
5.592e-07,-149.0500216586682
5.594e-07,-153.464596336739
5.596e-07,-157.83461187484573
5.598e-07,-162.1587994192028
5.6e-07,-166.43590342238832
5.602000000000001e-07,-170.66468200790484
5.604000000000001e-07,-174.84390733075335
5.606e-07,-178.9723659339489
5.608e-07,-183.04885910085676
5.61e-07,-187.07220320324177
5.612e-07,-191.0412300449367
5.614e-07,-194.95478720103839
5.616e-07,-198.811738352518
5.618000000000001e-07,-202.61096361615475
5.62e-07,-206.3513598697036
5.622e-07,-210.03184107218883
5.624e-07,-213.65133857923777
5.626e-07,-217.2088014533698
5.628e-07,-220.70319676914508
5.63e-07,-224.13350991307024
5.632000000000001e-07,-227.49874487820202
5.634e-07,-230.79792455333805
5.636e-07,-234.03009100673663
5.638e-07,-237.1943057642398
5.64e-07,-240.2896500817749
5.642e-07,-243.31522521211315
5.644e-07,-246.2701526658248
5.646000000000001e-07,-249.1535744663517
5.648e-07,-251.964653399128
5.65e-07,-254.70257325466667
5.652e-07,-257.3665390655476
5.654e-07,-259.95577733724235
5.656e-07,-262.4695362727046
5.658e-07,-264.9070859906518
5.660000000000001e-07,-267.2677187374936
5.662e-07,-269.55074909282837
5.664e-07,-271.75551416846565
5.666e-07,-273.8813738008874
5.668e-07,-275.92771073712987
5.67e-07,-277.89393081400425
5.672e-07,-279.77946313061403
5.674000000000001e-07,-281.58376021411846
5.676e-07,-283.3062981786959
5.678e-07,-284.9465768776546
5.68e-07,-286.5041200486514
5.682e-07,-287.97847545197817
5.684e-07,-289.3692150018735
5.686e-07,-290.67593489081537
5.688000000000001e-07,-291.8982557067713
5.69e-07,-293.0358225433604
5.692e-07,-294.08830510290625
5.694e-07,-295.0553977923342
5.696e-07,-295.93681981190593
5.698e-07,-296.7323152367497
5.7e-07,-297.4416530911692
5.702000000000001e-07,-298.0646274157085
5.704e-07,-298.60105732695393
5.706e-07,-299.0507870700536
5.708e-07,-299.4136860639413
5.71e-07,-299.68964893925204
5.712e-07,-299.8785955689164
5.714e-07,-299.98047109142544
5.716000000000001e-07,-299.99524592676016
5.718e-07,-299.9229157849804
5.72e-07,-299.76350166746994
5.722e-07,-299.5170498608392
5.724e-07,-299.18363192348545
5.726e-07,-298.76334466481546
5.728e-07,-298.25631011713676
5.730000000000001e-07,-297.66267550022417
5.732e-07,-296.9826131785754
5.734e-07,-296.2163206113621
5.736e-07,-295.36402029509935
5.738e-07,-294.4259596990399
5.74e-07,-293.4024111933226
5.742e-07,-292.29367196988784
5.744000000000001e-07,-291.100063956186
5.746e-07,-289.82193372170593
5.748e-07,-288.45965237734254
5.75e-07,-287.0136154676495
5.752e-07,-285.48424285598674
5.754e-07,-283.8719786026124
5.756e-07,-282.1772908357485
5.758000000000001e-07,-280.40067161565514
5.76e-07,-278.5426367917634
5.762e-07,-276.6037258528904
5.764e-07,-274.5845017706023
5.766e-07,-272.4855508357465
5.768e-07,-270.30748248822545
5.77e-07,-268.05092914003944
5.772000000000001e-07,-265.7165459916639
5.774e-07,-263.305010841811
5.776e-07,-260.8170238906194
5.778e-07,-258.25330753636047
5.78e-07,-255.6146061656782
5.782e-07,-252.90168593745562
5.784e-07,-250.11533456035795
5.786000000000001e-07,-247.25636106411324
5.788e-07,-244.32559556461518
5.79e-07,-241.3238890228857
5.792e-07,-238.25211299800418
5.794e-07,-235.11115939403646
5.796e-07,-231.90194020107538
5.798e-07,-228.6253872304351
5.800000000000001e-07,-225.2824518440969
5.802000000000001e-07,-221.8741046784767
5.804e-07,-218.40133536259955
5.806e-07,-214.8651522307446
5.808e-07,-211.26658202968807
5.81e-07,-207.6066696205711
5.812e-07,-203.88647767552413
5.814000000000001e-07,-200.107086369109
5.816000000000001e-07,-196.26959306469448
5.818e-07,-192.3751119958276
5.82e-07,-188.42477394270745
5.822e-07,-184.419725903861
5.824e-07,-180.36113076311068
5.826e-07,-176.2501669519204
5.828000000000001e-07,-172.08802810723463
5.830000000000001e-07,-167.87592272490213
5.832e-07,-163.6150738087784
5.834e-07,-159.3067185156245
5.836e-07,-154.95210779589667
5.838e-07,-150.55250603052355
5.84e-07,-146.10919066378193
5.842000000000001e-07,-141.62345183239609
5.844000000000001e-07,-137.09659199093346
5.846e-07,-132.52992553363657
5.848e-07,-127.92477841276754
5.85e-07,-123.28248775363474
5.852e-07,-118.6044014663371
5.854e-07,-113.89187785439621
5.856000000000001e-07,-109.14628522036665
5.858000000000001e-07,-104.36900146854522
5.86e-07,-99.56141370488422
5.862e-07,-94.72491783424283
5.864e-07,-89.86091815508391
5.866e-07,-84.97082695172568
5.868e-07,-80.0560640842723
5.870000000000001e-07,-75.11805657636333
5.872000000000001e-07,-70.15823820082291
5.874e-07,-65.1780490633634
5.876e-07,-60.17893518442759
5.878e-07,-55.162348079355056
5.88e-07,-50.1297443369115
5.882e-07,-45.08258519636576
5.884000000000001e-07,-40.02233612321236
5.886000000000001e-07,-34.95046638366915
5.888e-07,-29.86844861806276
5.89e-07,-24.777758413245135
5.892e-07,-19.679873874154413
5.894e-07,-14.576275194636258
5.896e-07,-9.46844422765648
5.898000000000001e-07,-4.357864055051082
5.900000000000001e-07,0.7539814431017622
5.902e-07,5.86560801932662
5.904e-07,10.975531489725821
5.906e-07,16.082268164893385
5.908e-07,21.18433528072801
5.91e-07,26.280251428956085
5.912e-07,31.368536987265262
5.914000000000001e-07,36.4477145489174
5.916e-07,41.51630935172664
5.918e-07,46.57284970625901
5.92e-07,51.615867423139925
5.922e-07,56.64389823935387
5.924e-07,61.65548224340601
5.926e-07,66.64916429920157
5.928000000000001e-07,71.62349446855954
5.93e-07,76.57702843220261
5.932e-07,81.50832790913826
5.934e-07,86.4159610742454
5.936e-07,91.29850297402778
5.938e-07,96.15453594035165
5.94e-07,100.98265000206995
5.942000000000001e-07,105.78144329442196
5.944e-07,110.54952246605706
5.946e-07,115.28550308361642
5.948e-07,119.98801003369383
5.95e-07,124.65567792212163
5.952e-07,129.2871514704056
5.954e-07,133.88108590924386
5.956000000000001e-07,138.4361473689848
5.958e-07,142.95101326691847
5.96e-07,147.4243726913095
5.962e-07,151.85492678200347
5.964e-07,156.24138910757225
5.966e-07,160.5824860388311
5.968e-07,164.87695711864112
5.970000000000001e-07,169.12355542789555
5.972e-07,173.32104794755622
5.974e-07,177.4682159166802
5.976e-07,181.56385518627843
5.978e-07,185.60677656895996
5.98e-07,189.5958061842056
5.982e-07,193.52978579921648
5.984000000000001e-07,197.40757316521035
5.986e-07,201.22804234907562
5.988e-07,204.9900840603037
5.99e-07,208.6926059730575
5.992e-07,212.33453304334606
5.994e-07,215.91480782116494
5.996e-07,219.4323907575305
5.998000000000001e-07,222.8862605063232
6e-07,226.2754142208301
6.002e-07,229.59886784493722
6.004e-07,232.85565639884373
6.006e-07,236.0448342592589
6.008e-07,239.16547543395873
6.01e-07,242.21667383065747
6.012000000000001e-07,245.19754352009414
6.014e-07,248.1072189932638
6.016e-07,250.94485541273156
6.018e-07,253.7096288579204
6.02e-07,256.4007365643501
6.022e-07,259.017397156721
6.024e-07,261.5588508757889
6.026000000000001e-07,264.0243597989686
6.028e-07,266.41320805458594
6.03e-07,268.7247020297425
6.032e-07,270.9581705717014
6.034e-07,273.1129651827668
6.036e-07,275.18846020857234
6.038e-07,277.1840530197457
6.040000000000001e-07,279.09916418688425
6.042e-07,280.93323764879335
6.044e-07,282.6857408739473
6.046e-07,284.35616501510316
6.048e-07,285.94402505705307
6.05e-07,287.4488599574481
6.052e-07,288.87023278066704
6.054000000000001e-07,290.2077308246783
6.056e-07,291.46096574087227
6.058e-07,292.6295736468208
6.06e-07,293.71321523193086
6.062e-07,294.7115758559644
6.064e-07,295.6243656403967
6.066e-07,296.45131955258347
6.068000000000001e-07,297.19219748271445
6.07e-07,297.8467843135297
6.072e-07,298.414889982782
6.074e-07,298.896349538419
6.076e-07,299.2910231864802
6.078e-07,299.59879633168595
6.08e-07,299.81957961071106
6.082000000000001e-07,299.95330891813126
6.084000000000001e-07,299.99994542503714
6.086e-07,299.95947559030793
6.088e-07,299.83191116454316
6.09e-07,299.617289186651
6.092e-07,299.3156719730941
6.094e-07,298.92714709979504
6.096000000000001e-07,298.4518273767088
6.098000000000001e-07,297.8898508150682
6.1e-07,297.24138058731046
6.102e-07,296.5066049797003
6.104e-07,295.6857373376604
6.106e-07,294.77901600382535
6.108e-07,293.78670424883666
6.110000000000001e-07,292.7090901949028
6.112000000000001e-07,291.54648673214047
6.114e-07,290.29923142772685
6.116e-07,288.96768642788135
6.118e-07,287.55223835272074
6.12e-07,286.0532981839985
6.122e-07,284.4713011457752
6.124000000000001e-07,282.8067065780494
6.126000000000001e-07,281.0599978033867
6.128e-07,279.2316819865829
6.13e-07,277.3222899874076
6.132e-07,275.3323762064684
6.134e-07,273.26251842423676
6.136e-07,271.1133176332839
6.138000000000001e-07,268.8853978637854
6.140000000000001e-07,266.5794060023275
6.142e-07,264.19601160408376
6.144e-07,261.73590669839825
6.146e-07,259.19980558786426
6.148e-07,256.58844464091493
6.15e-07,253.9025820780174
6.152000000000001e-07,251.1429977515213
6.154000000000001e-07,248.31049291922056
6.156e-07,245.40589001171247
6.158e-07,242.43003239359194
6.16e-07,239.3837841185865
6.162e-07,236.26802967866425
6.164e-07,233.0836737472267
6.166000000000001e-07,229.8316409164276
6.168000000000001e-07,226.5128754287146
6.17e-07,223.12834090266705
6.172e-07,219.67902005319385
6.174e-07,216.1659144062143
6.176e-07,212.5900440078497
6.178e-07,208.9524471282507
6.180000000000001e-07,205.25417996013283
6.182000000000001e-07,201.49631631209962
6.184e-07,197.67994729686856
6.186e-07,193.80618101444884
6.188e-07,189.87614223041237
6.19e-07,185.89097204929996
6.192e-07,181.85182758330797
6.194000000000001e-07,177.75988161630906
6.196000000000001e-07,173.61632226333046
6.198e-07,169.42235262558322
6.2e-07,165.17919044112205
6.202e-07,160.8880677312908
6.204e-07,156.5502304429853
6.206e-07,152.16693808689067
6.208000000000001e-07,147.73946337177847
6.210000000000001e-07,143.26909183496258
6.212e-07,138.75712146905062
6.214e-07,134.2048623450509
6.216e-07,129.61363623200262
6.218e-07,124.98477621317886
6.22e-07,120.31962629903329
6.222e-07,115.619541036953
6.224000000000001e-07,110.88588511796142
6.226e-07,106.12003298047811
6.228e-07,101.32336841122844
6.23e-07,96.49728414347865
6.232e-07,91.64318145263363
6.234e-07,86.76246974937415
6.236e-07,81.85656617043023
6.238000000000001e-07,76.92689516710084
6.24e-07,71.97488809167234
6.242e-07,67.0019827818025
6.244e-07,62.009623143054256
6.246e-07,56.99925872963467
6.248e-07,51.97234432352485
6.25e-07,46.93033951206908
6.252000000000001e-07,41.874708264179134
6.254e-07,36.80691850526846
6.256e-07,31.728441691016563
6.258e-07,26.640752380150452
6.26e-07,21.54532780628303
6.262e-07,16.443647448997915
6.264e-07,11.337192604267377
6.266000000000001e-07,6.227445954364105
6.268e-07,1.1158911373513098
6.27e-07,-3.9959876837046844
6.272e-07,-9.106706251652989
6.274e-07,-14.214780646235983
6.276e-07,-19.318727714937342
6.278e-07,-24.41706550363064
6.280000000000001e-07,-29.508313686869254
6.282e-07,-34.590993997701375
6.284e-07,-39.66363065690842
6.286e-07,-44.72475080147878
6.288e-07,-49.77288491227722
6.29e-07,-54.80656724072009
6.292e-07,-59.82433623437043
6.294000000000001e-07,-64.82473496129373
6.296e-07,-69.80631153309106
6.298e-07,-74.76761952646558
6.3e-07,-79.70721840319383
6.302e-07,-84.62367392838856
6.304e-07,-89.51555858694132
6.306e-07,-94.38145199800606
6.308000000000001e-07,-99.219941327413
6.31e-07,-104.02962169788746
6.312e-07,-108.80909659697845
6.314e-07,-113.55697828251812
6.316e-07,-118.27188818557522
6.318e-07,-122.95245731072278
6.32e-07,-127.59732663353996
6.322000000000001e-07,-132.20514749519916
6.324e-07,-136.77458199406115
6.326e-07,-141.30430337414478
6.328e-07,-145.79299641035246
6.33e-07,-150.2393577903482
6.332e-07,-154.64209649298581
6.334e-07,-158.99993416316082
6.336000000000001e-07,-163.31160548298678
6.338e-07,-167.5758585391824
6.34e-07,-171.79145518658447
6.342e-07,-175.95717140762747
6.344e-07,-180.0717976677571
6.346e-07,-184.13413926661855
6.348e-07,-188.14301668495014
6.350000000000001e-07,-192.09726592705186
6.352e-07,-195.99573885876188
6.354e-07,-199.83730354082587
6.356e-07,-203.62084455755704
6.358e-07,-207.34526334069932
6.36e-07,-211.00947848840627
6.362e-07,-214.61242607922935
6.364000000000001e-07,-218.15305998103108
6.366000000000001e-07,-221.6303521547398
6.368e-07,-225.04329295283551
6.37e-07,-228.39089141251694
6.372e-07,-231.67217554342082
6.374e-07,-234.88619260985496
6.376e-07,-238.03200940741945
6.378000000000001e-07,-241.10871253397252
6.380000000000001e-07,-244.11540865483948
6.382e-07,-247.0512247621941
6.384e-07,-249.91530842855013
6.386e-07,-252.70682805425275
6.388e-07,-255.42497310894723
6.39e-07,-258.0689543669174
6.392000000000001e-07,-260.6380041362402
6.394000000000001e-07,-263.1313764816925
6.396e-07,-265.54834744132927
6.398e-07,-267.8882152366977
6.4e-07,-270.1503004765939
6.402e-07,-272.33394635433433
6.404e-07,-274.43851883845673
6.406000000000001e-07,-276.46340685681713
6.408000000000001e-07,-278.40802247401706
6.41e-07,-280.27180106211125
6.412e-07,-282.05420146455623
6.414e-07,-283.7547061533283
6.416e-07,-285.3728213791964
6.418e-07,-286.9080773150829
6.420000000000001e-07,-288.3600281924792
6.422000000000001e-07,-289.7282524308793
6.424e-07,-291.0123527601833
6.426e-07,-292.2119563360513
6.428e-07,-293.32671484815575
6.43e-07,-294.35630462131945
6.432e-07,-295.30042670949246
6.434000000000001e-07,-296.1588069825544
6.436000000000001e-07,-296.93119620590875
6.438e-07,-297.61737011284913
6.44e-07,-298.21712946967784
6.442e-07,-298.7303001335511
6.444e-07,-299.15673310304464
6.446e-07,-299.49630456141614
6.448000000000001e-07,-299.7489159125561
6.450000000000001e-07,-299.9144938096158
6.452e-07,-299.9929901763035
6.454e-07,-299.98438222084405
6.456e-07,-299.88867244259626
6.458e-07,-299.7058886313271
6.46e-07,-299.43608385914354
6.462000000000001e-07,-299.07933646508184
6.464000000000001e-07,-298.6357500323621
6.466e-07,-298.10545335831296
6.468e-07,-297.48860041697213
6.47e-07,-296.78537031438293
6.472e-07,-295.9959672365877
6.474e-07,-295.1206203903424
6.476000000000001e-07,-294.15958393656405
6.478000000000001e-07,-293.11313691653595
6.48e-07,-291.981583170886
6.482e-07,-290.7652512513635
6.484e-07,-289.4644943254461
6.486e-07,-288.079690073792
6.488e-07,-286.6112405805824
6.490000000000001e-07,-285.0595722167722
6.492000000000001e-07,-283.42513551629213
6.494e-07,-281.70840504523534
6.496e-07,-279.90987926405927
6.498e-07,-278.0300803828642
6.5e-07,-276.0695542097611
6.502e-07,-274.0288699923967
6.504000000000001e-07,-271.9086202526656
6.506000000000001e-07,-269.7094206146746
6.508e-07,-267.43190962599084
6.51e-07,-265.07674857223446
6.512e-07,-262.6446212850735
6.514e-07,-260.13623394367187
6.516e-07,-257.5523148696445
6.518e-07,-254.89361431558652
6.520000000000001e-07,-252.16090424723436
6.522e-07,-249.35497811932404
6.524e-07,-246.47665064519876
6.526e-07,-243.52675756026719
6.528e-07,-240.5061553793346
6.53e-07,-237.4157211479136
6.532e-07,-234.2563521875647
6.534000000000001e-07,-231.02896583536278
6.536e-07,-227.7344991775403
6.538e-07,-224.3739087773973
6.54e-07,-220.94817039756143
6.542e-07,-217.45827871667396
6.544e-07,-213.90524704057597
6.546e-07,-210.29010700809187
6.548000000000001e-07,-206.61390829148837
6.55e-07,-202.87771829170052
6.552e-07,-199.08262182839457
6.554e-07,-195.22972082500434
6.556e-07,-191.32013398877024
6.558e-07,-187.35499648592253
6.56e-07,-183.3354596120738
6.562000000000001e-07,-179.2626904579452
6.564e-07,-175.1378715704914
6.566e-07,-170.9622006095392
6.568e-07,-166.73689000004498
6.57e-07,-162.46316658006526
6.572e-07,-158.1422712445333
6.574e-07,-153.77545858496165
6.576000000000001e-07,-149.3639965251673
6.578e-07,-144.90916595311916
6.58e-07,-140.41226034902976
6.582e-07,-135.87458540979128
6.584e-07,-131.29745866985508
6.586e-07,-126.6822091186832
6.588e-07,-122.03017681486271
6.590000000000001e-07,-117.3427124970251
6.592e-07,-112.6211771916475
6.594e-07,-107.86694181786852
6.596e-07,-103.0813867894396
6.598e-07,-98.26590161391951
6.6e-07,-93.42188448921874
6.602e-07,-88.55074189762834
6.604000000000001e-07,-83.65388819744342
6.606e-07,-78.73274521229179
6.608e-07,-73.78874181830496
6.61e-07,-68.82331352924173
6.612e-07,-63.83790207967617
6.614e-07,-58.833955006377174
6.616e-07,-53.81292522802211
6.618000000000001e-07,-48.77627062332696
6.62e-07,-43.725453607750964
6.622e-07,-38.66194070886081
6.624e-07,-33.58720214054296
6.626e-07,-28.50271137610362
6.628e-07,-23.40994472044324
6.63e-07,-18.310380881404733
6.632000000000001e-07,-13.20550054042611
6.634e-07,-8.096785922611515
6.636e-07,-2.9857203663647067
6.638e-07,2.126212107300672
6.64e-07,7.237527225657589
6.642e-07,12.346740895237309
6.644e-07,17.452369632729862
6.646000000000001e-07,22.552930995728676
6.648000000000001e-07,27.646944013162265
6.65e-07,32.73292961529671
6.652e-07,37.80941106320712
6.654e-07,42.87491437753012
6.656e-07,47.92796876645728
6.658e-07,52.96710705278205
6.660000000000001e-07,57.99086609989908
6.662000000000001e-07,62.997787236641074
6.664e-07,67.98641668079577
6.666e-07,72.95530596123497
6.668e-07,77.90301233846807
6.67e-07,82.82809922356452
6.672e-07,87.7291365952594
6.674000000000001e-07,92.60470141517501
6.676000000000001e-07,97.45337804100421
6.678e-07,102.27375863754474
6.68e-07,107.06444358548653
6.682e-07,111.82404188777335
6.684e-07,116.55117157350125
6.686e-07,121.24446009917406
6.688000000000001e-07,125.90254474723541
6.690000000000001e-07,130.52407302172824
6.692e-07,135.10770304100404
6.694e-07,139.65210392734988
6.696e-07,144.1559561934015
6.698e-07,148.61795212527755
6.7e-07,153.03679616226705
6.702000000000001e-07,157.4112052730089
6.704000000000001e-07,161.73990932802386
6.706e-07,166.02165146849887
6.708e-07,170.25518847123598
6.71e-07,174.4392911096064
6.712e-07,178.5727445104762
6.714e-07,182.65434850694518
6.716000000000001e-07,186.6829179868274
6.718000000000001e-07,190.65728323674355
6.72e-07,194.57629028175802
6.722e-07,198.43880122044365
6.724e-07,202.24369455527332
6.726e-07,205.9898655182488
6.728e-07,209.6762263916798
6.730000000000001e-07,213.3017068240061
6.732000000000001e-07,216.86525414057914
6.734e-07,220.36583364930786
6.736e-07,223.80242894109782
6.738e-07,227.1740421849527
6.74e-07,230.4796944177108
6.742e-07,233.71842582828717
6.744000000000001e-07,236.88929603636439
6.746000000000001e-07,239.99138436542813
6.748e-07,243.02379011009413
6.75e-07,245.98563279763422
6.752e-07,248.8760524436231
6.754e-07,251.69420980163642
6.756e-07,254.43928660693322
6.758000000000001e-07,257.11048581404185
6.760000000000001e-07,259.70703182818545
6.762e-07,262.2281707304776
6.764e-07,264.6731704968341
6.766e-07,267.0413212105073
6.768e-07,269.33193526822174
6.77e-07,271.54434757982
6.772000000000001e-07,273.67791576137813
6.774000000000001e-07,275.7320203217194
6.776e-07,277.7060648422894
6.778e-07,279.5994761503298
6.78e-07,281.4117044853006
6.782e-07,283.1422236585037
6.784e-07,284.7905312058667
6.786000000000001e-07,286.3561485338347
6.788000000000001e-07,287.83862105833157
6.79e-07,289.23751833675243
6.792e-07,290.55243419294317
6.794e-07,291.78298683513424
6.796e-07,292.928818966798
6.798e-07,293.98959789038975
6.800000000000001e-07,294.96501560394984
6.802000000000001e-07,295.8547888905311
6.804e-07,296.6586594004331
6.806e-07,297.3763937262165
6.808e-07,298.0077834704721
6.81e-07,298.5526453063305
6.812e-07,299.01082103069206
6.814000000000001e-07,299.38217761016205
6.816000000000001e-07,299.6666072196772
6.818e-07,299.86402727381346
6.82e-07,299.9743804507649
6.822e-07,299.99763470898716
6.824e-07,299.9337832965011
6.826e-07,299.7828447528532
6.828e-07,299.54486290373274
6.830000000000001e-07,299.2199068482463
6.832e-07,298.80807093885545
6.834e-07,298.3094747539794
6.836e-07,297.7242630632767
6.838e-07,297.0526057856099
6.84e-07,296.2946979397088
6.842e-07,295.4507595875458
6.844000000000001e-07,294.5210357704408
6.846e-07,293.5057964379106
6.848e-07,292.4053363692888
6.85e-07,291.2199750881364
6.852e-07,289.9500567694654
6.854e-07,288.595950139805
6.856e-07,287.1580483701428
6.858000000000001e-07,285.6367689617641
6.86e-07,284.03255362503023
6.862e-07,282.3458681511204
6.864e-07,280.5772022767955
6.866e-07,278.7270695421952
6.868e-07,276.7960071417307
6.87e-07,274.78457576810797
6.872000000000001e-07,272.6933594495288
6.874e-07,270.52296538011313
6.876e-07,268.2740237435989
6.878e-07,265.9471875303675
6.88e-07,263.5431323478433
6.882e-07,261.0625562243246
6.884e-07,258.50617940631446
6.886000000000001e-07,255.8747441493894
6.888e-07,253.16901450268557
6.89e-07,250.38977608704468
6.892e-07,247.5378358669188
6.894e-07,244.61402191605575
6.896e-07,241.61918317706613
6.898e-07,238.55418921493066
6.900000000000001e-07,235.41992996451253
6.902e-07,232.2173154721701
6.904e-07,228.94727563151014
6.906e-07,225.61075991339845
6.908e-07,222.20873709027268
6.91e-07,218.74219495485073
6.912e-07,215.21214003332886
6.914000000000001e-07,211.6195972931268
6.916e-07,207.96560984528827
6.918e-07,204.25123864159679
6.92e-07,200.47756216654156
6.922e-07,196.64567612416286
6.924e-07,192.75669311991206
6.926e-07,188.8117423376036
6.928000000000001e-07,184.81196921154438
6.930000000000001e-07,180.758535093962
6.932e-07,176.6526169177957
6.934e-07,172.49540685496532
6.936e-07,168.28811197022193
6.938e-07,164.03195387067478
6.94e-07,159.7281683510869
6.942000000000001e-07,155.37800503505832
6.944000000000001e-07,150.98272701219204
6.946e-07,146.54361047135407
6.948e-07,142.0619443301114
6.95e-07,137.53902986051102
6.952e-07,132.9761803112351
6.954e-07,128.37472052629886
6.956000000000001e-07,123.73598656036827
6.958000000000001e-07,119.06132529084228
6.96e-07,114.352094026775
6.962e-07,109.60966011477099
6.964e-07,104.8354005419738
6.966e-07,100.03070153625563
6.968e-07,95.1969581637137
6.970000000000001e-07,90.33557392360866
6.972000000000001e-07,85.44796034085206
6.974e-07,80.53553655616793
6.976e-07,75.59972891402234
6.978e-07,70.6419705485025
6.98e-07,65.66370096718342
6.982e-07,60.666365633166436
6.984000000000001e-07,55.65141554537428
6.986000000000001e-07,50.62030681725933
6.988e-07,45.57450025400838
6.99e-07,40.515460928386915
6.992e-07,35.44465775535286
6.994e-07,30.363563065554672
6.996e-07,25.27365217782717
6.998000000000001e-07,20.17640297082814
7.000000000000001e-07,15.073295453931692
7.002e-07,9.965811337494479
7.004e-07,4.855433602638621
7.006e-07,-0.2563539293342955
7.008e-07,-5.368067027783845
7.01e-07,-10.478221483679578
7.012000000000001e-07,-15.58533354055636
7.014000000000001e-07,-20.68792032531698
7.016e-07,-25.78450027879747
7.018e-07,-30.873593585948765
7.02e-07,-35.95372260550342
7.022e-07,-41.02341229901121
7.024e-07,-46.08119065912961
7.026000000000001e-07,-51.12558913702562
7.028000000000001e-07,-56.155143068773505
7.03e-07,-61.168392100632865
7.032e-07,-66.16388061306473
7.034e-07,-71.14015814337318
7.036e-07,-76.09577980685786
7.038e-07,-81.02930671634905
7.040000000000001e-07,-85.93930639998257
7.042000000000001e-07,-90.82435321713288
7.044e-07,-95.68302877234801
7.046e-07,-100.51392232720342
7.048e-07,-105.31563120989192
7.05e-07,-110.08676122251195
7.052e-07,-114.8259270458753
7.054000000000001e-07,-119.53175264174075
7.056000000000001e-07,-124.202871652351
7.058e-07,-128.83792779716677
7.06e-07,-133.435575266665
7.062e-07,-137.9944791130969
7.064e-07,-142.51331563810007
7.066e-07,-146.99077277704572
7.068000000000001e-07,-151.42555047999147
7.070000000000001e-07,-155.81636108916425
7.072e-07,-160.1619297128318
7.074e-07,-164.4609945954882
7.076e-07,-168.71230748418802
7.078e-07,-172.91463399099717
7.08e-07,-177.06675395139914
7.082000000000001e-07,-181.16746177857524
7.084000000000001e-07,-185.21556681345086
7.086e-07,-189.20989367041335
7.088e-07,-193.14928257858736
7.09e-07,-197.0325897185762
7.092e-07,-200.85868755457852
7.094e-07,-204.62646516177796
7.096000000000001e-07,-208.3348285488957
7.098000000000001e-07,-211.98270097584216
7.1e-07,-215.56902326634884
7.102e-07,-219.09275411551675
7.104e-07,-222.55287039214625
7.106e-07,-225.94836743581948
7.108e-07,-229.27825934860547
7.110000000000001e-07,-232.54157928131983
7.112000000000001e-07,-235.73737971425237
7.114e-07,-238.86473273228802
7.116e-07,-241.92273029432812
7.118e-07,-244.91048449694208
7.12e-07,-247.82712783217644
7.122e-07,-250.67181343944372
7.124e-07,-253.44371535140453
7.126000000000001e-07,-256.1420287337961
7.128e-07,-258.76597011911593
7.13e-07,-261.314777634114
7.132e-07,-263.787711220993
7.134e-07,-266.1840528522961
7.136e-07,-268.50310673938725
7.138e-07,-270.7441995344759
7.140000000000001e-07,-272.90668052613006
7.142e-07,-274.98992182820695
7.144e-07,-276.99331856216963
7.146e-07,-278.9162890327096
7.148e-07,-280.7582748966509
7.15e-07,-282.51874132506225
7.152e-07,-284.19717715855023
7.154000000000001e-07,-285.79309505567574
7.156e-07,-287.3060316344547
7.158e-07,-288.7355476069081
7.16e-07,-290.0812279066034
7.162e-07,-291.3426818091766
7.164e-07,-292.5195430457791
7.166e-07,-293.6114699094251
7.168000000000001e-07,-294.6181453542098
7.17e-07,-295.5392770873619
7.172e-07,-296.37459765411523
7.174e-07,-297.1238645153628
7.176e-07,-297.7868601180818
7.178e-07,-298.36339195849854
7.18e-07,-298.85329263798445
7.182000000000001e-07,-299.2564199116604
7.184e-07,-299.5726567296981
7.186e-07,-299.8019112713071
7.188e-07,-299.9441169713936
7.19e-07,-299.999232539889
7.192e-07,-299.9672419737386
7.194e-07,-299.84815456154826
7.196000000000001e-07,-299.64200488088665
7.198e-07,-299.3488527882467
7.2e-07,-298.9687834016647
7.202e-07,-298.50190707600717
7.204e-07,-297.94835937092745
7.206e-07,-297.3083010115066
7.208e-07,-296.5819178415856
7.210000000000001e-07,-295.76942076980464
7.212000000000001e-07,-294.8710457083654
7.214e-07,-293.8870535045317
7.216e-07,-292.81772986489204
7.218e-07,-291.6633852724041
7.22e-07,-290.42435489624376
7.222e-07,-289.1009984944878
7.224000000000001e-07,-287.6937003096544
7.226000000000001e-07,-286.2028689571401
7.228e-07,-284.62893730657464
7.23e-07,-282.9723623561341
7.232e-07,-281.23362509985054
7.234e-07,-279.4132303879546
7.236e-07,-277.51170678028814
7.238000000000001e-07,-275.5296063928348
7.240000000000001e-07,-273.467504737412
7.242e-07,-271.3260005545653
7.244e-07,-269.10571563972354
7.246e-07,-266.8072946626592
7.248e-07,-264.4314049803042
7.25e-07,-261.97873644297664
7.252000000000001e-07,-259.45000119408536
7.254000000000001e-07,-256.84593346335237
7.256e-07,-254.16728935362872
7.258e-07,-251.41484662134795
7.26e-07,-248.58940445071417
7.262e-07,-245.6917832216466
7.264e-07,-242.7228242715806
7.266000000000001e-07,-239.68338965118178
7.268000000000001e-07,-236.57436187404664
7.27e-07,-233.39664366045722
7.272e-07,-230.15115767527445
7.274e-07,-226.83884626004098
7.276e-07,-223.46067115936577
7.278e-07,-220.01761324167245
7.280000000000001e-07,-216.51067221440843
7.282000000000001e-07,-212.9408663337697
7.284e-07,-209.30923210904984
7.286e-07,-205.61682400167294
7.288e-07,-201.86471411904387
7.29e-07,-198.0539919032451
7.292e-07,-194.18576381471524
7.294000000000001e-07,-190.26115301098335
7.296000000000001e-07,-186.28129902055656
7.298e-07,-182.2473574120479
7.3e-07,-178.16049945865512
7.302e-07,-174.02191179807937
7.304e-07,-169.8327960879765
7.306e-07,-165.59436865704495
7.308000000000001e-07,-161.30786015186968
7.310000000000001e-07,-156.97451517959126
7.312e-07,-152.5955919465343
7.314e-07,-148.17236189286646
7.316e-07,-143.70610932345235
7.318e-07,-139.198131034935
7.32e-07,-134.6497359392088
7.322000000000001e-07,-130.062244683371
7.324000000000001e-07,-125.43698926626779
7.326e-07,-120.7753126517366
7.328e-07,-116.07856837867429
7.33e-07,-111.34812016803495
7.332e-07,-106.58534152686354
7.334e-07,-101.79161534948578
7.336000000000001e-07,-96.96833351599062
7.338000000000001e-07,-92.11689648808343
7.34e-07,-87.23871290246178
7.342e-07,-82.33519916179513
7.344e-07,-77.40777902349022
7.346e-07,-72.45788318628045
7.348e-07,-67.48694887482017
7.350000000000001e-07,-62.49641942238193
7.352000000000001e-07,-57.487743851769935
7.354e-07,-52.46237645460421
7.356e-07,-47.42177636904383
7.358e-07,-42.36740715613623
7.36e-07,-37.30073637484887
7.362e-07,-32.223235155971565
7.364000000000001e-07,-27.136377774958596
7.366000000000001e-07,-22.041641223868254
7.368e-07,-16.940504782515767
7.37e-07,-11.834449588940698
7.372e-07,-6.724958209377337
7.374e-07,-1.613514207767865
