time_s,upper_hf_source_voltage_V,lower_bias_source_voltage_V,plasma_resistance_ohm,loop_current_A,upper_port_voltage_V,upper_incident_voltage_V,upper_reflected_voltage_V,wafer_voltage_V,plasma_terminal_voltage_V,charge_C
2.5e-06,4.70462444676e-11,100,70,-0.0773125836232,3.86562918121,2.35231834012e-11,3.86562918119,78.762998662,-74.8973694808,-3.47427443136e-08
2.501e-06,99.475954866,90,69.08,0.566107243664,71.1705926828,49.737977433,21.4326152498,101.057070605,-29.8864779219,-3.44965831571e-08
2.502e-06,192.701469641,80,68.16,1.17008042585,134.197448348,96.3507348204,37.8467135278,121.692170338,12.5052780097,-3.36237019081e-08
2.503e-06,273.818842372,70,67.24,1.69978419941,188.829632401,136.909421186,51.9202112151,138.898596543,49.9310358578,-3.21812268554e-08
2.504e-06,337.731170201,60,66.32,2.12469341195,231.496499603,168.8655851,62.6309145028,151.105102983,80.3913966206,-3.02591352301e-08
2.505e-06,380.422606518,50,65.4,2.42055602038,259.394805499,190.211303259,69.1835022399,157.040329168,102.35447633,-2.79749437013e-08
2.506e-06,399.210691371,40,64.48,2.57099457578,270.660962582,199.605345686,71.0556168967,155.816429498,114.844533084,-2.54665985812e-08
2.507e-06,392.914900291,30,63.56,2.56862858554,264.483471015,196.457450146,68.0260208689,146.989431045,117.49403997,-2.28839964635e-08
2.508e-06,361.930820986,20,62.64,2.41564165523,241.148738225,180.965410493,60.1833277318,130.592255197,110.556483028,-2.03796551279e-08
2.509e-06,308.20529711,9.99999999999,61.72,2.12375143403,202.017725409,154.102648555,47.9150768534,107.138014741,94.8797106672,-1.80991139207e-08
2.51e-06,235.114100917,-7.51820220662e-12,60.8,1.71357753037,149.435224398,117.557050458,31.8781739398,77.5930433252,71.842181073,-1.61716663869e-08
2.511e-06,147.249821074,-10,59.88,1.21344042753,86.5777996971,73.6249105369,12.9528891602,43.3210144806,43.2567852165,-1.47020137921e-08
2.512e-06,50.1332934256,-20,58.96,0.65766064055,17.2502613981,25.0666467128,-7.81638531469,6.00134362825,11.2489177699,-1.37633767985e-08
2.513e-06,-50.1332934258,-30,58.04,0.0844596209716,-54.3562744744,-25.0666467129,-29.2896277615,-32.4732773363,-21.8829971381,-1.33925167697e-08
2.514e-06,-147.249821074,-40,57.12,-0.466409837431,-123.929329202,-73.624910537,-50.3044186654,-70.1139933549,-53.8153358475,-1.35870029667e-08
2.515e-06,-235.114100917,-50,56.2,-0.956157429265,-187.306229454,-117.557050459,-69.7491789953,-104.960333556,-82.3458958974,-1.43049241864e-08
2.516e-06,-308.20529711,-60,55.28,-1.34941762078,-240.734416071,-154.102648555,-86.6317675161,-135.20442683,-105.529989241,-1.54670915822e-08
2.517e-06,-361.930820986,-70,54.36,-1.61652477174,-281.104582399,-180.965410493,-100.139171906,-159.307050031,-121.797532368,-1.69616228881e-08
2.518e-06,-392.914900292,-80,53.44,-1.7354554433,-306.142128126,-196.457450146,-109.684677981,-176.098095579,-130.044032547,-1.86506468285e-08
2.519e-06,-399.210691371,-90,52.52,-1.69331148077,-314.545117333,-199.605345686,-114.939771647,-184.854938903,-129.690178429,-2.03787297295e-08
2.52e-06,-380.422606518,-100,51.6,-1.487244881,-306.060362468,-190.211303259,-115.849059209,-185.353500562,-120.706861906,-2.19825130234e-08
2.521e-06,-337.731170201,-110,50.68,-1.12475942739,-281.493198831,-168.8655851,-112.627613731,-177.888455306,-103.604743526,-2.33009678729e-08
2.522e-06,-273.818842371,-120,49.76,-0.623362544677,-242.650715137,-136.909421186,-105.741293952,-163.26094077,-79.3897743675,-2.41856270722e-08
2.523e-06,-192.701469641,-130,48.84,-0.00958142615176,-192.222398333,-96.3507348203,-95.8716635127,-142.734145342,-49.4882529909,-2.45101480688e-08
2.524e-06,-99.4759548657,-140,47.92,0.682602306873,-133.606070209,-49.7379774329,-83.8680927765,-117.959182276,-15.6468879333,-2.41785952393e-08
2.525e-06,2.05820869224e-10,-150,47,1.4138078708,-70.6903935398,1.0291263024e-10,-70.6903935399,-90.8755578615,20.1851643217,-2.3131902803e-08
2.526e-06,99.4759548661,-160,46.08,2.14167698811,-7.60789453938,49.7379774331,-57.3458719725,-63.5921945059,55.9842999665,-2.13520878228e-08
2.527e-06,192.701469641,-170,45.16,2.82351383156,51.5257780631,96.3507348204,-44.8249567574,-38.2562680518,89.7820461148,-1.88639192591e-08
2.528e-06,273.818842372,-180,44.24,3.41897952573,102.869866085,136.909421186,-34.0395551009,-16.9179765974,119.787842682,-1.57339057681e-08
2.529e-06,337.731170201,-190,43.32,3.8926719989,143.097570256,168.8655851,-25.7680148447,-1.39971619125,144.497286447,-1.20666322727e-08
2.53e-06,380.422606518,-200,42.4,4.21642706266,169.601253385,190.211303259,-20.6100498738,6.82203169199,162.779221693,-7.99864288168e-09
2.531e-06,399.210691371,-210,41.48,4.3711920679,180.651087976,199.605345686,-18.9542577096,6.71449091606,173.93659706,-3.69022495833e-09
2.532e-06,392.914900291,-220,40.56,4.34834850147,175.497475218,196.457450146,-20.9599749277,-2.2403679416,177.73784316,6.84413970047e-10
2.533e-06,361.930820986,-230,39.64,4.1503929981,154.411171081,180.965410493,-26.5542394118,-20.0063615487,174.41753263,4.94797709275e-09
2.534e-06,308.20529711,-240,38.72,3.79092547135,118.659023542,154.102648555,-35.4436250126,-45.9881032876,164.64712683,8.93124628965e-09
2.535e-06,235.114100917,-250,37.8,3.29393602837,70.4172994984,117.557050458,-47.13975096,-79.0612553401,149.478554838,1.24838864831e-08
2.536e-06,147.249821074,-260,36.88,2.69242637833,12.6285021573,73.6249105368,-60.9964083795,-117.636581402,130.265083559,1.54841993633e-08
2.537e-06,50.1332934254,-270,35.96,2.02644382053,-51.1888976011,25.0666467127,-76.2555443138,-159.754210656,108.565313055,1.78471966345e-08
2.538e-06,-50.133293426,-280,35.04,1.34064392279,-117.165489566,-25.066646713,-92.0988428527,-203.202573612,86.0370840467,1.9530460496e-08
2.539e-06,-147.249821074,-290,34.12,0.681529229662,-181.326282557,-73.6249105371,-107.70137202,-245.654842788,64.3285602309,2.05373914574e-08
2.54e-06,-235.114100917,-300,33.2,0.0945337219775,-239.840787016,-117.557050459,-122.283736557,-284.814512438,44.973725422,2.09176029262e-08
2.541e-06,-308.205297111,-310,32.28,-0.378865238314,-289.262035195,-154.102648555,-135.15938664,-318.561062593,29.2990273982,2.07643986455e-08
2.542e-06,-361.930820987,-320,31.36,-0.70382499472,-326.739571251,-180.965410493,-145.774160757,-345.086523672,18.3469524215,2.0209452128e-08
2.543e-06,-392.914900292,-330,30.44,-0.854433943126,-350.193203135,-196.457450146,-153.735752989,-363.014204506,12.8210013712,1.94149853e-08
2.544e-06,-399.210691371,-340,29.52,-0.815476025643,-358.436890089,-199.605345686,-158.831544404,-371.491848588,13.054958499,1.8563905388e-08
2.545e-06,-380.422606518,-350,28.6,-0.583544650946,-351.245373971,-190.211303259,-161.034070712,-370.252985429,19.0076114579,1.78484942375e-08
2.546e-06,-337.731170201,-360,27.68,-0.167426612954,-329.359839553,-168.8655851,-160.494254453,-359.642158699,30.2823191466,1.74583438966e-08
2.547e-06,-273.818842371,-370,26.76,0.412278585348,-294.432771639,-136.909421186,-157.523350453,-340.601925903,46.1691542641,1.75682896601e-08
2.548e-06,-192.70146964,-380,25.84,1.12429095457,-248.916017369,-96.3507348202,-152.565282549,-314.621900944,65.7058835753,1.83271026546e-08
2.549e-06,-99.4759548655,-390,24.92,1.92847324173,-195.899616952,-49.7379774328,-146.161639519,-283.652504358,87.7528874057,1.98476671109e-08
2.55e-06,4.12970195271e-10,-400,24,2.77824023478,-138.912011739,2.06479435716e-10,-138.912011739,-249.988346083,111.076334345,2.21992843549e-08
2.551e-06,99.4759548663,-400,24.006,3.51676974758,-76.3625325127,49.7379774332,-126.100509946,-211.486431511,135.123898999,2.53501622191e-08
2.552e-06,192.701469641,-400,24.012,4.19050992629,-16.8240266735,96.3507348205,-113.174761494,-175.868913153,159.04488648,2.92111810647e-08
2.553e-06,273.818842372,-400,24.018,4.75401110124,36.11828731,136.909421186,-100.791133876,-145.452266214,181.570553524,3.36943574475e-08
2.554e-06,337.731170201,-400,24.024,5.16881682738,79.2903288318,168.865585101,-89.5752562687,-122.22439223,201.514721062,3.86695328006e-08
2.555e-06,380.422606518,-400,24.03,5.40587812171,110.128700433,190.211303259,-80.0826028262,-107.719785298,217.848485731,4.39726172332e-08
2.556e-06,399.210691371,-400,24.036,5.44737643501,126.841869621,199.605345686,-72.763476065,-102.923196674,229.765066294,4.94159631512e-08
2.557e-06,392.914900291,-400,24.042,5.28784087964,128.52285631,196.457450146,-67.9345938361,-108.207847638,236.730703948,5.48002167598e-08
2.558e-06,361.930820986,-400,24.048,4.93448958629,115.206341672,180.965410493,-65.7590688213,-123.312069328,238.518411,5.99269027145e-08
2.559e-06,308.20529711,-400,24.054,4.40677381717,87.8666062515,154.102648555,-66.2360423035,-147.355833543,235.222439794,6.46109511979e-08
2.56e-06,235.114100917,-400,24.06,3.73515355425,48.3564232042,117.557050458,-69.2006272541,-178.896132092,227.252555297,6.86923803907e-08
2.561e-06,147.249821073,-400,24.066,2.95918156431,-0.709257142267,73.6249105367,-74.334167679,-216.017721561,215.308464419,7.20464004461e-08
2.562e-06,50.1332934252,-400,24.072,2.12501638257,-56.1175257031,25.0666467126,-81.1841724157,-256.45352871,200.336003007,7.4591304323e-08
2.563e-06,-50.1332934262,-400,24.078,1.28252052516,-114.259319684,-25.0666467131,-89.1926729711,-297.727148771,183.467829087,7.62936499412e-08
2.564e-06,-147.249821074,-400,24.084,0.482126285778,-171.356135363,-73.6249105372,-97.7312248261,-337.308481535,165.952346172,7.71704083525e-08
2.565e-06,-235.114100917,-400,24.09,-0.228333943944,-223.69740372,-117.557050459,-106.140353262,-372.77272556,149.07532184,7.72879432746e-08
2.566e-06,-308.205297111,-400,24.096,-0.806633680197,-267.873613101,-154.102648555,-113.770964545,-401.952740796,134.079127696,7.67578864268e-08
2.567e-06,-361.930820987,-400,24.102,-1.21880583166,-300.990529404,-180.965410493,-120.02511891,-423.075207516,122.084678112,7.57301681335e-08
2.568e-06,-392.914900292,-400,24.108,-1.44127698224,-320.851051179,-196.457450146,-124.393601034,-434.872028428,114.020977249,7.43836413683e-08
2.569e-06,-399.210691371,-400,24.114,-1.46234842799,-326.093269972,-199.605345686,-126.487924286,-436.659977115,110.566707143,7.29148885679e-08
2.57e-06,-380.422606518,-400,24.12,-1.28293097951,-316.276057542,-190.211303259,-126.064754284,-428.383591644,112.107534101,7.15259146635e-08
2.571e-06,-337.731170201,-400,24.126,-0.916487435503,-291.906798425,-168.8655851,-123.041213325,-410.618621931,118.711823506,7.04114996875e-08
2.572e-06,-273.818842371,-400,24.132,-0.388186417949,-254.409521474,-136.909421186,-117.500100288,-384.535818085,130.126296612,6.97470056247e-08
2.573e-06,-192.70146964,-400,24.138,0.26667919129,-206.035429205,-96.3507348201,-109.684694385,-351.827338653,145.791909448,6.96774035646e-08
2.574e-06,-99.4759548654,-400,24.144,1.00490977395,-149.721443563,-49.7379774327,-99.9834661301,-314.600406071,164.878962508,7.03082104631e-08
2.575e-06,5.74644786235e-10,-400,24.15,1.77811307326,-88.9056536626,2.87323084506e-10,-88.9056536629,-275.244893946,186.339240283,7.16989047819e-08
2.576e-06,99.4759548665,-400,24.156,2.53574429502,-27.3112598847,49.7379774332,-77.0492373179,-236.283168014,208.971908129,7.38592344694e-08
2.577e-06,192.701469641,-400,24.162,3.22828117437,31.2874109228,96.3507348206,-65.0633238978,-200.211616788,231.499027711,7.67486489877e-08
2.578e-06,273.818842372,-400,24.168,3.81033450972,83.3021168861,136.909421186,-53.6073042998,-169.34382912,252.645946006,8.02788907878e-08
2.579e-06,337.731170201,-400,24.174,4.24349873877,125.556233263,168.865585101,-43.3093518377,-145.665271499,271.221504762,8.43195831255e-08
2.58e-06,380.422606518,-400,24.18,4.49876348317,155.48443236,190.211303259,-34.7268708996,-130.708594406,286.193026765,8.8706462871e-08
2.581e-06,399.210691371,-400,24.186,4.55833458947,171.293961898,199.605345686,-28.3113837877,-125.457400118,296.751362016,9.32517408175e-08
2.582e-06,392.914900291,-400,24.192,4.41675030888,172.077384847,196.457450146,-24.3800652982,-130.28451537,302.361900217,9.77559383725e-08
2.583e-06,361.930820986,-400,24.198,4.08122255534,157.869693219,180.965410493,-23.0957172739,-144.928643821,302.798337041,1.02020456823e-07
2.584e-06,308.20529711,-400,24.204,3.57118187491,129.646203365,154.102648555,-24.4564451904,-168.510861551,298.157064915,1.05860089408e-07
2.585e-06,235.114100916,-400,24.21,2.91705479176,89.2613613283,117.557050458,-28.2956891299,-199.589915366,288.851276694,1.09114690093e-07
2.586e-06,147.249821073,-400,24.216,2.15835042198,39.3322999743,73.6249105366,-34.2926105623,-236.25284589,275.585145864,1.11659266023e-07
2.587e-06,50.1332934251,-400,24.222,1.34117663671,-16.9255384105,25.0666467125,-41.992185123,-276.235238313,259.309699902,1.13411859704e-07
2.588e-06,-50.1332934264,-400,24.228,0.51534188558,-75.9003877054,-25.0666467132,-50.8337409922,-317.063542759,241.163155053,1.14338725925e-07
2.589e-06,-147.249821075,-400,24.234,-0.268775191487,-133.8110615,-73.6249105373,-60.1861509629,-356.210520361,222.399458861,1.14456478426e-07
2.59e-06,-235.114100918,-400,24.24,-0.963391663639,-186.944517736,-117.557050459,-69.3874672768,-391.254047307,204.309529572,1.13831071749e-07
2.591e-06,-308.205297111,-400,24.246,-1.52632280711,-231.889156755,-154.102648555,-77.7865081998,-420.029299079,188.140142324,1.12573682553e-07
2.592e-06,-361.930820987,-400,24.252,-1.92363257466,-265.749192254,-180.965410493,-84.7837817605,-440.764753997,175.015561743,1.10833749472e-07
2.593e-06,-392.914900292,-400,24.258,-2.13176554482,-286.326623051,-196.457450146,-89.8691729048,-452.193472686,165.866849635,1.08789609111e-07
2.594e-06,-399.210691371,-400,24.264,-2.13902645334,-292.259368704,-199.605345686,-92.6540230188,-453.632664302,161.373295597,1.0663731673e-07
2.595e-06,-380.422606518,-400,24.27,-1.94631441248,-283.106885894,-190.211303259,-92.8955826351,-445.02654352,161.919657626,1.04578354208e-07
2.596e-06,-337.7311702,-400,24.276,-1.56706575993,-259.377882204,-168.8655851,-90.5122971037,-426.94978916,167.571906957,1.02806997672e-07
2.597e-06,-273.818842371,-400,24.282,-1.02640920418,-222.498382162,-136.909421185,-85.5889609762,-400.571390941,178.073008779,1.01498138537e-07
2.598e-06,-192.70146964,-400,24.288,-0.359586423264,-174.722148477,-96.35073482,-78.3714136568,-367.581159616,192.85901114,1.00796323094e-07
2.599e-06,-99.4759548652,-400,24.294,0.390262580656,-118.989083898,-49.7379774326,-69.2511064654,-330.08352138,211.094437482,1.00806699174e-07
2.6e-06,7.7889414608e-10,-400,24.3,1.17481016629,-58.7405083139,3.89447012309e-10,-58.7405083143,-290.465272419,231.724764105,1.01588438532e-07
2.601e-06,99.4759548667,-400,24.306,1.94357742123,2.29708380501,49.7379774333,-47.4408936283,-251.24560495,253.542688755,1.03151047977e-07
2.602e-06,192.701469641,-400,24.312,2.64710541027,60.346199128,96.3507348207,-36.0045356927,-214.917829111,275.264028239,1.05453800752e-07
2.603e-06,273.818842372,-400,24.318,3.24006204542,111.815740101,136.909421186,-25.0936810852,-183.792735927,295.608476028,1.08408323604e-07
2.604e-06,337.731170201,-400,24.324,3.68408938298,153.526701052,168.865585101,-15.3388840485,-159.853442501,313.380143553,1.11884176701e-07
2.605e-06,380.422606518,-400,24.33,3.95021248008,182.911982514,190.211303259,-7.29932074482,-144.630838222,327.542820736,1.15717075548e-07
2.606e-06,399.210691371,-400,24.336,4.02065850738,198.177766002,199.605345686,-1.42757968356,-139.107455591,337.285221593,1.19719238079e-07
2.607e-06,392.914900291,-400,24.342,3.88997188164,198.41630621,196.457450146,1.9588560639,-143.655802601,342.072108811,1.23691206634e-07
2.608e-06,361.930820986,-400,24.348,3.56535542301,183.663049835,180.965410493,2.69763934237,-158.01502788,341.678077716,1.27434401938e-07
2.609e-06,308.20529711,-400,24.354,3.0662161769,154.894488265,154.102648555,0.79183971011,-181.307381026,336.201869291,1.30763620259e-07
2.61e-06,235.114100916,-400,24.36,2.42294451151,113.966875341,117.557050458,-3.59017511745,-212.093430131,326.060305472,1.33518688586e-07
2.611e-06,147.249821073,-400,24.366,1.6750032726,63.4996574433,73.6249105365,-10.1252530933,-248.462563556,311.962220999,1.35574545629e-07
2.612e-06,50.1332934248,-400,24.372,0.868447117008,6.71093757444,25.0666467124,-18.355709138,-288.153086432,294.864024006,1.36849115435e-07
2.613e-06,-50.1332934266,-400,24.378,0.0530279369237,-52.7846902728,-25.0666467133,-27.7180435595,-328.694363587,275.909673314,1.37308479134e-07
2.614e-06,-147.249821075,-400,24.384,-0.720931723354,-111.203234907,-73.6249105373,-37.5783243696,-367.562076087,256.35884118,1.36969020161e-07
2.615e-06,-235.114100918,-400,24.39,-1.4057007966,-164.829061087,-117.557050459,-47.2720106286,-402.336835596,237.507774508,1.35896408469e-07
2.616e-06,-308.205297111,-400,24.396,-1.95913869208,-210.248362507,-154.102648555,-56.1457139516,-430.856190678,220.607828171,1.34201487852e-07
2.617e-06,-361.930820987,-400,24.402,-2.34734275751,-244.563683111,-180.965410493,-63.5982726178,-451.350475329,206.786792218,1.32033325093e-07
2.618e-06,-392.914900292,-400,24.408,-2.54677790092,-265.576005246,-196.457450146,-69.1185550999,-462.553966085,196.977960839,1.29569857922e-07
2.619e-06,-399.210691371,-400,24.414,-2.54575462045,-271.922960349,-199.605345686,-72.3176146632,-463.784366227,191.861405878,1.27006729591e-07
2.62e-06,-380.422606518,-400,24.42,-2.3451626422,-263.164474408,-190.211303259,-72.9531711491,-454.985626225,191.821151817,1.2454501177e-07
2.621e-06,-337.7311702,-400,24.426,-1.95841414386,-239.810463007,-168.8655851,-70.9448779073,-436.73141358,196.920950573,1.22378587225e-07
2.622e-06,-273.818842371,-400,24.432,-1.4106002073,-203.288832006,-136.909421185,-66.3794108205,-410.18901784,206.900185834,1.20681985049e-07
2.623e-06,-192.70146964,-400,24.438,-0.736913574613,-155.855790909,-96.3507348199,-59.5050560893,-377.045962379,221.19017147,1.19599432703e-07
2.624e-06,-99.475954865,-400,24.444,0.0195631256947,-100.45411115,-49.7379774325,-50.7161337172,-339.403937411,238.949826261,1.19235812608e-07
2.625e-06,9.86043472123e-10,-400,24.45,0.810564658496,-40.5282329238,4.93020923211e-10,-40.5282329243,-299.646721425,259.118488501,1.196500913e-07
2.626e-06,99.4759548669,-400,24.456,1.58567582521,20.1921636062,49.7379774335,-29.5458138273,-260.290391866,280.482555473,1.20851633746e-07
2.627e-06,192.701469642,-400,24.462,2.29549890195,77.9265245438,96.3507348208,-18.4242102769,-223.825237841,301.751762385,1.22799634123e-07
2.628e-06,273.818842372,-400,24.468,2.8947568534,129.080999702,136.909421186,-7.82842148391,-192.559308061,321.640307764,1.25405698537e-07
2.629e-06,337.731170201,-400,24.474,3.34513735749,170.474302327,168.865585101,1.60871722617,-168.473423572,338.947725899,1.28539417106e-07
2.63e-06,380.422606518,-400,24.48,3.61769897909,199.537657564,190.211303259,9.32635430467,-153.096763525,352.634421089,1.3203657504e-07
2.631e-06,399.210691371,-400,24.486,3.69468835763,214.47627349,199.605345686,14.8709278043,-147.410838822,361.887112312,1.35709486593e-07
2.632e-06,392.914900291,-400,24.492,3.57065429337,214.382185623,196.457450146,17.9247354771,-151.787884131,366.170069754,1.393588024e-07
2.633e-06,361.930820986,-400,24.498,3.25278880294,199.291380839,180.965410493,18.3259703459,-165.967535733,365.258916572,1.42786048239e-07
2.634e-06,308.20529711,-400,24.504,2.76047378991,170.181607614,154.102648555,16.0789590591,-189.07325683,359.254864444,1.45806107348e-07
2.635e-06,235.114100916,-400,24.51,2.12406188855,128.911006489,117.557050458,11.3539560304,-219.667474538,348.578481026,1.48258862069e-07
2.636e-06,147.249821073,-400,24.516,1.38296815202,78.1014134718,73.6249105365,4.47650293535,-255.841960668,333.94337414,1.50019263462e-07
2.637e-06,50.1332934247,-400,24.522,0.583192547755,20.973666037,25.0666467123,-4.09298067539,-295.337774414,316.311440451,1.51005196397e-07
2.638e-06,-50.1332934268,-400,24.528,-0.225571027095,-38.854742072,-25.0666467134,-13.7880953586,-335.687228268,296.832486196,1.51182646174e-07
2.639e-06,-147.249821075,-400,24.534,-0.993057533692,-97.5969443903,-73.6249105374,-23.9720338529,-374.368955519,276.772011129,1.5056784233e-07
2.64e-06,-235.114100918,-400,24.54,-1.67158916011,-151.534642913,-117.557050459,-33.9775924536,-408.966335389,257.431692476,1.49226245233e-07
2.641e-06,-308.205297111,-400,24.546,-2.2190708308,-197.251755571,-154.102648556,-43.1491070155,-437.319321824,240.067566253,1.47268439433e-07
2.642e-06,-361.930820987,-400,24.552,-2.60163466857,-231.849087558,-180.965410493,-50.8836770649,-457.660137378,225.81104982,1.44843192101e-07
2.643e-06,-392.914900292,-400,24.558,-2.79576729445,-253.126535569,-196.457450146,-56.6690854232,-468.724308249,215.59777268,1.42128112948e-07
2.644e-06,-399.210691371,-400,24.564,-2.78978635955,-259.721373394,-199.605345686,-60.1160277082,-469.830066634,210.10869324,1.39318502688e-07
2.645e-06,-380.422606518,-400,24.57,-2.58457360254,-251.193926391,-190.211303259,-60.9826231318,-460.921134697,209.727208306,1.3661509086e-07
2.646e-06,-337.7311702,-400,24.576,-2.19351844705,-228.055247848,-168.8655851,-59.1896627478,-442.570205581,214.514957733,1.34211433544e-07
2.647e-06,-273.818842371,-400,24.582,-1.64167575814,-191.735054463,-136.909421185,-54.8256332782,-415.942906521,224.207852058,1.32281762772e-07
2.648e-06,-192.70146964,-400,24.588,-0.964190750487,-144.491932115,-96.3507348198,-48.1411972955,-382.724512008,238.232579893,1.30970051033e-07
2.649e-06,-99.4759548648,-400,24.594,-0.204090079259,-89.2714509019,-49.7379774324,-39.5334734695,-345.014015069,255.742564167,1.30380977788e-07
2.65e-06,1.14481809689e-09,-400,24.6,0.590422042319,-29.5211021148,5.7240925983e-10,-29.5211021154,-305.192215178,275.671113064,1.30573365411e-07
2.651e-06,99.4759548671,-400,24.606,1.36899276992,31.026316371,49.7379774335,-18.7116610625,-265.772113148,296.798429519,1.31556496711e-07
2.652e-06,192.701469642,-400,24.612,2.08228426462,88.5872564108,96.3507348208,-7.76347841004,-229.241014197,317.828270608,1.33289545144e-07
2.653e-06,273.818842372,-400,24.618,2.68507325869,139.565179438,136.909421186,2.65575825156,-197.904260461,337.469439899,1.35684153208e-07
2.654e-06,337.731170201,-400,24.624,3.13909181494,180.776579454,168.865585101,11.9109943537,-173.740410882,354.516990336,1.38609996743e-07
2.655e-06,380.422606518,-400,24.63,3.41543082283,209.651065377,190.211303259,19.4397621177,-158.276966245,367.928031622,1.41902985228e-07
2.656e-06,399.210691371,-400,24.636,3.49635526461,224.392928141,199.605345686,24.7875824553,-152.494445447,376.887373588,1.45375582645e-07
2.657e-06,392.914900291,-400,24.642,3.37641725665,224.094037459,196.457450146,27.6365873132,-156.76483705,380.858874509,1.48828600235e-07
2.658e-06,361.930820986,-400,24.648,3.06279700218,208.790970877,180.965410493,27.8255603838,-170.828289839,379.619260716,1.52063720103e-07
2.659e-06,308.20529711,-400,24.654,2.57485030754,179.462781732,154.102648555,25.3601331777,-193.809503248,373.272284981,1.54895962749e-07
2.66e-06,235.114100916,-400,24.66,1.94289116674,137.969542579,117.557050458,20.4124921209,-224.272784049,362.242326628,1.57165315228e-07
2.661e-06,147.249821073,-400,24.666,1.20628597621,86.9355222624,73.6249105364,13.310611726,-260.312306477,347.247828739,1.58746789425e-07
2.662e-06,50.1332934245,-400,24.672,0.410979183509,29.584334249,25.0666467122,4.51768753677,-299.671901493,329.256235742,1.59558278663e-07
2.663e-06,-50.133293427,-400,24.678,-0.393394115144,-30.4635876698,-25.0666467135,-5.39694095628,-339.886846145,309.423258475,1.59565719224e-07
2.664e-06,-147.249821075,-400,24.684,-1.15662717734,-89.4184622079,-73.6249105375,-15.7935516704,-378.438742486,289.020280278,1.58785232762e-07
2.665e-06,-235.114100918,-400,24.69,-1.8310962317,-143.559289333,-117.557050459,-26.0022388741,-412.913753942,269.354464609,1.57282115285e-07
2.666e-06,-308.205297111,-400,24.696,-2.37475250583,-189.467671819,-154.102648556,-35.3650232639,-441.15425702,251.686585201,1.55166736542e-07
2.667e-06,-361.930820987,-400,24.702,-2.75376369537,-224.242636218,-180.965410493,-43.277225725,-461.394380898,237.151744679,1.52587607741e-07
2.668e-06,-392.914900292,-400,24.708,-2.94463894725,-245.682952929,-196.457450146,-49.2255027832,-472.370920654,226.687967725,1.49722053417e-07
2.669e-06,-399.210691371,-400,24.714,-2.93570389682,-252.42549653,-199.605345686,-52.8201508445,-473.402657958,220.977161428,1.46765073767e-07
2.67e-06,-380.422606518,-400,24.72,-2.72783314603,-244.030949216,-190.211303259,-53.8196459573,-464.43310861,220.402159394,1.43917097382e-07
2.671e-06,-337.7311702,-400,24.726,-2.33439423322,-221.011458539,-168.8655851,-52.1458734392,-446.034014674,225.022556135,1.41371393973e-07
2.672e-06,-273.81884237,-400,24.732,-1.78040669012,-184.798507864,-136.909421185,-47.8890866792,-419.369365526,234.570857661,1.39301937961e-07
2.673e-06,-192.70146964,-400,24.738,-1.10096909663,-137.653014808,-96.3507348198,-41.3022799885,-386.122212124,248.469197316,1.37852485414e-07
2.674e-06,-99.4759548646,-400,24.744,-0.339053029478,-82.5233033908,-49.7379774323,-32.7853259584,-348.388876225,265.865572834,1.37127550498e-07
2.675e-06,1.35196742294e-09,-400,24.75,0.457197431045,-22.8598715509,6.75983170736e-10,-22.8598715516,-308.547204352,285.687332801,1.37185848191e-07
2.676e-06,99.4759548673,-400,24.756,1.23749092055,37.60140884,49.7379774336,-12.1365685936,-269.107146456,306.708555296,1.38036615033e-07
2.677e-06,192.701469642,-400,24.762,1.95254863416,95.074037934,96.3507348209,-1.27669688693,-232.553048903,327.627086837,1.39639038779e-07
2.678e-06,273.818842372,-400,24.768,2.55720025246,145.958829749,136.909421186,9.04940856299,-201.187571122,347.146400871,1.41904832509e-07
2.679e-06,337.731170202,-400,24.774,3.01322144259,187.070098072,168.865585101,18.2045129714,-176.987032286,364.057130358,1.4470379117e-07
2.68e-06,380.422606518,-400,24.78,3.29173468241,215.835872398,190.211303259,25.6245691389,-161.47727531,377.313147708,1.47871981139e-07
2.681e-06,399.210691371,-400,24.786,3.37502260882,230.45956093,199.605345686,30.8542152447,-155.637845538,386.097406468,1.51222048043e-07
2.682e-06,392.914900291,-400,24.792,3.2576400157,230.032899506,196.457450146,33.5754493606,-159.840501725,389.873401231,1.54554994981e-07
2.683e-06,361.930820986,-400,24.798,2.94675470306,214.593085833,180.965410493,33.6276753397,-173.825919336,388.419005169,1.57672691021e-07
2.684e-06,308.205297109,-400,24.804,2.46169583598,185.120505311,154.102648555,31.0178567558,-196.720046202,381.840551512,1.60390323998e-07
2.685e-06,235.114100916,-400,24.81,1.83273826492,143.47718767,117.557050458,25.9201372121,-227.08907914,370.56626681,1.62548015229e-07
2.686e-06,147.249821073,-400,24.816,1.09919926017,92.2898580639,73.6249105363,18.6649475276,-263.029603748,355.319461812,1.64020866486e-07
2.687e-06,50.1332934243,-400,24.822,0.306967305787,34.7849281349,25.0666467121,9.71828142281,-302.288230634,337.073158769,1.64726808153e-07
2.688e-06,-50.1332934272,-400,24.828,-0.494381729987,-25.4142069278,-25.0666467136,-0.347560214222,-342.403208667,316.989001739,1.64631755665e-07
2.689e-06,-147.249821075,-400,24.834,-1.25469982083,-84.5148300336,-73.6249105376,-10.889919496,-380.85911577,296.344285736,1.63751750543e-07
2.69e-06,-235.114100918,-400,24.84,-1.92641765731,-138.793218053,-117.557050459,-21.2361675937,-415.244906981,276.451688929,1.62151951768e-07
2.691e-06,-308.205297111,-400,24.846,-2.4675332016,-184.828637031,-154.102648556,-30.7259884757,-443.405389485,258.576752453,1.5994254119e-07
2.692e-06,-361.930820987,-400,24.852,-2.84425017044,-219.718312465,-180.965410494,-38.7529019714,-463.576608264,243.858295799,1.57271800517e-07
2.693e-06,-392.914900292,-400,24.858,-3.03310070707,-241.259864938,-196.457450146,-44.8024147921,-474.496637795,233.236772857,1.54316795117e-07
2.694e-06,-399.210691371,-400,24.864,-3.02241892661,-248.089745041,-199.605345686,-48.484399355,-475.484821234,227.395076194,1.51272250192e-07
2.695e-06,-380.422606518,-400,24.87,-2.81307281589,-239.768965723,-190.211303259,-49.5576624645,-466.484481594,226.715515871,1.48338318401e-07
2.696e-06,-337.7311702,-400,24.876,-2.4184085742,-216.81074149,-168.8655851,-47.9451563899,-448.066424928,231.255683438,1.45708007565e-07
2.697e-06,-273.81884237,-400,24.882,-1.86341096724,-180.648294008,-136.909421185,-43.7388728233,-421.393019154,240.744725145,1.43555058416e-07
2.698e-06,-192.701469639,-400,24.888,-1.18313252292,-133.544843494,-96.3507348197,-37.1941086738,-388.145109169,254.600265676,1.42023033953e-07
2.699e-06,-99.4759548645,-400,24.894,-0.420490330759,-78.4514383265,-49.7379774322,-28.7134608943,-350.416363637,271.96492531,1.41216305802e-07
2.7e-06,1.55621678277e-09,-400,24.9,0.376431070512,-18.821553524,7.7810887489e-10,-18.8215535248,-310.581694615,291.760141091,1.41193503718e-07
2.701e-06,99.4759548675,-400,24.906,1.15740121369,41.6058941831,49.7379774337,-8.13208325063,-271.148019542,312.753913725,1.41963839548e-07
2.702e-06,192.701469642,-400,24.912,1.8731997627,99.0414815069,96.350734821,2.6907466859,-234.596743688,333.638225195,1.43486536353e-07
2.703e-06,273.818842373,-400,24.918,2.47870880698,149.883402024,136.909421186,12.9739808372,-203.227860526,353.11126255,1.45673398249e-07
2.704e-06,337.731170202,-400,24.924,2.93574711152,190.943814626,168.865585101,22.0782295247,-179.015464816,369.959279441,1.48394359217e-07
2.705e-06,380.422606519,-400,24.93,3.21546827488,219.649192775,190.211303259,29.4378895154,-163.483755268,383.132948043,1.51485661975e-07
2.706e-06,399.210691371,-400,24.936,3.30017216335,234.202083204,199.605345686,34.596737518,-157.611315438,391.813398642,1.54760152788e-07
2.707e-06,392.914900291,-400,24.942,3.18441586717,233.694106932,196.457450146,37.2366567868,-161.769684038,395.463790971,1.58019045206e-07
2.708e-06,361.930820986,-400,24.948,2.87535444547,218.163098712,180.965410493,37.1976882192,-175.70007098,393.863169692,1.61064413493e-07
2.709e-06,308.205297109,-400,24.954,2.39229012498,188.59079086,154.102648555,34.4881423058,-198.529678385,387.120469245,1.63711630733e-07
2.71e-06,235.114100916,-400,24.96,1.76545835119,146.841183356,117.557050458,29.2841328982,-228.82659737,375.667780726,1.6580097014e-07
2.711e-06,147.249821072,-400,24.966,1.0341270358,95.5434692825,73.6249105362,21.9185587463,-264.689827827,360.233297109,1.67207640767e-07
2.712e-06,50.1332934241,-400,24.972,0.244128487692,37.9268690395,25.0666467121,12.8602223275,-303.868762003,341.795631043,1.67849627224e-07
2.713e-06,-50.1332934273,-400,24.978,-0.55502085244,-22.3822508053,-25.0666467137,2.68439590831,-343.904622088,321.522371283,1.67692841068e-07
2.714e-06,-147.249821075,-400,24.984,-1.31323187124,-81.5882275132,-73.6249105377,-7.96331697554,-382.284963338,300.696735825,1.66753260448e-07
2.715e-06,-235.114100918,-400,24.99,-1.98298992428,-135.964604705,-117.557050459,-18.4075542454,-416.60153427,280.636929566,1.65095923887e-07
2.716e-06,-308.205297111,-400,24.996,-2.52233992565,-182.088300829,-154.102648556,-27.985652273,-444.701575436,262.613274607,1.62830841694e-07
2.717e-06,-361.930820987,-400,25.002,-2.89752185173,-217.054728401,-180.965410494,-36.0893179073,-464.823051482,247.768323081,1.60106082209e-07
2.718e-06,-392.914900292,-400,25.008,-3.08509110669,-238.660344957,-196.457450146,-42.2028948116,-475.70532158,237.044976622,1.57098467509e-07
2.719e-06,-399.210691371,-400,25.014,-3.07339057932,-245.541162405,-199.605345686,-45.9358167197,-476.668297264,231.127134858,1.54002463405e-07
2.72e-06,-380.422606518,-400,25.02,-2.8632819652,-237.258508258,-190.211303259,-47.0472049988,-467.655117306,230.396609048,1.51017961909e-07
2.721e-06,-337.7311702,-400,25.026,-2.46809047697,-214.326646351,-168.8655851,-45.4610612515,-449.235661894,234.909015542,1.48337723909e-07
2.722e-06,-273.81884237,-400,25.032,-1.91276649147,-178.180517797,-136.909421185,-41.2710966118,-422.570689055,244.390171258,1.46135271036e-07
2.723e-06,-192.701469639,-400,25.038,-1.23231688113,-131.085625583,-96.3507348196,-34.7348907631,-389.338850348,258.253224765,1.44553987417e-07
2.724e-06,-99.4759548643,-400,25.044,-0.469604656837,-75.9957220224,-49.7379774321,-26.2577445903,-351.631174873,275.63545285,1.43698115938e-07
2.725e-06,1.71789137374e-09,-400,25.05,0.32734477184,-16.3672385903,8.58945418257e-10,-16.3672385911,-311.819654151,295.452415561,1.43626214513e-07
2.726e-06,99.4759548676,-400,25.056,1.10836142751,44.0578834921,49.7379774338,-5.68009394169,-272.408186987,316.466070479,1.44347483276e-07
2.727e-06,192.701469642,-400,25.062,1.82428304946,101.487317169,96.3507348211,5.13658234796,-235.875250945,337.362568114,1.45821193164e-07
2.728e-06,273.818842373,-400,25.068,2.43004376478,152.316654134,136.909421186,15.4072329473,-204.518186001,356.834840135,1.4795925152e-07
2.729e-06,337.731170202,-400,25.074,2.8875050947,193.355915467,168.865585101,24.4903303659,-180.308873668,373.664789134,1.50631743195e-07
2.73e-06,380.422606519,-400,25.08,3.16785145208,222.030033915,190.211303259,31.8187306553,-164.769878018,386.799911932,1.53675098757e-07
2.731e-06,399.210691371,-400,25.086,3.25339966538,236.540708102,199.605345686,36.9353624168,-158.878828565,395.419536668,1.56902376331e-07
2.732e-06,392.914900291,-400,25.092,3.13870889472,235.979455555,196.457450146,39.5220054095,-163.007049817,398.986505373,1.60115010893e-07
2.733e-06,361.930820986,-400,25.098,2.83092127213,220.384757379,180.965410493,39.4193468865,-176.896290057,397.281047436,1.63115292674e-07
2.734e-06,308.205297109,-400,25.104,2.34931193717,190.73970025,154.102648555,36.6370516959,-199.675007837,390.414708088,1.65718790608e-07
2.735e-06,235.114100916,-400,25.11,1.72407681416,148.910260208,117.557050458,31.3532097499,-229.913189153,378.823449361,1.67765940279e-07
2.736e-06,147.249821072,-400,25.116,0.994434365829,97.5281027807,73.6249105361,23.9031922446,-265.712247517,363.240350298,1.69132068383e-07
2.737e-06,50.1332934239,-400,25.122,0.206160653625,39.8252607427,25.066646712,14.7586140307,-304.824355295,344.649616037,1.69735224048e-07
2.738e-06,-50.1332934275,-400,25.128,-0.591287372532,-20.5689248009,-25.0666467138,4.49772191283,-344.793706042,324.224781241,1.69541325169e-07
2.739e-06,-147.249821076,-400,25.134,-1.34787957541,-79.8558423053,-73.6249105378,-6.23093176747,-383.110830428,303.254988122,1.68566296685e-07
2.74e-06,-235.114100918,-400,25.14,-2.01615604755,-134.306298541,-117.557050459,-16.7492480817,-417.370269003,283.063970462,1.66875066749e-07
2.741e-06,-308.205297111,-400,25.146,-2.55420874388,-180.494859917,-154.102648556,-26.3922113615,-445.421695124,264.926835207,1.6457748414e-07
2.742e-06,-361.930820987,-400,25.152,-2.92831401286,-215.515120344,-180.965410494,-34.5497098507,-465.504993773,249.989873429,1.6182141374e-07
2.743e-06,-392.914900292,-400,25.158,-3.11505066072,-237.162367256,-196.457450146,-40.7049171098,-476.360810976,239.19844372,1.58783444121e-07
2.744e-06,-399.210691371,-400,25.164,-3.10277052259,-244.072165242,-199.605345686,-44.4668195561,-477.309630466,233.237465224,1.55657791327e-07
2.745e-06,-380.422606517,-400,25.17,-2.89232920775,-235.80614613,-190.211303259,-45.5948428713,-468.294412304,232.488266174,1.52644096167e-07
2.746e-06,-337.7311702,-400,25.176,-2.49703117792,-212.879611304,-168.8655851,-44.0140262041,-449.88411799,237.004506686,1.49934881811e-07
2.747e-06,-273.81884237,-400,25.182,-1.94179268392,-176.729208174,-136.909421185,-39.8197869891,-423.237904318,246.508696144,1.47703459755e-07
2.748e-06,-192.701469639,-400,25.188,-1.26157522702,-129.622708288,-96.3507348195,-33.2719734686,-390.032239375,260.409531087,1.46093043952e-07
2.749e-06,-99.4759548641,-400,25.194,-0.499188038043,-74.5165529619,-49.737977432,-24.7785755299,-352.355523428,277.838970466,1.45207756948e-07
2.75e-06,1.92504069978e-09,-400,25.2,0.297402297976,-14.8701148969,9.62520217333e-10,-14.8701148979,-312.576838642,297.706723745,1.45106092918e-07
2.751e-06,99.4759548678,-400,25.206,1.07808599172,45.5716552816,49.7379774339,-4.16632215233,-273.197076376,318.768731658,1.45797248075e-07
2.752e-06,192.701469642,-400,25.212,1.79375856787,103.013541249,96.3507348212,6.66280642762,-236.691797238,339.705338487,1.47240548737e-07
2.753e-06,273.818842373,-400,25.218,2.3994059213,153.848546308,136.909421186,16.9391251212,-205.355697591,359.204243899,1.49348012688e-07
2.754e-06,337.731170202,-400,25.224,2.85693208705,194.884565849,168.865585101,26.0189807484,-181.158454341,376.04302019,1.51989882613e-07
2.755e-06,380.422606519,-400,25.23,3.13755208301,223.545002368,190.211303259,33.3336991087,-165.621004017,389.166006385,1.55002783665e-07
2.756e-06,399.210691371,-400,25.236,3.22359952756,238.030714993,199.605345686,38.4253693077,-159.720027434,397.750742428,1.58199992375e-07
2.757e-06,392.914900291,-400,25.242,3.10963551724,237.433124429,196.457450146,40.9756742834,-163.82663837,401.259762799,1.61383171536e-07
2.758e-06,361.930820986,-400,25.248,2.80278916172,221.7913629,180.965410493,40.8259524069,-177.683125102,399.474488002,1.64354833624e-07
2.759e-06,308.205297109,-400,25.254,2.32230845364,192.089874427,154.102648555,37.9872258726,-200.419202507,392.509076934,1.66930749623e-07
2.76e-06,235.114100915,-400,25.26,1.69834976698,150.196612567,117.557050458,32.6395621089,-230.60674983,380.803362397,1.68951523642e-07
2.761e-06,147.249821072,-400,25.266,0.970082110564,98.7457155438,73.624910536,25.1208050078,-266.34959139,365.095306934,1.70292606164e-07
2.762e-06,50.1332934237,-400,25.272,0.183225309578,40.9720279448,25.0666467119,15.905381233,-305.402676033,346.374703977,1.70872116977e-07
2.763e-06,-50.1332934277,-400,25.278,-0.612823158161,-19.4921355197,-25.0666467139,5.57451119417,-345.313164672,325.821029152,1.70655986472e-07
2.764e-06,-147.249821076,-400,25.284,-1.36809211448,-78.8452153517,-73.6249105379,-5.22030481383,-383.574559445,304.729344093,1.69660092558e-07
2.765e-06,-235.114100919,-400,25.29,-2.03517638228,-133.355281805,-117.557050459,-15.7982313452,-417.784189511,284.428907706,1.67949259207e-07
2.766e-06,-308.205297112,-400,25.296,-2.57221496903,-179.59454866,-154.102648556,-25.4919001041,-445.794158522,266.199609862,1.65633179859e-07
2.767e-06,-361.930820987,-400,25.302,-2.94552063209,-214.654789383,-180.965410494,-33.6893788893,-465.846270553,251.191481171,1.62859522102e-07
2.768e-06,-392.914900292,-400,25.308,-3.13169564658,-236.330117963,-196.457450146,-39.8726678168,-476.682458771,240.352340808,1.59804647116e-07
2.769e-06,-399.210691371,-400,25.314,-3.11910089372,-243.255646685,-199.605345686,-43.6503009995,-477.623781081,234.368134396,1.5666252721e-07
2.77e-06,-380.422606517,-400,25.32,-2.90858602991,-234.993305022,-190.211303259,-44.7820017633,-468.613022545,233.619717523,1.536325579e-07
2.771e-06,-337.7311702,-400,25.326,-2.51343493142,-212.059423629,-168.8655851,-43.1938385287,-450.218231368,238.158807739,1.50907030406e-07
2.772e-06,-273.81884237,-400,25.332,-1.95852991697,-175.892346521,-136.909421185,-38.9829253364,-423.596970012,247.70462349,1.48659051674e-07
2.773e-06,-192.701469639,-400,25.338,-1.27878733329,-128.762102974,-96.3507348194,-32.4113681547,-390.423531236,261.661428262,1.47031670857e-07
2.774e-06,-99.4759548639,-400,25.344,-0.516962863424,-73.6278116927,-49.737977432,-23.8898342608,-352.783695513,279.155883821,1.46128895316e-07
2.775e-06,2.08381532455e-09,-400,25.35,0.279035492585,-13.9517746271,1.04190766578e-09,-13.9517746282,-313.043645169,299.091870542,1.46009160403e-07
2.776e-06,99.475954868,-400,25.356,1.05915789549,46.5180600934,49.737977434,-3.21991734063,-273.701273681,320.219333775,1.46681663088e-07
2.777e-06,192.701469643,-400,25.362,1.7743574278,103.983598253,96.3507348213,7.6328634315,-237.229233854,341.212832107,1.48105789512e-07
2.778e-06,273.818842373,-400,25.368,2.37967154344,154.835265201,136.909421187,17.9258440143,-205.919586765,360.754851966,1.50193672126e-07
2.779e-06,337.731170202,-400,25.374,2.83704660861,195.878839772,168.865585101,27.0132546706,-181.739811831,377.618651602,1.52815715478e-07
2.78e-06,380.422606519,-400,25.38,3.11772809545,224.536201746,190.211303259,34.3248984871,-166.209223645,390.745425392,1.55808743165e-07
2.781e-06,399.210691371,-400,25.386,3.2040662972,239.007376512,199.605345686,39.4020308259,-160.303558214,399.310934726,1.58986253853e-07
2.782e-06,392.914900291,-400,25.392,3.09062416926,238.383691828,196.457450146,41.9262416826,-164.393720645,402.777412473,1.62150141784e-07
2.783e-06,361.930820985,-400,25.398,2.78451775834,222.704933068,180.965410493,41.7395225757,-178.222539458,400.927472526,1.6510314525e-07
2.784e-06,308.205297109,-400,25.404,2.30496790384,192.956901917,154.102648554,38.8542533626,-200.920984389,393.877886306,1.67661240838e-07
2.785e-06,235.114100915,-400,25.41,1.68209145256,151.009528287,117.557050458,33.4524778295,-231.062825002,382.072353289,1.6966520474e-07
2.786e-06,147.249821072,-400,25.416,0.955008005574,99.4994207931,73.6249105359,25.8745102572,-266.754292312,366.253713105,1.70990614818e-07
2.787e-06,50.1332934236,-400,25.422,0.169381213061,41.6642327705,25.0666467118,16.5975860587,-305.753106763,347.417339534,1.71555665168e-07
2.788e-06,-50.1332934279,-400,25.428,-0.62545085155,-18.8607508504,-25.0666467139,6.20589586357,-345.609391381,326.748640531,1.71326302392e-07
2.789e-06,-147.249821076,-400,25.434,-1.37957590403,-78.2710258743,-73.624910538,-4.64611533632,-383.819614628,305.548588753,1.70318361148e-07
2.79e-06,-235.114100919,-400,25.44,-2.04564344383,-132.831928727,-117.557050459,-15.2748782678,-417.983889657,285.151960929,1.6859656507e-07
2.791e-06,-308.205297112,-400,25.446,-2.58183949643,-179.11332229,-154.102648556,-25.0106737343,-445.95674675,266.84342446,1.66270456143e-07
2.792e-06,-361.930820987,-400,25.452,-2.95451321945,-214.205160015,-180.965410494,-33.2397495211,-465.981906689,251.776746674,1.63487508568e-07
2.793e-06,-392.914900292,-400,25.458,-3.1402903791,-235.900381337,-196.457450146,-39.4429311911,-476.802588937,240.9022076,1.60423860036e-07
2.794e-06,-399.210691371,-400,25.464,-3.12754095855,-242.833643444,-199.605345686,-43.2282977582,-477.740426437,234.906782993,1.57273242981e-07
2.795e-06,-380.422606517,-400,25.47,-2.9171087516,-234.567168937,-190.211303259,-44.3558656786,-468.738031871,234.170862934,1.54234811418e-07
2.796e-06,-337.7311702,-400,25.476,-2.52225717223,-211.618311588,-168.8655851,-42.7527264882,-450.362544463,238.744232875,1.51500628297e-07
2.797e-06,-273.81884237,-400,25.482,-1.96783475927,-175.427104406,-136.909421185,-38.5176832212,-423.769938185,248.342833779,1.49243599557e-07
2.798e-06,-192.701469639,-400,25.488,-1.28871288072,-128.265825603,-96.3507348193,-31.9150907835,-390.632337569,262.366511966,1.47606612935e-07
2.799e-06,-99.4759548637,-400,25.494,-0.527593863938,-73.0962616668,-49.7379774319,-23.358284235,-353.032911297,279.936649631,1.46693563799e-07
2.8e-06,2.2909646506e-09,-400,25.5,0.267672675781,-13.3836337868,1.14548246486e-09,-13.3836337879,-313.334950373,299.951316586,1.46562831677e-07
2.801e-06,99.4759548682,-400,25.506,1.04709664983,47.1211223766,49.7379774341,-2.61685505752,-274.033358962,321.154481338,1.47223617094e-07
2.802e-06,192.701469643,-400,25.512,1.76168850875,104.617044205,96.3507348213,8.26630938408,-237.597890256,342.214934462,1.48635368613e-07
2.803e-06,273.818842373,-400,25.518,2.36653709373,155.491987687,136.909421187,18.5825665003,-206.317977425,361.809965112,1.50710335777e-07
2.804e-06,337.731170202,-400,25.524,2.82363095555,196.549622424,168.865585101,27.6840373234,-182.158908595,378.708531019,1.53319087255e-07
2.805e-06,380.422606519,-400,25.53,3.10424590513,225.210311262,190.211303259,34.9990080029,-166.638381134,391.848692396,1.56298647219e-07
2.806e-06,399.210691371,-400,25.536,3.19074882996,239.673249873,199.605345686,40.0679041875,-160.731189251,400.404439124,1.59462738501e-07
2.807e-06,392.914900291,-400,25.542,3.07770450037,239.029675272,196.457450146,42.5722251269,-164.8080306,403.837705873,1.62613488762e-07
2.808e-06,361.930820985,-400,25.548,2.77221589235,223.320026368,180.965410493,42.3546158754,-178.612273356,401.932299724,1.65553864053e-07
2.809e-06,308.205297109,-400,25.554,2.29347671775,193.531461221,154.102648554,39.4288126669,-201.276139855,394.807601076,1.68100048515e-07
2.81e-06,235.114100915,-400,25.56,1.67156435071,151.53588338,117.557050458,33.978832922,-231.375286257,382.911169636,1.70092992416e-07
2.811e-06,147.249821072,-400,25.566,0.945549061267,99.9723680083,73.6249105358,26.3474574725,-267.018345408,366.990713416,1.71408403058e-07
2.812e-06,50.1332934233,-400,25.572,0.161038415841,42.0813726313,25.0666467117,17.0147259196,-305.965803714,348.047176345,1.71964550988e-07
2.813e-06,-50.1332934281,-400,25.578,-0.63268881951,-18.4988524526,-25.066646714,6.56779426145,-345.770740346,327.271887893,1.71727401259e-07
2.814e-06,-147.249821076,-400,25.584,-1.38577916062,-77.9608630449,-73.624910538,-4.33595250681,-383.932584225,305.97172118,1.70712747613e-07
2.815e-06,-235.114100919,-400,25.59,-2.05093670148,-132.567265845,-117.557050459,-15.0102153855,-418.05422719,285.486961345,1.68985215768e-07
2.816e-06,-308.205297112,-400,25.596,-2.5863944233,-178.885575947,-154.102648556,-24.7829273907,-445.99262179,267.107045843,1.66654198751e-07
2.817e-06,-361.930820987,-400,25.602,-2.95853784809,-214.003928583,-180.965410494,-33.0385180893,-465.993402443,251.98947386,1.63866979923e-07
2.818e-06,-392.914900292,-400,25.608,-3.14401622845,-235.714088869,-196.457450146,-39.2566387235,-476.801073396,241.086984527,1.60799476052e-07
2.819e-06,-399.210691371,-400,25.614,-3.13120867901,-242.65025742,-199.605345686,-43.0449117349,-477.737842824,235.087585403,1.57645182254e-07
2.82e-06,-380.422606517,-400,25.62,-2.92095319524,-234.374946755,-190.211303259,-44.1636434968,-468.746152988,234.371206233,1.54603013547e-07
2.821e-06,-337.731170199,-400,25.626,-2.52649282629,-211.406528885,-168.8655851,-42.5409437852,-450.392237795,238.98570891,1.51864807038e-07
2.822e-06,-273.81884237,-400,25.632,-1.97264245819,-175.18671946,-136.909421185,-38.2772982755,-423.830487922,248.643768462,1.49603269975e-07
2.823e-06,-192.701469639,-400,25.638,-1.29422863115,-127.990038081,-96.3507348193,-31.6393032616,-390.730866133,262.740828052,1.47961130849e-07
2.824e-06,-99.4759548635,-400,25.644,-0.533900484674,-72.7809306298,-49.7379774318,-23.0429531981,-353.173936707,280.393006077,1.47042175053e-07
2.825e-06,2.49521401043e-09,-400,25.65,0.26055057442,-13.0275287185,1.24760728083e-09,-13.0275287197,-313.520107214,300.492578495,1.46904728131e-07
2.826e-06,99.4759548684,-400,25.656,1.03919403213,47.5162532616,49.7379774342,-2.22172417255,-274.26130048,321.777553742,1.47557995827e-07
2.827e-06,192.701469643,-400,25.662,1.75309754016,105.046592635,96.3507348214,8.6958578133,-237.864377682,342.910970316,1.4896149062e-07
2.828e-06,273.818842373,-400,25.668,2.35740117756,155.948783495,136.909421187,19.0393623086,-206.616150884,362.564934379,1.51027580477e-07
2.829e-06,337.731170202,-400,25.674,2.81413555504,197.02439245,168.865585101,28.1588073489,-182.479722556,379.504115006,1.53626999383e-07
2.83e-06,380.422606519,-400,25.68,3.09460672808,225.692270115,190.211303259,35.4809668556,-166.971177009,392.663447124,1.56596973174e-07
2.831e-06,399.210691371,-400,25.686,3.18119811861,240.150785441,199.605345686,40.5454397553,-161.064369142,401.215154583,1.59751449854e-07
2.832e-06,392.914900291,-400,25.692,3.06847628817,239.491085883,196.457450145,43.033635737,-165.129789856,404.620875738,1.62892791471e-07
2.833e-06,361.930820985,-400,25.698,2.76353115397,223.754263287,180.965410493,42.788852794,-178.911345903,402.665609189,1.65824192797e-07
2.834e-06,308.205297109,-400,25.704,2.28552934527,193.928829845,154.102648554,39.8261812909,-201.542509478,395.471339324,1.68362046516e-07
2.835e-06,235.114100915,-400,25.71,1.66450883667,151.888659081,117.557050457,34.3316086237,-231.600819155,383.489478236,1.70347478023e-07
2.836e-06,147.249821071,-400,25.716,0.939490662223,100.27528796,73.6249105357,26.6503774246,-267.197304293,367.472592253,1.71656325192e-07
2.837e-06,50.1332934232,-400,25.722,0.156026413627,42.3319727418,25.0666467116,17.2653260302,-306.095211189,348.427183931,1.7220693626e-07
2.838e-06,-50.1332934283,-400,25.728,-0.636664335925,-18.300076632,-25.0666467141,6.76657008212,-345.850568756,327.550492124,1.7196529608e-07
2.839e-06,-147.249821076,-400,25.734,-1.38878679133,-77.8104815096,-73.6249105381,-4.18557097142,-383.965760098,306.155278588,1.70947158938e-07
2.84e-06,-235.114100919,-400,25.74,-2.05309954225,-132.459123806,-117.55705046,-14.9020733469,-418.046450008,285.587326201,1.6921705421e-07
2.841e-06,-308.205297112,-400,25.746,-2.58788244683,-178.81117477,-154.102648556,-24.7085262143,-445.952008532,267.140833762,1.66884227619e-07
2.842e-06,-361.930820988,-400,25.752,-2.9595573392,-213.952954028,-180.965410494,-32.987543534,-465.929980254,251.977026226,1.64095773412e-07
2.843e-06,-392.914900292,-400,25.758,-3.1447969376,-235.675053412,-196.457450146,-39.2176032662,-476.726152283,241.05109887,1.61027389195e-07
2.844e-06,-399.210691371,-400,25.764,-3.13198950166,-242.611216288,-199.605345686,-43.0058706028,-477.66330782,235.052091531,1.57872334526e-07
2.845e-06,-380.422606517,-400,25.77,-2.92196727703,-234.324242665,-190.211303259,-44.1129394069,-468.683720269,234.359477603,1.54829287166e-07
2.846e-06,-337.731170199,-400,25.776,-2.52795303007,-211.333518696,-168.8655851,-42.467933596,-450.352721481,239.019202786,1.52089860044e-07
2.847e-06,-273.81884237,-400,25.782,-1.97472810568,-175.082437086,-136.909421185,-38.173015901,-423.82312364,248.740686554,1.49826563287e-07
2.848e-06,-192.701469638,-400,25.788,-1.29707435219,-127.847752029,-96.3507348192,-31.4970172098,-390.762733814,262.914981786,1.4818196759e-07
2.849e-06,-99.4759548634,-400,25.794,-0.537587874114,-72.5965611576,-49.7379774317,-22.858583726,-353.249518871,280.652957713,1.47259749669e-07
2.85e-06,2.65688860141e-09,-400,25.8,0.255997968461,-12.7998984204,1.32844471238e-09,-12.7998984217,-313.641010463,300.841112042,1.47118182228e-07
2.851e-06,99.4759548685,-400,25.806,1.03381207445,47.785351146,49.7379774343,-1.95262628822,-274.426157671,322.211508817,1.47766477212e-07
2.852e-06,192.701469643,-400,25.812,1.74697914383,105.352512452,96.3507348215,9.00177763024,-238.068936889,343.42144934,1.4916421184e-07
2.853e-06,273.818842373,-400,25.818,2.35069035774,156.284324486,136.909421187,19.3749032995,-206.853545524,363.13787001,1.51223873177e-07
2.854e-06,337.731170202,-400,25.824,2.80701827549,197.380256428,168.865585101,28.5146713268,-182.740905684,380.121162112,1.53816361083e-07
2.855e-06,380.422606519,-400,25.83,3.08729911581,226.057650728,190.211303259,35.8463474688,-167.245492454,393.303143182,1.5677910351e-07
2.856e-06,399.210691371,-400,25.836,3.17393278784,240.51405198,199.605345686,40.9087062939,-161.340223592,401.854275572,1.59926274033e-07
2.857e-06,392.914900291,-400,25.842,3.06148763276,239.840518653,196.457450145,43.3830685075,-165.39538364,405.235902293,1.63060469444e-07
2.858e-06,361.930820985,-400,25.848,2.75704053276,224.078794347,180.965410493,43.1133838547,-179.155416558,403.234210906,1.65985113607e-07
2.859e-06,308.205297109,-400,25.854,2.27973109083,194.218742567,154.102648554,40.1160940129,-201.755041378,395.973783945,1.68516808161e-07
2.86e-06,235.114100915,-400,25.86,1.65955796638,152.136202596,117.557050457,34.5791521381,-231.773674628,383.909877223,1.70496854106e-07
2.861e-06,147.249821071,-400,25.866,0.935493063283,100.475167907,73.6249105357,26.8502573715,-267.324736602,367.799904509,1.71801220467e-07
2.862e-06,50.133293423,-400,25.872,0.153032118153,42.4816875153,25.0666467115,17.4150408038,-306.174227163,348.655914678,1.72348333859e-07
2.863e-06,-50.1332934285,-400,25.878,-0.638664363866,-18.2000752352,-25.0666467142,6.86657147905,-345.88111832,327.681043085,1.72104199746e-07
2.864e-06,-147.249821076,-400,25.884,-1.38986015559,-77.756813297,-73.6249105382,-4.13190275875,-383.95074083,306.193927533,1.710845339e-07
2.865e-06,-235.114100919,-400,25.89,-2.05336823352,-132.445689243,-117.55705046,-14.8886387838,-417.991526476,285.545837233,1.69353770399e-07
2.866e-06,-308.205297112,-400,25.896,-2.58751524404,-178.82953491,-154.102648556,-24.726886354,-445.865257792,267.035722882,1.67021008821e-07
2.867e-06,-361.930820988,-400,25.902,-2.95875927142,-213.992857416,-180.965410494,-33.0274469226,-465.821385811,251.828528394,1.64233155521e-07
2.868e-06,-392.914900292,-400,25.908,-3.14379646912,-235.725076836,-196.457450146,-39.2676266898,-476.606978348,240.881901512,1.61165690217e-07
2.869e-06,-399.210691371,-400,25.914,-3.13102424571,-242.659479086,-199.605345686,-43.0541334002,-477.545393185,234.885914099,1.58011638201e-07
2.87e-06,-380.422606517,-400,25.92,-2.92126913604,-234.359149715,-190.211303259,-44.1478464564,-468.578736184,234.219586469,1.54969441237e-07
2.871e-06,-337.731170199,-400,25.926,-2.52773369616,-211.344485391,-168.8655851,-42.4789002916,-450.271440163,238.926954772,1.52230489289e-07
2.872e-06,-273.818842369,-400,25.932,-1.97516583219,-175.06055076,-136.909421185,-38.151129575,-423.774743368,248.714192608,1.49967096484e-07
2.873e-06,-192.701469638,-400,25.938,-1.29830282721,-127.786328278,-96.3507348191,-31.4355934587,-390.754302997,262.96797472,1.48321676726e-07
2.874e-06,-99.4759548632,-400,25.944,-0.539687894478,-72.4915601393,-49.7379774316,-22.7535827077,-353.28549526,280.793935121,1.47397798928e-07
2.875e-06,2.86113796125e-09,-400,25.95,0.253003499948,-12.6501749945,1.43056864019e-09,-12.6501749959,-313.722983166,301.072808171,1.47253683674e-07
2.876e-06,99.4759548687,-400,25.956,1.029959515,47.9779791187,49.7379774344,-1.75999831566,-274.552749411,322.530728529,1.47898549679e-07
2.877e-06,192.701469643,-400,25.962,1.74236175468,105.583381909,96.3507348216,9.23264708779,-238.235892606,343.819274515,1.4929203932e-07
2.878e-06,273.818842374,-400,25.968,2.34545237487,156.54622363,136.909421187,19.6368024433,-207.054001733,363.600225363,1.51346759046e-07
2.879e-06,337.731170202,-400,25.974,2.80134578018,197.663881194,168.865585101,28.7982960923,-182.965823613,380.629704807,1.53933774756e-07
2.88e-06,380.422606519,-400,25.98,3.08140827926,226.352192556,190.211303259,36.1408892964,-167.484227737,393.836420293,1.56890716599e-07
2.881e-06,399.210691371,-400,25.986,3.16805622871,240.807879936,199.605345686,41.2025342502,-161.581196696,402.389076632,1.60031983736e-07
2.882e-06,392.914900291,-400,25.992,3.05585974517,240.121913032,196.457450145,43.6644628868,-165.626808886,405.748721918,1.63160407711e-07
2.883e-06,361.930820985,-400,25.998,2.75188270657,224.336685657,180.965410493,43.371275164,-179.366043927,403.702729584,1.66079641489e-07
2.884e-06,308.205297108,-400,26.004,2.27523775279,194.443409469,154.102648554,40.3407609147,-201.934864499,396.378273968,1.68606495722e-07
2.885e-06,235.114100915,-400,26.01,1.65588431891,152.319884969,117.557050457,34.7628345118,-231.914560477,384.234445446,1.70582447156e-07
2.886e-06,147.249821071,-400,26.016,0.932745290782,100.612556532,73.6249105356,26.9876459965,-267.420937359,368.033493891,1.71883596203e-07
2.887e-06,50.1332934228,-400,26.022,0.151260675751,42.5702596352,25.0666467114,17.5036129238,-306.222742104,348.793001739,1.72428448217e-07
2.888e-06,-50.1332934287,-400,26.028,-0.639467958234,-18.1598955169,-25.0666467143,6.90675119739,-345.881883029,327.721987512,1.72183029765e-07
2.889e-06,-147.249821077,-400,26.034,-1.38976282484,-77.7616798349,-73.6249105383,-4.13676929654,-383.906631884,306.144952049,1.71163018715e-07
2.89e-06,-235.114100919,-400,26.04,-2.05249117271,-132.489542284,-117.55705046,-14.932491824,-417.908181338,285.418639054,1.69432754596e-07
2.891e-06,-308.205297112,-400,26.046,-2.58602634201,-178.903980012,-154.102648556,-24.8013314555,-445.750721262,266.84674125,1.67101191677e-07
2.892e-06,-361.930820988,-400,26.052,-2.95686259936,-214.087691019,-180.965410494,-33.1222805256,-465.685605291,251.597914271,1.64315049355e-07
2.893e-06,-392.914900292,-400,26.058,-3.14171949721,-235.828925432,-196.457450146,-39.3714752857,-476.461179643,240.632254211,1.61249590435e-07
2.894e-06,-399.210691371,-400,26.064,-3.12900359121,-242.760511811,-199.605345686,-43.1551661253,-477.40137609,234.640864279,1.5809760694e-07
2.895e-06,-380.422606517,-400,26.07,-2.91953573866,-234.445819584,-190.211303259,-44.2345163256,-468.448134122,234.002314538,1.55057305622e-07
2.896e-06,-337.731170199,-400,26.076,-2.52649835198,-211.4062526,-168.8655851,-42.5406675004,-450.164990394,238.758737794,1.5231985441e-07
2.897e-06,-273.818842369,-400,26.082,-1.9746059951,-175.088542614,-136.909421185,-38.1791214298,-423.701613614,248.613070999,1.50057372282e-07
2.898e-06,-192.701469638,-400,26.088,-1.29855150662,-127.773894307,-96.350734819,-31.4231594881,-390.721516785,262.947622478,1.48412117091e-07
2.899e-06,-99.475954863,-400,26.094,-0.540825346639,-72.4346875311,-49.7379774315,-22.6967100996,-353.297492053,280.862804522,1.47487550558e-07
2.9e-06,3.06828728728e-09,-400,26.1,0.250954765754,-12.5477382846,1.53414343926e-09,-12.5477382862,-313.781340904,301.233602619,1.47341841617e-07
2.901e-06,99.4759548689,-400,26.106,1.02703610214,48.1241497617,49.7379774345,-1.61382767273,-274.656086858,322.78023662,1.47984216069e-07
2.902e-06,192.701469643,-400,26.112,1.73865703167,105.76861806,96.3507348217,9.41788323842,-238.379957604,344.148575664,1.49374381626e-07
2.903e-06,273.818842374,-400,26.118,2.3411105628,156.763314234,136.909421187,19.853893047,-207.231939777,363.995254011,1.51425064166e-07
2.904e-06,337.731170202,-400,26.124,2.79655284724,197.90352784,168.865585101,29.0379427392,-183.168609859,381.072137699,1.54007495559e-07
2.905e-06,380.422606519,-400,26.13,3.07638021498,226.60359577,190.211303259,36.3922925105,-167.70123525,394.30483102,1.56959508001e-07
2.906e-06,399.210691371,-400,26.136,3.16302543499,241.059419622,199.605345686,41.4540739365,-161.80086523,402.860284852,1.60095726042e-07
2.907e-06,392.914900291,-400,26.142,3.05106039952,240.361880315,196.457450145,43.9044301697,-165.837372149,406.199252464,1.6321921575e-07
2.908e-06,361.930820985,-400,26.148,2.7475360172,224.554020125,180.965410493,43.5886096326,-179.556269643,404.110289768,1.66133858995e-07
2.909e-06,308.205297108,-400,26.154,2.27153803194,194.628395511,154.102648554,40.525746957,-202.094760758,396.723156269,1.68656675291e-07
2.91e-06,235.114100914,-400,26.16,1.65298674915,152.464763457,117.557050457,34.9077129997,-232.036004014,384.500767471,1.70629317057e-07
2.911e-06,147.249821071,-400,26.166,0.930756152504,100.712013446,73.6249105355,27.0871029103,-267.498184308,368.210197754,1.71928016134e-07
2.912e-06,50.1332934226,-400,26.172,0.150230649387,42.6217609532,25.0666467113,17.5551142419,-306.252789145,348.874550098,1.72471356771e-07
2.913e-06,-50.1332934288,-400,26.178,-0.639546995137,-18.155943672,-25.0666467144,6.91070304244,-345.864656292,327.70871262,1.72225386929e-07
2.914e-06,-147.249821077,-400,26.184,-1.38895730512,-77.801955821,-73.6249105384,-4.1770452826,-383.844991753,306.043035932,1.71205747005e-07
2.915e-06,-235.11410092,-400,26.19,-2.05092168333,-132.568016753,-117.55705046,-15.0109662935,-417.807742906,285.239726153,1.6947668252e-07
2.916e-06,-308.205297112,-400,26.196,-2.58386006579,-179.012293823,-154.102648556,-24.9096452664,-445.61950174,266.607207917,1.671470031e-07
2.917e-06,-361.930820988,-400,26.202,-2.95430283036,-214.21567947,-180.965410494,-33.2502689757,-465.533520556,251.317841087,1.64363241924e-07
2.918e-06,-392.914900292,-400,26.208,-3.13899288877,-235.965255854,-196.457450146,-39.5078057075,-476.299421596,240.334165742,1.61300445686e-07
2.919e-06,-399.210691371,-400,26.214,-3.12634593846,-242.893394448,-199.605345686,-43.2880487627,-477.241709942,234.348315494,1.58151173962e-07
2.92e-06,-380.422606517,-400,26.22,-2.9171771888,-234.563747077,-190.211303259,-44.3524438185,-468.302159789,233.738412712,1.55113399301e-07
2.921e-06,-337.731170199,-400,26.226,-2.52464897172,-211.498721613,-168.8655851,-42.6331365136,-450.043414405,238.544692792,1.52378068362e-07
2.922e-06,-273.818842369,-400,26.232,-1.97344260183,-175.146712277,-136.909421185,-38.2372910929,-423.613577263,248.466864985,1.50117105658e-07
2.923e-06,-192.701469638,-400,26.238,-1.2982065905,-127.791140113,-96.3507348189,-31.4404052938,-390.674022738,262.882882626,1.48472613574e-07
2.924e-06,-99.4759548628,-400,26.244,-0.541378779042,-72.4070159107,-49.7379774314,-22.6690384793,-353.294965408,280.887949498,1.47547947087e-07
2.925e-06,3.22996187826e-09,-400,26.25,0.249480716935,-12.4740358435,1.61498087081e-09,-12.4740358451,-313.825352255,301.351316412,1.47401223796e-07
2.926e-06,99.4759548691,-400,26.256,1.02467813782,48.2420479779,49.7379774345,-1.49592945665,-274.745254729,322.987302707,1.4804167676e-07
2.927e-06,192.701469644,-400,26.262,1.73550848244,105.926045522,96.3507348218,9.57531069975,-238.510036351,344.436081873,1.49429079053e-07
2.928e-06,273.818842374,-400,26.268,2.33731549299,156.953067724,136.909421187,20.0436465372,-207.396087409,364.349155134,1.51476275882e-07
2.929e-06,337.731170203,-400,26.274,2.79229697322,198.116321542,168.865585101,29.2507364405,-183.357818898,381.47414044,1.54054664883e-07
2.93e-06,380.422606519,-400,26.28,3.07187920882,226.828646078,190.21130326,36.6173428188,-167.904899553,394.733545632,1.57002280012e-07
2.931e-06,399.210691371,-400,26.286,3.15851134887,241.285123928,199.605345686,41.6797782424,-162.007447123,403.292571051,1.60133970867e-07
2.932e-06,392.914900291,-400,26.292,3.04676706402,240.57654709,196.457450145,44.1190969443,-166.035127951,406.61167504,1.63253037697e-07
2.933e-06,361.930820985,-400,26.298,2.74368433102,224.746604434,180.965410492,43.7811939413,-179.73398798,404.480592414,1.66163590938e-07
2.934e-06,308.205297108,-400,26.304,2.26832206722,194.789193747,154.102648554,40.6865451931,-202.242467293,397.03166104,1.68682858692e-07
2.935e-06,235.114100914,-400,26.31,1.65056154513,152.586023658,117.557050457,35.0289732004,-232.145588314,384.731611971,1.70652668859e-07
2.936e-06,147.249821071,-400,26.316,0.929227964155,100.788422863,73.6249105354,27.1635123276,-267.563909482,368.352332345,1.7194938462e-07
2.937e-06,50.1332934224,-400,26.322,0.149650262963,42.6507802743,25.0666467112,17.584133563,-306.271652271,348.922432545,1.72491669162e-07
2.938e-06,-50.133293429,-400,26.328,-0.639187460074,-18.1739204253,-25.0666467145,6.8927262892,-345.836576998,327.662656573,1.72245592011e-07
2.939e-06,-147.249821077,-400,26.334,-1.38772390707,-77.8636257235,-73.6249105385,-4.23871518499,-383.772817154,305.90919143,1.712267564e-07
2.94e-06,-235.11410092,-400,26.34,-2.048934515,-132.66737517,-117.55705046,-15.11032471,-417.697068609,285.029693439,1.69499314282e-07
2.941e-06,-308.205297112,-400,26.346,-2.58128571601,-179.141011312,-154.102648556,-25.0383627558,-445.478320208,266.337308896,1.67171931185e-07
2.942e-06,-361.930820988,-400,26.352,-2.95134392602,-214.363624687,-180.965410494,-33.398214193,-465.37171895,251.008094264,1.64390954701e-07
2.943e-06,-392.914900292,-400,26.358,-3.13587537438,-236.121131573,-196.457450146,-39.6636814273,-476.128160666,240.007029093,1.61331216105e-07
2.944e-06,-399.210691371,-400,26.364,-3.12330489284,-243.045446729,-199.605345686,-43.4401010434,-477.072723021,234.027276292,1.58185043243e-07
2.945e-06,-380.422606517,-400,26.37,-2.91444207034,-234.700503,-190.211303258,-44.4891997413,-468.147015935,233.446512935,1.55150175165e-07
2.946e-06,-337.731170199,-400,26.376,-2.52242921915,-211.609709241,-168.865585099,-42.744124142,-449.912791997,238.303082756,1.5241733792e-07
2.947e-06,-273.818842369,-400,26.382,-1.97191449516,-175.223117611,-136.909421184,-38.3136964266,-423.516593686,248.293476075,1.50158262143e-07
2.948e-06,-192.701469638,-400,26.388,-1.2975021973,-127.826359773,-96.3507348188,-31.4756249539,-390.61766225,262.791302477,1.4851489523e-07
2.949e-06,-99.4759548626,-400,26.394,-0.541577680138,-72.3970708557,-49.7379774313,-22.6590934244,-353.283641119,280.886570263,1.47590485776e-07
2.95e-06,3.43421123808e-09,-400,26.4,0.248356403072,-12.4178201502,1.71710568678e-09,-12.4178201519,-313.860629715,301.442809565,1.47443100262e-07
2.951e-06,99.4759548693,-400,26.406,1.02266512001,48.3426988685,49.7379774346,-1.3952785661,-274.825754458,323.168453326,1.48081979083e-07
2.952e-06,192.701469644,-400,26.412,1.73269996597,106.066471345,96.3507348218,9.71573652319,-238.631521392,344.697992737,1.49466960618e-07
2.953e-06,273.818842374,-400,26.418,2.33385530018,157.126077365,136.909421187,20.2166561782,-207.551730384,364.677807749,1.51511009215e-07
2.954e-06,337.731170203,-400,26.424,2.78837048533,198.312645936,168.865585101,29.4470608347,-183.53863174,381.851277676,1.54085687986e-07
2.955e-06,380.422606519,-400,26.43,3.06770169915,227.037521562,190.21130326,36.8262183021,-168.100298903,395.137820465,1.57029232278e-07
2.956e-06,399.210691371,-400,26.436,3.15431444024,241.494969359,199.605345686,41.8896236737,-162.205919827,403.700889186,1.60156716322e-07
2.957e-06,392.914900291,-400,26.442,3.042784162,240.775692191,196.457450145,44.3182420455,-166.224954844,407.000647035,1.63271674112e-07
2.958e-06,361.930820985,-400,26.448,2.74013594809,224.92402358,180.965410492,43.9586130877,-179.903980471,404.828004051,1.66178444248e-07
2.959e-06,308.205297108,-400,26.454,2.26540196,194.935199108,154.102648554,40.832550554,-202.382670468,397.317869576,1.68694463063e-07
2.96e-06,235.114100914,-400,26.46,1.64842453532,152.692874148,117.557050457,35.1358236911,-232.247906398,384.940780547,1.70661733671e-07
2.961e-06,147.249821071,-400,26.466,0.927980208046,100.850810668,73.6249105353,27.225900133,-267.622614382,368.47342505,1.71956750432e-07
2.962e-06,50.1332934222,-400,26.472,0.149342580412,42.6661644016,25.0666467111,17.5995176905,-306.283743261,348.949907663,1.72498255437e-07
2.963e-06,-50.1332934292,-400,26.478,-0.638562778781,-18.2051544902,-25.0666467146,6.86149222445,-345.801968998,327.596814508,1.72252339882e-07
2.964e-06,-147.249821077,-400,26.484,-1.38623261645,-77.9381902546,-73.6249105386,-4.31327971599,-383.694345786,305.756155532,1.71234570073e-07
2.965e-06,-235.11410092,-400,26.49,-2.04669628289,-132.779286775,-117.55705046,-15.2222363155,-417.580311764,284.801024988,1.69509004761e-07
2.966e-06,-308.205297113,-400,26.496,-2.57846660559,-179.281966833,-154.102648556,-25.1793182767,-445.331247354,266.049280521,1.67184165851e-07
2.967e-06,-361.930820988,-400,26.502,-2.94814596433,-214.523522772,-180.965410494,-33.5581122776,-465.204190258,250.680667486,1.64406215917e-07
2.968e-06,-392.914900292,-400,26.508,-3.13252386317,-236.288707133,-196.457450146,-39.8312569874,-475.951307441,239.662600307,1.61349771436e-07
2.969e-06,-399.210691371,-400,26.514,-3.1200342595,-243.208978396,-199.605345686,-43.6036327107,-476.898248388,233.689269992,1.58206929174e-07
2.97e-06,-380.422606517,-400,26.52,-2.91148114786,-234.848549124,-190.211303258,-44.6372458656,-467.986459731,233.137910607,1.55175195324e-07
2.971e-06,-337.731170199,-400,26.526,-2.51998688025,-211.731826186,-168.865585099,-42.8662410868,-449.77680605,238.044979864,1.52445075925e-07
2.972e-06,-273.818842369,-400,26.532,-1.97016654291,-175.310515223,-136.909421184,-38.4010940389,-423.414273018,248.103757795,1.50188108256e-07
2.973e-06,-192.701469638,-400,26.538,-1.29658033556,-127.87245286,-96.3507348188,-31.5217180409,-390.555974205,262.683521345,1.48546085145e-07
2.974e-06,-99.4759548625,-400,26.544,-0.541561256406,-72.3978920422,-49.7379774312,-22.6599146109,-353.266988267,280.869096225,1.47622149107e-07
2.975e-06,3.59588582907e-09,-400,26.55,0.247445364151,-12.372268204,1.79794311833e-09,-12.3722682058,-313.890573958,301.518305754,1.47474315668e-07
2.976e-06,99.4759548694,-400,26.556,1.02086328116,48.4327908114,49.7379774347,-1.30518662332,-274.90091965,323.333710462,1.48111832584e-07
2.977e-06,192.701469644,-400,26.562,1.73010035469,106.196451909,96.3507348219,9.8457170872,-238.747680555,344.944132464,1.49494603421e-07
2.978e-06,273.818842374,-400,26.568,2.33060144573,157.288770087,136.909421187,20.3793489004,-207.702071995,364.990842083,1.51535711436e-07
2.979e-06,337.731170203,-400,26.574,2.78464738424,198.498800991,168.865585101,29.6332158894,-183.71418835,382.212989341,1.54106884876e-07
2.98e-06,380.422606519,-400,26.58,3.0637241774,227.236397649,190.21130326,37.0250943897,-168.290511101,395.526908751,1.57046560058e-07
2.981e-06,399.210691372,-400,26.586,3.15031364386,241.695009179,199.605345686,42.0896634928,-162.399300117,404.094309296,1.6017003538e-07
2.982e-06,392.914900291,-400,26.592,3.03899302502,240.96524904,196.457450145,44.5077988944,-166.409809696,407.375058735,1.63281078107e-07
2.983e-06,361.930820985,-400,26.598,2.73677455108,225.092093431,180.965410492,44.1266829386,-180.069145173,405.161238604,1.66184254547e-07
2.984e-06,308.205297108,-400,26.604,2.26266369896,195.07211216,154.102648554,40.969463606,-202.518210619,397.590322779,1.68697208866e-07
2.985e-06,235.114100914,-400,26.61,1.64646396985,152.790902421,117.557050457,35.2338519645,-232.345741969,385.136644391,1.70662119077e-07
2.986e-06,147.24982107,-400,26.616,0.926903351712,100.904653485,73.6249105352,27.2797429496,-267.677027156,368.581680641,1.71955610516e-07
2.987e-06,50.1332934221,-400,26.622,0.149200242983,42.6732812729,25.066646711,17.6066345619,-306.2917358,348.965017073,1.72496504102e-07
2.988e-06,-50.1332934294,-400,26.628,-0.637778179596,-18.2443844496,-25.0666467147,6.82226226508,-345.7634526,327.519068151,1.72250912759e-07
2.989e-06,-147.249821077,-400,26.634,-1.3845865741,-78.0204923722,-73.6249105387,-4.39558183352,-383.612145676,305.591653303,1.71234366059e-07
2.99e-06,-235.11410092,-400,26.64,-2.04430808284,-132.898696778,-117.55705046,-15.3416463179,-417.459989204,284.561292426,1.69510829876e-07
2.991e-06,-308.205297113,-400,26.646,-2.5755018274,-179.430205743,-154.102648556,-25.3275571864,-445.180749906,265.750544163,1.67188682928e-07
2.992e-06,-361.930820988,-400,26.652,-2.9448060766,-214.690517158,-180.965410494,-33.7251066639,-465.033352185,250.342835027,1.6441390329e-07
2.993e-06,-392.914900292,-400,26.658,-3.12903356573,-236.463222006,-196.457450146,-40.0057718598,-475.771231671,239.308009665,1.6136089323e-07
2.994e-06,-399.210691371,-400,26.664,-3.11662736823,-243.379322959,-199.605345686,-43.7739772738,-476.720608892,233.341285933,1.5822151904e-07
2.995e-06,-380.422606517,-400,26.67,-2.90838590954,-235.00331104,-190.211303258,-44.7920077814,-467.822768148,232.819457108,1.55193054658e-07
2.996e-06,-337.731170199,-400,26.676,-2.51741163977,-211.86058821,-168.865585099,-42.9950031108,-449.637688652,237.777100442,1.52465786672e-07
2.997e-06,-273.818842369,-400,26.682,-1.96828666346,-175.404509196,-136.909421184,-38.4950880112,-423.308803427,247.904294231,1.50211059493e-07
2.998e-06,-192.701469637,-400,26.688,-1.29552719323,-127.925109976,-96.3507348187,-31.5743751572,-390.491103778,262.565993802,1.48570511767e-07
2.999e-06,-99.4759548623,-400,26.694,-0.541414000182,-72.4052548532,-49.7379774311,-22.667277422,-353.247109914,280.841855061,1.47647180191e-07
3e-06,3.80013518891e-09,-400,26.7,0.246664769841,-12.3332384882,1.90006793431e-09,-12.3332384901,-313.917246775,301.584008287,1.47499029466e-07
3.001e-06,99.4759548696,-400,26.706,1.01919142047,48.5163838461,49.7379774348,-1.22159358872,-274.972771627,323.489155473,1.48135314699e-07
3.002e-06,192.701469644,-400,26.712,1.72763004599,106.319967345,96.350734822,9.96923252251,-238.860495449,345.180462794,1.49516004503e-07
3.003e-06,273.818842374,-400,26.718,2.32747589489,157.44504763,136.909421187,20.5356264428,-207.84905487,365.2941025,1.5155430077e-07
3.004e-06,337.731170203,-400,26.724,2.78105117357,198.678611524,168.865585101,29.8130264227,-183.886393065,382.565004589,1.54122096513e-07
3.005e-06,380.422606519,-400,26.73,3.05987165699,227.42902367,190.21130326,37.2177204101,-168.477402865,395.906426534,1.57058028571e-07
3.006e-06,399.210691372,-400,26.736,3.14643545499,241.888918622,199.605345686,42.2835729361,-162.589417741,404.478336363,1.60177619019e-07
3.007e-06,392.914900291,-400,26.742,3.03532160277,241.148820152,196.457450145,44.6913700069,-166.591485919,407.740306071,1.63284867885e-07
3.008e-06,361.930820985,-400,26.748,2.73352951704,225.254345132,180.965410492,44.2889346401,-180.231239796,405.485584929,1.66184568703e-07
3.009e-06,308.205297108,-400,26.754,2.26003806182,195.203394017,154.102648554,41.1007454627,-202.650810385,397.854204402,1.68694573048e-07
3.01e-06,235.114100914,-400,26.76,1.64461200053,152.883500887,117.557050457,35.3264504303,-232.440783228,385.324284115,1.70657233491e-07
3.011e-06,147.24982107,-400,26.766,0.925930894582,100.953276341,73.6249105351,27.328365806,-267.728802213,368.682078555,1.71949306115e-07
3.012e-06,50.1332934218,-400,26.772,0.149158071318,42.6753898559,25.0666467109,17.608743145,-306.297251153,348.972641009,1.72489690562e-07
3.013e-06,-50.1332934296,-400,26.778,-0.636897547032,-18.288416078,-25.0666467148,6.77823063679,-345.722616594,327.434200516,1.72244521515e-07
3.014e-06,-147.249821077,-400,26.784,-1.38284839602,-78.1074012767,-73.6249105387,-4.48249073799,-383.527773808,305.420372531,1.71229291985e-07
3.015e-06,-235.11410092,-400,26.79,-2.04183128856,-133.022536492,-117.55705046,-15.4654860322,-417.337626797,284.315090304,1.69507875262e-07
3.016e-06,-308.205297113,-400,26.796,-2.57245153891,-179.582720167,-154.102648556,-25.480071611,-445.028323302,265.445603135,1.67188507286e-07
3.017e-06,-361.930820988,-400,26.802,-2.94138322993,-214.861659492,-180.965410494,-33.8962489977,-464.86067043,249.999010938,1.64416982133e-07
3.018e-06,-392.914900292,-400,26.808,-3.12546228418,-236.641786083,-196.457450146,-40.1843359372,-475.589370001,238.947583918,1.61367488416e-07
3.019e-06,-399.210691371,-400,26.814,-3.11314088127,-243.553647308,-199.605345686,-43.9483016221,-476.541212794,232.987565487,1.58231662538e-07
3.02e-06,-380.422606517,-400,26.82,-2.90521190209,-235.162011412,-190.211303258,-44.9507081539,-467.657321723,232.495310311,1.55206546763e-07
3.021e-06,-337.731170199,-400,26.826,-2.51475795261,-211.993272568,-168.865585099,-43.1276874687,-449.496793251,237.503520683,1.5248220876e-07
3.022e-06,-273.818842369,-400,26.832,-1.96632824289,-175.502430224,-136.909421184,-38.5930090399,-423.201511878,247.699081654,1.50229800533e-07
3.023e-06,-192.701469637,-400,26.838,-1.29439510968,-127.981714153,-96.3507348186,-31.6309793346,-390.424352027,262.442637874,1.48590806914e-07
3.024e-06,-99.4759548621,-400,26.844,-0.541187225331,-72.4165935955,-49.737977431,-22.6786161645,-353.225281757,280.808688161,1.47668159019e-07
3.025e-06,4.00728451494e-09,-400,26.85,0.245964311451,-12.2982155685,2.0036418452e-09,-12.2982155705,-313.941899008,301.64368344,1.47519770839e-07
3.026e-06,99.4759548698,-400,26.856,1.017600215,48.59594412,49.7379774349,-1.14203331492,-275.042536851,323.638480971,1.48154904798e-07
3.027e-06,192.701469644,-400,26.862,1.72524068406,106.439435441,96.3507348221,10.088700619,-238.9711686,345.410604041,1.49533594393e-07
3.028e-06,273.818842374,-400,26.868,2.32443124116,157.597280316,136.909421187,20.6878591291,-207.993858008,365.591138324,1.51569159868e-07
3.029e-06,337.731170203,-400,26.874,2.77753537903,198.854401251,168.865585101,29.9888161499,-184.056401744,382.910802995,1.54133658609e-07
3.03e-06,380.422606519,-400,26.88,3.05609857919,227.61767756,190.21130326,37.4063743001,-168.662107282,396.279784842,1.57065927517e-07
3.031e-06,399.210691372,-400,26.886,3.14263521429,242.078930657,199.605345686,42.4735849712,-162.777383371,404.856314028,1.60181711828e-07
3.032e-06,392.914900291,-400,26.892,3.03172611941,241.32859432,196.457450145,44.8711441748,-166.77107212,408.09966644,1.63285243819e-07
3.033e-06,361.930820985,-400,26.898,2.73035793796,225.412924086,180.965410492,44.4475135941,-180.391331227,405.804255314,1.66181543749e-07
3.034e-06,308.205297108,-400,26.904,2.25748299271,195.331147472,154.102648554,41.2284989185,-202.781515284,398.112662757,1.6868867016e-07
3.035e-06,235.114100914,-400,26.91,1.64282740794,152.972730516,117.557050457,35.4156800596,-232.534054688,385.506785205,1.70649149829e-07
3.036e-06,147.24982107,-400,26.916,0.925022437899,100.998699175,73.624910535,27.3737886401,-267.778943437,368.777642612,1.71939869337e-07
3.037e-06,50.1332934217,-400,26.922,0.149176471369,42.6744698532,25.0666467108,17.6078231424,-306.301272967,348.97574282,1.72479806929e-07
3.038e-06,-50.1332934298,-400,26.928,-0.635959686556,-18.335309102,-25.0666467149,6.73133761292,-345.680424795,327.345115693,1.72235119066e-07
3.039e-06,-147.249821078,-400,26.934,-1.38105611535,-78.1970153101,-73.6249105388,-4.57210477126,-383.442174594,305.245159284,1.71221262347e-07
3.04e-06,-235.11410092,-400,26.94,-2.03930317728,-133.148942056,-117.55705046,-15.5918915963,-417.214149983,284.065207927,1.69502017761e-07
3.041e-06,-308.205297113,-400,26.946,-2.56935227786,-179.73768322,-154.102648556,-25.6350346633,-444.874874463,265.137191243,1.67185478861e-07
3.042e-06,-361.930820988,-400,26.952,-2.9379132389,-215.035159043,-180.965410494,-34.0697485491,-464.687033842,249.651874799,1.64417256207e-07
3.043e-06,-392.914900292,-400,26.958,-3.12184512618,-236.822643983,-196.457450146,-40.3651938371,-475.406593662,238.583949678,1.61371325295e-07
3.044e-06,-399.210691371,-400,26.964,-3.1096092152,-243.730230611,-199.605345686,-44.1248849253,-476.360914155,232.630683544,1.58239093211e-07
3.045e-06,-380.422606517,-400,26.97,-2.90199286658,-235.322963188,-190.211303258,-45.1116599295,-467.490957778,232.167994591,1.55217371101e-07
3.046e-06,-337.731170199,-400,26.976,-2.51205889932,-212.128225233,-168.865585099,-43.2626401333,-449.354940846,237.226715613,1.52496008241e-07
3.047e-06,-273.818842368,-400,26.982,-1.96432371561,-175.602656588,-136.909421184,-38.693235404,-423.093203443,247.490546855,1.50245964675e-07
3.048e-06,-192.701469637,-400,26.988,-1.29321588692,-128.040675291,-96.3507348185,-31.6899404725,-390.356508464,262.315833173,1.48608571764e-07
3.049e-06,-99.4759548619,-400,26.994,-0.540912114474,-72.4303491382,-49.737977431,-22.6923717073,-353.202278083,280.771928945,1.47686655281e-07
3.05e-06,4.16605913972e-09,-400,27,0.245313413482,-12.2656706699,2.08302929365e-09,-12.265670672,-313.965290028,301.699619358,1.47538078597e-07
3.051e-06,99.47595487,-400,27.006,1.01605968482,48.6729706292,49.737977435,-1.06500680578,-275.110960051,323.78393068,1.48172111416e-07
3.052e-06,192.701469644,-400,27.012,1.7229028737,106.556325959,96.3507348222,10.2055911372,-239.080430345,345.636756304,1.4954885194e-07
3.053e-06,273.818842375,-400,27.018,2.32143866381,157.746909184,136.909421187,20.8374879968,-208.137197575,365.884106759,1.5158173847e-07
3.054e-06,337.731170203,-400,27.024,2.77407174458,199.027582974,168.865585102,30.1619978724,-184.224916587,383.252499561,1.54142992368e-07
3.055e-06,380.422606519,-400,27.03,3.05237724336,227.803744351,190.21130326,37.5924410916,-168.845312773,396.649057124,1.57071650118e-07
3.056e-06,399.210691372,-400,27.036,3.13888576746,242.266402999,199.605345686,42.6610573128,-162.963871824,405.230274822,1.60183679607e-07
3.057e-06,392.914900291,-400,27.042,3.0281799581,241.505902385,196.457450145,45.0484522402,-166.949229684,408.45513207,1.63283544821e-07
3.058e-06,361.930820985,-400,27.048,2.72723372559,225.569134705,180.965410492,44.6037242127,-180.550067597,406.119202302,1.66176492246e-07
3.059e-06,308.205297108,-400,27.054,2.25497292302,195.456650956,154.102648554,41.3540024025,-202.91096038,398.367611336,1.68680786938e-07
3.06e-06,235.114100914,-400,27.06,1.64108513406,153.059844211,117.557050457,35.5027937539,-232.626178541,385.686022752,1.70639129512e-07
3.061e-06,147.24982107,-400,27.066,0.924153424839,101.042149828,73.6249105349,27.417239293,-267.82806036,368.870210188,1.71928536796e-07
3.062e-06,50.1332934215,-400,27.072,0.149231377888,42.6717245271,25.0666467107,17.6050778163,-306.304398351,348.976122879,1.72468065508e-07
3.063e-06,-50.13329343,-400,27.078,-0.634988181758,-18.3838843421,-25.066646715,6.68276237291,-345.637462142,327.2535778,1.72223893893e-07
3.064e-06,-147.249821078,-400,27.084,-1.37923284424,-78.2881788659,-73.6249105389,-4.66326832701,-383.355921072,305.067742206,1.7121144228e-07
3.065e-06,-235.11410092,-400,27.09,-2.03674640009,-133.276780916,-117.55705046,-15.7197304559,-417.090120191,283.813339275,1.69494399627e-07
3.066e-06,-308.205297113,-400,27.096,-2.56622624487,-179.893984869,-154.102648557,-25.7913363129,-444.720953503,264.826968633,1.67180717482e-07
3.067e-06,-361.930820988,-400,27.102,-2.93441786428,-215.209927774,-180.965410494,-34.2445172799,-464.512981535,249.303053761,1.64415823359e-07
3.068e-06,-392.914900292,-400,27.108,-3.11820342322,-237.004729131,-196.457450146,-40.547278985,-475.223431076,238.218701945,1.61373480171e-07
3.069e-06,-399.210691371,-400,27.114,-3.10605328266,-243.908027238,-199.605345686,-44.3026815527,-476.180231013,232.272203775,1.5824486624e-07
3.07e-06,-380.422606517,-400,27.12,-2.89874930686,-235.485141174,-190.211303258,-45.2738379155,-467.324184269,231.839043095,1.55226562148e-07
3.071e-06,-337.731170198,-400,27.126,-2.50933458469,-212.264440964,-168.865585099,-43.3988558645,-449.212629592,236.948188628,1.52508199286e-07
3.072e-06,-273.818842368,-400,27.132,-1.96229279658,-175.704202539,-136.909421184,-38.7947813552,-422.98436674,247.2801642,1.50260546179e-07
3.073e-06,-192.701469637,-400,27.138,-1.29200885874,-128.1010267,-96.3507348184,-31.7502918817,-390.288052408,262.187025708,1.48624781058e-07
3.074e-06,-99.4759548617,-400,27.144,-0.540607628244,-72.4455734495,-49.7379774309,-22.7075960186,-353.178569127,280.732995678,1.4770362457e-07
3.075e-06,4.37320846577e-09,-400,27.15,0.244693481055,-12.2346740484,2.18660409274e-09,-12.2346740506,-313.98788117,301.753207121,1.47554889555e-07
3.076e-06,99.4759548702,-400,27.156,1.01455159403,48.7483751686,49.7379774351,-0.98960226652,-275.178493823,323.926868991,1.48187852952e-07
3.077e-06,192.701469645,-400,27.162,1.72059873181,106.671533054,96.3507348223,10.320798232,-239.188724668,345.860257722,1.49562677484e-07
3.078e-06,273.818842375,-400,27.168,2.31848062686,157.894811032,136.909421187,20.9853898443,-208.279509053,366.174320085,1.51592919207e-07
3.079e-06,337.731170203,-400,27.174,2.77064307615,199.199016396,168.865585102,30.3334312942,-184.392364665,383.591381061,1.54150963055e-07
3.08e-06,380.422606519,-400,27.18,3.04869079238,227.988066901,190.21130326,37.7767636408,-169.027438072,397.015504973,1.57076044618e-07
3.081e-06,399.210691372,-400,27.186,3.1351705896,242.452161891,199.605345686,42.8468162056,-163.149293567,405.601455459,1.60184353905e-07
3.082e-06,392.914900291,-400,27.192,3.02466692151,241.681554215,196.457450145,45.2241040697,-167.126360882,408.807915098,1.63280586084e-07
3.083e-06,361.930820984,-400,27.198,2.72414100544,225.723770713,180.965410492,44.7583602203,-180.707843053,406.431613766,1.6617021335e-07
3.084e-06,308.205297107,-400,27.204,2.25249229627,195.580682294,154.102648554,41.4780337401,-203.039531776,398.62021407,1.68671706821e-07
3.085e-06,235.114100913,-400,27.21,1.63936993522,153.145604152,117.557050457,35.5885536955,-232.717532948,385.8631371,1.70627940581e-07
3.086e-06,147.24982107,-400,27.216,0.923308919175,101.084375111,73.6249105349,27.4594645761,-267.87652332,368.960898431,1.71916061443e-07
3.087e-06,50.1332934213,-400,27.222,0.149308156278,42.6678856074,25.0666467106,17.6012388967,-306.306989953,348.974875561,1.72455204465e-07
3.088e-06,-50.1332934302,-400,27.228,-0.633997371769,-18.4334248417,-25.0666467151,6.63322187338,-345.594083751,327.16065891,1.72211569674e-07
3.089e-06,-147.249821078,-400,27.234,-1.37739263285,-78.3801894357,-73.624910539,-4.75527889665,-383.269361008,304.889171573,1.71200541268e-07
3.09e-06,-235.114100921,-400,27.24,-2.034174725,-133.405364671,-117.55705046,-15.8483142104,-416.965878032,283.560513362,1.69485716435e-07
3.091e-06,-308.205297113,-400,27.246,-2.56308693282,-180.050950472,-154.102648557,-25.9483019156,-444.566894093,264.515943621,1.67174905096e-07
3.092e-06,-361.930820988,-400,27.252,-2.93091033098,-215.385304439,-180.965410494,-34.4198939452,-464.338840459,248.95353602,1.6441335218e-07
3.093e-06,-392.914900292,-400,27.258,-3.11455013938,-237.187393323,-196.457450146,-40.7299431772,-475.0402027,237.852809377,1.61374608538e-07
3.094e-06,-399.210691371,-400,27.264,-3.10248579394,-244.086401674,-199.605345685,-44.4810559884,-475.999477555,231.913075881,1.58249624284e-07
3.095e-06,-380.422606517,-400,27.27,-2.89549368632,-235.647922201,-190.211303258,-45.4366189424,-467.157309328,231.509387127,1.55234749976e-07
3.096e-06,-337.731170198,-400,27.276,-2.50659723171,-212.401308613,-168.865585099,-43.5357235138,-449.070161773,236.66885316,1.52519399626e-07
3.097e-06,-273.818842368,-400,27.282,-1.96024747444,-175.806468646,-136.909421184,-38.8970474621,-422.875298387,247.068829741,1.50274150669e-07
3.098e-06,-192.701469637,-400,27.288,-1.29078578498,-128.162180388,-96.3507348184,-31.8114455694,-390.219274977,262.057094589,1.48640028545e-07
3.099e-06,-99.4759548615,-400,27.294,-0.540285302739,-72.4616897246,-49.7379774308,-22.7237122938,-353.154440644,280.692750919,1.47719648986e-07
3.1e-06,4.53488305673e-09,-400,27.3,0.24409319739,-12.204659865,2.26744152428e-09,-12.2046598672,-314.009952935,301.80529307,1.47570774391e-07
3.101e-06,99.4759548704,-400,27.306,1.0130648413,48.8227128051,49.7379774352,-0.915264630061,-275.245413498,324.068126303,1.48202688873e-07
3.102e-06,192.701469645,-400,27.312,1.71831736912,106.785601188,96.3507348223,10.4348663661,-239.296321794,346.081922983,1.49575619499e-07
3.103e-06,273.818842375,-400,27.318,2.31554645025,158.041519862,136.909421187,21.1320986747,-208.421057603,366.462577465,1.51603239769e-07
3.104e-06,337.731170203,-400,27.324,2.76723890033,199.369225187,168.865585102,30.503640085,-184.559006092,383.928231279,1.54158097783e-07
3.105e-06,380.422606519,-400,27.33,3.04502895725,228.171158657,190.21130326,37.9598553971,-169.208738259,397.379896916,1.57079627757e-07
3.106e-06,399.210691372,-400,27.336,3.13147961402,242.636710671,199.605345686,43.0313649849,-163.333898651,405.970609322,1.60184241296e-07
3.107e-06,392.914900291,-400,27.342,3.02117714311,241.856043135,196.457450145,45.3985929897,-167.302710738,409.158753873,1.63276864213e-07
3.108e-06,361.930820984,-400,27.348,2.72107010896,225.877315536,180.965410492,44.9119050441,-180.864897602,406.742213138,1.66163193899e-07
3.109e-06,308.205297107,-400,27.354,2.25003163947,195.703715134,154.102648554,41.6010665801,-203.167464488,398.871179621,1.68661907078e-07
3.11e-06,235.114100913,-400,27.36,1.63767253133,153.230474347,117.557050457,35.6734238901,-232.808347969,386.038822316,1.70616050929e-07
3.111e-06,147.24982107,-400,27.366,0.922479830591,101.12582954,73.6249105348,27.5009190053,-267.924557477,369.050387017,1.71902901987e-07
3.112e-06,50.1332934211,-400,27.372,0.149397902547,42.6633982938,25.0666467106,17.5967515832,-306.309268117,348.972666411,1.72441673511e-07
3.113e-06,-50.1332934303,-400,27.378,-0.632995978136,-18.4834945235,-25.0666467152,6.58315219166,-345.550505252,327.067010729,1.72198587309e-07
3.114e-06,-147.249821078,-400,27.384,-1.37554402455,-78.4726198507,-73.6249105391,-4.84770931162,-383.182705438,304.710085588,1.71188991578e-07
3.115e-06,-235.114100921,-400,27.39,-2.03159652182,-133.53427483,-117.55705046,-15.9772243695,-416.841630092,283.307355262,1.69476391997e-07
3.116e-06,-308.205297113,-400,27.396,-2.55994254281,-180.208169973,-154.102648557,-26.105521416,-444.412898526,264.204728554,1.67168457228e-07
3.117e-06,-361.930820988,-400,27.402,-2.92739867643,-215.560887167,-180.965410494,-34.5954766726,-464.164808784,248.603921618,1.64410250075e-07
3.118e-06,-392.914900292,-400,27.408,-3.11089315353,-237.370242616,-196.457450146,-40.9127924694,-474.857102754,237.486860138,1.61375109845e-07
3.119e-06,-399.210691371,-400,27.414,-3.09891447441,-244.264967651,-199.605345685,-44.6596219651,-475.818844226,231.553876576,1.58253758989e-07
3.12e-06,-380.422606517,-400,27.42,-2.89223358162,-235.810927436,-190.211303258,-45.5996241773,-466.99051979,231.179592355,1.55242318581e-07
3.121e-06,-337.731170198,-400,27.426,-2.50385427289,-212.538456554,-168.865585099,-43.6728714547,-448.927720769,236.389264215,1.52529985752e-07
3.122e-06,-273.818842368,-400,27.432,-1.95819504175,-175.909090281,-136.909421184,-38.9996690967,-422.766178449,246.857088168,1.50287147277e-07
3.123e-06,-192.701469637,-400,27.438,-1.28955382195,-128.223778539,-96.3507348183,-31.8730437209,-390.150353032,261.926574493,1.4865467613e-07
3.124e-06,-99.4759548613,-400,27.444,-0.53995216118,-72.4783468024,-49.7379774307,-22.7403693717,-353.130066385,280.651719583,1.47735083347e-07
3.125e-06,4.73913241658e-09,-400,27.45,0.243505669687,-12.1752834796,2.36956634026e-09,-12.175283482,-314.031676035,301.856392555,1.47586080961e-07
3.126e-06,99.4759548705,-400,27.456,1.01159266213,48.896321764,49.7379774353,-0.841655671292,-275.311886788,324.208208552,1.4821696021e-07
3.127e-06,192.701469645,-400,27.462,1.71605214782,106.898862254,96.3507348224,10.5481274315,-239.403386453,346.302248707,1.49588012312e-07
3.128e-06,273.818842375,-400,27.468,2.3126296216,158.187361295,136.909421187,21.2779401075,-208.562004966,366.749366261,1.51613027908e-07
3.129e-06,337.731170203,-400,27.474,2.76385282932,199.538528737,168.865585102,30.6729436358,-184.724999606,384.263528344,1.54164717856e-07
3.13e-06,380.422606519,-400,27.48,3.04138547409,228.353332815,190.21130326,38.1420295553,-169.389369039,397.742701854,1.57082714513e-07
3.131e-06,399.210691372,-400,27.486,3.12780670018,242.820356363,199.605345686,43.2150106767,-163.517839712,406.338196075,1.60183650557e-07
3.132e-06,392.914900291,-400,27.492,3.01770460521,242.02967003,196.457450145,45.5722198848,-167.478428787,409.508098817,1.63272681905e-07
3.133e-06,361.930820984,-400,27.498,2.71801514061,226.030063954,180.965410492,45.0646534615,-181.021377652,407.051441606,1.66155730635e-07
3.134e-06,308.205297107,-400,27.504,2.2475851783,195.826038192,154.102648554,41.7233896386,-203.294901778,399.120939971,1.68651678613e-07
3.135e-06,235.114100913,-400,27.51,1.63598726804,153.314737511,117.557050457,35.7576870547,-232.898763725,386.213501236,1.70603745746e-07
3.136e-06,147.249821069,-400,27.516,0.921660623093,101.166789915,73.6249105347,27.54187938,-267.972299834,369.139089749,1.71889338022e-07
3.137e-06,50.1332934209,-400,27.522,0.149495196992,42.6585335713,25.0666467105,17.5918868609,-306.311366768,348.96990034,1.72427746764e-07
3.138e-06,-50.1332934305,-400,27.528,-0.631989306768,-18.5338280921,-25.0666467153,6.53281862316,-345.506857562,326.97302947,1.72185215553e-07
3.139e-06,-147.249821078,-400,27.534,-1.37369221437,-78.5652103599,-73.6249105392,-4.94029982069,-383.096082361,304.530872001,1.71177056716e-07
3.14e-06,-235.114100921,-400,27.54,-2.02901687796,-133.663257023,-117.55705046,-16.1062065625,-416.717501559,283.054244536,1.69466684678e-07
3.141e-06,-308.205297113,-400,27.546,-2.55679805822,-180.365394203,-154.102648557,-26.2627456459,-444.259089307,263.893695104,1.67161627208e-07
3.142e-06,-361.930820988,-400,27.552,-2.92388778372,-215.736431803,-180.965410494,-34.7710213084,-463.991006466,248.254574663,1.6440676544e-07
3.143e-06,-392.914900292,-400,27.558,-3.1072372523,-237.553037677,-196.457450146,-41.0955875311,-474.674248788,237.12121111,1.61375227655e-07
3.144e-06,-399.210691371,-400,27.564,-3.095344018,-244.443490471,-199.605345685,-44.8381447853,-475.638446312,231.194955841,1.58257509177e-07
3.145e-06,-380.422606517,-400,27.57,-2.88897359769,-235.973926632,-190.211303258,-45.7626233739,-466.823928816,230.850002184,1.55249502136e-07
3.146e-06,-337.731170198,-400,27.576,-2.5011102275,-212.675658823,-168.865585099,-43.8100737239,-448.785417738,236.109758915,1.52540187274e-07
3.147e-06,-273.818842368,-400,27.582,-1.95613993512,-176.011845612,-136.909421184,-39.1024244279,-422.657116189,246.645270577,1.50299761134e-07
3.148e-06,-192.701469636,-400,27.588,-1.28831732619,-128.285603327,-96.3507348182,-31.9348685089,-390.081394034,261.795790707,1.48668944551e-07
3.149e-06,-99.4759548611,-400,27.594,-0.53961248211,-72.4953307557,-49.7379774306,-22.7573533251,-353.105552069,280.610221314,1.47750144072e-07
3.15e-06,4.94628174259e-09,-400,27.6,0.242926695839,-12.146334787,2.47314113932e-09,-12.1463347895,-314.053154485,301.906819698,1.47601021446e-07
3.151e-06,99.4759548707,-400,27.606,1.01013092978,48.9694083817,49.7379774354,-0.768569053634,-275.378016022,324.347424404,1.48230874978e-07
3.152e-06,192.701469645,-400,27.612,1.71379901593,107.011518848,96.3507348225,10.660784026,-239.510019279,346.521538127,1.4960005985e-07
3.153e-06,273.818842375,-400,27.618,2.30972616353,158.332534199,136.909421188,21.4231130112,-208.702450056,367.034984255,1.51622483535e-07
3.154e-06,337.731170203,-400,27.624,2.76048096043,199.707122182,168.865585102,30.84153708,-184.890442357,384.597564538,1.54171019244e-07
3.155e-06,380.42260652,-400,27.63,3.03775651524,228.534780758,190.21130326,38.323477498,-169.569425742,398.1042065,1.57085496992e-07
3.156e-06,399.210691372,-400,27.636,3.12414809588,243.003286577,199.605345686,43.3979408916,-163.701210205,406.704496782,1.60182770002e-07
3.157e-06,392.914900291,-400,27.642,3.01424563141,242.20261872,196.457450145,45.7451685745,-167.653606548,409.856225268,1.63268223762e-07
3.158e-06,361.930820984,-400,27.648,2.71497250006,226.182195981,180.965410492,45.2167854893,-181.177372738,407.359568719,1.66148004519e-07
3.159e-06,308.205297107,-400,27.654,2.24514938846,195.947827684,154.102648554,41.8451791303,-203.421931162,399.369758846,1.68641198829e-07
3.16e-06,235.114100913,-400,27.66,1.63431069673,153.398566076,117.557050456,35.8415156199,-232.98886569,386.387431766,1.70591198947e-07
3.161e-06,147.249821069,-400,27.666,0.920847922999,101.207424919,73.6249105346,27.5825143847,-268.019833824,369.227258743,1.71875540053e-07
3.162e-06,50.1332934207,-400,27.672,0.149596739646,42.6534564384,25.0666467104,17.5868097281,-306.313367322,348.966823761,1.72413591391e-07
3.163e-06,-50.1332934307,-400,27.678,-0.630980585568,-18.5842641523,-25.0666467154,6.48238256305,-345.463220124,326.878955971,1.72171618309e-07
3.164e-06,-147.249821079,-400,27.684,-1.37184036023,-78.657803067,-73.6249105393,-5.03289252768,-383.009569316,304.351766249,1.71164897391e-07
3.165e-06,-235.114100921,-400,27.69,-2.02643888383,-133.79215673,-117.557050461,-16.2351062691,-416.59356816,282.801411431,1.69456752062e-07
3.166e-06,-308.205297114,-400,27.696,-2.55365650469,-180.522471879,-154.102648557,-26.4198233224,-444.105540453,263.583068573,1.67154569564e-07
3.167e-06,-361.930820989,-400,27.702,-2.9203806167,-215.911790153,-180.965410494,-34.9463796591,-463.81750593,247.905715777,1.6440304981e-07
3.168e-06,-392.914900292,-400,27.708,-3.10358534083,-237.735633251,-196.457450146,-41.2781831045,-474.491711759,236.756078508,1.61375110566e-07
3.169e-06,-399.210691371,-400,27.714,-3.0917772742,-244.621827661,-199.605345685,-45.0164819753,-475.458353425,230.836525764,1.58261020571e-07
3.17e-06,-380.422606516,-400,27.72,-2.88571653122,-236.136779955,-190.211303258,-45.9254766971,-466.657604791,230.520824836,1.55256443541e-07
3.171e-06,-337.731170198,-400,27.726,-2.49836784213,-212.812778091,-168.865585099,-43.9471929923,-448.643319945,235.830541854,1.52550144323e-07
3.172e-06,-273.818842368,-400,27.732,-1.95408485332,-176.114599702,-136.909421184,-39.2051785177,-422.548177843,246.433578141,1.50312129647e-07
3.173e-06,-192.701469636,-400,27.738,-1.28707895051,-128.347522111,-96.3507348181,-31.9967872926,-390.012463257,261.664941146,1.48682968538e-07
3.174e-06,-99.475954861,-400,27.744,-0.539268873801,-72.5125111709,-49.7379774305,-22.7745337404,-353.080962059,280.568450888,1.47764963262e-07
3.175e-06,5.10505636738e-09,-400,27.75,0.242353711209,-12.1176855553,2.55252858778e-09,-12.1176855579,-314.07445176,301.956766205,1.47615725359e-07
3.176e-06,99.4759548709,-400,27.756,1.00867712283,49.0420987295,49.7379774354,-0.695878705969,-275.443863785,324.485962515,1.48244560147e-07
3.177e-06,192.701469645,-400,27.762,1.71155549529,107.123694881,96.3507348226,10.7729600581,-239.616281944,346.739976825,1.49611886582e-07
3.178e-06,273.818842375,-400,27.768,2.30683364153,158.477160299,136.909421188,21.5677391112,-208.842453591,367.31961389,1.51631728666e-07
3.179e-06,337.731170204,-400,27.774,2.75712090356,199.875125026,168.865585102,31.0095399239,-185.055394048,384.930519073,1.54177121549e-07
3.18e-06,380.42260652,-400,27.78,3.03413973587,228.715619726,190.21130326,38.5043164662,-169.748966992,398.464586718,1.57088092428e-07
3.181e-06,399.210691372,-400,27.786,3.12050150259,243.185616242,199.605345686,43.5802705562,-163.884067598,407.06968384,1.60181714545e-07
3.182e-06,392.91490029,-400,27.792,3.01079797043,242.375001769,196.457450145,45.9175516236,-167.828300268,410.203302037,1.63263602421e-07
3.183e-06,361.930820984,-400,27.798,2.71193998403,226.333821783,180.965410492,45.3684112907,-181.332937818,407.6667596,1.66140125962e-07
3.184e-06,308.205297107,-400,27.804,2.24272211526,196.069191344,154.102648553,41.9665427905,-203.548606259,399.617797603,1.68630575955e-07
3.185e-06,235.114100913,-400,27.81,1.63264071145,153.48206534,117.557050456,35.9250148837,-233.078706111,386.560771451,1.70578516633e-07
3.186e-06,147.249821069,-400,27.816,0.920039672848,101.247837427,73.6249105345,27.6229268921,-268.067210309,369.315047735,1.71861612098e-07
3.187e-06,50.1332934206,-400,27.822,0.149700520874,42.6482673768,25.0666467103,17.5816206666,-306.315319268,348.963586645,1.72399309377e-07
3.188e-06,-50.1332934309,-400,27.828,-0.629971777493,-18.6347045562,-25.0666467154,6.43194215921,-345.419641086,326.78493653,1.72157895577e-07
3.189e-06,-147.249821079,-400,27.834,-1.36999038,-78.750302079,-73.6249105394,-5.1253915396,-382.923213168,304.172911089,1.71152611663e-07
3.19e-06,-235.114100921,-400,27.84,-2.02386441415,-133.920880214,-117.557050461,-16.3638297529,-416.469875551,282.548995337,1.69446690314e-07
3.191e-06,-308.205297114,-400,27.846,-2.55051971609,-180.679311309,-154.102648557,-26.5766627521,-443.952296503,263.272985194,1.67147378604e-07
3.192e-06,-361.930820989,-400,27.852,-2.9168789709,-216.086872444,-180.965410494,-35.1214619492,-463.644350705,247.557478262,1.6439919568e-07
3.193e-06,-392.914900292,-400,27.858,-3.09993917887,-237.917941349,-196.457450146,-41.4604912026,-474.309534296,236.391592947,1.61374849296e-07
3.194e-06,-399.210691371,-400,27.864,-3.08821596957,-244.799892893,-199.605345685,-45.1945472071,-475.278607406,230.478714513,1.58264382145e-07
3.195e-06,-380.422606516,-400,27.87,-2.88246407805,-236.299402614,-190.211303258,-46.0880993557,-466.491588874,230.19218626,1.55263230058e-07
3.196e-06,-337.731170198,-400,27.876,-2.49562878408,-212.949730994,-168.865585099,-44.084145895,-448.501467965,235.551736971,1.52559942478e-07
3.197e-06,-273.818842368,-400,27.882,-1.952031437,-176.217270518,-136.909421184,-39.3078493339,-422.439403478,246.22213296,1.50324336743e-07
3.198e-06,-192.701469636,-400,27.888,-1.28584031036,-128.409454118,-96.350734818,-32.0587193,-389.943600323,261.534146205,1.4869683039e-07
3.199e-06,-99.4759548608,-400,27.894,-0.538922927492,-72.5298084862,-49.7379774304,-22.7918310558,-353.056335569,280.526527083,1.47779621611e-07
3.2e-06,5.31220569343e-09,-400,27.9,0.241785148255,-12.0892574075,2.65610249868e-09,-12.0892574101,-314.095606679,302.006349271,1.47630271817e-07
3.201e-06,99.4759548711,-400,27.906,1.00722969741,49.1144700008,49.7379774355,-0.623507434719,-275.509468491,324.623938492,1.48258093278e-07
3.202e-06,192.701469645,-400,27.912,1.7093200661,107.23546634,96.3507348227,10.8847315174,-239.722212425,346.957678765,1.4962356854e-07
3.203e-06,273.818842375,-400,27.918,2.30395056068,158.621314341,136.909421188,21.7118931534,-208.982053055,367.603367396,1.51640837821e-07
3.204e-06,337.731170204,-400,27.924,2.75377118972,200.042610717,168.865585102,31.1770256156,-185.219891608,385.262502325,1.54183097812e-07
3.205e-06,380.42260652,-400,27.93,3.03053369425,228.895921807,190.21130326,38.6846185473,-169.928029085,398.823950892,1.57090572406e-07
3.206e-06,399.210691372,-400,27.936,3.11686550712,243.367416016,199.605345686,43.76207033,-164.066447474,407.433863489,1.60180554341e-07
3.207e-06,392.91490029,-400,27.942,3.00736023892,242.546888344,196.457450145,46.0894381992,-168.002544733,410.549433078,1.63258886641e-07
3.208e-06,361.930820984,-400,27.948,2.70891624015,226.485008976,180.965410492,45.5195984843,-181.488106815,407.973115791,1.66132162355e-07
3.209e-06,308.205297107,-400,27.954,2.24030203815,196.1901952,154.102648553,42.0875466462,-203.674960069,399.865155269,1.68619876047e-07
3.21e-06,235.114100913,-400,27.96,1.630976024,153.565299713,117.557050456,36.0082492565,-233.168317024,386.733616737,1.70565763553e-07
3.211e-06,147.249821069,-400,27.966,0.919234616859,101.288090226,73.6249105344,27.6631796915,-268.114460339,369.402550565,1.71847617635e-07
3.212e-06,50.1332934203,-400,27.972,0.149805316947,42.643027573,25.0666467102,17.5763808628,-306.317252673,348.960280246,1.7238496296e-07
3.213e-06,-50.1332934311,-400,27.978,-0.628964075051,-18.6850896785,-25.0666467155,6.38155703702,-345.376149559,326.691059881,1.72144108386e-07
3.214e-06,-147.249821079,-400,27.984,-1.36814343622,-78.842649268,-73.6249105394,-5.21773872856,-382.837042118,303.99439285,1.71140259385e-07
3.215e-06,-235.114100921,-400,27.99,-2.02129460321,-134.049370761,-117.557050461,-16.4923203004,-416.346451092,282.297080331,1.69436558137e-07
3.216e-06,-308.205297114,-400,27.996,-2.5473888004,-180.835857094,-154.102648557,-26.7332085368,-443.799384064,262.96352697,1.67140111913e-07
3.217e-06,-361.930820989,-400,28.002,-2.91338393016,-216.261624481,-180.965410494,-35.2962139862,-463.47156674,247.20994226,1.64395259536e-07
3.218e-06,-392.914900292,-400,28.008,-3.09629982847,-238.099908869,-196.457450146,-41.6424587229,-474.127741793,236.027832924,1.6137449926e-07
3.219e-06,-399.210691371,-400,28.014,-3.08466114664,-244.977634039,-199.605345685,-45.3722883535,-475.099233201,230.121599162,1.58267648262e-07
3.22e-06,-380.422606516,-400,28.02,-2.87921726338,-236.461743347,-190.211303258,-46.2504400891,-466.325905661,229.864162313,1.55269915017e-07
3.221e-06,-337.731170198,-400,28.026,-2.49289406315,-213.08646704,-168.865585099,-44.2208819413,-448.359886131,235.273419091,1.52569634053e-07
3.222e-06,-273.818842367,-400,28.032,-1.94998068217,-176.319808259,-136.909421184,-39.4103870753,-422.330817242,246.011008983,1.50336433733e-07
3.223e-06,-192.701469636,-400,28.038,-1.28460238918,-128.471350177,-96.3507348179,-32.120615359,-389.874829245,261.403479068,1.48710580428e-07
3.224e-06,-99.4759548606,-400,28.044,-0.538575614781,-72.5471741215,-49.7379774303,-22.8091966912,-353.031696507,280.484522386,1.47794168463e-07
3.225e-06,5.51645505324e-09,-400,28.05,0.241220046961,-12.0610023425,2.75822731465e-09,-12.0610023453,-314.116643054,302.055640711,1.47644709197e-07
3.226e-06,99.4759548713,-400,28.056,1.00578770528,49.1865696074,49.7379774356,-0.551407828252,-275.574853839,324.761423447,1.48271521794e-07
3.227e-06,192.701469646,-400,28.062,1.70709179257,107.346880017,96.3507348228,10.9961451942,-239.82783427,347.174714287,1.49635152202e-07
3.228e-06,273.818842375,-400,28.068,2.30107599863,158.765042444,136.909421188,21.8556212561,-209.121271792,367.886314236,1.51649856553e-07
3.229e-06,337.731170204,-400,28.074,2.75043091131,200.209624638,168.865585102,31.3440395366,-185.383958101,385.593582739,1.54188992668e-07
3.23e-06,380.42260652,-400,28.08,3.02693749896,229.075731572,190.21130326,38.8644283118,-170.106634721,399.182366293,1.57092980661e-07
3.231e-06,399.210691372,-400,28.086,3.1132392358,243.548729581,199.605345686,43.9433838956,-164.248372087,407.797101668,1.60179332246e-07
3.232e-06,392.91490029,-400,28.092,3.00393158248,242.718321166,196.457450145,46.2608710213,-168.176361671,410.894682837,1.63254118411e-07
3.233e-06,361.930820984,-400,28.098,2.70590043462,226.635799253,180.965410492,45.6703887608,-181.642900847,408.2787001,1.66124154844e-07
3.234e-06,308.205297107,-400,28.104,2.23788834495,196.310879859,154.102648553,42.2082313061,-203.80101304,400.111892899,1.68609139426e-07
3.235e-06,235.114100912,-400,28.11,1.62931584452,153.648308686,117.557050456,36.0912582301,-233.25771816,386.906026846,1.70552979228e-07
3.236e-06,147.249821069,-400,28.116,0.918431987811,101.328221678,73.6249105343,27.7033111438,-268.161602906,369.489824584,1.71833595407e-07
3.237e-06,50.1332934202,-400,28.122,0.149910383085,42.6377742659,25.0666467101,17.5711275559,-306.319185782,348.956960048,1.72370590127e-07
3.238e-06,-50.1332934313,-400,28.128,-0.627958201222,-18.7353833702,-25.0666467156,6.33126334547,-345.332763066,326.597379696,1.7213029399e-07
3.239e-06,-147.249821079,-400,28.134,-1.36630023116,-78.9348095209,-73.6249105395,-5.30989898138,-382.75107301,303.816263489,1.71127877096e-07
3.24e-06,-235.114100922,-400,28.14,-2.01873013401,-134.177594221,-117.557050461,-16.6205437603,-416.22331101,282.045716789,1.6942639138e-07
3.241e-06,-308.205297114,-400,28.146,-2.54426442319,-180.992075954,-154.102648557,-26.8894273976,-443.646818827,262.654742873,1.67132804664e-07
3.242e-06,-361.930820989,-400,28.152,-2.90989614463,-216.436013757,-180.965410494,-35.4706032628,-463.299169284,246.863155527,1.64391275895e-07
3.243e-06,-392.914900292,-400,28.158,-3.09266792645,-238.28150397,-196.457450146,-41.8240538235,-473.946349158,235.664845188,1.6137409433e-07
3.244e-06,-399.210691371,-400,28.164,-3.08111343107,-245.155019817,-199.605345685,-45.5496741318,-474.920245472,229.765225655,1.58270852164e-07
3.245e-06,-380.422606516,-400,28.17,-2.87597670369,-236.623771332,-190.211303258,-46.4124680736,-466.160569665,229.536798334,1.55276531038e-07
3.246e-06,-337.731170198,-400,28.176,-2.49016428842,-213.222955777,-168.865585099,-44.3573706777,-448.218588894,234.995633118,1.52579251054e-07
3.247e-06,-273.818842367,-400,28.182,-1.94793319194,-176.42218277,-136.909421184,-39.5127615866,-422.222433589,245.800250818,1.50348452017e-07
3.248e-06,-192.701469636,-400,28.188,-1.28336578515,-128.533180378,-96.3507348178,-32.1824455605,-389.806164531,261.272984153,1.48724249452e-07
3.249e-06,-99.4759548604,-400,28.194,-0.538227529518,-72.5645783845,-49.7379774302,-22.8266009543,-353.007059464,280.44248108,1.47808634023e-07
3.25e-06,5.67812964424e-09,-400,28.2,0.240657817686,-12.0328908786,2.83906474621e-09,-12.0328908814,-314.13757556,302.104684681,1.47659067111e-07
3.251e-06,99.4759548714,-400,28.206,1.00435056137,49.258426803,49.7379774357,-0.479550632748,-275.640034571,324.898461374,1.4828487472e-07
3.252e-06,192.701469646,-400,28.212,1.70487009495,107.457964898,96.3507348228,11.1072300753,-239.933162246,347.391127144,1.49646666013e-07
3.253e-06,273.818842376,-400,28.218,2.29820938212,158.90837327,136.909421188,21.9989520818,-209.26012453,368.1684978,1.51658812728e-07
3.254e-06,337.731170204,-400,28.224,2.74709950296,200.376195056,168.865585102,31.5106099538,-185.547608145,385.9238032,1.54194833414e-07
3.255e-06,380.42260652,-400,28.23,3.02335059418,229.255076811,190.21130326,39.043773551,-170.284798325,399.539875136,1.57095343931e-07
3.256e-06,399.210691372,-400,28.236,3.10962214402,243.729584171,199.605345686,44.124238485,-164.429855577,408.159439748,1.60178074445e-07
3.257e-06,392.91490029,-400,28.242,3.00051146927,242.889326827,196.457450145,46.4318766817,-168.349764847,411.239091674,1.63249323379e-07
3.258e-06,361.930820984,-400,28.248,2.70289204984,226.786218492,180.965410492,45.820808,-181.797333233,408.583551725,1.6611612855e-07
3.259e-06,308.205297107,-400,28.254,2.23548053348,196.431270432,154.102648553,42.3286218792,-203.926777973,400.358048405,1.68598390706e-07
3.26e-06,235.114100912,-400,28.26,1.62765968709,153.731116558,117.557050456,36.1740661016,-233.346921756,387.078038314,1.70540187778e-07
3.261e-06,147.249821068,-400,28.266,0.917631316397,101.368255249,73.6249105342,27.7433447144,-268.208649652,369.576904901,1.71819569056e-07
3.262e-06,50.13329342,-400,28.272,0.150015266553,42.6325300923,25.06664671,17.5658833824,-306.321129643,348.953659735,1.72356214059e-07
3.263e-06,-50.1332934315,-400,28.278,-0.626954592691,-18.7855637969,-25.0666467157,6.28108291881,-345.289492073,326.503928276,1.72116475124e-07
3.264e-06,-147.249821079,-400,28.284,-1.36446118643,-79.0267617575,-73.6249105396,-5.40185121791,-382.665315769,303.638554012,1.71115487105e-07
3.265e-06,-235.114100922,-400,28.29,-2.01617141444,-134.305530199,-117.557050461,-16.7484797386,-416.100464755,281.794934555,1.69416211935e-07
3.266e-06,-308.205297114,-400,28.296,-2.54114698029,-181.1479481,-154.102648557,-27.0452995427,-443.494609841,262.346661741,1.67125478348e-07
3.267e-06,-361.930820989,-400,28.302,-2.906416,-216.610020989,-180.965410494,-35.6446104943,-463.127167071,246.517146083,1.64387265857e-07
3.268e-06,-392.914900293,-400,28.308,-3.0890438504,-238.462707772,-196.457450146,-42.0052576262,-473.765364907,235.302657135,1.61373655226e-07
3.269e-06,-399.210691371,-400,28.314,-3.07757319432,-245.332031655,-199.605345685,-45.7266859695,-474.741652619,229.409620964,1.58274014194e-07
3.27e-06,-380.422606516,-400,28.32,-2.87274276621,-236.785468206,-190.211303258,-46.5741649476,-465.995589262,229.210121056,1.55283098098e-07
3.271e-06,-337.731170198,-400,28.326,-2.48743982456,-213.359178969,-168.865585099,-44.4935938706,-448.077584682,234.718405713,1.52588813092e-07
3.272e-06,-273.818842367,-400,28.332,-1.94588932978,-176.524375878,-136.909421184,-39.6149546947,-422.114261069,245.58988519,1.50360410841e-07
3.273e-06,-192.701469636,-400,28.338,-1.28213086146,-128.594926562,-96.3507348178,-32.2441917445,-389.737614901,261.142688338,1.48737856345e-07
3.274e-06,-99.4759548602,-400,28.344,-0.537879035135,-72.5820031035,-49.7379774301,-22.8440256733,-352.982433352,280.400430248,1.4782303681e-07
3.275e-06,5.88527897029e-09,-400,28.35,0.240098096738,-12.004904831,2.94263954529e-09,-12.004904834,-314.158413305,302.153508474,1.47673363716e-07
3.276e-06,99.4759548716,-400,28.356,1.00291790216,49.3300597637,49.7379774358,-0.407917672095,-275.705019968,325.035079731,1.48298169849e-07
3.277e-06,192.701469646,-400,28.362,1.70265461075,107.568739108,96.3507348229,11.2180042852,-240.038205762,347.60694487,1.496581274e-07
3.278e-06,273.818842376,-400,28.368,2.29535035091,159.05132483,136.909421188,22.1419036422,-209.398620748,368.449945579,1.51667723412e-07
3.279e-06,337.731170204,-400,28.374,2.74377660822,200.542339793,168.865585102,31.6767546911,-185.710851209,386.253191002,1.5420063676e-07
3.28e-06,380.42260652,-400,28.38,3.01977262886,229.433975077,190.21130326,39.222671817,-170.462529272,399.896504349,1.57097678571e-07
3.281e-06,399.210691372,-400,28.386,3.10601388789,243.909996977,199.605345686,44.3046512914,-164.610907133,408.520904111,1.60176796945e-07
3.282e-06,392.91490029,-400,28.392,2.99709956428,243.059922076,196.457450145,46.602471931,-168.522763179,411.582685255,1.63244517213e-07
3.283e-06,361.930820984,-400,28.398,2.69989076116,226.936282926,180.965410492,45.9708724338,-181.951412535,408.887695461,1.66108098813e-07
3.284e-06,308.205297107,-400,28.404,2.23307829074,196.55138257,154.102648553,42.4487340163,-204.052263011,400.60364558,1.68587644905e-07
3.285e-06,235.114100912,-400,28.41,1.62600725119,153.813738353,117.557050456,36.2566878967,-233.435935483,387.249673836,1.70527403915e-07
3.286e-06,147.249821068,-400,28.416,0.916832315075,101.408205315,73.6249105341,27.7832947804,-268.255607747,369.663813062,1.71805552998e-07
3.287e-06,50.1332934198,-400,28.422,0.150119692795,42.62730878,25.0666467099,17.5606620701,-306.323090914,348.950399694,1.72341848893e-07
3.288e-06,-50.1332934317,-400,28.428,-0.625953511482,-18.8356178576,-25.0666467158,6.23102885828,-345.246342746,326.410724888,1.72102665656e-07
3.289e-06,-147.249821079,-400,28.434,-1.36262655242,-79.1184934585,-73.6249105397,-5.49358291878,-382.57977611,303.461282652,1.71103103022e-07
3.29e-06,-235.114100922,-400,28.44,-2.01361868455,-134.433166695,-117.557050461,-16.8761162336,-415.977917643,281.544750949,1.69406033169e-07
3.291e-06,-308.205297114,-400,28.446,-2.53803670299,-181.303461965,-154.102648557,-27.2008134076,-443.342762102,262.039300137,1.67118146095e-07
3.292e-06,-361.930820989,-400,28.452,-2.90294372064,-216.783634957,-180.965410494,-35.8182244622,-462.955564869,246.171929912,1.64383242326e-07
3.293e-06,-392.914900293,-400,28.458,-3.08542781971,-238.643509307,-196.457450146,-42.186059161,-473.584793671,234.941284364,1.61373194628e-07
3.294e-06,-399.210691371,-400,28.464,-3.07404065275,-245.508658733,-199.605345685,-45.903313048,-474.563459229,229.054800495,1.58277146818e-07
3.295e-06,-380.422606516,-400,28.47,-2.8695156661,-236.946823211,-190.211303258,-46.7355199531,-465.830969083,228.884145872,1.55289628443e-07
3.296e-06,-337.731170198,-400,28.476,-2.48472088714,-213.495125841,-168.865585099,-44.629540742,-447.936878257,234.441752416,1.52598332199e-07
3.297e-06,-273.818842367,-400,28.482,-1.94384931291,-176.626376721,-136.909421184,-39.7169555379,-422.006304635,245.379927913,1.50372322022e-07
3.298e-06,-192.701469635,-400,28.488,-1.28089783792,-128.656577739,-96.3507348177,-32.3058429215,-389.669185543,261.012607804,1.48751412706e-07
3.299e-06,-99.4759548601,-400,28.494,-0.537530354429,-72.5994371386,-49.73797743,-22.8614597086,-352.957823621,280.358386482,1.47837388201e-07
3.3e-06,6.08952833009e-09,-400,28.5,0.239540658344,-11.9770329111,3.04476436125e-09,-11.9770329141,-314.179162001,302.20212909,1.47687610164e-07
3.301e-06,99.4759548718,-400,28.506,1.00148949938,49.4014799029,49.7379774359,-0.336497533022,-275.769815978,325.171295881,1.48311418106e-07
3.302e-06,192.701469646,-400,28.512,1.70044511013,107.679214139,96.350734823,11.3284793164,-240.142970963,347.822185102,1.49669547061e-07
3.303e-06,273.818842376,-400,28.518,2.29249867484,159.193908634,136.909421188,22.2844874458,-209.536766721,368.730675355,1.51676599073e-07
3.304e-06,337.731170204,-400,28.524,2.74046199813,200.708070297,168.865585102,31.8424851954,-185.873693622,386.58176392,1.54206412942e-07
3.305e-06,380.42260652,-400,28.53,3.01620337701,229.612437669,190.21130326,39.4011344093,-170.639833855,400.252271524,1.57099994589e-07
3.306e-06,399.210691372,-400,28.536,3.10241424615,244.089979064,199.605345686,44.4846333783,-164.791532927,408.881511991,1.60175509531e-07
3.307e-06,392.91490029,-400,28.542,2.9936956527,243.230117655,196.457450145,46.77266751,-168.695362625,411.92548028,1.6323970948e-07
3.308e-06,361.930820984,-400,28.548,2.69689636179,227.086002894,180.965410492,46.1205924026,-182.105144417,409.191147311,1.66100074988e-07
3.309e-06,308.205297106,-400,28.554,2.23068141919,196.671226147,154.102648553,42.5685775935,-204.177473452,400.848699598,1.68576911177e-07
3.31e-06,235.114100912,-400,28.56,1.62435834951,153.896183436,117.557050456,36.3391329805,-233.524764225,387.420947661,1.705146366e-07
3.311e-06,147.249821068,-400,28.566,0.916034807272,101.448080705,73.6249105341,27.8231701705,-268.302481629,369.750562334,1.71791556015e-07
3.312e-06,50.1332934196,-400,28.572,0.150223496019,42.6221186187,25.0666467098,17.5554719089,-306.325073581,348.9471922,1.72327503236e-07
3.313e-06,-50.1332934318,-400,28.578,-0.624955113014,-18.8855377811,-25.0666467159,6.1811089348,-345.203318633,326.317780852,1.72088874036e-07
3.314e-06,-147.24982108,-400,28.584,-1.36079647501,-79.2099973292,-73.6249105398,-5.58508678937,-382.494457178,303.284459849,1.71090733145e-07
3.315e-06,-235.114100922,-400,28.59,-2.01107208192,-134.560496826,-117.557050461,-17.0034463649,-415.855672478,281.295175652,1.69395863237e-07
3.316e-06,-308.205297114,-400,28.596,-2.53493372217,-181.458611006,-154.102648557,-27.3559624484,-443.191278144,261.732667139,1.67110815929e-07
3.317e-06,-361.930820989,-400,28.602,-2.89947943249,-216.956849364,-180.965410495,-35.9914388699,-462.784365027,245.827515663,1.64379213195e-07
3.318e-06,-392.914900293,-400,28.608,-3.08181995725,-238.82390243,-196.457450146,-42.3664522839,-473.404637709,234.580735278,1.61372720308e-07
3.319e-06,-399.210691371,-400,28.614,-3.07051592808,-245.684894967,-199.605345685,-46.0795492812,-474.385667563,228.700772597,1.58280257682e-07
3.32e-06,-380.422606516,-400,28.62,-2.86629552571,-237.107830231,-190.211303258,-46.8965269725,-465.666711485,228.558881255,1.552961296e-07
3.321e-06,-337.731170197,-400,28.626,-2.48200760067,-213.630790164,-168.865585099,-44.7652050652,-447.796472144,234.16568198,1.52607815779e-07
3.322e-06,-273.818842367,-400,28.632,-1.9418132693,-176.728178902,-136.909421183,-39.8187577184,-421.898567047,245.170388145,1.50384192836e-07
3.323e-06,-192.701469635,-400,28.638,-1.27966684675,-128.718127297,-96.3507348176,-32.3673924799,-389.600879498,260.882752201,1.48764925679e-07
3.324e-06,-99.4759548599,-400,28.644,-0.537181624305,-72.6168736446,-49.7379774299,-22.8788962147,-352.933233612,280.316359967,1.47851695207e-07
3.325e-06,6.25120292109e-09,-400,28.65,0.238985360976,-11.9492680425,3.12560179281e-09,-11.9492680457,-314.199825288,302.250557245,1.47701813327e-07
3.326e-06,99.475954872,-400,28.656,1.0000652074,49.4726945021,49.737977436,-0.265282933879,-275.83442652,325.307121022,1.4832462622e-07
3.327e-06,192.701469646,-400,28.662,1.69824144428,107.789397432,96.3507348231,11.4386626092,-240.247461998,348.03685943,1.49680931577e-07
3.328e-06,273.818842376,-400,28.668,2.28965420323,159.336132214,136.909421188,22.4267110265,-209.674566768,369.010698982,1.51685446142e-07
3.329e-06,337.731170204,-400,28.674,2.73715552171,200.873394118,168.865585102,32.0078090163,-186.036139794,386.909533912,1.54212168241e-07
3.33e-06,380.42260652,-400,28.68,3.01264268908,229.790472066,190.21130326,39.579168806,-170.816716488,400.607188554,1.57102298116e-07
3.331e-06,399.210691372,-400,28.686,3.09882307247,244.269537748,199.605345686,44.6641920622,-164.971737283,409.241275031,1.60174218187e-07
3.332e-06,392.91490029,-400,28.692,2.99029959317,243.399920632,196.457450145,46.9424704865,-168.867567332,412.267487964,1.63234906018e-07
3.333e-06,361.930820984,-400,28.698,2.6939087169,227.235385138,180.965410492,46.2699746466,-182.258532768,409.493917906,1.66092062774e-07
3.334e-06,308.205297106,-400,28.704,2.2282897919,196.790807511,154.102648553,42.6881589582,-204.302412859,401.09322037,1.68566195092e-07
3.335e-06,235.114100912,-400,28.71,1.62271286392,153.978457716,117.557050456,36.4214072598,-233.613411165,387.59186888,1.70501891279e-07
3.336e-06,147.249821068,-400,28.716,0.915238684193,101.487886858,73.624910534,27.8629763243,-268.349274072,369.83716093,1.71777583437e-07
3.337e-06,50.1332934194,-400,28.722,0.150326576856,42.6169645766,25.0666467097,17.5503178669,-306.327079999,348.944044575,1.72313182317e-07
3.338e-06,-50.133293432,-400,28.728,-0.623959487609,-18.9353190516,-25.066646716,6.13132766445,-345.160421683,326.225102631,1.72075105396e-07
3.339e-06,-147.24982108,-400,28.734,-1.3589710363,-79.3012692648,-73.6249105399,-5.67635872493,-382.409360554,303.108091289,1.71078382523e-07
3.34e-06,-235.114100922,-400,28.74,-2.00853168165,-134.68751684,-117.557050461,-17.1304663785,-415.733730528,281.046213688,1.69385707109e-07
3.341e-06,-308.205297114,-400,28.746,-2.53183810743,-181.613391743,-154.102648557,-27.5107431859,-443.040158998,261.426767255,1.67103492746e-07
3.342e-06,-361.930820989,-400,28.752,-2.89602320139,-217.12966092,-180.965410495,-36.1642504252,-462.613568422,245.483907502,1.64375183294e-07
3.343e-06,-392.914900293,-400,28.758,-3.07822032699,-239.003883943,-196.457450146,-42.5464337967,-473.224897836,234.221013893,1.61372237028e-07
3.344e-06,-399.210691371,-400,28.764,-3.06699908428,-245.860737157,-199.605345685,-46.2553914717,-474.20827847,228.347541313,1.58283351487e-07
3.345e-06,-380.422606516,-400,28.77,-2.86308241073,-237.268485979,-190.211303258,-47.0571827214,-465.502817434,228.234331454,1.55302606206e-07
3.346e-06,-337.731170197,-400,28.776,-2.47930003412,-213.766168491,-168.865585099,-44.9005833927,-447.656367507,233.890199015,1.52617268399e-07
3.347e-06,-273.818842367,-400,28.782,-1.93978127238,-176.829778748,-136.909421183,-39.9203575645,-421.791049728,244.96127098,1.50396027781e-07
3.348e-06,-192.701469635,-400,28.788,-1.27843796669,-128.779571301,-96.3507348175,-32.428836483,-389.532698491,260.75312719,1.48778399688e-07
3.349e-06,-99.4759548597,-400,28.794,-0.536832929183,-72.6343084005,-49.7379774298,-22.8963309707,-352.908665375,280.274356974,1.47865962169e-07
3.35e-06,6.45545228089e-09,-400,28.8,0.238432114606,-11.9216057238,3.22772572059e-09,-11.9216057271,-314.220405541,302.298799817,1.47715977458e-07
3.351e-06,99.4759548722,-400,28.806,0.998644931106,49.5437083169,49.7379774361,-0.194269119193,-275.898854269,325.442562586,1.4833779835e-07
3.352e-06,192.701469646,-400,28.812,1.69604351395,107.899293949,96.3507348232,11.5485591255,-240.351681797,348.250975746,1.49692285011e-07
3.353e-06,273.818842376,-400,28.818,2.28681683401,159.478000676,136.909421188,22.5685794877,-209.812024009,369.290024685,1.51694268581e-07
3.354e-06,337.731170204,-400,28.824,2.73385707565,201.038316422,168.865585102,32.1727313194,-186.198192959,387.236509381,1.54217906516e-07
3.355e-06,380.42260652,-400,28.83,3.00909046225,229.968083408,190.21130326,39.7567801475,-170.993180434,400.961263841,1.57104592907e-07
3.356e-06,399.210691372,-400,28.836,3.09524026637,244.448678053,199.605345686,44.8433323676,-165.151523399,409.600201452,1.60172926566e-07
3.357e-06,392.91490029,-400,28.842,2.98691128927,243.569335827,196.457450145,47.1118856816,-169.039380345,412.608716172,1.63230110383e-07
3.358e-06,361.930820984,-400,28.848,2.69092773575,227.384434196,180.965410492,46.4190237042,-182.411580395,409.796014591,1.66084065635e-07
3.359e-06,308.205297106,-400,28.854,2.22590332507,196.910130853,154.102648553,42.8074822998,-204.427083735,401.337214588,1.68555500023e-07
3.36e-06,235.114100912,-400,28.86,1.62107071857,154.060564983,117.557050456,36.5035145273,-233.701878448,387.762443431,1.70489171247e-07
3.361e-06,147.249821068,-400,28.866,0.914443878474,101.527627144,73.6249105339,27.9027166102,-268.395986831,369.923613976,1.7176363849e-07
3.362e-06,50.1332934192,-400,28.872,0.150428876525,42.611849593,25.0666467096,17.5452028834,-306.329111525,348.940961118,1.72298889297e-07
3.363e-06,-50.1332934322,-400,28.878,-0.622966685826,-18.9849591409,-25.0666467161,6.08168757521,-345.117652871,326.13269373,1.72061362841e-07
3.364e-06,-147.24982108,-400,28.884,-1.35715027943,-79.3923071086,-73.62491054,-5.76739656866,-382.324486865,302.932179756,1.71066054213e-07
3.365e-06,-235.114100922,-400,28.89,-2.00599752063,-134.814224891,-117.557050461,-17.2571744295,-415.612092129,280.797867239,1.69375567805e-07
3.366e-06,-308.205297114,-400,28.896,-2.52874989091,-181.767802569,-154.102648557,-27.6651540115,-442.889404781,261.121602212,1.6709617953e-07
3.367e-06,-361.930820989,-400,28.902,-2.89257505649,-217.302068165,-180.965410495,-36.33665767,-462.443175036,245.141106871,1.64371155577e-07
3.368e-06,-392.914900293,-400,28.908,-3.07462895694,-239.183452446,-196.457450146,-42.7260022995,-473.045573989,233.862121543,1.61371747715e-07
3.369e-06,-399.210691371,-400,28.914,-3.06349015,-246.036183871,-199.605345685,-46.4308381854,-474.031291935,227.995108064,1.5828643113e-07
3.37e-06,-380.422606516,-400,28.92,-2.85987635225,-237.428788904,-190.211303258,-47.2174856457,-465.339287049,227.910498146,1.55309061126e-07
3.371e-06,-337.731170197,-400,28.926,-2.47659822249,-213.901259073,-168.865585099,-45.0356739742,-447.516564677,233.615305604,1.52626692894e-07
3.372e-06,-273.818842367,-400,28.932,-1.93775336225,-176.931174254,-136.909421183,-40.0217530707,-421.683753286,244.752579032,1.50407829654e-07
3.373e-06,-192.701469635,-400,28.938,-1.27721124376,-128.840907447,-96.3507348174,-32.4901726293,-389.464643445,260.623735999,1.48791837485e-07
3.374e-06,-99.4759548595,-400,28.944,-0.536484321387,-72.6517387902,-49.7379774298,-22.9137613604,-352.884120174,280.232381384,1.47880191791e-07
3.375e-06,6.6171268719e-09,-400,28.95,0.237880860707,-11.8940430287,3.30856315215e-09,-11.894043032,-314.240904361,302.346861332,1.47730105207e-07
3.376e-06,99.4759548723,-400,28.956,0.997228606315,49.6145245566,49.7379774362,-0.123452879582,-275.963101141,325.577625698,1.48350937087e-07
3.377e-06,192.701469647,-400,28.962,1.69385125027,108.008907133,96.3507348233,11.65817231,-240.455632545,348.464539678,1.49703609884e-07
3.378e-06,273.818842376,-400,28.968,2.28398649489,159.619517632,136.909421188,22.7100964437,-209.949140835,369.568658467,1.51703068841e-07
3.379e-06,337.731170204,-400,28.974,2.73056658585,201.202840912,168.865585102,32.3372558098,-186.359855635,387.562696547,1.54223630144e-07
3.38e-06,380.42260652,-400,28.98,3.00554662236,230.145275402,190.21130326,39.9339721419,-171.169228248,401.31450365,1.57106881267e-07
3.381e-06,399.210691372,-400,28.986,3.09166575542,244.627403601,199.605345686,45.0220579149,-165.33089378,409.958297381,1.60171636897e-07
3.382e-06,392.91490029,-400,28.992,2.9835306721,243.738366685,196.457450145,47.2809165401,-169.210804028,412.949170713,1.63225324734e-07
3.383e-06,361.930820984,-400,28.998,2.68795335453,227.533153257,180.965410492,46.5677427652,-182.564289442,410.097442699,1.66076085662e-07
3.384e-06,308.205297106,-400,29.004,2.22352196132,197.02919904,154.102648553,42.9265504872,-204.551487932,401.580686973,1.68544828003e-07
3.385e-06,235.114100912,-400,29.01,1.61943186347,154.142507738,117.557050456,36.5854572821,-233.790167585,387.932675323,1.70476478482e-07
3.386e-06,147.249821068,-400,29.016,0.913650348081,101.567303664,73.6249105338,27.9423931298,-268.442621044,370.009924708,1.71749723104e-07
3.387e-06,50.133293419,-400,29.022,0.150530361051,42.6067753665,25.0666467095,17.540128657,-306.331168912,348.937944279,1.7228462607e-07
3.388e-06,-50.1332934324,-400,29.028,-0.621976733933,-19.0344567357,-25.0666467162,6.03218998044,-345.075012578,326.040555842,1.72047648237e-07
3.389e-06,-147.24982108,-400,29.034,-1.35533422374,-79.4831098933,-73.6249105401,-5.85819935329,-382.239836158,302.756726264,1.71053750058e-07
3.39e-06,-235.114100922,-400,29.04,-2.00346961246,-134.940620299,-117.557050461,-17.3835698381,-415.490757049,280.55013675,1.69365447148e-07
3.391e-06,-308.205297115,-400,29.046,-2.52566908198,-181.921843016,-154.102648557,-27.8191944585,-442.739015051,260.817172035,1.67088878095e-07
3.392e-06,-361.930820989,-400,29.052,-2.88913500459,-217.47407076,-180.965410495,-36.5086602653,-462.273184305,244.799113545,1.64367131849e-07
3.393e-06,-392.914900293,-400,29.058,-3.07104585314,-239.362607636,-196.457450146,-42.9051574895,-472.866665573,233.504057937,1.61371254169e-07
3.394e-06,-399.210691371,-400,29.064,-3.05998913241,-246.21123475,-199.605345685,-46.605889065,-473.854707418,227.643472667,1.58289498406e-07
3.395e-06,-380.422606516,-400,29.07,-2.85667736022,-237.588738505,-190.211303258,-47.3774352471,-465.176119937,227.587381432,1.55315496147e-07
3.396e-06,-337.731170197,-400,29.076,-2.47390218004,-214.036061195,-168.865585099,-45.1704760966,-447.377063483,233.341002288,1.52636091037e-07
3.397e-06,-273.818842366,-400,29.082,-1.93572955868,-177.032364432,-136.909421183,-40.1229432491,-421.576677829,244.544313396,1.50419600211e-07
3.398e-06,-192.701469635,-400,29.088,-1.27598670401,-128.902134434,-96.3507348173,-32.5513996169,-389.396714798,260.494580364,1.48805240805e-07
3.399e-06,-99.4759548593,-400,29.094,-0.536135833598,-72.6691631794,-49.7379774297,-22.9311857497,-352.859598791,280.190435612,1.47894385777e-07
3.4e-06,6.82137623175e-09,-400,29.1,0.237331560047,-11.8665779955,3.41068796813e-09,-11.8665779989,-314.261322877,302.394744881,1.47744198242e-07
3.401e-06,99.4759548725,-400,29.106,0.995816187785,49.6851454833,49.7379774363,-0.0528319530018,-276.027168584,325.712314068,1.48364044053e-07
3.402e-06,192.701469647,-400,29.112,1.69166460292,108.118239501,96.3507348233,11.7675046772,-240.559315967,348.677555468,1.49714907774e-07
3.403e-06,273.818842376,-400,29.118,2.28116313184,159.760685784,136.909421188,22.851264596,-210.085919184,369.846604968,1.51711848448e-07
3.404e-06,337.731170204,-400,29.124,2.72728399611,201.366970399,168.865585102,32.5013852965,-186.521129896,387.888100295,1.54229340596e-07
3.405e-06,380.42260652,-400,29.13,3.00201111283,230.322050878,190.21130326,40.1107476183,-171.344862054,401.666912933,1.57109164608e-07
3.406e-06,399.210691372,-400,29.136,3.08809948445,244.805717149,199.605345686,45.2003714632,-165.509850508,410.315567657,1.60170350539e-07
3.407e-06,392.91490029,-400,29.142,2.98015768964,243.907015808,196.457450145,47.4495656629,-169.381840331,413.288856139,1.63220550374e-07
3.408e-06,361.930820983,-400,29.148,2.68498552598,227.681544685,180.965410492,46.7161341928,-182.716661646,410.398206331,1.6606812411e-07
3.409e-06,308.205297106,-400,29.154,2.22114565947,197.148014133,154.102648553,43.0453655797,-204.675626906,401.823641039,1.68534180241e-07
3.41e-06,235.114100911,-400,29.16,1.61779626449,154.224287687,117.557050456,36.6672372312,-233.878279698,388.102567384,1.70463814156e-07
3.411e-06,147.249821067,-400,29.166,0.912858066483,101.606917743,73.6249105337,27.9820072095,-268.489177465,370.096095209,1.71735838421e-07
3.412e-06,50.1332934188,-400,29.172,0.150631011625,42.6017428376,25.0666467094,17.5350961282,-306.333252542,348.934995379,1.72270393754e-07
3.413e-06,-50.1332934326,-400,29.178,-0.620989643356,-19.0838112648,-25.0666467163,5.98283545153,-345.032500824,325.94868956,1.72033962687e-07
3.414e-06,-147.24982108,-400,29.184,-1.35352287405,-79.5736773778,-73.6249105401,-5.94876683769,-382.155408126,302.581730748,1.71041471152e-07
3.415e-06,-235.114100923,-400,29.19,-2.00094795652,-135.066703097,-117.557050461,-17.5096526353,-415.36972471,280.303021613,1.69355346232e-07
3.416e-06,-308.205297115,-400,29.196,-2.52259567602,-182.075513314,-154.102648557,-27.9728647565,-442.588989032,260.513475718,1.67081589538e-07
3.417e-06,-361.930820989,-400,29.202,-2.88570303881,-217.645669049,-180.965410495,-36.680258554,-462.103595334,244.457926286,1.64363113213e-07
3.418e-06,-392.914900293,-400,29.208,-3.06747100826,-239.54134988,-196.457450146,-43.0838997332,-472.688171665,233.146821785,1.61370757497e-07
3.419e-06,-399.210691371,-400,29.214,-3.05649602553,-246.385890095,-199.605345685,-46.7805444091,-473.678524062,227.292633967,1.58292554429e-07
3.42e-06,-380.422606516,-400,29.22,-2.85348543172,-237.74833493,-190.211303258,-47.5370316721,-465.013315392,227.264980462,1.55321912388e-07
3.421e-06,-337.731170197,-400,29.226,-2.47121190838,-214.170574778,-168.865585099,-45.3049896795,-447.237863444,233.067288666,1.5264546395e-07
3.422e-06,-273.818842366,-400,29.232,-1.93370986898,-177.133348918,-136.909421183,-40.2239277344,-421.469823165,244.336474247,1.50431340568e-07
3.423e-06,-192.701469635,-400,29.238,-1.27476436123,-128.963251573,-96.3507348173,-32.6125167556,-389.328912685,260.365661112,1.48818610753e-07
3.424e-06,-99.4759548591,-400,29.244,-0.535787486471,-72.6865805356,-49.7379774296,-22.948603106,-352.835101715,280.14852118,1.47908545217e-07
3.425e-06,7.02852555775e-09,-400,29.25,0.236784185219,-11.8392092539,3.51426276719e-09,-11.8392092575,-314.281661926,302.442452672,1.47758257627e-07
3.426e-06,99.4759548727,-400,29.256,0.994407641904,49.7555727775,49.7379774364,0.0175953411681,-276.091057763,325.84663054,1.48377120284e-07
3.427e-06,192.701469647,-400,29.262,1.68948353306,108.227292994,96.3507348234,11.8765581703,-240.662733508,348.890026501,1.49726179678e-07
3.428e-06,273.818842377,-400,29.268,2.27834670207,159.901507273,136.909421188,22.9920860846,-210.222360718,370.123867991,1.51720608357e-07
3.429e-06,337.731170205,-400,29.274,2.72400926129,201.53070714,168.865585102,32.6651220378,-186.682017543,388.212724683,1.54235038784e-07
3.43e-06,380.42260652,-400,29.28,2.99848388789,230.498412126,190.21130326,40.2871088657,-171.520083707,402.018495833,1.57111443798e-07
3.431e-06,399.210691372,-400,29.286,3.08454140889,244.983620927,199.605345686,45.3782752415,-165.688395399,410.672016326,1.60169068313e-07
3.432e-06,392.91490029,-400,29.292,2.97679230026,244.075285277,196.457450145,47.6178351319,-169.552490946,413.627776223,1.63215788082e-07
3.433e-06,361.930820983,-400,29.298,2.68202421299,227.829610334,180.965410492,46.8641998424,-182.868698492,410.698308826,1.66060181717e-07
3.434e-06,308.205297106,-400,29.304,2.21877438826,197.266577693,154.102648553,43.16392914,-204.799501866,402.066079559,1.68523557443e-07
3.435e-06,235.114100911,-400,29.31,1.61616389719,154.305906052,117.557050456,36.748855596,-233.966215667,388.272121719,1.70451178946e-07
3.436e-06,147.249821067,-400,29.316,0.912067016641,101.646470235,73.6249105336,28.0215597016,-268.535656619,370.182126854,1.71721985097e-07
3.437e-06,50.1332934187,-400,29.322,0.150730818712,42.5967524831,25.0666467093,17.5301057737,-306.335362568,348.932115051,1.72256192992e-07
3.438e-06,-50.1332934327,-400,29.328,-0.620005416464,-19.1330226095,-25.0666467164,5.93362410683,-344.99011741,325.8570948,1.72020306827e-07
3.439e-06,-147.24982108,-400,29.334,-1.35171622633,-79.6640097638,-73.6249105402,-6.03909922355,-382.071202249,302.407192486,1.71029218134e-07
3.44e-06,-235.114100923,-400,29.34,-1.99843254352,-135.192473747,-117.557050461,-17.6354232852,-415.248994325,280.056520578,1.69345265703e-07
3.441e-06,-308.205297115,-400,29.346,-2.51952965997,-182.228814116,-154.102648557,-28.1261655587,-442.439325742,260.210511626,1.67074314514e-07
3.442e-06,-361.930820989,-400,29.352,-2.882279144,-217.816863789,-180.965410495,-36.8514532947,-461.934407031,244.117543242,1.64359100338e-07
3.443e-06,-392.914900293,-400,29.358,-3.06390440685,-239.71967995,-196.457450146,-43.2622298039,-472.510091149,232.790411199,1.61370258387e-07
3.444e-06,-399.210691371,-400,29.364,-3.05301081538,-246.560150602,-199.605345685,-46.9548049163,-473.502740819,226.942590217,1.582955999e-07
3.445e-06,-380.422606516,-400,29.37,-2.85030055596,-237.907578718,-190.211303258,-47.6962754597,-464.850872516,226.943293799,1.55328310564e-07
3.446e-06,-337.731170197,-400,29.376,-2.46852740139,-214.304800127,-168.865585098,-45.4392150287,-447.098963893,232.794163765,1.52654812354e-07
3.447e-06,-273.818842366,-400,29.382,-1.93169429284,-177.234127724,-136.909421183,-40.3247065411,-421.363188916,244.129061192,1.50443051452e-07
3.448e-06,-192.701469634,-400,29.388,-1.27354422175,-129.024258547,-96.3507348172,-32.6735237294,-389.261237062,260.236978515,1.48831948052e-07
3.449e-06,-99.475954859,-400,29.394,-0.535439293286,-72.7039901946,-49.7379774295,-22.9660127652,-352.810629253,280.106639058,1.47922670823e-07
3.45e-06,7.19020014876e-09,-400,29.4,0.236238716082,-11.8119357969,3.59510019876e-09,-11.8119358005,-314.301922167,302.48998637,1.47772284058e-07
3.451e-06,99.4759548729,-400,29.406,0.99300294221,49.8258077624,49.7379774364,0.0878303259407,-276.154769663,325.980577425,1.48390166453e-07
3.452e-06,192.701469647,-400,29.412,1.68730800886,108.336069204,96.3507348235,11.9853343803,-240.765886436,349.10195564,1.49737426242e-07
3.453e-06,273.818842377,-400,29.418,2.2755371697,160.041983892,136.909421188,23.1325627035,-210.358466925,370.400450817,1.5172934918e-07
3.454e-06,337.731170205,-400,29.424,2.72074234301,201.694053054,168.865585102,32.8284679516,-186.842520209,388.536573263,1.54240725281e-07
3.455e-06,380.42260652,-400,29.43,2.99496490842,230.674361099,190.21130326,40.4630578392,-171.694894894,402.369255994,1.57113719369e-07
3.456e-06,399.210691372,-400,29.436,3.08099149068,245.161116838,199.605345686,45.555771152,-165.866530109,411.027646947,1.60167790714e-07
3.457e-06,392.91490029,-400,29.442,2.97343446872,244.243176854,196.457450145,47.7857267089,-169.722757406,413.96593426,1.63211038316e-07
3.458e-06,361.930820983,-400,29.448,2.67906938471,227.977351748,180.965410492,47.0119412563,-183.02040131,410.997753058,1.66052258909e-07
3.459e-06,308.205297106,-400,29.454,2.21640812255,197.384890978,154.102648553,43.2822424254,-204.923113871,402.308004849,1.68512960004e-07
3.46e-06,235.114100911,-400,29.46,1.61453474311,154.387363755,117.557050456,36.8303132999,-234.053976231,388.441339986,1.70438573227e-07
3.461e-06,147.249821067,-400,29.466,0.911277187326,101.685961701,73.6249105335,28.0610511672,-268.582058887,370.268020588,1.71708163493e-07
3.462e-06,50.1332934185,-400,29.472,0.150829778442,42.5918044964,25.0666467092,17.5251577871,-306.337499009,348.929303505,1.72242024138e-07
3.463e-06,-50.133293433,-400,29.478,-0.619024050098,-19.1820909281,-25.0666467165,5.88455578841,-344.947862,325.765771072,1.7200668101e-07
3.464e-06,-147.249821081,-400,29.484,-1.34991427117,-79.7541075224,-73.6249105403,-6.12919698205,-381.987217877,302.233110355,1.71016991363e-07
3.465e-06,-235.114100923,-400,29.49,-1.99592335893,-135.317932977,-117.557050461,-17.7608825151,-415.128564981,279.810632005,1.6933520593e-07
3.466e-06,-308.205297115,-400,29.496,-2.51647101563,-182.381746333,-154.102648557,-28.2790977758,-442.290024077,259.908277743,1.6706705341e-07
3.467e-06,-361.930820989,-400,29.502,-2.87886329995,-217.987655992,-180.965410495,-37.0222454975,-461.765618181,243.777962189,1.64355093632e-07
3.468e-06,-392.914900293,-400,29.508,-3.06034602849,-239.897598868,-196.457450146,-43.4401487219,-472.332422792,232.434823923,1.61369757266e-07
3.469e-06,-399.210691371,-400,29.514,-3.04953348315,-246.734017213,-199.605345685,-47.1286715277,-473.327356524,226.593339311,1.58298635267e-07
3.47e-06,-380.422606516,-400,29.52,-2.84712271741,-238.066470645,-190.211303258,-47.8551673875,-464.688790302,226.622319656,1.55334691137e-07
3.471e-06,-337.731170197,-400,29.526,-2.46584864826,-214.438737784,-168.865585098,-45.5731526854,-446.960364049,232.521626266,1.52664136727e-07
3.472e-06,-273.818842366,-400,29.532,-1.92968282535,-177.334701099,-136.909421183,-40.4252799156,-421.256774594,243.922073495,1.50454733347e-07
3.473e-06,-192.701469634,-400,29.538,-1.27232628731,-129.085155269,-96.3507348171,-32.7344204516,-389.193687771,260.108532503,1.48845253189e-07
3.474e-06,-99.4759548588,-400,29.544,-0.535091262799,-72.7213917188,-49.7379774294,-22.9834142895,-352.786181602,280.064789883,1.47936763076e-07
3.475e-06,7.3944495086e-09,-400,29.55,0.235695136961,-11.7847568406,3.69722501474e-09,-11.7847568443,-314.322104149,302.537347308,1.47786278006e-07
3.476e-06,99.4759548731,-400,29.556,0.991602066657,49.8958515402,49.7379774365,0.157874103692,-276.218305162,326.114156702,1.4840318301e-07
3.477e-06,192.701469647,-400,29.562,1.68513800286,108.444569504,96.3507348236,12.0938346807,-240.868775913,349.313345417,1.49748647888e-07
3.478e-06,273.818842377,-400,29.568,2.27273450312,160.182117221,136.909421188,23.2726960322,-210.494239189,370.676356409,1.5173807131e-07
3.479e-06,337.731170205,-400,29.574,2.71748320714,201.857009848,168.865585102,32.9914247453,-187.002639418,388.859649266,1.54246400449e-07
3.48e-06,380.42260652,-400,29.58,2.99145413946,230.849899547,190.21130326,40.638596287,-171.869297201,402.719196748,1.57115991651e-07
3.481e-06,399.210691372,-400,29.586,3.07744969584,245.33820658,199.605345686,45.7328608941,-166.044256191,411.382462771,1.60166518035e-07
3.482e-06,392.91490029,-400,29.592,2.97008416375,244.410692103,196.457450145,47.9532419576,-169.892641144,414.303333247,1.63206301337e-07
3.483e-06,361.930820983,-400,29.598,2.67612101416,228.124770275,180.965410492,47.1593597836,-183.171771334,411.296541609,1.66044355916e-07
3.484e-06,308.205297106,-400,29.604,2.21404684096,197.502955057,154.102648553,43.4003065046,-205.046463886,402.549418943,1.68502388132e-07
3.485e-06,235.114100911,-400,29.61,1.61290878745,154.468661538,117.557050455,36.9116110829,-234.141562034,388.610223572,1.70425997188e-07
3.486e-06,147.249821067,-400,29.616,0.910488570874,101.725392523,73.6249105334,28.1004819897,-268.628384563,370.353777087,1.71694373786e-07
3.487e-06,50.1332934183,-400,29.622,0.150927890409,42.5868988978,25.0666467091,17.5202521887,-306.339661798,348.926560696,1.72227887363e-07
3.488e-06,-50.1332934332,-400,29.628,-0.618045537736,-19.2310165464,-25.0666467166,5.8356301702,-344.90573418,325.674717634,1.71993085413e-07
3.489e-06,-147.249821081,-400,29.634,-1.34811699585,-79.8439712883,-73.6249105404,-6.2190607479,-381.903454281,302.059482992,1.71004791024e-07
3.49e-06,-235.114100923,-400,29.64,-1.993420385,-135.443081673,-117.557050462,-17.8860312115,-415.008435692,279.565354019,1.69325167115e-07
3.491e-06,-308.205297115,-400,29.646,-2.51341972168,-182.534311031,-154.102648558,-28.4316624736,-442.14108286,259.606771828,1.67059806449e-07
3.492e-06,-361.93082099,-400,29.652,-2.87545548341,-218.158046819,-180.965410495,-37.1926363244,-461.597227501,243.439180682,1.64351093338e-07
3.493e-06,-392.914900293,-400,29.658,-3.0567958498,-240.075107803,-196.457450146,-43.6176576566,-472.15516529,232.080057487,1.613692544e-07
3.494e-06,-399.210691371,-400,29.664,-3.0460640071,-246.907491016,-199.605345685,-47.3021453305,-473.152369946,226.24487893,1.58301660818e-07
3.495e-06,-380.422606516,-400,29.67,-2.84395189761,-238.225011635,-190.211303258,-48.0137083775,-464.527067671,226.302056036,1.55341054419e-07
3.496e-06,-337.731170197,-400,29.676,-2.4631756353,-214.572388432,-168.865585098,-45.7068033332,-446.822063068,232.249674636,1.52673437395e-07
3.497e-06,-273.818842366,-400,29.682,-1.92767545874,-177.435069429,-136.909421183,-40.5256482458,-421.150579642,243.715510213,1.5046638659e-07
3.498e-06,-192.701469634,-400,29.688,-1.27111055684,-129.145941792,-96.350734817,-32.7952069752,-389.12626459,259.980322797,1.48858526504e-07
3.499e-06,-99.4759548586,-400,29.694,-0.534743400983,-72.7387848095,-49.7379774293,-23.0008073802,-352.761758891,280.022974082,1.47950822315e-07
3.5e-06,7.6015988346e-09,-400,29.7,0.235153434943,-11.7576717396,3.80079981379e-09,-11.7576717434,-314.342208354,302.584536614,1.47800239798e-07
3.501e-06,99.4759548733,-400,29.706,0.990204995933,49.9657050766,49.7379774366,0.227727639993,-276.281665069,326.247370146,1.48416170268e-07
3.502e-06,192.701469647,-400,29.712,1.68297349028,108.552795133,96.3507348237,12.2020603096,-240.971403031,349.524198164,1.4975984491e-07
3.503e-06,273.818842377,-400,29.718,2.26993867344,160.321908705,136.909421188,23.4124875164,-210.629678821,370.951587526,1.51746775014e-07
3.504e-06,337.731170205,-400,29.724,2.71423182216,202.019579097,168.865585102,33.1539939943,-187.162376631,389.181955727,1.54252064523e-07
3.505e-06,380.42260652,-400,29.73,2.98795154865,231.025029088,190.21130326,40.8137258277,-172.043292145,403.068321233,1.57118260846e-07
3.506e-06,399.210691372,-400,29.736,3.07391599291,245.514891726,199.605345686,45.9095460404,-166.221575131,411.736466858,1.60165250446e-07
3.507e-06,392.91490029,-400,29.742,2.96674135655,244.577832463,196.457450145,48.1203823177,-170.062143531,414.639975994,1.63201577284e-07
3.508e-06,361.930820983,-400,29.748,2.67317907677,228.271867144,180.965410492,47.3064566529,-183.322809735,411.59467688,1.66036472852e-07
3.509e-06,308.205297105,-400,29.754,2.21169052447,197.620770882,154.102648553,43.5181223294,-205.169552818,402.7903237,1.68491841918e-07
3.51e-06,235.114100911,-400,29.76,1.61128601767,154.549800027,117.557050455,36.992749572,-234.228973665,388.778773692,1.70413450903e-07
3.511e-06,147.249821067,-400,29.766,0.909701161805,101.764762976,73.6249105334,28.1398524431,-268.674633889,370.439396865,1.71680616042e-07
3.512e-06,50.1332934181,-400,29.772,0.151025156315,42.5820356024,25.0666467091,17.5153888933,-306.341850818,348.92388642,1.72213782733e-07
3.513e-06,-50.1332934333,-400,29.778,-0.617069870819,-19.2797998924,-25.0666467167,5.78684682428,-344.863733489,325.583933596,1.71979520105e-07
3.514e-06,-147.249821081,-400,29.784,-1.34632438572,-79.9336017948,-73.6249105405,-6.30869125429,-381.819910687,301.886308892,1.70992617198e-07
3.515e-06,-235.114100923,-400,29.79,-1.99092360211,-135.567920818,-117.557050462,-18.0108703561,-414.888605427,279.320684609,1.69315149358e-07
3.516e-06,-308.205297115,-400,29.796,-2.51037575493,-182.686509368,-154.102648558,-28.5838608109,-441.992500872,259.305991504,1.67052573749e-07
3.517e-06,-361.93082099,-400,29.802,-2.87205566933,-218.328037523,-180.965410495,-37.3626270281,-461.429233666,243.101196144,1.64347099601e-07
3.518e-06,-392.914900293,-400,29.808,-3.05325384561,-240.252208013,-196.457450146,-43.7947578661,-471.978317301,231.726109288,1.61368749959e-07
3.519e-06,-399.210691371,-400,29.814,-3.04260236371,-247.080573185,-199.605345685,-47.4752274998,-472.977779811,225.897206626,1.58304676749e-07
3.52e-06,-380.422606516,-400,29.82,-2.84078807639,-238.383202696,-190.211303258,-48.1718994382,-464.365703507,225.982500811,1.55347400625e-07
3.521e-06,-337.731170197,-400,29.826,-2.46050834713,-214.70575284,-168.865585098,-45.8401677418,-446.684060061,231.978307221,1.52682714591e-07
3.522e-06,-273.818842366,-400,29.832,-1.92567218355,-177.535233188,-136.909421183,-40.6258120053,-421.044603464,243.509370276,1.50478011428e-07
3.523e-06,-192.701469634,-400,29.838,-1.26989702755,-129.206618256,-96.3507348169,-32.8558834393,-389.058967252,259.852348995,1.48871768252e-07
3.524e-06,-99.4759548584,-400,29.844,-0.534395712101,-72.7561692534,-49.7379774292,-23.0181918242,-352.737361208,279.981191955,1.47964848793e-07
3.525e-06,7.76037345941e-09,-400,29.85,0.234613598827,-11.7306799336,3.88018637408e-09,-11.7306799374,-314.362235219,302.631555285,1.4781416968e-07
3.526e-06,99.4759548734,-400,29.856,0.988811712434,50.0353692517,49.7379774367,0.297391815002,-276.34485015,326.380219401,1.48429128457e-07
3.527e-06,192.701469647,-400,29.862,1.68081444807,108.660747244,96.3507348237,12.31001242,-241.073768838,349.734516082,1.49771017517e-07
3.528e-06,273.818842377,-400,29.868,2.26714965342,160.461359706,136.909421189,23.5519385176,-210.764787092,371.226146798,1.51755460475e-07
3.529e-06,337.731170205,-400,29.874,2.71098815824,202.181762293,168.865585102,33.3161771907,-187.32173326,389.503495553,1.54257717657e-07
3.53e-06,380.42260652,-400,29.88,2.98445710524,231.199751258,190.21130326,40.988447998,-172.2168812,403.416632458,1.57120527077e-07
3.531e-06,399.210691372,-400,29.886,3.07039035205,245.691173769,199.605345686,46.0858280833,-166.398488376,412.089662146,1.60163988042e-07
3.532e-06,392.91490029,-400,29.892,2.96340601987,244.744599296,196.457450145,48.2871491513,-170.231265895,414.975865191,1.63196866223e-07
3.533e-06,361.930820983,-400,29.898,2.67024354948,228.418643509,180.965410492,47.4532330174,-183.473517647,411.892161156,1.66028609757e-07
3.534e-06,308.205297105,-400,29.904,2.20933915547,197.738339332,154.102648553,43.635690779,-205.292381536,403.030720867,1.68481321381e-07
3.535e-06,235.114100911,-400,29.91,1.60966642262,154.63077978,117.557050455,37.0737293243,-234.316211679,388.946991459,1.70400934379e-07
3.536e-06,147.249821067,-400,29.916,0.908914955979,101.804073268,73.6249105333,28.1791627343,-268.720807072,370.524880339,1.71666890258e-07
3.537e-06,50.1332934179,-400,29.922,0.151121579142,42.5772144608,25.066646709,17.5105677519,-306.34406592,348.921280381,1.72199710245e-07
3.538e-06,-50.1332934335,-400,29.928,-0.616097039563,-19.3284414554,-25.0666467168,5.73820526137,-344.821859434,325.493417978,1.71965985089e-07
3.539e-06,-147.249821081,-400,29.934,-1.34453642495,-80.0229998337,-73.6249105406,-6.39808929316,-381.736586296,301.713586462,1.70980469903e-07
3.54e-06,-235.114100923,-400,29.94,-1.98843298948,-135.692451449,-117.557050462,-18.1354009875,-414.769073128,279.076621679,1.69305152692e-07
3.541e-06,-308.205297115,-400,29.946,-2.50733909114,-182.838342558,-154.102648558,-28.7356940008,-441.844276873,259.005934314,1.67045355369e-07
3.542e-06,-361.93082099,-400,29.952,-2.86866383161,-218.497629409,-180.965410495,-37.5322189144,-461.261635329,242.76400592,1.64343112502e-07
3.543e-06,-392.914900293,-400,29.958,-3.04971998972,-240.428900807,-196.457450146,-43.9714506606,-471.80187746,231.372976653,1.61368244052e-07
3.544e-06,-399.210691371,-400,29.964,-3.03914852847,-247.253264947,-199.605345685,-47.647919262,-472.803584827,225.550319879,1.58307683193e-07
3.545e-06,-380.422606516,-400,29.97,-2.83763123256,-238.541044887,-190.211303258,-48.3297416297,-464.204696672,225.663651784,1.55353729912e-07
3.546e-06,-337.731170196,-400,29.976,-2.45784676732,-214.838831831,-168.865585098,-45.9732467324,-446.546354119,231.707522289,1.52691968493e-07
3.547e-06,-273.818842366,-400,29.982,-1.92367298927,-177.635192902,-136.909421183,-40.7257717194,-420.938845438,243.303652536,1.5048960805e-07
3.548e-06,-192.701469634,-400,29.988,-1.26868569564,-129.267184852,-96.3507348168,-32.916450035,-388.991795468,259.724610616,1.48884978628e-07
3.549e-06,-99.4759548582,-400,29.994,-0.534048199357,-72.7735448904,-49.7379774291,-23.0355674613,-352.712988614,279.939443724,1.47978842708e-07
3.55e-06,7.9675227854e-09,-399.999999999,30.0000000001,0.234075618472,-11.7037809156,3.98376117314e-09,-11.7037809196,-314.382185154,302.678404239,1.47828067842e-07
3.551e-06,99.4759548736,-389.999999999,30.7000000001,0.906433833532,54.1542631971,49.7379774368,4.41628576025,-270.477297757,324.631560954,1.48402021132e-07
3.552e-06,192.701469648,-379.999999999,31.4000000001,1.51183457397,117.109740949,96.3507348238,20.7590061255,-229.598989975,346.708730925,1.49618562651e-07
3.553e-06,273.818842377,-369.999999999,32.1000000001,2.00866989338,173.385347708,136.909421189,36.4759265197,-193.871795438,367.257143146,1.51389419784e-07
3.554e-06,337.731170205,-359.999999999,32.8000000001,2.36265600538,219.598369936,168.865585103,50.7327848334,-165.073109192,384.671479128,1.53588181076e-07
3.555e-06,380.42260652,-349.999999999,33.5000000001,2.54888299002,252.97845702,190.21130326,62.7671537593,-144.526505028,397.504962047,1.56058690941e-07
3.556e-06,399.210691372,-339.999999999,34.2000000001,2.5532614625,271.547618247,199.605345686,71.9422725611,-133.024326254,404.571944501,1.58625201242e-07
3.557e-06,392.91490029,-329.999999999,34.9000000001,2.3732825927,274.250770655,196.457450145,77.7933205099,-130.784054657,405.034825312,1.61103631413e-07
3.558e-06,361.930820983,-319.999999999,35.6000000001,2.01805128567,261.0282567,180.965410491,80.0628462082,-137.440822387,398.469079086,1.63313226658e-07
3.559e-06,308.205297105,-309.999999999,36.3000000001,1.50759781066,232.825406572,154.102648553,78.7227580198,-152.076166364,384.901572936,1.65087886205e-07
3.56e-06,235.11410091,-299.999999999,37.0000000001,0.871517863214,191.53820775,117.557050455,73.9811572945,-173.280876109,364.819083858,1.6628646146e-07
3.561e-06,147.249821066,-289.999999999,37.7000000001,0.147032200169,139.898211058,73.6249105332,66.2733005247,-199.24769257,339.145903628,1.66801394841e-07
3.562e-06,50.1332934177,-279.999999999,38.4000000001,-0.623407911912,81.3036890133,25.0666467089,56.2370423045,-227.88780591,309.191494923,1.6656517937e-07
3.563e-06,-50.1332934337,-269.999999999,39.1000000001,-1.39481626425,19.6075197787,-25.0666467169,44.6741664955,-256.963683427,276.571203206,1.65554259569e-07
3.564e-06,-147.249821081,-259.999999999,39.8000000001,-2.12249794796,-41.1249236836,-73.6249105407,32.4999868571,-284.229818989,243.104895305,1.63790156817e-07
3.565e-06,-235.114100923,-249.999999999,40.5000000001,-2.76482948726,-96.8726265604,-117.557050462,20.6844239013,-307.572585955,210.699959395,1.61337776814e-07
3.566e-06,-308.205297115,-239.999999999,41.2000000001,-3.28582066291,-143.91426397,-154.102648558,10.1883845877,-325.140517047,181.226253077,1.58301032195e-07
3.567e-06,-361.93082099,-229.999999999,41.9000000001,-3.65730104246,-179.065768867,-180.965410495,1.89964162822,-335.457012735,156.391243869,1.54816078774e-07
3.568e-06,-392.914900293,-219.999999999,42.6000000001,-3.86059904222,-199.884948182,-196.457450146,-3.4274980356,-337.508647485,137.623699303,1.51042609251e-07
3.569e-06,-399.210691371,-209.999999999,43.3000000001,-3.88761411516,-204.829985613,-199.605345685,-5.22463992727,-330.803823491,125.973837878,1.47153764533e-07
3.57e-06,-380.422606515,-199.999999999,44.0000000001,-3.74122128411,-193.36154231,-190.211303258,-3.15023905228,-315.398412526,122.036870216,1.43325303358e-07
3.571e-06,-337.731170196,-189.999999999,44.7000000001,-3.43498926911,-165.981706741,-168.865585098,2.88387835732,-291.887108046,125.905401305,1.39724710817e-07
3.572e-06,-273.818842366,-179.999999999,45.4000000001,-2.99223625561,-124.207029585,-136.909421183,12.7023915976,-261.36135094,137.154321355,1.3650092368e-07
3.573e-06,-192.701469634,-169.999999999,46.1000000001,-2.44448825349,-70.4770569591,-96.3507348168,25.8736778577,-225.336759834,154.859702874,1.3377530568e-07
3.574e-06,-99.4759548581,-159.999999999,46.8000000001,-1.82944148818,-8.0038804491,-49.737977429,41.7340969799,-185.654863287,177.650982838,1.31634422242e-07
3.575e-06,8.12629741022e-09,-149.999999999,47.5000000001,-1.18856012063,59.4280060395,4.06314773342e-09,59.4280060355,-144.365482471,203.79348851,1.3012504712e-07
3.576e-06,99.4759548738,-139.999999999,48.2000000001,-0.564462022854,127.699056017,49.7379774369,77.9610785796,-103.59725581,231.296311826,1.29251690664e-07
3.577e-06,192.701469648,-129.999999999,48.9000000001,0.0017429128109,192.614324007,96.3507348239,96.2635891834,-65.4244643728,258.03878838,1.28976779972e-07
3.578e-06,273.818842377,-119.999999999,49.6000000001,0.472996019964,250.169041379,136.909421189,113.25962019,-31.738471443,281.907512822,1.29223455116e-07
3.579e-06,337.731170205,-109.999999999,50.3000000001,0.818557630514,296.803288679,168.865585103,127.937703577,-4.13172680588,300.935015485,1.29880783335e-07
3.58e-06,380.422606521,-99.9999999992,51.0000000001,1.01586089494,329.629561774,190.21130326,139.418258513,16.1985670245,313.430994749,1.30811044554e-07
3.581e-06,399.210691372,-89.9999999992,51.7000000001,1.05184015451,346.618683646,199.605345686,147.013337961,28.5213157126,318.097367934,1.31858615973e-07
3.582e-06,392.91490029,-79.9999999992,52.4000000001,0.923656033068,346.732098636,196.457450145,150.274648492,32.6127458241,314.119352812,1.3285988834e-07
3.583e-06,361.930820983,-69.9999999992,53.1000000001,0.638777611138,329.991940426,180.965410491,149.026529935,28.7656743011,301.226266125,1.33653587487e-07
3.584e-06,308.205297105,-59.9999999992,53.8000000001,0.214422361228,297.484179044,154.102648553,143.381530491,17.7665456517,279.717633392,1.34090855179e-07
3.585e-06,235.11410091,-49.9999999992,54.5000000001,-0.323605561872,251.294379004,117.557050455,133.737328549,0.841953950958,250.452425053,1.34044464088e-07
3.586e-06,147.249821066,-39.9999999992,55.2000000001,-0.942601042648,194.379873199,73.6249105331,120.754962666,-20.4217515547,214.801624753,1.33416601154e-07
3.587e-06,50.1332934176,-29.9999999992,55.9000000001,-1.60505821583,130.386204209,25.0666467088,105.3195575,-44.1805369376,174.566741146,1.32144747706e-07
3.588e-06,-50.1332934339,-19.9999999992,56.6000000001,-2.27105084044,63.419248588,-25.0666467169,88.4858953049,-68.4498883855,131.869136973,1.30205307271e-07
3.589e-06,-147.249821082,-9.99999999918,57.3000000001,-2.90074227074,-2.21270754439,-73.6249105408,71.4122029964,-91.2297259152,89.0170183708,1.27614775242e-07
3.59e-06,-235.114100924,8.19944747949e-10,58.0000000001,-3.45686771617,-62.2707151151,-117.557050462,55.2863353467,-110.629186162,48.3584710465,1.24428399292e-07
3.591e-06,-308.205297116,10.0000000008,58.7000000001,-3.9070345759,-112.853568321,-154.102648558,41.2490802372,-124.983510778,12.1299424577,1.20736436032e-07
3.592e-06,-361.93082099,20.0000000008,59.4000000001,-4.2256992854,-150.64585672,-180.965410495,30.319553775,-132.955835249,-17.6900214713,1.16658258041e-07
3.593e-06,-392.914900293,30.0000000008,60.1000000001,-4.39570045449,-173.129877568,-196.457450146,23.3275725782,-133.61767423,-39.5122033386,1.12334696988e-07
3.594e-06,-399.210691371,40.0000000008,60.8000000001,-4.40925670906,-178.747855918,-199.605345685,20.8574897675,-126.503277963,-52.2445779548,1.07919114978e-07
3.595e-06,-380.422606515,50.0000000008,61.5000000001,-4.26837173057,-167.004019987,-190.211303258,23.2072832707,-111.634700933,-55.3693190536,1.03567771188e-07
3.596e-06,-337.731170196,60.0000000008,62.2000000001,-3.98462635547,-138.499852423,-168.865585098,30.3657326752,-89.5162728406,-48.9835795823,9.9430089864e-08
3.597e-06,-273.818842365,70.0000000008,62.9000000001,-3.57837589981,-94.9000473747,-136.909421183,42.009373808,-61.0990766471,-33.8009707276,9.56394366854e-08
3.598e-06,-192.701469633,80.0000000008,63.6000000001,-3.07740772591,-38.8310833378,-96.3507348167,57.5196514789,-27.7178994297,-11.113183908,9.23049737301e-08
3.599e-06,-99.4759548579,90.0000000008,64.3000000001,-2.5151471882,26.2814045521,-49.7379774289,76.019381981,8.9951862234,17.2862183286,8.9505091265e-08
3.6e-06,8.33344673627e-09,100,65,-1.92852745803,96.42637291,4.16672164433e-09,96.4263729059,47.2150332151,49.211339695,8.72828122336e-08
3.601e-06,99.475954874,100,65.0333333333,-1.30095084847,164.523497298,49.737977437,114.785519861,77.7876995564,86.7357977412,8.56704839601e-08
3.602e-06,192.701469648,100,65.0666666667,-0.720686372227,228.735788259,96.350734824,132.385053435,106.298234753,122.437553506,8.46651067294e-08
3.603e-06,273.818842378,100,65.1,-0.22220255479,284.928970117,136.909421189,148.019548928,130.990769095,153.938201022,8.42017936693e-08
3.604e-06,337.731170205,100,65.1333333333,0.165152713843,329.473534513,168.865585103,160.60794941,150.349426104,179.124108409,8.41835808237e-08
3.605e-06,380.422606521,100,65.1666666667,0.418994073803,359.47290283,190.21130326,169.26159957,163.19345409,196.279448741,8.4487500799e-08
3.606e-06,399.210691372,100,65.2,0.525302492611,372.945566741,199.605345686,173.340221055,168.751268549,204.194298192,8.49722878369e-08
3.607e-06,392.91490029,100,65.2333333333,0.479302962322,368.949752174,196.457450145,172.492302029,166.708762946,202.240989228,8.54872296595e-08
3.608e-06,361.930820983,100,65.2666666667,0.285761175912,347.642762187,180.965410491,166.677351696,157.228863591,190.413898596,8.58816095908e-08
3.609e-06,308.205297105,100,65.3,-0.0413192190815,310.271258059,154.102648552,156.168609507,140.94111185,169.330146209,8.60141456076e-08
3.61e-06,235.11410091,100,65.3333333333,-0.479579531821,259.093077501,117.557050455,141.536027046,118.90194011,140.191137391,8.57618334018e-08
3.611e-06,147.249821066,100,65.3666666667,-0.999713411394,197.235491636,73.624910533,123.610581103,92.5281485363,104.707343099,8.50276382121e-08
3.612e-06,50.1332934173,100,65.4,-1.56731008697,128.498797766,25.0666467087,103.432151057,63.507772012,64.9910257536,8.37465527206e-08
3.613e-06,-50.1332934341,100,65.4333333333,-2.14501750724,57.1175819278,-25.066646717,82.1842286448,33.6939452074,23.4236367203,8.18896411386e-08
3.614e-06,-147.249821082,100,65.4666666667,-2.69488937381,-12.5053523912,-73.6249105408,61.1195581496,4.98843943713,-17.4937918284,7.94658162552e-08
3.615e-06,-235.114100924,100,65.5,-3.18076856641,-76.0756726031,-117.557050462,41.4813778588,-20.7778089571,-55.297863646,7.6521238727e-08
3.616e-06,-308.205297116,100,65.5333333333,-3.57055723124,-129.677435553,-154.102648558,24.4252130044,-41.9596729163,-87.7177626372,7.31363772918e-08
3.617e-06,-361.93082099,100,65.5666666667,-3.8382309829,-170.019271845,-180.965410495,10.9461386499,-57.2010913959,-112.818180449,6.94209154981e-08
3.618e-06,-392.914900293,100,65.6,-3.96547080103,-194.641360242,-196.457450146,1.81608990476,-65.5201271799,-129.121233062,6.55068257427e-08
3.619e-06,-399.210691371,100,65.6333333333,-3.94281026785,-202.070177978,-199.605345685,-2.46483229265,-66.3704901937,-135.699687784,6.1540046398e-08
3.62e-06,-380.422606515,100,65.6666666667,-3.77022627746,-191.911292642,-190.211303258,-1.69998938458,-59.6756711829,-132.235621459,5.76712853804e-08
3.621e-06,-337.731170196,100,65.7,-3.4571363346,-164.874353466,-168.865585098,3.99123163196,-45.8335526406,-119.040800826,5.40465281789e-08
3.622e-06,-273.818842365,100,65.7333333333,-3.02180285051,-122.72869984,-136.909421183,14.1807213428,-25.6912191803,-97.0374806595,5.07978466903e-08
3.623e-06,-192.701469633,100,65.7666666667,-2.49018209225,-68.1923650209,-96.3507348166,28.1583697957,-0.491561573989,-67.7008034469,4.80350860765e-08
3.624e-06,-99.4759548577,100,65.8,-1.89429031089,-4.76143931306,-49.7379774288,44.9765381158,28.204960193,-32.9663995061,4.58389514753e-08
3.625e-06,8.53769609605e-09,100,65.8333333333,-1.27018987312,63.5094936646,4.26884912482e-09,63.5094936603,58.6184704708,4.89102319375,4.42559282538e-08
3.626e-06,99.4759548742,100,65.8666666667,-0.655722048828,132.262057316,49.7379774371,82.5240798785,88.8615746332,43.4004826823,4.32953541492e-08
3.627e-06,192.701469648,100,65.9,-0.0881289705059,197.107918173,96.3507348241,100.757183349,117.057964646,80.0499535277,4.2928826342e-08
3.628e-06,273.818842378,100,65.9333333333,0.39828581537,253.904551609,136.909421189,116.99513042,141.460280651,112.444270958,4.30919797656e-08
3.629e-06,337.731170205,100,65.9666666667,0.774311268641,299.015606773,168.865585103,130.150021671,160.559825429,138.455781344,4.36885239946e-08
3.63e-06,380.422606521,100,66,1.01766202383,329.539505329,190.21130326,139.328202069,173.181243304,156.358262025,4.4596284226e-08
3.631e-06,399.210691372,100,66.0333333333,1.11437578498,343.491902123,199.605345686,143.886556437,178.55622229,164.935679833,4.56748660824e-08
3.632e-06,392.91490029,100,66.0666666667,1.05968734437,339.930533071,196.457450145,143.473082926,176.371598279,163.558934793,4.67744621207e-08
3.633e-06,361.930820983,100,66.1,0.858324533253,319.01459432,180.965410491,138.049183829,166.788849865,152.225744456,4.77452464037e-08
3.634e-06,308.205297105,100,66.1333333333,0.524207745741,281.994909818,154.102648552,127.892261265,150.433770676,131.561139142,4.84467667783e-08
3.635e-06,235.11410091,100,66.1666666667,0.0795721487213,231.135493474,117.557050455,113.578443019,128.356979876,102.778513598,4.8756744879e-08
3.636e-06,147.249821066,100,66.2,-0.446432053171,169.571423724,73.6249105329,95.9465131915,101.967763002,67.6036607224,4.85787313212e-08
3.637e-06,50.1332934172,100,66.2333333333,-1.01957316485,101.11195166,25.0666467086,76.0453049512,72.945409595,28.1665420648,4.78481356751e-08
3.638e-06,-50.1332934343,100,66.2666666667,-1.60269001305,30.0012072181,-25.0666467171,55.0678539352,43.1336258946,-13.1324186766,4.6536253094e-08
3.639e-06,-147.249821082,100,66.3,-2.15802711807,-39.3484651785,-73.6249105409,34.2764453625,14.4246618272,-53.7731270056,4.46520354612e-08
3.64e-06,-235.114100924,100,66.3333333333,-2.64960626853,-102.633787497,-117.557050462,14.9232629645,-11.3595650782,-91.2742224193,4.22414966966e-08
3.641e-06,-308.205297116,100,66.3666666667,-3.04548551443,-155.931021394,-154.102648558,-1.82837283659,-32.5818804611,-123.349140933,3.93847905204e-08
3.642e-06,-361.93082099,100,66.4,-3.31976372527,-195.942634726,-180.965410495,-14.9772242315,-47.8926136845,-148.050021042,3.6191145158e-08
3.643e-06,-392.914900293,100,66.4333333333,-3.45420489883,-220.204655352,-196.457450147,-23.7472052052,-56.3142579343,-163.890397417,3.2791974014e-08
3.644e-06,-399.210691371,100,66.4666666667,-3.43938034149,-227.241674296,-199.605345685,-27.6363286109,-57.3027191793,-169.938955117,2.93325957904e-08
3.645e-06,-380.422606515,100,66.5,-3.27525716678,-216.659748176,-190.211303258,-26.4484449188,-50.7813159882,-165.878432188,2.59630847013e-08
3.646e-06,-337.731170196,100,66.5333333333,-2.9711963663,-189.171351881,-168.865585098,-20.305766783,-37.1454053807,-152.0259465,2.28288258688e-08
3.647e-06,-273.818842365,100,66.5666666667,-2.54536080982,-146.550801874,-136.909421183,-9.64138069171,-17.2373558528,-129.313446021,2.0061369276e-08
3.648e-06,-192.701469633,100,66.6,-2.02357059598,-91.5229398341,-96.3507348165,4.82779498242,7.70654853247,-99.2294883666,1.77701566628e-08
3.649e-06,-99.4759548575,100,66.6333333333,-1.43767787501,-27.5920611072,-49.7379774288,22.1459163216,36.1339265926,-63.7259876997,1.60356406858e-08
3.65e-06,8.69937068707e-09,100,66.6666666667,-0.823563420012,41.1781710093,4.34968566821e-09,41.1781710049,66.2739430015,-25.0957719922,1.49042280043e-08
3.651e-06,99.4759548744,100,66.7,-0.218880942728,110.420002011,49.7379774372,60.6820245736,96.248634469,14.1713675418,1.43853632109e-08
3.652e-06,192.701469648,100,66.7333333333,0.339309055434,175.736016877,96.3507348241,79.3852820524,124.190920733,51.5450961438,1.44509359222e-08
3.653e-06,273.818842378,100,66.7666666667,0.816867223757,232.97548119,136.909421189,96.066060001,148.36188486,84.6135963295,1.5037047345e-08
3.654e-06,337.731170205,100,66.8,1.18471888003,278.495226204,168.865585103,109.629641101,167.259956205,111.235269999,1.60480244069e-08
3.655e-06,380.422606521,100,66.8333333333,1.42067853449,309.388679796,190.21130326,119.177376536,179.715140928,129.673538868,1.73624284064e-08
3.656e-06,399.210691372,100,66.8666666667,1.51084093983,323.66864438,199.605345686,124.063298694,184.962386967,138.706257413,1.88406799513e-08
3.657e-06,392.91490029,100,66.9,1.45045146102,320.392327239,196.457450145,123.934877094,182.68948334,137.702843899,2.03338205784e-08
3.658e-06,361.930820983,100,66.9333333333,1.24420130023,299.720755971,180.965410491,118.75534548,173.056495131,126.66426084,2.16928602387e-08
3.659e-06,308.205297105,100,66.9666666667,0.905929261217,262.908834044,154.102648552,108.806185491,156.685524686,106.223309358,2.27781232494e-08
3.66e-06,235.11410091,100,67,0.45774902276,212.226649772,117.557050455,94.6695993169,134.62145396,77.6051958121,2.34680056436e-08
3.661e-06,147.249821066,100,67.0333333333,-0.0713430298172,150.816972557,73.6249105328,77.1920620237,108.266145538,42.5508270182,2.36665940585e-08
3.662e-06,50.133293417,100,67.0666666667,-0.647291759701,82.497881402,25.0666467085,57.4312346936,79.2902460292,3.20763537289,2.33096680284e-08
3.663e-06,-50.1332934344,100,67.1,-1.23312427685,11.5229204082,-25.0666467172,36.5895671254,49.5281408029,-38.0052203947,2.23687092911e-08
3.664e-06,-147.249821082,100,67.1333333333,-1.79127336682,-57.6861527413,-73.624910541,15.9387577998,20.8626651842,-78.5488179255,2.085266705e-08
3.665e-06,-235.114100924,100,67.1666666667,-2.28593733153,-120.817234348,-117.557050462,-3.26018388568,-4.89318197711,-115.924052371,1.88073691985e-08
3.666e-06,-308.205297116,100,67.2,-2.68532799442,-173.938897395,-154.102648558,-19.8362488367,-26.1100910109,-147.828806384,1.63126174208e-08
3.667e-06,-361.93082099,100,67.2333333333,-2.96366570594,-213.747535693,-180.965410495,-32.7821251982,-41.4447105169,-172.302825176,1.34771495597e-08
3.668e-06,-392.914900293,100,67.2666666667,-3.10279613368,-237.775093609,-196.457450147,-41.3176434626,-49.9239134172,-187.851180192,1.04317865334e-08
3.669e-06,-399.210691371,100,67.3,-3.09332742894,-244.544319924,-199.605345685,-44.9389742383,-51.0057739488,-193.538545975,7.32119499648e-09
3.67e-06,-380.422606515,100,67.3333333333,-2.93521652878,-233.661780076,-190.211303258,-43.4504768184,-44.613434579,-189.048345497,4.29478372055e-09
3.671e-06,-337.731170196,100,67.3666666667,-2.63776798385,-205.842771004,-168.865585098,-36.9771859056,-31.1397462522,-174.703024751,1.49730588024e-09
3.672e-06,-273.818842365,100,67.4,-2.2190456186,-162.866561435,-136.909421182,-25.9571402524,-11.4224020923,-151.444159343,-9.40242324417e-10
3.673e-06,-192.701469633,100,67.4333333333,-1.70473421353,-107.464758956,-96.3507348164,-11.1140241398,13.3088617606,-120.773620717,-2.90885512554e-09
3.674e-06,-99.4759548573,100,67.4666666667,-1.12652293077,-43.1498083188,-49.7379774287,6.5881691099,41.5096705179,-84.6594788367,-4.32836588701e-09
3.675e-06,8.90652001312e-09,100,67.5,-0.520112217908,26.0056109043,4.45325957911e-09,26.0056108999,71.4181484063,-45.412537502,-5.15248139657e-09
3.676e-06,99.4759548746,100,67.5333333333,0.077030464479,95.6244316506,49.7379774373,45.8864542133,101.165680102,-5.54124845178,-5.37168624313e-09
3.677e-06,192.701469648,100,67.5666666667,0.628025018108,161.300218743,96.3507348242,64.9494839188,128.894333062,32.4058856815,-5.0138356877e-09
3.678e-06,273.818842378,100,67.6,1.09889525144,218.874079806,136.909421189,81.9646586169,152.873562219,66.0005175866,-4.14240070542e-09
3.679e-06,337.731170206,100,67.6333333333,1.46070209463,264.696065474,168.865585103,95.8304803715,171.608866547,93.0871989277,-2.85247636944e-09
3.68e-06,380.422606521,100,67.6666666667,1.69135955975,295.854628533,190.21130326,105.643325273,183.935575388,111.919053145,-1.26480519892e-09
3.681e-06,399.210691372,100,67.7,1.77701950257,310.359716243,199.605345686,110.754370557,189.091879287,121.267836957,4.81808316239e-10
3.682e-06,392.91490029,100,67.7333333333,1.71293837277,307.267981651,196.457450145,110.810531506,186.766526085,120.501455567,2.23921489235e-09
3.683e-06,361.930820983,100,67.7666666667,1.50377171294,286.742235335,180.965410491,105.776824844,177.118196302,109.624039033,3.85922130976e-09
3.684e-06,308.205297105,100,67.8,1.16327813405,250.041390402,154.102648552,95.9387418497,160.765351945,89.2760384573,5.2028904843e-09
3.685e-06,235.11410091,100,67.8333333333,0.713451595803,199.44152112,117.557050455,81.8844706647,138.747208073,60.6943130466,6.14925656563e-09
3.686e-06,147.249821065,100,67.8666666667,0.183136724196,138.092984856,73.6249105327,64.4680743229,112.458290136,25.6346947198,6.60290785214e-09
3.687e-06,50.1332934168,100,67.9,-0.393785650391,69.8225759363,25.0666467084,44.7559292279,83.5606983039,-13.7381223676,6.49996164698e-09
3.688e-06,-50.1332934347,100,67.9333333333,-0.980528589002,-1.10686398456,-25.0666467173,23.9597827328,53.8795987389,-54.9864627235,5.81205637803e-09
3.689e-06,-147.249821082,100,67.9666666667,-1.53971084687,-70.2642787387,-73.6249105411,3.36063180246,25.2885131559,-95.5527918945,4.54811099892e-09
3.69e-06,-235.114100924,100,68,-2.03570509531,-133.328846159,-117.557050462,-15.7717956967,-0.408383747896,-132.920462411,2.75374203499e-09
3.691e-06,-308.205297116,100,68.0333333333,-2.43687504458,-186.361544887,-154.102648558,-32.2588963288,-21.5895643208,-164.771980566,5.08375816927e-10
3.692e-06,-361.93082099,100,68.0666666667,-2.71756098675,-226.052771652,-180.965410495,-45.0873611574,-36.9179302343,-189.134841418,-2.07976179322e-09
3.693e-06,-392.914900293,100,68.1,-2.85968913581,-249.930443503,-196.457450147,-53.4729933562,-45.4246881031,-204.5057554,-4.88046262562e-09
3.694e-06,-399.210691371,100,68.1333333333,-2.853903823,-256.515500221,-199.605345685,-56.9101545353,-46.5700568694,-209.945443351,-7.7497314387e-09
3.695e-06,-380.422606515,100,68.1666666667,-2.70015161694,-245.415025668,-190.211303258,-55.2037224108,-40.2770027669,-205.138022901,-1.05388438402e-08
3.696e-06,-337.731170196,100,68.2,-2.40768089327,-217.347125532,-168.865585098,-48.4815404345,-26.935893453,-190.411232079,-1.31036975793e-08
3.697e-06,-273.818842365,100,68.2333333333,-1.99445711193,-174.095986768,-136.909421182,-37.1865655858,-7.37979044341,-166.716196325,-1.53138696937e-08
3.698e-06,-192.701469633,100,68.2666666667,-1.48603076195,-118.399931535,-96.3507348164,-22.049196719,17.1680565515,-135.567988087,-1.70608107023e-08
3.699e-06,-99.4759548571,100,68.3,-0.913929299992,-53.7794898576,-49.7379774286,-4.041512429,45.1712042667,-98.9506941243,-1.82646614674e-08
3.7e-06,9.1107693729e-09,100,68.3333333333,-0.313674281103,15.6837140642,4.55538439506e-09,15.6837140597,74.8766534105,-59.1929393462,-1.88792650688e-08
3.701e-06,99.4759548748,100,68.3666666667,0.277451616495,85.60337405,49.7379774374,35.8653966126,104.425051034,-18.8216769836,-1.88950595823e-08
3.702e-06,192.701469649,100,68.4,0.822747309231,151.564104187,96.3507348243,55.2133693628,131.967530016,19.5965741707,-1.83396708903e-08
3.703e-06,273.818842378,100,68.4333333333,1.28839856738,209.398914009,136.909421189,72.4894928199,155.781843772,53.6170702374,-1.72761691953e-08
3.704e-06,337.731170206,100,68.4666666667,1.64560102531,255.45111894,168.865585103,86.5855338372,174.380501427,81.0706175129,-1.57990996767e-08
3.705e-06,380.422606521,100,68.5,1.87236765749,286.804223646,190.21130326,96.5929203857,186.604114121,100.200109525,-1.40285375067e-08
3.706e-06,399.210691372,100,68.5333333333,1.95490730796,301.465325974,199.605345686,101.859980288,191.694094679,109.771231295,-1.21025414386e-08
3.707e-06,392.91490029,100,68.5666666667,1.88848784973,298.490507803,196.457450145,102.033057658,189.340152171,109.150355633,-1.01684806318e-08
3.708e-06,361.930820982,100,68.6,1.67772995786,278.044323089,180.965410491,97.0789125981,179.69960791,98.3447151789,-8.37377996524e-09
3.709e-06,308.205297104,100,68.6333333333,1.33631326715,241.389633747,154.102648552,87.2869851948,163.387330655,78.0023030921,-6.85666540491e-09
3.71e-06,235.11410091,100,68.6666666667,0.886113603597,190.80842073,117.557050455,73.2513702749,141.4369348,49.3714859292,-5.73749075889e-09
3.711e-06,147.249821065,100,68.7,0.355825708802,129.458535625,73.6249105327,55.8336250925,115.235690238,14.222845387,-5.11119040385e-09
3.712e-06,50.1332934166,100,68.7333333333,-0.220841826481,61.1753847407,25.0666467083,36.1087380324,86.4372428636,-25.2618581229,-5.04133162474e-09
3.713e-06,-50.1332934348,100,68.7666666667,-0.80728586556,-9.7690001568,-25.0666467174,15.2976465606,56.8576369506,-66.6266371074,-5.55613954284e-09
3.714e-06,-147.249821082,100,68.8,-1.36630901778,-78.9343701931,-73.6249105412,-5.30945965194,28.3611773347,-107.295547528,-6.64674355211e-09
3.715e-06,-235.114100924,100,68.8333333333,-1.86245635481,-141.991283184,-117.557050462,-24.4342327215,2.74330498865,-144.734588172,-8.26775454134e-09
3.716e-06,-308.205297116,100,68.8666666667,-2.2642417556,-194.993209336,-154.102648558,-40.8905607779,-18.3821556442,-176.611053692,-1.03401357279e-08
3.717e-06,-361.93082099,100,68.9,-2.54612407528,-234.624617226,-180.965410495,-53.659206731,-33.6842966991,-200.940320527,-1.27561858701e-08
3.718e-06,-392.914900293,100,68.9333333333,-2.69010910287,-258.40944515,-196.457450147,-61.9519950032,-42.1986156464,-216.210829503,-1.53863210062e-08
3.719e-06,-399.210691371,100,68.9666666667,-2.68687682772,-264.866849985,-199.605345685,-65.2615042992,-43.3874553954,-221.479394589,-1.80872280186e-08
3.72e-06,-380.422606515,100,69,-2.53636339187,-253.604436921,-190.211303258,-63.3931336639,-37.1736082514,-216.43082867,-2.07108773155e-08
3.721e-06,-337.731170196,100,69.0333333333,-2.24776138708,-225.343100842,-168.865585098,-56.4775157438,-23.944983434,-201.398117408,-2.31138281597e-08
3.722e-06,-273.818842365,100,69.0666666667,-1.83893870658,-181.871907036,-136.909421182,-44.9624858534,-4.53005633675,-177.341850699,-2.51662420157e-08
3.723e-06,-192.701469633,100,69.1,-1.33531268482,-125.935835392,-96.3507348163,-29.5851005754,19.8543468331,-145.790182225,-2.67600378519e-08
3.724e-06,-99.4759548569,100,69.1333333333,-0.768250460393,-61.0634318373,-49.7379774285,-11.3254544088,47.6796382492,-108.743070086,-2.78156774623e-08
3.725e-06,9.27244396392e-09,100,69.1666666667,-0.173096229675,8.65481149301,4.63622182663e-09,8.65481148838,77.2016109554,-68.5467994624,-2.82871551216e-08
3.726e-06,99.4759548749,100,69.2,0.413050543823,78.8234276838,49.7379774375,29.0854502463,106.570087763,-27.7466600794,-2.8164878856e-08
3.727e-06,192.701469649,100,69.2333333333,0.953666304342,145.018154432,96.3507348244,48.6674196073,133.945183633,11.0729707991,-2.74762631691e-08
3.728e-06,273.818842378,100,69.2666666667,1.41509748684,203.063968036,136.909421189,66.1545468469,157.612875897,45.4510921395,-2.62839968913e-08
3.729e-06,337.731170206,100,69.3,1.76867341927,249.297499242,168.865585103,80.4319141395,176.092623028,73.2048762143,-2.46820958705e-08
3.73e-06,380.422606521,100,69.3333333333,1.99250539275,280.797336883,190.21130326,90.5860336229,188.230274974,92.5670619094,-2.27899893273e-08
3.731e-06,399.210691372,100,69.3666666667,2.07285901391,295.567740676,199.605345686,95.9623949904,193.270444639,102.297296038,-2.07450121136e-08
3.732e-06,392.91490029,100,69.4,2.00501380192,292.664210194,196.457450145,96.2067600489,190.903802545,101.760407649,-1.86937751021e-08
3.733e-06,361.930820982,100,69.4333333333,1.79355623569,272.253009198,180.965410491,91.2875987069,181.286333674,90.9666755239,-1.67829562203e-08
3.734e-06,308.205297104,100,69.4666666667,1.45208806543,235.600893833,154.102648552,81.4982452805,165.029357861,70.5715359713,-1.51500908204e-08
3.735e-06,235.114100909,100,69.5,1.00236844036,184.995678891,117.557050455,67.4386284368,143.160952072,41.8347268198,-1.39149398925e-08
3.736e-06,147.249821065,100,69.5333333333,0.472943961824,123.602622974,73.6249105326,49.9777124414,117.061209039,6.54141393532,-1.31719781051e-08
3.737e-06,50.1332934164,100,69.5666666667,-0.102647083754,55.2656476041,25.0666467082,30.1990008959,88.3754092626,-33.1097616585,-1.29844730993e-08
3.738e-06,-50.133293435,100,69.6,-0.68798334384,-15.734126243,-25.0666467175,9.33252047447,58.9105691441,-74.6446953871,-1.33805273279e-08
3.739e-06,-147.249821083,100,69.6333333333,-1.24604929452,-84.9473563567,-73.6249105413,-11.3224458154,30.5218701229,-115.46922648,-1.43513303024e-08
3.74e-06,-235.114100925,100,69.6666666667,-1.74156056286,-148.036072782,-117.557050462,-30.4790223192,4.9961067718,-153.032179553,-1.58517301703e-08
3.741e-06,-308.205297116,100,69.7,-2.14317959686,-201.046317273,-154.102648558,-46.9436687152,-16.0605237488,-184.985793524,-1.78030878117e-08
3.742e-06,-361.93082099,100,69.7333333333,-2.42548254787,-240.656693597,-180.965410495,-59.6912831018,-31.3232440332,-209.333449564,-2.00982332796e-08
3.743e-06,-392.914900293,100,69.7666666667,-2.57055391263,-264.387204662,-196.457450147,-67.9297545152,-39.8318018433,-224.555402819,-2.26082124238e-08
3.744e-06,-399.210691371,100,69.8,-2.5691089126,-270.755245741,-199.605345685,-71.1499000553,-41.0506452322,-229.704600508,-2.51903992045e-08
3.745e-06,-380.422606515,100,69.8333333333,-2.42107329274,-259.368941878,-190.211303258,-69.1576386206,-34.9023964299,-224.466545448,-2.76974635859e-08
3.746e-06,-337.731170196,100,69.8666666667,-2.13558433171,-230.95195361,-168.865585098,-62.0863685125,-21.772532262,-209.179421348,-2.99866313532e-08
3.747e-06,-273.818842365,100,69.9,-1.73041322639,-187.298181045,-136.909421182,-50.3887598629,-2.48498835962,-184.813192686,-3.19286540806e-08
3.748e-06,-192.701469632,100,69.9333333333,-1.23084536004,-131.15920163,-96.3507348162,-34.8084668141,21.7497690414,-152.908970672,-3.34159259131e-08
3.749e-06,-99.4759548567,100,69.9666666667,-0.668089002336,-66.07150474,-49.7379774284,-16.3335273116,49.4109310646,-115.482435805,-3.43692376372e-08
3.75e-06,9.47669332371e-09,99.9999999991,69.9999999999,-0.0773125835622,3.86562918759,4.73834664258e-09,3.86562918285,78.7629986641,-74.8973694766,-3.47427443136e-08
3.751e-06,99.4759548751,89.9999999991,69.0799999999,0.566107243723,71.170592689,49.7379774376,21.4326152514,101.057070607,-29.8864779177,-3.4496583157e-08
3.752e-06,192.701469649,79.9999999991,68.1599999999,1.1700804259,134.197448354,96.3507348245,37.8467135293,121.69217034,12.5052780135,-3.3623701908e-08
3.753e-06,273.818842378,69.9999999991,67.2399999999,1.69978419946,188.829632405,136.909421189,51.9202112162,138.898596544,49.931035861,-3.21812268552e-08
3.754e-06,337.731170206,59.9999999991,66.3199999999,2.12469341199,231.496499606,168.865585103,62.6309145036,151.105102983,80.391396623,-3.02591352299e-08
3.755e-06,380.422606521,49.9999999991,65.3999999999,2.4205560204,259.394805501,190.21130326,69.1835022403,157.040329169,102.354476332,-2.79749437011e-08
3.756e-06,399.210691372,39.9999999991,64.4799999999,2.57099457579,270.660962583,199.605345686,71.0556168966,155.816429498,114.844533085,-2.54665985809e-08
3.757e-06,392.91490029,29.9999999991,63.5599999999,2.56862858553,264.483471013,196.457450145,68.0260208684,146.989431044,117.494039969,-2.28839964633e-08
3.758e-06,361.930820982,19.9999999991,62.6399999999,2.41564165521,241.148738222,180.965410491,60.1833277308,130.592255196,110.556483026,-2.03796551277e-08
3.759e-06,308.205297104,9.99999999906,61.7199999999,2.123751434,202.017725404,154.102648552,47.9150768521,107.138014739,94.8797106654,-1.80991139205e-08
3.76e-06,235.114100909,-9.45607026275e-10,60.7999999999,1.71357753033,149.435224393,117.557050455,31.8781739381,77.5930433222,71.8421810705,-1.61716663867e-08
3.761e-06,147.249821065,-10.0000000009,59.8799999999,1.21344042748,86.5777996908,73.6249105325,12.9528891583,43.3210144772,43.2567852136,-1.4702013792e-08
3.762e-06,50.1332934162,-20.0000000009,58.9599999999,0.657660640496,17.2502613914,25.0666467081,-7.8163853167,6.00134362465,11.2489177668,-1.37633767984e-08
3.763e-06,-50.1332934352,-30.0000000009,58.0399999999,0.0844596209181,-54.3562744811,-25.0666467176,-29.2896277635,-32.4732773399,-21.8829971412,-1.33925167697e-08
3.764e-06,-147.249821083,-40.0000000009,57.1199999999,-0.466409837481,-123.929329209,-73.6249105414,-50.3044186673,-70.1139933584,-53.8153358504,-1.35870029668e-08
3.765e-06,-235.114100925,-50.0000000009,56.1999999999,-0.956157429306,-187.306229459,-117.557050462,-69.749178997,-104.96033356,-82.3458958999,-1.43049241865e-08
3.766e-06,-308.205297116,-60.000000001,55.2799999999,-1.34941762081,-240.734416076,-154.102648558,-86.6317675176,-135.204426833,-105.529989243,-1.54670915823e-08
3.767e-06,-361.93082099,-70.000000001,54.3599999999,-1.61652477176,-281.104582402,-180.965410495,-100.139171907,-159.307050033,-121.797532369,-1.69616228882e-08
3.768e-06,-392.914900293,-80.000000001,53.4399999999,-1.7354554433,-306.142128128,-196.457450147,-109.684677981,-176.098095581,-130.044032547,-1.86506468287e-08
3.769e-06,-399.210691371,-90.000000001,52.5199999999,-1.69331148076,-314.545117333,-199.605345685,-114.939771647,-184.854938904,-129.690178429,-2.03787297296e-08
3.77e-06,-380.422606515,-100.000000001,51.5999999999,-1.48724488097,-306.060362466,-190.211303258,-115.849059209,-185.353500561,-120.706861905,-2.19825130236e-08
3.771e-06,-337.731170196,-110.000000001,50.6799999999,-1.12475942734,-281.493198828,-168.865585098,-112.627613731,-177.888455305,-103.604743524,-2.3300967873e-08
3.772e-06,-273.818842364,-120.000000001,49.7599999999,-0.623362544624,-242.650715133,-136.909421182,-105.741293951,-163.260940768,-79.3897743649,-2.41856270722e-08
3.773e-06,-192.701469632,-130.000000001,48.8399999999,-0.00958142608969,-192.222398328,-96.3507348161,-95.8716635116,-142.73414534,-49.4882529879,-2.45101480688e-08
3.774e-06,-99.4759548566,-140.000000001,47.9199999999,0.68260230694,-133.606070204,-49.7379774283,-83.8680927753,-117.959182274,-15.64688793,-2.41785952393e-08
3.775e-06,9.63836791474e-09,-150.000000001,46.9999999999,1.41380787087,-70.6903935338,4.81918407416e-09,-70.6903935387,-90.8755578589,20.185164325,-2.31319028029e-08
3.776e-06,99.4759548753,-160.000000001,46.0799999999,2.14167698818,-7.6078945336,49.7379774376,-57.3458719712,-63.5921945034,55.9842999698,-2.13520878226e-08
3.777e-06,192.701469649,-170.000000001,45.1599999999,2.82351383162,51.5257780683,96.3507348246,-44.8249567563,-38.2562680496,89.7820461179,-1.88639192588e-08
3.778e-06,273.818842378,-180.000000001,44.2399999999,3.41897952578,102.869866089,136.909421189,-34.0395551,-16.9179765956,119.787842685,-1.57339057677e-08
3.779e-06,337.731170206,-190.000000001,43.3199999999,3.89267199894,143.097570259,168.865585103,-25.768014844,-1.39971619013,144.497286449,-1.20666322723e-08
3.78e-06,380.422606521,-200.000000001,42.3999999999,4.21642706268,169.601253387,190.21130326,-20.6100498735,6.82203169236,162.779221695,-7.99864288128e-09
3.781e-06,399.210691372,-210.000000001,41.4799999999,4.37119206791,180.651087976,199.605345686,-18.9542577096,6.71449091561,173.936597061,-3.69022495792e-09
3.782e-06,392.91490029,-220.000000001,40.5599999999,4.34834850146,175.497475217,196.457450145,-20.9599749281,-2.24036794289,177.73784316,6.84413970454e-10
3.783e-06,361.930820982,-230.000000001,39.6399999999,4.15039299807,154.411171079,180.965410491,-26.5542394125,-20.0063615508,174.417532629,4.94797709313e-09
3.784e-06,308.205297104,-240.000000001,38.7199999999,3.79092547131,118.659023538,154.102648552,-35.4436250135,-45.9881032904,164.647126829,8.93124629001e-09
3.785e-06,235.114100909,-250.000000001,37.7999999999,3.29393602832,70.4172994933,117.557050455,-47.1397509612,-79.0612553435,149.478554837,1.24838864834e-08
3.786e-06,147.249821065,-260.000000001,36.8799999999,2.69242637827,12.6285021515,73.6249105324,-60.9964083809,-117.636581406,130.265083557,1.54841993636e-08
3.787e-06,50.133293416,-270.000000001,35.9599999999,2.02644382047,-51.1888976072,25.066646708,-76.2555443153,-159.75421066,108.565313053,1.78471966347e-08
3.788e-06,-50.1332934354,-280.000000001,35.0399999999,1.34064392273,-117.165489572,-25.0666467177,-92.0988428542,-203.202573616,86.0370840446,1.95304604961e-08
3.789e-06,-147.249821083,-290.000000001,34.1199999999,0.681529229603,-181.326282563,-73.6249105415,-107.701372022,-245.654842792,64.328560229,2.05373914575e-08
3.79e-06,-235.114100925,-300.000000001,33.1999999999,0.0945337219275,-239.840787021,-117.557050462,-122.283736559,-284.814512442,44.9737254203,2.09176029262e-08
3.791e-06,-308.205297116,-310.000000001,32.2799999999,-0.378865238352,-289.262035199,-154.102648558,-135.159386641,-318.561062596,29.2990273969,2.07643986454e-08
3.792e-06,-361.930820991,-320.000000001,31.3599999999,-0.703824994742,-326.739571253,-180.965410495,-145.774160758,-345.086523674,18.3469524207,2.02094521279e-08
3.793e-06,-392.914900293,-330.000000001,30.4399999999,-0.854433943131,-350.193203137,-196.457450147,-153.73575299,-363.014204508,12.8210013709,1.94149852999e-08
3.794e-06,-399.210691371,-340.000000001,29.5199999999,-0.815476025629,-358.436890089,-199.605345685,-158.831544404,-371.491848588,13.0549584993,1.85639053879e-08
3.795e-06,-380.422606515,-350.000000001,28.5999999999,-0.583544650915,-351.245373969,-190.211303257,-161.034070712,-370.252985428,19.0076114588,1.78484942374e-08
3.796e-06,-337.731170195,-360.000000001,27.6799999999,-0.167426612907,-329.35983955,-168.865585098,-160.494254452,-359.642158698,30.2823191479,1.74583438966e-08
3.797e-06,-273.818842364,-370.000000001,26.7599999999,0.412278585409,-294.432771635,-136.909421182,-157.523350453,-340.6019259,46.1691542657,1.75682896601e-08
3.798e-06,-192.701469632,-380.000000001,25.8399999999,1.12429095464,-248.916017364,-96.350734816,-152.565282548,-314.621900941,65.7058835773,1.83271026547e-08
3.799e-06,-99.4759548564,-390.000000001,24.9199999999,1.92847324181,-195.899616947,-49.7379774282,-146.161639519,-283.652504355,87.7528874079,1.98476671111e-08
3.8e-06,9.84261727458e-09,-400,24,2.77824023485,-138.912011733,4.92130800196e-09,-138.912011738,-249.98834608,111.076334347,2.21992843552e-08
3.801e-06,99.4759548755,-400,24.006,3.51676974765,-76.3625325069,49.7379774377,-126.100509945,-211.486431508,135.123899001,2.53501622195e-08
3.802e-06,192.701469649,-400,24.012,4.19050992635,-16.8240266682,96.3507348246,-113.174761493,-175.86891315,159.044886482,2.92111810651e-08
3.803e-06,273.818842379,-400,24.018,4.75401110128,36.1182873145,136.909421189,-100.791133875,-145.452266212,181.570553526,3.36943574479e-08
3.804e-06,337.731170206,-400,24.024,5.16881682742,79.2903288353,168.865585103,-89.5752562678,-122.224392229,201.514721064,3.86695328011e-08
3.805e-06,380.422606521,-400,24.03,5.40587812172,110.128700435,190.211303261,-80.0826028254,-107.719785297,217.848485732,4.39726172337e-08
3.806e-06,399.210691372,-400,24.036,5.44737643501,126.841869622,199.605345686,-72.7634760644,-102.923196674,229.765066295,4.94159631518e-08
3.807e-06,392.91490029,-400,24.042,5.28784087961,128.522856309,196.457450145,-67.9345938358,-108.207847639,236.730703948,5.48002167603e-08
3.808e-06,361.930820982,-400,24.048,4.93448958625,115.20634167,180.965410491,-65.7590688213,-123.31206933,238.518411,5.9926902715e-08
3.809e-06,308.205297104,-400,24.054,4.40677381711,87.8666062483,154.102648552,-66.2360423037,-147.355833545,235.222439793,6.46109511983e-08
3.81e-06,235.114100909,-400,24.06,3.73515355418,48.3564232,117.557050454,-69.2006272545,-178.896132096,227.252555296,6.8692380391e-08
3.811e-06,147.249821065,-400,24.066,2.95918156424,-0.709257147267,73.6249105323,-74.3341676796,-216.017721565,215.308464418,7.20464004464e-08
3.812e-06,50.1332934158,-400,24.072,2.12501638249,-56.1175257085,25.0666467079,-81.1841724164,-256.453528714,200.336003006,7.45913043232e-08
3.813e-06,-50.1332934356,-400,24.078,1.28252052508,-114.25931969,-25.0666467178,-89.1926729719,-297.727148775,183.467829085,7.62936499413e-08
3.814e-06,-147.249821083,-400,24.084,0.482126285707,-171.356135368,-73.6249105415,-97.7312248269,-337.308481538,165.95234617,7.71704083525e-08
3.815e-06,-235.114100925,-400,24.09,-0.228333944005,-223.697403725,-117.557050462,-106.140353262,-372.772725563,149.075321838,7.72879432746e-08
3.816e-06,-308.205297117,-400,24.096,-0.806633680243,-267.873613104,-154.102648558,-113.770964546,-401.952740799,134.079127694,7.67578864268e-08
3.817e-06,-361.930820991,-400,24.102,-1.21880583169,-300.990529406,-180.965410495,-120.025118911,-423.075207518,122.084678112,7.57301681334e-08
3.818e-06,-392.914900293,-400,24.108,-1.44127698226,-320.851051181,-196.457450147,-124.393601034,-434.872028429,114.020977248,7.43836413682e-08
3.819e-06,-399.210691371,-400,24.114,-1.46234842798,-326.093269972,-199.605345685,-126.487924286,-436.659977115,110.566707143,7.29148885677e-08
3.82e-06,-380.422606515,-400,24.12,-1.28293097948,-316.276057541,-190.211303257,-126.064754283,-428.383591642,112.107534102,7.15259146634e-08
3.821e-06,-337.731170195,-400,24.126,-0.91648743546,-291.906798422,-168.865585098,-123.041213325,-410.618621929,118.711823507,7.04114996874e-08
3.822e-06,-273.818842364,-400,24.132,-0.388186417892,-254.409521469,-136.909421182,-117.500100287,-384.535818082,130.126296613,6.97470056247e-08
3.823e-06,-192.701469632,-400,24.138,0.266679191357,-206.0354292,-96.3507348159,-109.684694384,-351.82733865,145.79190945,6.96774035646e-08
3.824e-06,-99.4759548562,-400,24.144,1.00490977402,-149.721443557,-49.7379774281,-99.9834661291,-314.600406067,164.87896251,7.03082104632e-08
3.825e-06,1.00526665668e-08,-400,24.15,1.77811307334,-88.9056536568,5.02633189593e-09,-88.9056536618,-275.244893942,186.339240285,7.16989047821e-08
3.826e-06,99.4759548757,-400,24.156,2.53574429509,-27.3112598789,49.7379774379,-77.0492373168,-236.283168011,208.971908132,7.38592344697e-08
3.827e-06,192.701469649,-400,24.162,3.22828117443,31.287410928,96.3507348247,-65.0633238967,-200.211616785,231.499027713,7.6748648988e-08
3.828e-06,273.818842379,-400,24.168,3.81033450976,83.3021168905,136.909421189,-53.6073042988,-169.343829118,252.645946008,8.02788907882e-08
3.829e-06,337.731170206,-400,24.174,4.2434987388,125.556233266,168.865585103,-43.3093518368,-145.665271497,271.221504763,8.43195831259e-08
3.83e-06,380.422606521,-400,24.18,4.49876348319,155.484432362,190.211303261,-34.7268708989,-130.708594405,286.193026766,8.87064628715e-08
3.831e-06,399.210691372,-400,24.186,4.55833458946,171.293961899,199.605345686,-28.3113837872,-125.457400118,296.751362017,9.32517408179e-08
3.832e-06,392.91490029,-400,24.192,4.41675030886,172.077384847,196.457450145,-24.380065298,-130.284515371,302.361900218,9.77559383729e-08
3.833e-06,361.930820982,-400,24.198,4.0812225553,157.869693217,180.965410491,-23.0957172739,-144.928643823,302.79833704,1.02020456824e-07
3.834e-06,308.205297104,-400,24.204,3.57118187485,129.646203361,154.102648552,-24.4564451907,-168.510861553,298.157064915,1.05860089408e-07
3.835e-06,235.114100909,-400,24.21,2.9170547917,89.261361324,117.557050454,-28.2956891304,-199.589915369,288.851276693,1.09114690093e-07
3.836e-06,147.249821064,-400,24.216,2.1583504219,39.3322999693,73.6249105322,-34.2926105629,-236.252845893,275.585145863,1.11659266023e-07
3.837e-06,50.1332934157,-400,24.222,1.34117663663,-16.9255384159,25.0666467078,-41.9921851238,-276.235238316,259.3096999,1.13411859704e-07
3.838e-06,-50.1332934358,-400,24.228,0.515341885504,-75.900387711,-25.0666467179,-50.8337409931,-317.063542762,241.163155051,1.14338725925e-07
3.839e-06,-147.249821083,-400,24.234,-0.268775191557,-133.811061505,-73.6249105416,-60.1861509638,-356.210520365,222.399458859,1.14456478426e-07
3.84e-06,-235.114100925,-400,24.24,-0.963391663698,-186.94451774,-117.557050463,-69.3874672777,-391.25404731,204.30952957,1.13831071749e-07
3.841e-06,-308.205297117,-400,24.246,-1.52632280716,-231.889156759,-154.102648558,-77.7865082006,-420.029299082,188.140142323,1.12573682552e-07
3.842e-06,-361.930820991,-400,24.252,-1.92363257469,-265.749192256,-180.965410495,-84.783781761,-440.764753998,175.015561742,1.10833749472e-07
3.843e-06,-392.914900293,-400,24.258,-2.13176554483,-286.326623052,-196.457450147,-89.8691729052,-452.193472686,165.866849634,1.0878960911e-07
3.844e-06,-399.210691371,-400,24.264,-2.13902645333,-292.259368704,-199.605345685,-92.6540230189,-453.632664301,161.373295597,1.0663731673e-07
3.845e-06,-380.422606515,-400,24.27,-1.94631441245,-283.106885892,-190.211303257,-92.895582635,-445.026543518,161.919657626,1.04578354208e-07
3.846e-06,-337.731170195,-400,24.276,-1.56706575989,-259.377882201,-168.865585098,-90.5122971033,-426.949789158,167.571906957,1.02806997672e-07
3.847e-06,-273.818842364,-400,24.282,-1.02640920413,-222.498382158,-136.909421182,-85.5889609757,-400.571390938,178.07300878,1.01498138537e-07
3.848e-06,-192.701469632,-400,24.288,-0.359586423197,-174.722148472,-96.3507348159,-78.371413656,-367.581159613,192.859011141,1.00796323094e-07
3.849e-06,-99.475954856,-400,24.294,0.390262580729,-118.989083893,-49.737977428,-69.2511064645,-330.083521377,211.094437484,1.00806699174e-07
3.85e-06,1.02540159605e-08,-400,24.3,1.17481016637,-58.7405083081,5.12700939338e-09,-58.7405083133,-290.465272415,231.724764107,1.01588438532e-07
3.851e-06,99.4759548758,-400,24.306,1.9435774213,2.29708381064,49.7379774379,-47.4408936273,-251.245604946,253.542688757,1.03151047977e-07
3.852e-06,192.70146965,-400,24.312,2.64710541033,60.3461991332,96.3507348248,-36.0045356916,-214.917829107,275.264028241,1.05453800752e-07
3.853e-06,273.818842379,-400,24.318,3.24006204547,111.815740105,136.909421189,-25.0936810842,-183.792735924,295.60847603,1.08408323604e-07
3.854e-06,337.731170206,-400,24.324,3.68408938302,153.526701056,168.865585103,-15.3388840476,-159.853442499,313.380143554,1.11884176701e-07
3.855e-06,380.422606521,-400,24.33,3.9502124801,182.911982516,190.211303261,-7.29932074417,-144.630838221,327.542820737,1.15717075548e-07
3.856e-06,399.210691372,-400,24.336,4.02065850738,198.177766003,199.605345686,-1.42757968313,-139.107455591,337.285221594,1.19719238079e-07
3.857e-06,392.914900289,-400,24.342,3.88997188161,198.416306209,196.457450145,1.95885606408,-143.655802602,342.072108811,1.23691206634e-07
3.858e-06,361.930820982,-400,24.348,3.56535542297,183.663049833,180.965410491,2.6976393423,-158.015027882,341.678077715,1.27434401938e-07
3.859e-06,308.205297104,-400,24.354,3.06621617684,154.894488262,154.102648552,0.791839709802,-181.307381028,336.20186929,1.3076362026e-07
3.86e-06,235.114100909,-400,24.36,2.42294451145,113.966875336,117.557050454,-3.59017511797,-212.093430135,326.060305471,1.33518688586e-07
3.861e-06,147.249821064,-400,24.366,1.67500327252,63.4996574382,73.6249105321,-10.125253094,-248.462563559,311.962220997,1.3557454563e-07
3.862e-06,50.1332934154,-400,24.372,0.868447116931,6.7109375689,25.0666467077,-18.3557091388,-288.153086436,294.864024005,1.36849115435e-07
3.863e-06,-50.1332934359,-400,24.378,0.0530279368485,-52.7846902784,-25.066646718,-27.7180435604,-328.694363591,275.909673312,1.37308479134e-07
3.864e-06,-147.249821083,-400,24.384,-0.720931723423,-111.203234912,-73.6249105417,-37.5783243705,-367.562076091,256.358841178,1.36969020161e-07
3.865e-06,-235.114100925,-400,24.39,-1.40570079666,-164.829061092,-117.557050463,-47.2720106295,-402.336835599,237.507774507,1.35896408469e-07
3.866e-06,-308.205297117,-400,24.396,-1.95913869212,-210.248362511,-154.102648558,-56.1457139523,-430.85619068,220.60782817,1.34201487851e-07
3.867e-06,-361.930820991,-400,24.402,-2.34734275754,-244.563683114,-180.965410495,-63.5982726184,-451.35047533,206.786792217,1.32033325093e-07
3.868e-06,-392.914900293,-400,24.408,-2.54677790093,-265.576005247,-196.457450147,-69.1185551003,-462.553966085,196.977960838,1.29569857922e-07
3.869e-06,-399.210691371,-400,24.414,-2.54575462044,-271.922960349,-199.605345685,-72.3176146634,-463.784366227,191.861405878,1.27006729591e-07
3.87e-06,-380.422606515,-400,24.42,-2.34516264217,-263.164474406,-190.211303257,-72.953171149,-454.985626224,191.821151817,1.2454501177e-07
3.871e-06,-337.731170195,-400,24.426,-1.95841414381,-239.810463005,-168.865585098,-70.944877907,-436.731413578,196.920950573,1.22378587225e-07
3.872e-06,-273.818842364,-400,24.432,-1.41060020724,-203.288832002,-136.909421182,-66.37941082,-410.189017837,206.900185835,1.20681985049e-07
3.873e-06,-192.701469632,-400,24.438,-0.736913574545,-155.855790904,-96.3507348158,-59.5050560885,-377.045962376,221.190171471,1.19599432703e-07
3.874e-06,-99.4759548558,-400,24.444,0.0195631257685,-100.454111144,-49.7379774279,-50.7161337163,-339.403937407,238.949826263,1.19235812608e-07
3.875e-06,1.04156905514e-08,-400,24.45,0.81056465857,-40.5282329181,5.20784593674e-09,-40.5282329233,-299.646721421,259.118488503,1.19650091301e-07
3.876e-06,99.475954876,-400,24.456,1.58567582528,20.1921636118,49.737977438,-29.5458138262,-260.290391863,280.482555475,1.20851633746e-07
3.877e-06,192.70146965,-400,24.462,2.29549890202,77.926524549,96.3507348249,-18.4242102759,-223.825237838,301.751762387,1.22799634123e-07
3.878e-06,273.818842379,-400,24.468,2.89475685345,129.080999707,136.90942119,-7.82842148296,-192.559308059,321.640307765,1.25405698538e-07
3.879e-06,337.731170206,-400,24.474,3.34513735752,170.47430233,168.865585103,1.60871722697,-168.473423571,338.947725901,1.28539417106e-07
3.88e-06,380.422606521,-400,24.48,3.61769897911,199.537657566,190.211303261,9.32635430529,-153.096763524,352.63442109,1.32036575041e-07
3.881e-06,399.210691372,-400,24.486,3.69468835762,214.476273491,199.605345686,14.8709278047,-147.410838822,361.887112312,1.35709486594e-07
3.882e-06,392.914900289,-400,24.492,3.57065429335,214.382185622,196.457450145,17.9247354773,-151.787884132,366.170069754,1.39358802401e-07
3.883e-06,361.930820982,-400,24.498,3.2527888029,199.291380837,180.965410491,18.3259703458,-165.967535735,365.258916572,1.42786048239e-07
3.884e-06,308.205297104,-400,24.504,2.76047378986,170.181607611,154.102648552,16.0789590588,-189.073256833,359.254864443,1.45806107348e-07
3.885e-06,235.114100908,-400,24.51,2.12406188849,128.911006484,117.557050454,11.3539560299,-219.667474541,348.578481025,1.48258862069e-07
3.886e-06,147.249821064,-400,24.516,1.38296815195,78.1014134666,73.624910532,4.4765029346,-255.841960671,333.943374138,1.50019263462e-07
3.887e-06,50.1332934153,-400,24.522,0.583192547678,20.9736660314,25.0666467076,-4.09298067626,-295.337774417,316.311440449,1.51005196397e-07
3.888e-06,-50.1332934361,-400,24.528,-0.225571027169,-38.8547420776,-25.0666467181,-13.7880953596,-335.687228271,296.832486194,1.51182646174e-07
3.889e-06,-147.249821084,-400,24.534,-0.99305753376,-97.5969443956,-73.6249105418,-23.9720338538,-374.368955523,276.772011127,1.5056784233e-07
3.89e-06,-235.114100925,-400,24.54,-1.67158916016,-151.534642917,-117.557050463,-33.9775924545,-408.966335392,257.431692475,1.49226245233e-07
3.891e-06,-308.205297117,-400,24.546,-2.21907083084,-197.251755575,-154.102648558,-43.1491070163,-437.319321826,240.067566251,1.47268439433e-07
3.892e-06,-361.930820991,-400,24.552,-2.6016346686,-231.849087561,-180.965410495,-50.8836770655,-457.660137379,225.811049819,1.44843192101e-07
3.893e-06,-392.914900293,-400,24.558,-2.79576729446,-253.12653557,-196.457450147,-56.6690854236,-468.724308249,215.597772679,1.42128112948e-07
3.894e-06,-399.210691371,-400,24.564,-2.78978635954,-259.721373394,-199.605345685,-60.1160277084,-469.830066633,210.108693239,1.39318502688e-07
3.895e-06,-380.422606515,-400,24.57,-2.58457360251,-251.193926389,-190.211303257,-60.9826231317,-460.921134696,209.727208306,1.3661509086e-07
3.896e-06,-337.731170195,-400,24.576,-2.193518447,-228.055247845,-168.865585098,-59.1896627475,-442.570205578,214.514957733,1.34211433543e-07
3.897e-06,-273.818842364,-400,24.582,-1.64167575808,-191.735054459,-136.909421182,-54.8256332776,-415.942906518,224.207852059,1.32281762772e-07
3.898e-06,-192.701469631,-400,24.588,-0.964190750418,-144.49193211,-96.3507348157,-48.1411972948,-382.724512005,238.232579894,1.30970051033e-07
3.899e-06,-99.4759548557,-400,24.594,-0.204090079185,-89.2714508964,-49.7379774278,-39.5334734686,-345.014015065,255.742564169,1.30380977788e-07
3.9e-06,1.05773651423e-08,-400,24.6,0.590422042394,-29.5211021091,5.28868248006e-09,-29.5211021144,-305.192215175,275.671113066,1.30573365411e-07
3.901e-06,99.4759548762,-400,24.606,1.36899276999,31.0263163767,49.7379774381,-18.7116610615,-265.772113145,296.798429521,1.31556496711e-07
3.902e-06,192.70146965,-400,24.612,2.08228426468,88.587256416,96.350734825,-7.76347840902,-229.241014194,317.82827061,1.33289545144e-07
3.903e-06,273.818842379,-400,24.618,2.68507325874,139.565179442,136.90942119,2.65575825249,-197.904260459,337.469439901,1.35684153209e-07
3.904e-06,337.731170206,-400,24.624,3.13909181497,180.776579458,168.865585103,11.9109943545,-173.74041088,354.516990338,1.38609996743e-07
3.905e-06,380.422606521,-400,24.63,3.41543082285,209.651065379,190.211303261,19.4397621183,-158.276966244,367.928031623,1.41902985228e-07
3.906e-06,399.210691372,-400,24.636,3.49635526461,224.392928142,199.605345686,24.7875824556,-152.494445447,376.887373589,1.45375582645e-07
3.907e-06,392.914900289,-400,24.642,3.37641725663,224.094037458,196.457450145,27.6365873133,-156.764837051,380.858874509,1.48828600236e-07
3.908e-06,361.930820982,-400,24.648,3.06279700214,208.790970875,180.965410491,27.8255603837,-170.828289841,379.619260716,1.52063720103e-07
3.909e-06,308.205297103,-400,24.654,2.57485030749,179.462781729,154.102648552,25.3601331773,-193.809503251,373.27228498,1.5489596275e-07
3.91e-06,235.114100908,-400,24.66,1.94289116668,137.969542574,117.557050454,20.4124921203,-224.272784052,362.242326627,1.57165315228e-07
3.911e-06,147.249821064,-400,24.666,1.20628597613,86.9355222572,73.624910532,13.3106117252,-260.312306481,347.247828738,1.58746789425e-07
3.912e-06,50.1332934152,-400,24.672,0.410979183434,29.5843342435,25.0666467076,4.51768753588,-299.671901497,329.25623574,1.59558278663e-07
3.913e-06,-50.1332934363,-400,24.678,-0.393394115218,-30.4635876754,-25.0666467182,-5.39694095725,-339.886846149,309.423258473,1.59565719224e-07
3.914e-06,-147.249821084,-400,24.684,-1.15662717741,-89.4184622132,-73.6249105419,-15.7935516713,-378.43874249,289.020280276,1.58785232762e-07
3.915e-06,-235.114100926,-400,24.69,-1.83109623176,-143.559289338,-117.557050463,-26.002238875,-412.913753945,269.354464608,1.57282115285e-07
3.916e-06,-308.205297117,-400,24.696,-2.37475250588,-189.467671823,-154.102648559,-35.3650232647,-441.154257023,251.686585199,1.55166736542e-07
3.917e-06,-361.930820991,-400,24.702,-2.7537636954,-224.242636221,-180.965410495,-43.2772257257,-461.394380899,237.151744678,1.52587607741e-07
3.918e-06,-392.914900293,-400,24.708,-2.94463894726,-245.68295293,-196.457450147,-49.2255027836,-472.370920655,226.687967724,1.49722053417e-07
3.919e-06,-399.210691371,-400,24.714,-2.93570389681,-252.42549653,-199.605345685,-52.8201508447,-473.402657957,220.977161427,1.46765073767e-07
3.92e-06,-380.422606515,-400,24.72,-2.727833146,-244.030949215,-190.211303257,-53.8196459573,-464.433108609,220.402159395,1.43917097382e-07
3.921e-06,-337.731170195,-400,24.726,-2.33439423317,-221.011458536,-168.865585097,-52.1458734389,-446.034014672,225.022556136,1.41371393973e-07
3.922e-06,-273.818842364,-400,24.732,-1.78040669006,-184.79850786,-136.909421182,-47.8890866787,-419.369365523,234.570857662,1.3930193796e-07
3.923e-06,-192.701469631,-400,24.738,-1.10096909656,-137.653014803,-96.3507348156,-41.3022799878,-386.122212121,248.469197317,1.37852485414e-07
3.924e-06,-99.4759548555,-400,24.744,-0.339053029404,-82.5233033853,-49.7379774278,-32.7853259576,-348.388876221,265.865572836,1.37127550498e-07
3.925e-06,1.07845144684e-08,-400,24.75,0.457197431119,-22.8598715452,5.392256391e-09,-22.8598715506,-308.547204348,285.687332803,1.37185848191e-07
3.926e-06,99.4759548764,-400,24.756,1.23749092062,37.6014088456,49.7379774382,-12.1365685926,-269.107146452,306.708555298,1.38036615034e-07
3.927e-06,192.70146965,-400,24.762,1.95254863422,95.0740379391,96.350734825,-1.27669688592,-232.5530489,327.627086839,1.39639038779e-07
3.928e-06,273.818842379,-400,24.768,2.55720025251,145.958829754,136.90942119,9.04940856391,-201.18757112,347.146400873,1.41904832509e-07
3.929e-06,337.731170207,-400,24.774,3.01322144262,187.070098075,168.865585103,18.2045129722,-176.987032284,364.057130359,1.4470379117e-07
3.93e-06,380.422606521,-400,24.78,3.29173468242,215.8358724,190.211303261,25.6245691395,-161.477275309,377.313147709,1.47871981139e-07
3.931e-06,399.210691372,-400,24.786,3.37502260882,230.459560931,199.605345686,30.854215245,-155.637845538,386.097406469,1.51222048043e-07
3.932e-06,392.914900289,-400,24.792,3.25764001568,230.032899505,196.457450145,33.5754493607,-159.840501725,389.873401231,1.54554994981e-07
3.933e-06,361.930820982,-400,24.798,2.94675470303,214.59308583,180.965410491,33.6276753396,-173.825919338,388.419005168,1.57672691021e-07
3.934e-06,308.205297103,-400,24.804,2.46169583592,185.120505307,154.102648552,31.0178567555,-196.720046204,381.840551512,1.60390323999e-07
3.935e-06,235.114100908,-400,24.81,1.83273826485,143.477187666,117.557050454,25.9201372115,-227.089079143,370.566266809,1.62548015229e-07
3.936e-06,147.249821064,-400,24.816,1.0991992601,92.2898580587,73.6249105319,18.6649475268,-263.029603752,355.319461811,1.64020866486e-07
3.937e-06,50.1332934149,-400,24.822,0.306967305711,34.7849281294,25.0666467075,9.71828142191,-302.288230638,337.073158768,1.64726808153e-07
3.938e-06,-50.1332934366,-400,24.828,-0.494381730061,-25.4142069335,-25.0666467183,-0.347560215205,-342.40320867,316.989001737,1.64631755665e-07
3.939e-06,-147.249821084,-400,24.834,-1.2546998209,-84.5148300389,-73.624910542,-10.8899194969,-380.859115773,296.344285734,1.63751750543e-07
3.94e-06,-235.114100926,-400,24.84,-1.92641765736,-138.793218057,-117.557050463,-21.2361675946,-415.244906984,276.451688927,1.62151951768e-07
3.941e-06,-308.205297117,-400,24.846,-2.46753320164,-184.828637035,-154.102648559,-30.7259884765,-443.405389487,258.576752452,1.5994254119e-07
3.942e-06,-361.930820991,-400,24.852,-2.84425017047,-219.718312468,-180.965410495,-38.752901972,-463.576608265,243.858295797,1.57271800517e-07
3.943e-06,-392.914900293,-400,24.858,-3.03310070708,-241.259864939,-196.457450147,-44.8024147926,-474.496637796,233.236772857,1.54316795117e-07
3.944e-06,-399.210691371,-400,24.864,-3.0224189266,-248.089745041,-199.605345685,-48.4843993553,-475.484821234,227.395076193,1.51272250192e-07
3.945e-06,-380.422606515,-400,24.87,-2.81307281586,-239.768965722,-190.211303257,-49.5576624644,-466.484481593,226.715515871,1.48338318401e-07
3.946e-06,-337.731170195,-400,24.876,-2.41840857416,-216.810741487,-168.865585097,-47.9451563896,-448.066424926,231.255683439,1.45708007565e-07
3.947e-06,-273.818842363,-400,24.882,-1.86341096718,-180.648294004,-136.909421182,-43.7388728228,-421.393019151,240.744725146,1.43555058416e-07
3.948e-06,-192.701469631,-400,24.888,-1.18313252285,-133.544843489,-96.3507348155,-37.1941086731,-388.145109166,254.600265677,1.42023033953e-07
3.949e-06,-99.4759548553,-400,24.894,-0.420490330685,-78.451438321,-49.7379774276,-28.7134608934,-350.416363633,271.964925312,1.41216305802e-07
3.95e-06,1.10313385971e-08,-400,24.9,0.376431070587,-18.8215535183,5.51566947957e-09,-18.8215535238,-310.581694612,291.760141093,1.41193503718e-07
3.951e-06,99.4759548766,-400,24.906,1.15740121376,41.6058941887,49.7379774383,-8.13208324961,-271.148019538,312.753913727,1.41963839548e-07
3.952e-06,192.70146965,-400,24.912,1.87319976276,99.041481512,96.3507348251,2.69074668689,-234.596743685,333.638225197,1.43486536354e-07
3.953e-06,273.818842379,-400,24.918,2.47870880703,149.883402028,136.90942119,12.9739808381,-203.227860524,353.111262552,1.45673398249e-07
3.954e-06,337.731170207,-400,24.924,2.93574711156,190.943814629,168.865585103,22.0782295255,-179.015464814,369.959279443,1.48394359217e-07
3.955e-06,380.422606521,-400,24.93,3.21546827489,219.649192777,190.211303261,29.4378895159,-163.483755268,383.132948044,1.51485661976e-07
3.956e-06,399.210691372,-400,24.936,3.30017216335,234.202083204,199.605345686,34.5967375184,-157.611315438,391.813398642,1.54760152789e-07
3.957e-06,392.914900289,-400,24.942,3.18441586715,233.694106932,196.457450145,37.236656787,-161.769684039,395.463790971,1.58019045206e-07
3.958e-06,361.930820982,-400,24.948,2.87535444544,218.16309871,180.965410491,37.197688219,-175.700070982,393.863169691,1.61064413493e-07
3.959e-06,308.205297103,-400,24.954,2.39229012492,188.590790857,154.102648552,34.4881423054,-198.529678387,387.120469244,1.63711630733e-07
3.96e-06,235.114100908,-400,24.96,1.76545835113,146.841183352,117.557050454,29.2841328976,-228.826597373,375.667780725,1.6580097014e-07
3.961e-06,147.249821064,-400,24.966,1.03412703572,95.5434692773,73.6249105318,21.9185587456,-264.68982783,360.233297108,1.67207640767e-07
3.962e-06,50.1332934147,-400,24.972,0.244128487616,37.9268690339,25.0666467073,12.8602223265,-303.868762007,341.795631041,1.67849627224e-07
3.963e-06,-50.1332934367,-400,24.978,-0.555020852514,-22.382250811,-25.0666467184,2.68439590732,-343.904622092,321.522371281,1.67692841067e-07
3.964e-06,-147.249821084,-400,24.984,-1.31323187131,-81.5882275186,-73.6249105421,-7.96331697654,-382.284963342,300.696735823,1.66753260448e-07
3.965e-06,-235.114100926,-400,24.99,-1.98298992433,-135.964604709,-117.557050463,-18.4075542463,-416.601534273,280.636929564,1.65095923887e-07
3.966e-06,-308.205297117,-400,24.996,-2.5223399257,-182.088300833,-154.102648559,-27.9856522738,-444.701575438,262.613274605,1.62830841694e-07
3.967e-06,-361.930820991,-400,25.002,-2.89752185175,-217.054728403,-180.965410496,-36.0893179079,-464.823051483,247.76832308,1.60106082209e-07
3.968e-06,-392.914900293,-400,25.008,-3.08509110669,-238.660344959,-196.457450147,-42.202894812,-475.70532158,237.044976622,1.57098467509e-07
3.969e-06,-399.210691371,-400,25.014,-3.07339057931,-245.541162405,-199.605345685,-45.9358167199,-476.668297263,231.127134858,1.54002463404e-07
3.97e-06,-380.422606515,-400,25.02,-2.86328196517,-237.258508256,-190.211303257,-47.0472049987,-467.655117304,230.396609048,1.51017961908e-07
3.971e-06,-337.731170195,-400,25.026,-2.46809047692,-214.326646349,-168.865585097,-45.4610612512,-449.235661892,234.909015543,1.48337723909e-07
3.972e-06,-273.818842363,-400,25.032,-1.91276649141,-178.180517793,-136.909421182,-41.2710966113,-422.570689052,244.390171259,1.46135271036e-07
3.973e-06,-192.701469631,-400,25.038,-1.23231688106,-131.085625578,-96.3507348154,-34.7348907624,-389.338850344,258.253224767,1.44553987417e-07
3.974e-06,-99.4759548551,-400,25.044,-0.469604656762,-75.995722017,-49.7379774275,-26.2577445894,-351.631174869,275.635452852,1.43698115938e-07
3.975e-06,1.1147538453e-08,-400,25.05,0.327344771915,-16.3672385846,5.57376865543e-09,-16.3672385902,-311.819654148,295.452415563,1.43626214513e-07
3.976e-06,99.4759548767,-400,25.056,1.10836142758,44.0578834977,49.7379774383,-5.68009394068,-272.408186983,316.466070481,1.44347483276e-07
3.977e-06,192.70146965,-400,25.062,1.82428304953,101.487317174,96.3507348252,5.13658234896,-235.875250942,337.362568116,1.45821193164e-07
3.978e-06,273.81884238,-400,25.068,2.43004376483,152.316654138,136.90942119,15.4072329482,-204.518185998,356.834840136,1.4795925152e-07
3.979e-06,337.731170207,-400,25.074,2.88750509473,193.35591547,168.865585103,24.4903303667,-180.308873666,373.664789136,1.50631743195e-07
3.98e-06,380.422606521,-400,25.08,3.1678514521,222.030033917,190.211303261,31.8187306559,-164.769878017,386.799911933,1.53675098757e-07
3.981e-06,399.210691372,-400,25.086,3.25339966538,236.540708103,199.605345686,36.9353624171,-158.878828565,395.419536669,1.56902376331e-07
3.982e-06,392.914900289,-400,25.092,3.1387088947,235.979455554,196.457450145,39.5220054096,-163.007049818,398.986505373,1.60115010893e-07
3.983e-06,361.930820982,-400,25.098,2.83092127209,220.384757377,180.965410491,39.4193468864,-176.896290058,397.281047436,1.63115292674e-07
3.984e-06,308.205297103,-400,25.104,2.34931193712,190.739700247,154.102648552,36.6370516955,-199.67500784,390.414708087,1.65718790609e-07
3.985e-06,235.114100908,-400,25.11,1.72407681409,148.910260203,117.557050454,31.3532097493,-229.913189156,378.823449359,1.67765940279e-07
3.986e-06,147.249821063,-400,25.116,0.994434365757,97.5281027755,73.6249105317,23.9031922438,-265.712247521,363.240350296,1.69132068383e-07
3.987e-06,50.1332934146,-400,25.122,0.20616065355,39.825260737,25.0666467073,14.7586140298,-304.824355298,344.649616035,1.69735224048e-07
3.988e-06,-50.1332934368,-400,25.128,-0.591287372605,-20.5689248066,-25.0666467184,4.49772191184,-344.793706046,324.224781239,1.69541325169e-07
3.989e-06,-147.249821084,-400,25.134,-1.34787957547,-79.8558423106,-73.6249105422,-6.23093176848,-383.110830431,303.25498812,1.68566296685e-07
3.99e-06,-235.114100926,-400,25.14,-2.01615604761,-134.306298546,-117.557050463,-16.7492480827,-417.370269006,283.06397046,1.66875066749e-07
3.991e-06,-308.205297117,-400,25.146,-2.55420874393,-180.494859921,-154.102648559,-26.3922113623,-445.421695126,264.926835205,1.6457748414e-07
3.992e-06,-361.930820991,-400,25.152,-2.92831401288,-215.515120347,-180.965410496,-34.5497098514,-465.504993774,249.989873427,1.6182141374e-07
3.993e-06,-392.914900294,-400,25.158,-3.11505066073,-237.162367257,-196.457450147,-40.7049171103,-476.360810976,239.198443719,1.58783444121e-07
3.994e-06,-399.210691371,-400,25.164,-3.10277052258,-244.072165242,-199.605345685,-44.4668195564,-477.309630465,233.237465224,1.55657791327e-07
3.995e-06,-380.422606514,-400,25.17,-2.89232920772,-235.806146128,-190.211303257,-45.5948428713,-468.294412303,232.488266174,1.52644096166e-07
3.996e-06,-337.731170195,-400,25.176,-2.49703117787,-212.879611301,-168.865585097,-44.0140262038,-449.884117988,237.004506687,1.49934881811e-07
3.997e-06,-273.818842363,-400,25.182,-1.94179268386,-176.72920817,-136.909421182,-39.8197869885,-423.237904315,246.508696145,1.47703459755e-07
3.998e-06,-192.701469631,-400,25.188,-1.26157522695,-129.622708283,-96.3507348153,-33.2719734678,-390.032239371,260.409531088,1.46093043952e-07
3.999e-06,-99.4759548549,-400,25.194,-0.499188037969,-74.5165529565,-49.7379774275,-24.778575529,-352.355523424,277.838970468,1.45207756948e-07
4e-06,1.13150129764e-08,-400,25.2,0.297402298051,-14.8701148912,5.65750605317e-09,-14.8701148969,-312.576838638,297.706723747,1.45106092918e-07
4.001e-06,99.4759548769,-400,25.206,1.0780859918,45.5716552872,49.7379774385,-4.16632215131,-273.197076373,318.76873166,1.45797248075e-07
4.002e-06,192.701469651,-400,25.212,1.79375856793,103.013541254,96.3507348253,6.66280642862,-236.691797235,339.705338489,1.47240548737e-07
4.003e-06,273.81884238,-400,25.218,2.39940592135,153.848546312,136.90942119,16.9391251221,-205.355697588,359.2042439,1.49348012688e-07
4.004e-06,337.731170207,-400,25.224,2.85693208708,194.884565853,168.865585103,26.0189807492,-181.158454339,376.043020192,1.51989882614e-07
4.005e-06,380.422606521,-400,25.23,3.13755208303,223.54500237,190.211303261,33.3336991093,-165.621004016,389.166006386,1.55002783666e-07
4.006e-06,399.210691372,-400,25.236,3.22359952756,238.030714994,199.605345686,38.425369308,-159.720027434,397.750742428,1.58199992375e-07
4.007e-06,392.914900289,-400,25.242,3.10963551722,237.433124428,196.457450145,40.9756742835,-163.826638371,401.259762799,1.61383171537e-07
4.008e-06,361.930820981,-400,25.248,2.80278916168,221.791362898,180.965410491,40.8259524068,-177.683125104,399.474488002,1.64354833624e-07
4.009e-06,308.205297103,-400,25.254,2.32230845359,192.089874424,154.102648551,37.9872258722,-200.419202509,392.509076933,1.66930749623e-07
4.01e-06,235.114100908,-400,25.26,1.69834976691,150.196612562,117.557050454,32.6395621083,-230.606749834,380.803362396,1.68951523642e-07
4.011e-06,147.249821063,-400,25.266,0.970082110492,98.7457155386,73.6249105316,25.120805007,-266.349591393,365.095306932,1.70292606164e-07
4.012e-06,50.1332934144,-400,25.272,0.183225309503,40.9720279392,25.0666467072,15.9053812321,-305.402676036,346.374703976,1.70872116977e-07
4.013e-06,-50.1332934371,-400,25.278,-0.612823158234,-19.4921355254,-25.0666467185,5.57451119317,-345.313164676,325.82102915,1.70655986472e-07
4.014e-06,-147.249821085,-400,25.284,-1.36809211455,-78.8452153571,-73.6249105423,-5.22030481484,-383.574559449,304.729344091,1.69660092558e-07
4.015e-06,-235.114100926,-400,25.29,-2.03517638234,-133.355281809,-117.557050463,-15.7982313462,-417.784189514,284.428907704,1.67949259207e-07
4.016e-06,-308.205297118,-400,25.296,-2.57221496908,-179.594548664,-154.102648559,-25.4919001049,-445.794158524,266.199609861,1.65633179859e-07
4.017e-06,-361.930820991,-400,25.302,-2.94552063211,-214.654789386,-180.965410496,-33.6893788899,-465.846270555,251.191481169,1.62859522102e-07
4.018e-06,-392.914900294,-400,25.308,-3.13169564659,-236.330117964,-196.457450147,-39.8726678172,-476.682458772,240.352340808,1.59804647116e-07
4.019e-06,-399.21069137,-400,25.314,-3.11910089371,-243.255646685,-199.605345685,-43.6503009997,-477.623781081,234.368134396,1.5666252721e-07
4.02e-06,-380.422606514,-400,25.32,-2.90858602988,-234.993305021,-190.211303257,-44.7820017633,-468.613022544,233.619717523,1.536325579e-07
4.021e-06,-337.731170195,-400,25.326,-2.51343493138,-212.059423626,-168.865585097,-43.1938385284,-450.218231366,238.15880774,1.50907030406e-07
4.022e-06,-273.818842363,-400,25.332,-1.95852991691,-175.892346517,-136.909421181,-38.9829253358,-423.596970009,247.704623492,1.48659051673e-07
4.023e-06,-192.701469631,-400,25.338,-1.27878733323,-128.762102969,-96.3507348153,-32.411368154,-390.423531233,261.661428264,1.47031670856e-07
4.024e-06,-99.4759548548,-400,25.344,-0.51696286335,-73.6278116873,-49.7379774274,-23.8898342599,-352.78369551,279.155883822,1.46128895316e-07
4.025e-06,1.15618371051e-08,-400,25.35,0.27903549266,-13.9517746214,5.78091825355e-09,-13.9517746272,-313.043645166,299.091870544,1.46009160403e-07
4.026e-06,99.4759548772,-400,25.356,1.05915789556,46.518060099,49.7379774386,-3.21991733959,-273.701273678,320.219333777,1.46681663088e-07
4.027e-06,192.701469651,-400,25.362,1.77435742786,103.983598258,96.3507348254,7.6328634325,-237.229233851,341.212832109,1.48105789512e-07
4.028e-06,273.81884238,-400,25.368,2.37967154349,154.835265205,136.90942119,17.9258440152,-205.919586762,360.754851967,1.50193672126e-07
4.029e-06,337.731170207,-400,25.374,2.83704660864,195.878839775,168.865585103,27.0132546714,-181.739811829,377.618651604,1.52815715478e-07
4.03e-06,380.422606522,-400,25.38,3.11772809546,224.536201748,190.211303261,34.3248984876,-166.209223644,390.745425393,1.55808743165e-07
4.031e-06,399.210691372,-400,25.386,3.20406629719,239.007376512,199.605345686,39.4020308263,-160.303558214,399.310934726,1.58986253853e-07
4.032e-06,392.914900289,-400,25.392,3.09062416924,238.383691827,196.457450145,41.9262416827,-164.393720646,402.777412473,1.62150141784e-07
4.033e-06,361.930820981,-400,25.398,2.7845177583,222.704933066,180.965410491,41.7395225756,-178.22253946,400.927472526,1.6510314525e-07
4.034e-06,308.205297103,-400,25.404,2.30496790379,192.956901914,154.102648551,38.8542533622,-200.920984391,393.877886305,1.67661240839e-07
4.035e-06,235.114100908,-400,25.41,1.6820914525,151.009528283,117.557050454,33.4524778289,-231.062825005,382.072353288,1.6966520474e-07
4.036e-06,147.249821063,-400,25.416,0.955008005503,99.499420788,73.6249105315,25.8745102564,-266.754292316,366.253713104,1.70990614818e-07
4.037e-06,50.1332934142,-400,25.422,0.169381212986,41.6642327649,25.0666467071,16.5975860578,-305.753106767,347.417339532,1.71555665168e-07
4.038e-06,-50.1332934373,-400,25.428,-0.625450851624,-18.8607508561,-25.0666467187,6.20589586255,-345.609391385,326.748640529,1.71326302392e-07
4.039e-06,-147.249821085,-400,25.434,-1.3795759041,-78.2710258797,-73.6249105423,-4.64611533734,-383.819614631,305.548588751,1.70318361148e-07
4.04e-06,-235.114100926,-400,25.44,-2.04564344389,-132.831928732,-117.557050463,-15.2748782687,-417.983889659,285.151960928,1.6859656507e-07
4.041e-06,-308.205297118,-400,25.446,-2.58183949647,-179.113322294,-154.102648559,-25.0106737351,-445.956746752,266.843424458,1.66270456143e-07
4.042e-06,-361.930820991,-400,25.452,-2.95451321948,-214.205160017,-180.965410496,-33.2397495218,-465.98190669,251.776746673,1.63487508567e-07
4.043e-06,-392.914900294,-400,25.458,-3.1402903791,-235.900381338,-196.457450147,-39.4429311916,-476.802588938,240.902207599,1.60423860035e-07
4.044e-06,-399.21069137,-400,25.464,-3.12754095854,-242.833643444,-199.605345685,-43.2282977584,-477.740426437,234.906782993,1.57273242981e-07
4.045e-06,-380.422606514,-400,25.47,-2.91710875157,-234.567168936,-190.211303257,-44.3558656786,-468.73803187,234.170862934,1.54234811418e-07
4.046e-06,-337.731170194,-400,25.476,-2.52225717219,-211.618311585,-168.865585097,-42.7527264879,-450.362544461,238.744232876,1.51500628297e-07
4.047e-06,-273.818842363,-400,25.482,-1.96783475921,-175.427104402,-136.909421181,-38.5176832207,-423.769938182,248.34283378,1.49243599557e-07
4.048e-06,-192.70146963,-400,25.488,-1.28871288065,-128.265825598,-96.3507348152,-31.9150907827,-390.632337565,262.366511967,1.47606612935e-07
4.049e-06,-99.4759548546,-400,25.494,-0.527593863864,-73.0962616614,-49.7379774273,-23.3582842341,-353.032911294,279.936649632,1.46693563799e-07
4.05e-06,1.17631864988e-08,-400,25.5,0.267672675856,-13.383633781,5.88159308647e-09,-13.3836337869,-313.334950369,299.951316588,1.46562831677e-07
4.051e-06,99.4759548773,-400,25.506,1.0470966499,47.1211223821,49.7379774386,-2.6168550565,-274.033358958,321.15448134,1.47223617094e-07
4.052e-06,192.701469651,-400,25.512,1.76168850881,104.617044211,96.3507348254,8.26630938508,-237.597890253,342.214934463,1.48635368613e-07
4.053e-06,273.81884238,-400,25.518,2.36653709378,155.491987691,136.90942119,18.5825665012,-206.317977423,361.809965114,1.50710335777e-07
4.054e-06,337.731170207,-400,25.524,2.82363095559,196.549622428,168.865585104,27.6840373242,-182.158908593,378.708531021,1.53319087255e-07
4.055e-06,380.422606522,-400,25.53,3.10424590515,225.210311264,190.211303261,34.9990080035,-166.638381133,391.848692397,1.56298647219e-07
4.056e-06,399.210691372,-400,25.536,3.19074882996,239.673249874,199.605345686,40.0679041879,-160.731189251,400.404439125,1.59462738502e-07
4.057e-06,392.914900289,-400,25.542,3.07770450035,239.029675272,196.457450145,42.572225127,-164.808030601,403.837705873,1.62613488762e-07
4.058e-06,361.930820981,-400,25.548,2.77221589231,223.320026366,180.965410491,42.3546158752,-178.612273358,401.932299724,1.65553864054e-07
4.059e-06,308.205297103,-400,25.554,2.2934767177,193.531461218,154.102648551,39.4288126664,-201.276139857,394.807601075,1.68100048516e-07
4.06e-06,235.114100907,-400,25.56,1.67156435065,151.535883375,117.557050454,33.9788329214,-231.37528626,382.911169635,1.70092992416e-07
4.061e-06,147.249821063,-400,25.566,0.945549061196,99.9723680031,73.6249105314,26.3474574716,-267.018345411,366.990713414,1.71408403058e-07
4.062e-06,50.1332934139,-400,25.572,0.161038415766,42.0813726256,25.066646707,17.0147259187,-305.965803718,348.047176343,1.71964550988e-07
4.063e-06,-50.1332934374,-400,25.578,-0.632688819583,-18.4988524583,-25.0666467187,6.56779426043,-345.77074035,327.271887891,1.71727401259e-07
4.064e-06,-147.249821085,-400,25.584,-1.38577916069,-77.9608630502,-73.6249105424,-4.33595250783,-383.932584228,305.971721178,1.70712747613e-07
4.065e-06,-235.114100927,-400,25.59,-2.05093670154,-132.56726585,-117.557050463,-15.0102153865,-418.054227193,285.486961343,1.68985215768e-07
4.066e-06,-308.205297118,-400,25.596,-2.58639442335,-178.88557595,-154.102648559,-24.7829273916,-445.992621792,267.107045841,1.66654198751e-07
4.067e-06,-361.930820991,-400,25.602,-2.95853784811,-214.003928586,-180.965410496,-33.03851809,-465.993402444,251.989473859,1.63866979923e-07
4.068e-06,-392.914900294,-400,25.608,-3.14401622846,-235.714088871,-196.457450147,-39.2566387239,-476.801073397,241.086984526,1.60799476052e-07
4.069e-06,-399.21069137,-400,25.614,-3.131208679,-242.65025742,-199.605345685,-43.0449117351,-477.737842823,235.087585403,1.57645182253e-07
4.07e-06,-380.422606514,-400,25.62,-2.92095319521,-234.374946754,-190.211303257,-44.1636434968,-468.746152987,234.371206233,1.54603013547e-07
4.071e-06,-337.731170194,-400,25.626,-2.52649282625,-211.406528882,-168.865585097,-42.5409437849,-450.392237793,238.985708911,1.51864807038e-07
4.072e-06,-273.818842363,-400,25.632,-1.97264245813,-175.186719456,-136.909421181,-38.277298275,-423.830487919,248.643768463,1.49603269975e-07
4.073e-06,-192.70146963,-400,25.638,-1.29422863108,-127.990038076,-96.3507348151,-31.6393032609,-390.73086613,262.740828054,1.47961130849e-07
4.074e-06,-99.4759548543,-400,25.644,-0.5339004846,-72.7809306243,-49.7379774272,-23.0429531972,-353.173936703,280.393006079,1.47042175053e-07
4.075e-06,1.18793863547e-08,-400,25.65,0.260550574494,-13.0275287128,5.93969315051e-09,-13.0275287187,-313.52010721,300.492578497,1.46904728131e-07
4.076e-06,99.4759548774,-400,25.656,1.0391940322,47.5162532672,49.7379774387,-2.22172417153,-274.261300476,321.777553744,1.47557995827e-07
4.077e-06,192.701469651,-400,25.662,1.75309754023,105.04659264,96.3507348256,8.69585781431,-237.864377678,342.910970318,1.48961490621e-07
4.078e-06,273.81884238,-400,25.668,2.35740117761,155.9487835,136.90942119,19.0393623096,-206.616150881,362.564934381,1.51027580477e-07
4.079e-06,337.731170207,-400,25.674,2.81413555508,197.024392453,168.865585104,28.1588073497,-182.479722554,379.504115008,1.53626999383e-07
4.08e-06,380.422606522,-400,25.68,3.09460672809,225.692270117,190.211303261,35.4809668562,-166.971177008,392.663447125,1.56596973174e-07
4.081e-06,399.210691372,-400,25.686,3.18119811861,240.150785442,199.605345686,40.5454397557,-161.064369142,401.215154584,1.59751449855e-07
4.082e-06,392.914900289,-400,25.692,3.06847628815,239.491085882,196.457450145,43.0336357371,-165.129789857,404.620875738,1.62892791472e-07
4.083e-06,361.930820981,-400,25.698,2.76353115394,223.754263284,180.965410491,42.7888527938,-178.911345904,402.665609189,1.65824192798e-07
4.084e-06,308.205297103,-400,25.704,2.28552934522,193.928829842,154.102648551,39.8261812905,-201.542509481,395.471339323,1.68362046517e-07
4.085e-06,235.114100907,-400,25.71,1.66450883661,151.888659077,117.557050454,34.3316086231,-231.600819158,383.489478235,1.70347478023e-07
4.086e-06,147.249821063,-400,25.716,0.93949066215,100.275287955,73.6249105313,26.6503774238,-267.197304297,367.472592252,1.71656325192e-07
4.087e-06,50.1332934138,-400,25.722,0.156026413552,42.3319727362,25.0666467069,17.2653260293,-306.095211193,348.427183929,1.7220693626e-07
4.088e-06,-50.1332934376,-400,25.728,-0.636664335998,-18.3000766377,-25.0666467188,6.7665700811,-345.85056876,327.550492122,1.7196529608e-07
4.089e-06,-147.249821085,-400,25.734,-1.3887867914,-77.810481515,-73.6249105425,-4.18557097244,-383.965760101,306.155278586,1.70947158938e-07
4.09e-06,-235.114100927,-400,25.74,-2.05309954231,-132.459123811,-117.557050463,-14.9020733479,-418.046450011,285.5873262,1.69217054209e-07
4.091e-06,-308.205297118,-400,25.746,-2.58788244688,-178.811174774,-154.102648559,-24.7085262152,-445.952008534,267.14083376,1.66884227619e-07
4.092e-06,-361.930820991,-400,25.752,-2.95955733922,-213.95295403,-180.965410496,-32.9875435347,-465.929980255,251.977026225,1.64095773412e-07
4.093e-06,-392.914900294,-400,25.758,-3.1447969376,-235.675053413,-196.457450147,-39.2176032666,-476.726152283,241.05109887,1.61027389194e-07
4.094e-06,-399.21069137,-400,25.764,-3.13198950164,-242.611216288,-199.605345685,-43.005870603,-477.663307819,235.052091531,1.57872334526e-07
4.095e-06,-380.422606514,-400,25.77,-2.92196727701,-234.324242664,-190.211303257,-44.1129394068,-468.683720267,234.359477603,1.54829287166e-07
4.096e-06,-337.731170194,-400,25.776,-2.52795303003,-211.333518693,-168.865585097,-42.4679335957,-450.352721479,239.019202786,1.52089860044e-07
4.097e-06,-273.818842363,-400,25.782,-1.97472810562,-175.082437082,-136.909421181,-38.1730159005,-423.823123637,248.740686555,1.49826563287e-07
4.098e-06,-192.70146963,-400,25.788,-1.29707435212,-127.847752024,-96.350734815,-31.497017209,-390.762733811,262.914981787,1.4818196759e-07
4.099e-06,-99.4759548542,-400,25.794,-0.537587874041,-72.5965611522,-49.7379774271,-22.8585837251,-353.249518867,280.652957715,1.47259749669e-07
4.1e-06,1.20468608781e-08,-400,25.8,0.255997968535,-12.7998984147,6.02343054825e-09,-12.7998984207,-313.641010459,300.841112044,1.47118182228e-07
4.101e-06,99.4759548776,-400,25.806,1.03381207452,47.7853511516,49.7379774388,-1.95262628719,-274.426157668,322.21150882,1.47766477212e-07
4.102e-06,192.701469651,-400,25.812,1.74697914389,105.352512457,96.3507348256,9.00177763126,-238.068936886,343.421449342,1.4916421184e-07
4.103e-06,273.81884238,-400,25.818,2.35069035779,156.284324491,136.90942119,19.3749033004,-206.853545522,363.137870012,1.51223873177e-07
4.104e-06,337.731170207,-400,25.824,2.80701827552,197.380256431,168.865585104,28.5146713276,-182.740905682,380.121162113,1.53816361083e-07
4.105e-06,380.422606522,-400,25.83,3.08729911583,226.05765073,190.211303261,35.8463474694,-167.245492453,393.303143183,1.56779103511e-07
4.106e-06,399.210691372,-400,25.836,3.17393278783,240.51405198,199.605345686,40.9087062943,-161.340223592,401.854275572,1.59926274033e-07
4.107e-06,392.914900289,-400,25.842,3.06148763274,239.840518652,196.457450145,43.3830685076,-165.395383641,405.235902293,1.63060469444e-07
4.108e-06,361.930820981,-400,25.848,2.75704053272,224.078794345,180.965410491,43.1133838545,-179.15541656,403.234210905,1.65985113608e-07
4.109e-06,308.205297102,-400,25.854,2.27973109077,194.218742564,154.102648551,40.1160940125,-201.75504138,395.973783944,1.68516808162e-07
4.11e-06,235.114100907,-400,25.86,1.65955796632,152.136202591,117.557050454,34.5791521375,-231.773674631,383.909877222,1.70496854106e-07
4.111e-06,147.249821062,-400,25.866,0.935493063211,100.475167902,73.6249105312,26.8502573707,-267.324736606,367.799904508,1.71801220467e-07
4.112e-06,50.1332934136,-400,25.872,0.153032118079,42.4816875097,25.0666467068,17.4150408029,-306.174227167,348.655914676,1.72348333859e-07
4.113e-06,-50.1332934379,-400,25.878,-0.638664363939,-18.2000752409,-25.0666467189,6.86657147802,-345.881118324,327.681043083,1.72104199746e-07
4.114e-06,-147.249821085,-400,25.884,-1.38986015566,-77.7568133024,-73.6249105426,-4.13190275979,-383.950740833,306.193927531,1.710845339e-07
4.115e-06,-235.114100927,-400,25.89,-2.05336823357,-132.445689248,-117.557050463,-14.8886387847,-417.991526479,285.545837231,1.69353770399e-07
4.116e-06,-308.205297118,-400,25.896,-2.58751524408,-178.829534914,-154.102648559,-24.7268863549,-445.865257794,267.03572288,1.6702100882e-07
4.117e-06,-361.930820992,-400,25.902,-2.95875927145,-213.992857419,-180.965410496,-33.0274469233,-465.821385812,251.828528393,1.64233155521e-07
4.118e-06,-392.914900294,-400,25.908,-3.14379646913,-235.725076837,-196.457450147,-39.2676266903,-476.606978348,240.881901511,1.61165690217e-07
4.119e-06,-399.21069137,-400,25.914,-3.1310242457,-242.659479086,-199.605345685,-43.0541334005,-477.545393184,234.885914099,1.58011638201e-07
4.12e-06,-380.422606514,-400,25.92,-2.92126913602,-234.359149713,-190.211303257,-44.1478464563,-468.578736182,234.219586469,1.54969441237e-07
4.121e-06,-337.731170194,-400,25.926,-2.52773369611,-211.344485388,-168.865585097,-42.4789002913,-450.271440161,238.926954773,1.52230489289e-07
4.122e-06,-273.818842362,-400,25.932,-1.97516583213,-175.060550756,-136.909421181,-38.1511295745,-423.774743365,248.714192609,1.49967096484e-07
4.123e-06,-192.70146963,-400,25.938,-1.29830282714,-127.786328273,-96.3507348149,-31.435593458,-390.754302994,262.967974721,1.48321676726e-07
4.124e-06,-99.4759548541,-400,25.944,-0.539687894405,-72.4915601338,-49.737977427,-22.7535827068,-353.285495256,280.793935123,1.47397798928e-07
4.125e-06,1.22936850067e-08,-400,25.95,0.253003500022,-12.6501749888,6.14684274859e-09,-12.650174995,-313.722983162,301.072808173,1.47253683674e-07
4.126e-06,99.4759548779,-400,25.956,1.02995951507,47.9779791243,49.7379774389,-1.75999831462,-274.552749407,322.530728531,1.47898549679e-07
4.127e-06,192.701469651,-400,25.962,1.74236175474,105.583381915,96.3507348257,9.2326470888,-238.235892603,343.819274517,1.4929203932e-07
4.128e-06,273.81884238,-400,25.968,2.34545237492,156.546223634,136.90942119,19.6368024443,-207.054001731,363.600225365,1.51346759047e-07
4.129e-06,337.731170207,-400,25.974,2.80134578021,197.663881197,168.865585104,28.7982960931,-182.965823611,380.629704808,1.53933774756e-07
4.13e-06,380.422606522,-400,25.98,3.08140827928,226.352192558,190.211303261,36.1408892969,-167.484227736,393.836420294,1.56890716599e-07
4.131e-06,399.210691372,-400,25.986,3.16805622871,240.807879937,199.605345686,41.2025342505,-161.581196696,402.389076633,1.60031983737e-07
4.132e-06,392.914900289,-400,25.992,3.05585974515,240.121913031,196.457450145,43.6644628869,-165.626808887,405.748721918,1.63160407711e-07
4.133e-06,361.930820981,-400,25.998,2.75188270653,224.336685654,180.965410491,43.3712751639,-179.366043929,403.702729583,1.66079641489e-07
4.134e-06,308.205297102,-400,26.004,2.27523775274,194.443409465,154.102648551,40.3407609143,-201.934864502,396.378273967,1.68606495723e-07
4.135e-06,235.114100907,-400,26.01,1.65588431885,152.319884965,117.557050453,34.7628345112,-231.91456048,384.234445445,1.70582447156e-07
4.136e-06,147.249821062,-400,26.016,0.932745290711,100.612556527,73.6249105312,26.9876459956,-267.420937363,368.03349389,1.71883596203e-07
4.137e-06,50.1332934135,-400,26.022,0.151260675677,42.5702596296,25.0666467067,17.5036129229,-306.222742107,348.793001737,1.72428448217e-07
4.138e-06,-50.1332934381,-400,26.028,-0.639467958308,-18.1598955227,-25.066646719,6.90675119636,-345.881883033,327.72198751,1.72183029765e-07
4.139e-06,-147.249821085,-400,26.034,-1.3897628249,-77.7616798403,-73.6249105427,-4.13676929758,-383.906631887,306.144952047,1.71163018715e-07
4.14e-06,-235.114100927,-400,26.04,-2.05249117277,-132.489542288,-117.557050463,-14.932491825,-417.908181341,285.418639052,1.69432754596e-07
4.141e-06,-308.205297118,-400,26.046,-2.58602634205,-178.903980015,-154.102648559,-24.8013314564,-445.750721264,266.846741249,1.67101191677e-07
4.142e-06,-361.930820992,-400,26.052,-2.95686259939,-214.087691022,-180.965410496,-33.1222805263,-465.685605292,251.59791427,1.64315049355e-07
4.143e-06,-392.914900294,-400,26.058,-3.14171949721,-235.828925433,-196.457450147,-39.3714752862,-476.461179643,240.63225421,1.61249590434e-07
4.144e-06,-399.21069137,-400,26.064,-3.12900359119,-242.760511811,-199.605345685,-43.1551661255,-477.40137609,234.640864279,1.5809760694e-07
4.145e-06,-380.422606514,-400,26.07,-2.91953573863,-234.445819583,-190.211303257,-44.2345163255,-468.448134121,234.002314538,1.55057305622e-07
4.146e-06,-337.731170194,-400,26.076,-2.52649835194,-211.406252597,-168.865585097,-42.5406675001,-450.164990392,238.758737795,1.5231985441e-07
4.147e-06,-273.818842362,-400,26.082,-1.97460599504,-175.08854261,-136.909421181,-38.1791214293,-423.701613611,248.613071001,1.50057372282e-07
4.148e-06,-192.70146963,-400,26.088,-1.29855150655,-127.773894302,-96.3507348149,-31.4231594874,-390.721516782,262.94762248,1.48412117091e-07
4.149e-06,-99.4759548538,-400,26.094,-0.540825346565,-72.4346875256,-49.7379774269,-22.6967100987,-353.297492049,280.862804523,1.47487550558e-07
4.15e-06,1.25405091354e-08,-400,26.1,0.250954765829,-12.5477382789,6.27025494901e-09,-12.5477382852,-313.7813409,301.233602621,1.47341841617e-07
4.151e-06,99.475954878,-400,26.106,1.02703610221,48.1241497673,49.737977439,-1.61382767168,-274.656086855,322.780236622,1.47984216069e-07
4.152e-06,192.701469652,-400,26.112,1.73865703173,105.768618065,96.3507348258,9.41788323943,-238.3799576,344.148575666,1.49374381627e-07
4.153e-06,273.818842381,-400,26.118,2.34111056285,156.763314238,136.90942119,19.8538930479,-207.231939775,363.995254013,1.51425064166e-07
4.154e-06,337.731170207,-400,26.124,2.79655284728,197.903527844,168.865585104,29.0379427399,-183.168609857,381.0721377,1.54007495559e-07
4.155e-06,380.422606522,-400,26.13,3.076380215,226.603595772,190.211303261,36.3922925111,-167.701235249,394.304831021,1.56959508002e-07
4.156e-06,399.210691372,-400,26.136,3.16302543498,241.059419623,199.605345686,41.4540739368,-161.80086523,402.860284853,1.60095726042e-07
4.157e-06,392.914900289,-400,26.142,3.0510603995,240.361880314,196.457450145,43.9044301698,-165.83737215,406.199252464,1.6321921575e-07
4.158e-06,361.930820981,-400,26.148,2.74753601716,224.554020123,180.96541049,43.5886096324,-179.556269644,404.110289767,1.66133858995e-07
4.159e-06,308.205297102,-400,26.154,2.27153803189,194.628395508,154.102648551,40.5257469565,-202.09476076,396.723156268,1.68656675291e-07
4.16e-06,235.114100907,-400,26.16,1.65298674909,152.464763453,117.557050453,34.9077129991,-232.036004017,384.50076747,1.70629317057e-07
4.161e-06,147.249821062,-400,26.166,0.930756152433,100.712013441,73.6249105311,27.0871029094,-267.498184311,368.210197752,1.71928016134e-07
4.162e-06,50.1332934132,-400,26.172,0.150230649313,42.6217609476,25.0666467066,17.555114241,-306.252789149,348.874550096,1.72471356771e-07
4.163e-06,-50.1332934382,-400,26.178,-0.63954699521,-18.1559436777,-25.0666467191,6.91070304141,-345.864656296,327.708712618,1.72225386929e-07
4.164e-06,-147.249821085,-400,26.184,-1.38895730518,-77.8019558264,-73.6249105427,-4.17704528363,-383.844991757,306.04303593,1.71205747005e-07
4.165e-06,-235.114100927,-400,26.19,-2.05092168338,-132.568016758,-117.557050464,-15.0109662945,-417.807742909,285.239726151,1.6947668252e-07
4.166e-06,-308.205297118,-400,26.196,-2.58386006584,-179.012293826,-154.102648559,-24.9096452673,-445.619501742,266.607207915,1.671470031e-07
4.167e-06,-361.930820992,-400,26.202,-2.95430283039,-214.215679472,-180.965410496,-33.2502689764,-465.533520558,251.317841085,1.64363241924e-07
4.168e-06,-392.914900294,-400,26.208,-3.13899288878,-235.965255855,-196.457450147,-39.507805708,-476.299421596,240.334165741,1.61300445685e-07
4.169e-06,-399.21069137,-400,26.214,-3.12634593845,-242.893394448,-199.605345685,-43.2880487629,-477.241709941,234.348315493,1.58151173962e-07
4.17e-06,-380.422606514,-400,26.22,-2.91717718877,-234.563747076,-190.211303257,-44.3524438185,-468.302159788,233.738412712,1.55113399301e-07
4.171e-06,-337.731170194,-400,26.226,-2.52464897167,-211.49872161,-168.865585097,-42.6331365133,-450.043414403,238.544692793,1.52378068362e-07
4.172e-06,-273.818842362,-400,26.232,-1.97344260177,-175.146712273,-136.909421181,-38.2372910924,-423.61357726,248.466864986,1.50117105658e-07
4.173e-06,-192.70146963,-400,26.238,-1.29820659043,-127.791140108,-96.3507348148,-31.4404052931,-390.674022735,262.882882627,1.48472613573e-07
4.174e-06,-99.4759548536,-400,26.244,-0.541378778968,-72.4070159052,-49.7379774268,-22.6690384784,-353.294965405,280.8879495,1.47547947087e-07
4.175e-06,1.27021837264e-08,-400,26.25,0.249480717009,-12.4740358378,6.35109149237e-09,-12.4740358441,-313.825352251,301.351316414,1.47401223796e-07
4.176e-06,99.4759548782,-400,26.256,1.02467813789,48.2420479835,49.7379774391,-1.4959294556,-274.745254725,322.987302709,1.4804167676e-07
4.177e-06,192.701469652,-400,26.262,1.7355084825,105.926045527,96.3507348259,9.57531070077,-238.510036348,344.436081875,1.49429079054e-07
4.178e-06,273.818842381,-400,26.268,2.33731549304,156.953067729,136.90942119,20.0436465382,-207.396087407,364.349155135,1.51476275882e-07
4.179e-06,337.731170208,-400,26.274,2.79229697325,198.116321545,168.865585104,29.2507364412,-183.357818896,381.474140441,1.54054664883e-07
4.18e-06,380.422606522,-400,26.28,3.07187920883,226.82864608,190.211303261,36.6173428193,-167.904899552,394.733545633,1.57002280012e-07
4.181e-06,399.210691372,-400,26.286,3.15851134887,241.285123929,199.605345686,41.6797782427,-162.007447123,403.292571052,1.60133970868e-07
4.182e-06,392.914900289,-400,26.292,3.046767064,240.576547089,196.457450144,44.1190969444,-166.035127952,406.61167504,1.63253037697e-07
4.183e-06,361.930820981,-400,26.298,2.74368433099,224.746604432,180.96541049,43.7811939411,-179.733987981,404.480592413,1.66163590938e-07
4.184e-06,308.205297102,-400,26.304,2.26832206717,194.789193744,154.102648551,40.6865451927,-202.242467296,397.031661039,1.68682858692e-07
4.185e-06,235.114100907,-400,26.31,1.65056154507,152.586023653,117.557050453,35.0289731998,-232.145588317,384.73161197,1.70652668859e-07
4.186e-06,147.249821062,-400,26.316,0.929227964083,100.788422858,73.624910531,27.1635123268,-267.563909486,368.352332343,1.7194938462e-07
4.187e-06,50.1332934131,-400,26.322,0.149650262889,42.6507802686,25.0666467065,17.5841335621,-306.271652275,348.922432543,1.72491669162e-07
4.188e-06,-50.1332934383,-400,26.328,-0.639187460147,-18.173920431,-25.0666467192,6.89272628817,-345.836577002,327.662656571,1.72245592011e-07
4.189e-06,-147.249821086,-400,26.334,-1.38772390714,-77.8636257289,-73.6249105429,-4.23871518604,-383.772817157,305.909191428,1.71226756399e-07
4.19e-06,-235.114100927,-400,26.34,-2.04893451505,-132.667375175,-117.557050464,-15.110324711,-417.697068612,285.029693437,1.69499314282e-07
4.191e-06,-308.205297118,-400,26.346,-2.58128571605,-179.141011316,-154.102648559,-25.0383627566,-445.47832021,266.337308894,1.67171931185e-07
4.192e-06,-361.930820992,-400,26.352,-2.95134392604,-214.36362469,-180.965410496,-33.3982141936,-465.371718952,251.008094262,1.64390954701e-07
4.193e-06,-392.914900294,-400,26.358,-3.13587537438,-236.121131575,-196.457450147,-39.6636814277,-476.128160667,240.007029092,1.61331216105e-07
4.194e-06,-399.21069137,-400,26.364,-3.12330489283,-243.045446729,-199.605345685,-43.4401010436,-477.07272302,234.027276291,1.58185043243e-07
4.195e-06,-380.422606514,-400,26.37,-2.91444207032,-234.700502998,-190.211303257,-44.4891997412,-468.147015933,233.446512935,1.55150175165e-07
4.196e-06,-337.731170194,-400,26.376,-2.5224292191,-211.609709239,-168.865585097,-42.7441241417,-449.912791995,238.303082757,1.5241733792e-07
4.197e-06,-273.818842362,-400,26.382,-1.9719144951,-175.223117607,-136.909421181,-38.313696426,-423.516593683,248.293476076,1.50158262143e-07
4.198e-06,-192.701469629,-400,26.388,-1.29750219723,-127.826359768,-96.3507348147,-31.4756249531,-390.617662247,262.791302479,1.4851489523e-07
4.199e-06,-99.4759548534,-400,26.394,-0.541577680064,-72.3970708502,-49.7379774267,-22.6590934235,-353.283641115,280.886570265,1.47590485776e-07
4.2e-06,1.28696582497e-08,-400,26.4,0.248356403146,-12.4178201445,6.43482889012e-09,-12.4178201509,-313.860629712,301.442809567,1.47443100262e-07
4.201e-06,99.4759548784,-400,26.406,1.02266512009,48.3426988742,49.7379774392,-1.39527856505,-274.825754454,323.168453328,1.48081979084e-07
4.202e-06,192.701469652,-400,26.412,1.73269996604,106.06647135,96.350734826,9.71573652422,-238.631521389,344.697992739,1.49466960618e-07
4.203e-06,273.818842381,-400,26.418,2.33385530023,157.12607737,136.90942119,20.2166561791,-207.551730381,364.677807751,1.51511009215e-07
4.204e-06,337.731170208,-400,26.424,2.78837048537,198.312645939,168.865585104,29.4470608355,-183.538631739,381.851277678,1.54085687986e-07
4.205e-06,380.422606522,-400,26.43,3.06770169917,227.037521564,190.211303261,36.8262183027,-168.100298902,395.137820466,1.57029232279e-07
4.206e-06,399.210691372,-400,26.436,3.15431444024,241.49496936,199.605345686,41.889623674,-162.205919827,403.700889187,1.60156716322e-07
4.207e-06,392.914900289,-400,26.442,3.04278416198,240.77569219,196.457450144,44.3182420456,-166.224954845,407.000647035,1.63271674112e-07
4.208e-06,361.930820981,-400,26.448,2.74013594806,224.924023578,180.96541049,43.9586130876,-179.903980473,404.828004051,1.66178444248e-07
4.209e-06,308.205297102,-400,26.454,2.26540195995,194.935199105,154.102648551,40.8325505536,-202.382670471,397.317869575,1.68694463064e-07
4.21e-06,235.114100906,-400,26.46,1.64842453526,152.692874144,117.557050453,35.1358236904,-232.247906402,384.940780545,1.70661733671e-07
4.211e-06,147.249821062,-400,26.466,0.927980207974,100.850810663,73.6249105309,27.2259001322,-267.622614385,368.473425048,1.71956750432e-07
4.212e-06,50.1332934129,-400,26.472,0.149342580338,42.666164396,25.0666467064,17.5995176895,-306.283743265,348.949907661,1.72498255437e-07
4.213e-06,-50.1332934386,-400,26.478,-0.638562778854,-18.2051544959,-25.0666467193,6.86149222341,-345.801969002,327.596814506,1.72252339882e-07
4.214e-06,-147.249821086,-400,26.484,-1.38623261652,-77.93819026,-73.624910543,-4.31327971704,-383.69434579,305.75615553,1.71234570073e-07
4.215e-06,-235.114100927,-400,26.49,-2.04669628294,-132.77928678,-117.557050464,-15.2222363165,-417.580311767,284.801024987,1.69509004761e-07
4.216e-06,-308.205297118,-400,26.496,-2.57846660563,-179.281966837,-154.102648559,-25.1793182775,-445.331247356,266.049280519,1.67184165851e-07
4.217e-06,-361.930820992,-400,26.502,-2.94814596435,-214.523522774,-180.965410496,-33.5581122783,-465.204190259,250.680667485,1.64406215916e-07
4.218e-06,-392.914900294,-400,26.508,-3.13252386318,-236.288707135,-196.457450147,-39.8312569879,-475.951307441,239.662600306,1.61349771436e-07
4.219e-06,-399.21069137,-400,26.514,-3.12003425948,-243.208978396,-199.605345685,-43.603632711,-476.898248387,233.689269991,1.58206929174e-07
4.22e-06,-380.422606514,-400,26.52,-2.91148114783,-234.848549123,-190.211303257,-44.6372458656,-467.98645973,233.137910607,1.55175195324e-07
4.221e-06,-337.731170194,-400,26.526,-2.51998688021,-211.731826183,-168.865585097,-42.8662410865,-449.776806048,238.044979865,1.52445075925e-07
4.222e-06,-273.818842362,-400,26.532,-1.97016654285,-175.310515219,-136.909421181,-38.4010940383,-423.414273015,248.103757796,1.50188108255e-07
4.223e-06,-192.701469629,-400,26.538,-1.29658033549,-127.872452855,-96.3507348146,-31.5217180402,-390.555974202,262.683521347,1.48546085145e-07
4.224e-06,-99.4759548533,-400,26.544,-0.541561256333,-72.3978920367,-49.7379774267,-22.65991461,-353.266988263,280.869096226,1.47622149107e-07
4.225e-06,1.30255329085e-08,-400,26.55,0.247445364225,-12.3722681982,6.51276635555e-09,-12.3722682048,-313.890573955,301.518305756,1.47474315668e-07
4.226e-06,99.4759548786,-400,26.556,1.02086328123,48.432790817,49.7379774393,-1.30518662227,-274.900919647,323.333710464,1.48111832584e-07
4.227e-06,192.701469652,-400,26.562,1.73010035476,106.196451914,96.350734826,9.84571708822,-238.747680552,344.944132466,1.49494603421e-07
4.228e-06,273.818842381,-400,26.568,2.33060144578,157.288770092,136.90942119,20.3793489013,-207.702071993,364.990842084,1.51535711436e-07
4.229e-06,337.731170208,-400,26.574,2.78464738427,198.498800994,168.865585104,29.6332158902,-183.714188348,382.212989342,1.54106884876e-07
4.23e-06,380.422606522,-400,26.58,3.06372417741,227.236397651,190.211303261,37.0250943903,-168.2905111,395.526908752,1.57046560058e-07
4.231e-06,399.210691372,-400,26.586,3.15031364386,241.695009179,199.605345686,42.0896634931,-162.399300117,404.094309296,1.6017003538e-07
4.232e-06,392.914900289,-400,26.592,3.038993025,240.965249039,196.457450144,44.5077988945,-166.409809696,407.375058735,1.63281078107e-07
4.233e-06,361.930820981,-400,26.598,2.73677455104,225.092093429,180.96541049,44.1266829385,-180.069145174,405.161238603,1.66184254547e-07
4.234e-06,308.205297102,-400,26.604,2.26266369891,195.072112156,154.102648551,40.9694636055,-202.518210622,397.590322778,1.68697208866e-07
4.235e-06,235.114100906,-400,26.61,1.64646396979,152.790902417,117.557050453,35.2338519638,-232.345741972,385.136644389,1.70662119077e-07
4.236e-06,147.249821062,-400,26.616,0.926903351641,100.90465348,73.6249105308,27.2797429488,-267.67702716,368.581680639,1.71955610516e-07
4.237e-06,50.1332934126,-400,26.622,0.149200242909,42.6732812672,25.0666467063,17.6066345609,-306.291735804,348.965017071,1.72496504102e-07
4.238e-06,-50.1332934388,-400,26.628,-0.637778179669,-18.2443844554,-25.0666467194,6.82226226403,-345.763452604,327.519068149,1.72250912759e-07
4.239e-06,-147.249821086,-400,26.634,-1.38458657417,-78.0204923776,-73.624910543,-4.39558183457,-383.612145679,305.591653301,1.71234366059e-07
4.24e-06,-235.114100928,-400,26.64,-2.0443080829,-132.898696783,-117.557050464,-15.3416463189,-417.459989207,284.561292424,1.69510829876e-07
4.241e-06,-308.205297119,-400,26.646,-2.57550182744,-179.430205747,-154.102648559,-25.3275571873,-445.180749908,265.750544162,1.67188682928e-07
4.242e-06,-361.930820992,-400,26.652,-2.94480607663,-214.690517161,-180.965410496,-33.7251066646,-465.033352186,250.342835026,1.6441390329e-07
4.243e-06,-392.914900294,-400,26.658,-3.12903356573,-236.463222007,-196.457450147,-40.0057718603,-475.771231672,239.308009664,1.6136089323e-07
4.244e-06,-399.21069137,-400,26.664,-3.11662736822,-243.379322959,-199.605345685,-43.773977274,-476.720608892,233.341285932,1.58221519039e-07
4.245e-06,-380.422606514,-400,26.67,-2.90838590951,-235.003311038,-190.211303257,-44.7920077813,-467.822768147,232.819457109,1.55193054658e-07
4.246e-06,-337.731170194,-400,26.676,-2.51741163973,-211.860588207,-168.865585097,-42.9950031105,-449.63768865,237.777100443,1.52465786672e-07
4.247e-06,-273.818842362,-400,26.682,-1.9682866634,-175.404509192,-136.909421181,-38.4950880107,-423.308803424,247.904294232,1.50211059493e-07
4.248e-06,-192.701469629,-400,26.688,-1.29552719316,-127.925109971,-96.3507348145,-31.5743751564,-390.491103774,262.565993804,1.48570511767e-07
4.249e-06,-99.4759548531,-400,26.694,-0.541414000109,-72.4052548477,-49.7379774266,-22.6672774211,-353.24710991,280.841855062,1.47647180191e-07
4.25e-06,1.3272357037e-08,-400,26.7,0.246664769915,-12.3332384825,6.63617855587e-09,-12.3332384891,-313.917246771,301.584008289,1.47499029466e-07
4.251e-06,99.4759548787,-400,26.706,1.01919142054,48.5163838517,49.7379774394,-1.22159358766,-274.972771623,323.489155475,1.48135314699e-07
4.252e-06,192.701469652,-400,26.712,1.72763004605,106.31996735,96.3507348261,9.96923252354,-238.860495446,345.180462796,1.49516004503e-07
4.253e-06,273.818842381,-400,26.718,2.32747589494,157.445047634,136.909421191,20.5356264438,-207.849054868,365.294102502,1.51554300771e-07
4.254e-06,337.731170208,-400,26.724,2.78105117361,198.678611527,168.865585104,29.8130264235,-183.886393063,382.56500459,1.54122096513e-07
4.255e-06,380.422606522,-400,26.73,3.05987165701,227.429023672,190.211303261,37.2177204106,-168.477402864,395.906426535,1.57058028572e-07
4.256e-06,399.210691372,-400,26.736,3.14643545499,241.888918622,199.605345686,42.2835729365,-162.589417741,404.478336363,1.60177619019e-07
4.257e-06,392.914900289,-400,26.742,3.03532160275,241.148820151,196.457450144,44.6913700069,-166.59148592,407.740306071,1.63284867885e-07
4.258e-06,361.930820981,-400,26.748,2.73352951701,225.25434513,180.96541049,44.2889346399,-180.231239798,405.485584928,1.66184568704e-07
4.259e-06,308.205297102,-400,26.754,2.26003806177,195.203394013,154.102648551,41.1007454623,-202.650810387,397.854204401,1.68694573048e-07
4.26e-06,235.114100906,-400,26.76,1.64461200047,152.883500883,117.557050453,35.3264504297,-232.440783231,385.324284114,1.70657233491e-07
4.261e-06,147.249821061,-400,26.766,0.925930894511,100.953276336,73.6249105307,27.3283658052,-267.728802217,368.682078553,1.71949306115e-07
4.262e-06,50.1332934124,-400,26.772,0.149158071243,42.6753898502,25.0666467062,17.608743144,-306.297251157,348.972641007,1.72489690562e-07
4.263e-06,-50.133293439,-400,26.778,-0.636897547105,-18.2884160838,-25.0666467195,6.77823063574,-345.722616598,327.434200514,1.72244521515e-07
4.264e-06,-147.249821086,-400,26.784,-1.38284839608,-78.1074012822,-73.6249105431,-4.48249073904,-383.527773812,305.420372529,1.71229291985e-07
4.265e-06,-235.114100928,-400,26.79,-2.04183128861,-133.022536497,-117.557050464,-15.4654860332,-417.3376268,284.315090302,1.69507875262e-07
4.266e-06,-308.205297119,-400,26.796,-2.57245153895,-179.582720171,-154.102648559,-25.4800716119,-445.028323305,265.445603133,1.67188507286e-07
4.267e-06,-361.930820992,-400,26.802,-2.94138322995,-214.861659494,-180.965410496,-33.8962489984,-464.860670431,249.999010937,1.64416982133e-07
4.268e-06,-392.914900294,-400,26.808,-3.12546228419,-236.641786085,-196.457450147,-40.1843359376,-475.589370001,238.947583917,1.61367488416e-07
4.269e-06,-399.21069137,-400,26.814,-3.11314088126,-243.553647308,-199.605345685,-43.9483016223,-476.541212794,232.987565486,1.58231662538e-07
4.27e-06,-380.422606514,-400,26.82,-2.90521190206,-235.162011411,-190.211303257,-44.9507081538,-467.657321722,232.495310311,1.55206546762e-07
4.271e-06,-337.731170194,-400,26.826,-2.51475795257,-211.993272565,-168.865585097,-43.1276874684,-449.496793249,237.503520683,1.52482208759e-07
4.272e-06,-273.818842362,-400,26.832,-1.96632824283,-175.50243022,-136.909421181,-38.5930090393,-423.201511875,247.699081655,1.50229800533e-07
4.273e-06,-192.701469629,-400,26.838,-1.29439510961,-127.981714148,-96.3507348144,-31.6309793338,-390.424352024,262.442637876,1.48590806914e-07
4.274e-06,-99.4759548529,-400,26.844,-0.541187225257,-72.41659359,-49.7379774264,-22.6786161636,-353.225281753,280.808688163,1.47668159019e-07
4.275e-06,1.34398315604e-08,-400,26.85,0.245964311525,-12.2982155628,6.71991595361e-09,-12.2982155695,-313.941899004,301.643683442,1.47519770839e-07
4.276e-06,99.4759548789,-400,26.856,1.01760021507,48.5959441256,49.7379774394,-1.14203331386,-275.042536847,323.638480973,1.48154904799e-07
4.277e-06,192.701469652,-400,26.862,1.72524068412,106.439435446,96.3507348262,10.08870062,-238.971168597,345.410604043,1.49533594393e-07
4.278e-06,273.818842381,-400,26.868,2.32443124121,157.597280321,136.909421191,20.68785913,-207.993858005,365.591138326,1.51569159868e-07
4.279e-06,337.731170208,-400,26.874,2.77753537907,198.854401255,168.865585104,29.9888161507,-184.056401742,382.910802996,1.5413365861e-07
4.28e-06,380.422606522,-400,26.88,3.05609857921,227.617677562,190.211303261,37.4063743006,-168.662107281,396.279784843,1.57065927517e-07
4.281e-06,399.210691372,-400,26.886,3.14263521429,242.078930658,199.605345686,42.4735849716,-162.777383371,404.856314029,1.60181711829e-07
4.282e-06,392.914900289,-400,26.892,3.03172611939,241.328594319,196.457450144,44.8711441749,-166.771072121,408.09966644,1.63285243819e-07
4.283e-06,361.930820981,-400,26.898,2.73035793793,225.412924084,180.96541049,44.4475135939,-180.391331229,405.804255313,1.66181543749e-07
4.284e-06,308.205297102,-400,26.904,2.25748299266,195.331147469,154.102648551,41.2284989181,-202.781515287,398.112662756,1.68688670161e-07
4.285e-06,235.114100906,-400,26.91,1.64282740788,152.972730512,117.557050453,35.4156800589,-232.534054692,385.506785204,1.70649149829e-07
4.286e-06,147.249821061,-400,26.916,0.925022437828,100.99869917,73.6249105306,27.3737886392,-267.77894344,368.77764261,1.71939869337e-07
4.287e-06,50.1332934123,-400,26.922,0.149176471295,42.6744698476,25.0666467062,17.6078231414,-306.301272971,348.975742818,1.72479806929e-07
4.288e-06,-50.1332934391,-400,26.928,-0.635959686628,-18.3353091077,-25.0666467195,6.73133761187,-345.680424798,327.345115691,1.72235119066e-07
4.289e-06,-147.249821086,-400,26.934,-1.38105611542,-78.1970153155,-73.6249105432,-4.57210477231,-383.442174597,305.245159282,1.71221262347e-07
4.29e-06,-235.114100928,-400,26.94,-2.03930317733,-133.148942061,-117.557050464,-15.5918915973,-417.214149986,284.065207925,1.69502017761e-07
4.291e-06,-308.205297119,-400,26.946,-2.5693522779,-179.737683224,-154.102648559,-25.6350346642,-444.874874465,265.137191241,1.67185478861e-07
4.292e-06,-361.930820992,-400,26.952,-2.93791323893,-215.035159046,-180.965410496,-34.0697485497,-464.687033843,249.651874797,1.64417256206e-07
4.293e-06,-392.914900294,-400,26.958,-3.12184512619,-236.822643984,-196.457450147,-40.3651938375,-475.406593662,238.583949678,1.61371325295e-07
4.294e-06,-399.21069137,-400,26.964,-3.10960921519,-243.730230611,-199.605345685,-44.1248849255,-476.360914154,232.630683543,1.58239093211e-07
4.295e-06,-380.422606514,-400,26.97,-2.90199286655,-235.322963186,-190.211303257,-45.1116599294,-467.490957777,232.167994591,1.55217371101e-07
4.296e-06,-337.731170193,-400,26.976,-2.51205889927,-212.12822523,-168.865585097,-43.262640133,-449.354940844,237.226715614,1.5249600824e-07
4.297e-06,-273.818842361,-400,26.982,-1.96432371555,-175.602656584,-136.909421181,-38.6932354034,-423.09320344,247.490546856,1.50245964674e-07
4.298e-06,-192.701469629,-400,26.988,-1.29321588685,-128.040675286,-96.3507348143,-31.6899404717,-390.35650846,262.315833174,1.48608571764e-07
4.299e-06,-99.4759548527,-400,26.994,-0.5409121144,-72.4303491327,-49.7379774264,-22.6923717063,-353.202278079,280.771928947,1.47686655281e-07
4.3e-06,1.36015061513e-08,-400,27,0.245313413556,-12.2656706642,6.80075338516e-09,-12.265670671,-313.965290024,301.69961936,1.47538078597e-07
4.301e-06,99.4759548791,-400,27.006,1.01605968489,48.6729706349,49.7379774396,-1.06500680471,-275.110960048,323.783930682,1.48172111416e-07
4.302e-06,192.701469653,-400,27.012,1.72290287376,106.556325965,96.3507348263,10.2055911383,-239.080430342,345.636756306,1.4954885194e-07
4.303e-06,273.818842381,-400,27.018,2.32143866386,157.746909188,136.909421191,20.8374879978,-208.137197572,365.88410676,1.5158173847e-07
4.304e-06,337.731170208,-400,27.024,2.77407174462,199.027582977,168.865585104,30.1619978732,-184.224916585,383.252499562,1.54142992368e-07
4.305e-06,380.422606522,-400,27.03,3.05237724338,227.803744353,190.211303261,37.5924410922,-168.845312772,396.649057125,1.57071650118e-07
4.306e-06,399.210691372,-400,27.036,3.13888576746,242.266402999,199.605345686,42.6610573131,-162.963871824,405.230274823,1.60183679607e-07
4.307e-06,392.914900289,-400,27.042,3.02817995808,241.505902385,196.457450144,45.0484522402,-166.949229685,408.45513207,1.63283544822e-07
4.308e-06,361.930820981,-400,27.048,2.72723372555,225.569134703,180.96541049,44.6037242126,-180.550067599,406.119202302,1.66176492247e-07
4.309e-06,308.205297102,-400,27.054,2.25497292297,195.456650953,154.102648551,41.3540024021,-202.910960382,398.367611335,1.68680786938e-07
4.31e-06,235.114100906,-400,27.06,1.64108513399,153.059844206,117.557050453,35.5027937532,-232.626178544,385.68602275,1.70639129512e-07
4.311e-06,147.249821061,-400,27.066,0.924153424768,101.042149823,73.6249105306,27.4172392922,-267.828060364,368.870210186,1.71928536796e-07
4.312e-06,50.1332934122,-400,27.072,0.149231377815,42.6717245214,25.0666467061,17.6050778153,-306.304398355,348.976122877,1.72468065508e-07
4.313e-06,-50.1332934393,-400,27.078,-0.63498818183,-18.3838843478,-25.0666467197,6.68276237185,-345.637462145,327.253577797,1.72223893893e-07
4.314e-06,-147.249821087,-400,27.084,-1.3792328443,-78.2881788714,-73.6249105433,-4.66326832808,-383.355921075,305.067742204,1.7121144228e-07
4.315e-06,-235.114100928,-400,27.09,-2.03674640014,-133.276780921,-117.557050464,-15.7197304569,-417.090120194,283.813339273,1.69494399626e-07
4.316e-06,-308.205297119,-400,27.096,-2.56622624491,-179.893984873,-154.102648559,-25.7913363138,-444.720953505,264.826968632,1.67180717482e-07
4.317e-06,-361.930820992,-400,27.102,-2.93441786431,-215.209927777,-180.965410496,-34.2445172806,-464.512981536,249.303053759,1.64415823359e-07
4.318e-06,-392.914900294,-400,27.108,-3.11820342323,-237.004729132,-196.457450147,-40.5472789855,-475.223431076,238.218701944,1.6137348017e-07
4.319e-06,-399.21069137,-400,27.114,-3.10605328265,-243.908027238,-199.605345685,-44.3026815529,-476.180231012,232.272203774,1.5824486624e-07
4.32e-06,-380.422606514,-400,27.12,-2.89874930683,-235.485141172,-190.211303257,-45.2738379155,-467.324184267,231.839043095,1.55226562148e-07
4.321e-06,-337.731170193,-400,27.126,-2.50933458465,-212.264440961,-168.865585097,-43.3988558642,-449.21262959,236.948188629,1.52508199286e-07
4.322e-06,-273.818842361,-400,27.132,-1.96229279652,-175.704202535,-136.909421181,-38.7947813546,-422.984366737,247.280164202,1.50260546178e-07
4.323e-06,-192.701469629,-400,27.138,-1.29200885867,-128.101026695,-96.3507348143,-31.7502918809,-390.288052404,262.187025709,1.48624781058e-07
4.324e-06,-99.4759548525,-400,27.144,-0.540607628171,-72.445573444,-49.7379774263,-22.7075960177,-353.178569124,280.73299568,1.47703624569e-07
4.325e-06,1.38483302801e-08,-400,27.15,0.244693481129,-12.2346740426,6.9241646974e-09,-12.2346740495,-313.987881166,301.753207123,1.47554889555e-07
4.326e-06,99.4759548794,-400,27.156,1.0145515941,48.7483751742,49.7379774397,-0.989602265441,-275.178493819,323.926868993,1.48187852952e-07
4.327e-06,192.701469653,-400,27.162,1.72059873187,106.671533059,96.3507348264,10.320798233,-239.188724664,345.860257724,1.49562677484e-07
4.328e-06,273.818842381,-400,27.168,2.31848062691,157.894811036,136.909421191,20.9853898453,-208.279509051,366.174320087,1.51592919207e-07
4.329e-06,337.731170208,-400,27.174,2.77064307618,199.199016399,168.865585104,30.333431295,-184.392364663,383.591381062,1.54150963055e-07
4.33e-06,380.422606522,-400,27.18,3.04869079239,227.988066903,190.211303261,37.7767636414,-169.027438071,397.015504974,1.57076044618e-07
4.331e-06,399.210691372,-400,27.186,3.1351705896,242.452161892,199.605345686,42.8468162059,-163.149293567,405.601455459,1.60184353905e-07
4.332e-06,392.914900289,-400,27.192,3.02466692149,241.681554214,196.457450144,45.2241040698,-167.126360883,408.807915098,1.63280586084e-07
4.333e-06,361.93082098,-400,27.198,2.7241410054,225.72377071,180.96541049,44.7583602201,-180.707843055,406.431613765,1.6617021335e-07
4.334e-06,308.205297101,-400,27.204,2.25249229622,195.58068229,154.102648551,41.4780337397,-203.039531778,398.620214069,1.68671706821e-07
4.335e-06,235.114100906,-400,27.21,1.63936993516,153.145604148,117.557050453,35.5885536948,-232.717532951,385.863137099,1.70627940582e-07
4.336e-06,147.249821061,-400,27.216,0.923308919104,101.084375106,73.6249105305,27.4594645753,-267.876523323,368.960898429,1.71916061443e-07
4.337e-06,50.1332934119,-400,27.222,0.149308156204,42.6678856017,25.066646706,17.6012388957,-306.306989957,348.974875559,1.72455204465e-07
4.338e-06,-50.1332934396,-400,27.228,-0.633997371842,-18.4334248475,-25.0666467198,6.63322187231,-345.594083755,327.160658908,1.72211569674e-07
4.339e-06,-147.249821087,-400,27.234,-1.37739263291,-78.3801894411,-73.6249105434,-4.75527889771,-383.269361012,304.889171571,1.71200541268e-07
4.34e-06,-235.114100928,-400,27.24,-2.03417472505,-133.405364675,-117.557050464,-15.8483142114,-416.965878035,283.56051336,1.69485716435e-07
4.341e-06,-308.205297119,-400,27.246,-2.56308693286,-180.050950476,-154.10264856,-25.9483019164,-444.566894095,264.515943619,1.67174905096e-07
4.342e-06,-361.930820992,-400,27.252,-2.93091033101,-215.385304442,-180.965410496,-34.4198939459,-464.338840461,248.953536019,1.6441335218e-07
4.343e-06,-392.914900294,-400,27.258,-3.11455013939,-237.187393325,-196.457450147,-40.7299431777,-475.040202701,237.852809376,1.61374608538e-07
4.344e-06,-399.21069137,-400,27.264,-3.10248579393,-244.086401674,-199.605345685,-44.4810559886,-475.999477555,231.913075881,1.58249624283e-07
4.345e-06,-380.422606514,-400,27.27,-2.89549368629,-235.647922199,-190.211303257,-45.4366189424,-467.157309326,231.509387127,1.55234749976e-07
4.346e-06,-337.731170193,-400,27.276,-2.50659723166,-212.40130861,-168.865585097,-43.5357235134,-449.07016177,236.66885316,1.52519399626e-07
4.347e-06,-273.818842361,-400,27.282,-1.96024747438,-175.806468642,-136.909421181,-38.8970474616,-422.875298384,247.068829742,1.50274150669e-07
4.348e-06,-192.701469628,-400,27.288,-1.29078578491,-128.162180383,-96.3507348142,-31.8114455687,-390.219274973,262.05709459,1.48640028545e-07
4.349e-06,-99.4759548524,-400,27.294,-0.540285302666,-72.4616897191,-49.7379774262,-22.7237122929,-353.15444064,280.692750921,1.47719648986e-07
4.35e-06,1.40042049388e-08,-400,27.3,0.244093197464,-12.2046598592,7.00210216284e-09,-12.2046598662,-314.009952931,301.805293072,1.47570774391e-07
4.351e-06,99.4759548794,-400,27.306,1.01306484137,48.8227128107,49.7379774397,-0.915264628993,-275.245413495,324.068126305,1.48202688873e-07
4.352e-06,192.701469653,-400,27.312,1.71831736919,106.785601194,96.3507348264,10.4348663672,-239.296321791,346.081922985,1.49575619499e-07
4.353e-06,273.818842382,-400,27.318,2.3155464503,158.041519866,136.909421191,21.1320986757,-208.4210576,366.462577467,1.51603239769e-07
4.354e-06,337.731170208,-400,27.324,2.76723890037,199.36922519,168.865585104,30.5036400858,-184.55900609,383.92823128,1.54158097783e-07
4.355e-06,380.422606522,-400,27.33,3.04502895727,228.171158659,190.211303261,37.9598553977,-169.208738258,397.379896917,1.57079627757e-07
4.356e-06,399.210691372,-400,27.336,3.13147961402,242.636710671,199.605345686,43.0313649853,-163.333898651,405.970609322,1.60184241297e-07
4.357e-06,392.914900289,-400,27.342,3.02117714309,241.856043134,196.457450144,45.3985929898,-167.302710739,409.158753873,1.63276864213e-07
4.358e-06,361.93082098,-400,27.348,2.72107010893,225.877315534,180.96541049,44.9119050439,-180.864897604,406.742213138,1.661631939e-07
4.359e-06,308.205297101,-400,27.354,2.25003163942,195.70371513,154.102648551,41.6010665796,-203.16746449,398.87117962,1.68661907078e-07
4.36e-06,235.114100906,-400,27.36,1.63767253127,153.230474342,117.557050453,35.6734238894,-232.808347972,386.038822314,1.70616050929e-07
4.361e-06,147.249821061,-400,27.366,0.922479830519,101.125829535,73.6249105304,27.5009190044,-267.924557481,369.050387015,1.71902901987e-07
4.362e-06,50.1332934117,-400,27.372,0.149397902472,42.6633982881,25.0666467058,17.5967515822,-306.309268121,348.972666409,1.72441673511e-07
4.363e-06,-50.1332934397,-400,27.378,-0.632995978209,-18.4834945293,-25.0666467199,6.58315219059,-345.550505256,327.067010727,1.72198587309e-07
4.364e-06,-147.249821087,-400,27.384,-1.37554402462,-78.4726198562,-73.6249105435,-4.84770931269,-383.182705442,304.710085586,1.71188991578e-07
4.365e-06,-235.114100928,-400,27.39,-2.03159652187,-133.534274835,-117.557050464,-15.9772243705,-416.841630095,283.30735526,1.69476391997e-07
4.366e-06,-308.205297119,-400,27.396,-2.55994254285,-180.208169977,-154.10264856,-26.1055214169,-444.412898529,264.204728552,1.67168457228e-07
4.367e-06,-361.930820992,-400,27.402,-2.92739867646,-215.560887169,-180.965410496,-34.5954766733,-464.164808786,248.603921616,1.64410250074e-07
4.368e-06,-392.914900294,-400,27.408,-3.11089315354,-237.370242617,-196.457450147,-40.9127924699,-474.857102755,237.486860138,1.61375109845e-07
4.369e-06,-399.21069137,-400,27.414,-3.0989144744,-244.26496765,-199.605345685,-44.6596219653,-475.818844226,231.553876575,1.58253758988e-07
4.37e-06,-380.422606514,-400,27.42,-2.89223358159,-235.810927434,-190.211303257,-45.5996241773,-466.990519789,231.179592355,1.55242318581e-07
4.371e-06,-337.731170193,-400,27.426,-2.50385427284,-212.538456551,-168.865585097,-43.6728714544,-448.927720767,236.389264216,1.52529985751e-07
4.372e-06,-273.818842361,-400,27.432,-1.95819504169,-175.909090277,-136.909421181,-38.9996690962,-422.766178446,246.857088169,1.50287147276e-07
4.373e-06,-192.701469628,-400,27.438,-1.28955382188,-128.223778534,-96.3507348141,-31.8730437201,-390.150353029,261.926574495,1.4865467613e-07
4.374e-06,-99.4759548522,-400,27.444,-0.539952161107,-72.4783467968,-49.7379774261,-22.7403693707,-353.130066382,280.651719585,1.47735083347e-07
4.375e-06,1.4171679462e-08,-400,27.45,0.24350566976,-12.1752834738,7.08583956048e-09,-12.1752834809,-314.031676031,301.856392558,1.47586080961e-07
4.376e-06,99.4759548796,-400,27.456,1.0115926622,48.8963217696,49.7379774398,-0.84165567022,-275.311886785,324.208208554,1.4821696021e-07
4.377e-06,192.701469653,-400,27.462,1.71605214788,106.898862259,96.3507348265,10.5481274326,-239.40338645,346.302248709,1.49588012312e-07
4.378e-06,273.818842382,-400,27.468,2.31262962165,158.187361299,136.909421191,21.2779401085,-208.562004964,366.749366263,1.51613027908e-07
4.379e-06,337.731170208,-400,27.474,2.76385282935,199.538528741,168.865585104,30.6729436366,-184.724999605,384.263528345,1.54164717856e-07
4.38e-06,380.422606522,-400,27.48,3.04138547411,228.353332817,190.211303261,38.1420295559,-169.389369038,397.742701855,1.57082714513e-07
4.381e-06,399.210691372,-400,27.486,3.12780670018,242.820356363,199.605345686,43.2150106771,-163.517839712,406.338196076,1.60183650557e-07
4.382e-06,392.914900289,-400,27.492,3.01770460519,242.029670029,196.457450144,45.5722198849,-167.478428788,409.508098817,1.63272681906e-07
4.383e-06,361.93082098,-400,27.498,2.71801514058,226.030063951,180.96541049,45.0646534613,-181.021377654,407.051441605,1.66155730635e-07
4.384e-06,308.205297101,-400,27.504,2.24758517825,195.826038189,154.102648551,41.7233896381,-203.294901781,399.12093997,1.68651678613e-07
4.385e-06,235.114100905,-400,27.51,1.63598726797,153.314737507,117.557050453,35.757687054,-232.898763728,386.213501235,1.70603745746e-07
4.386e-06,147.24982106,-400,27.516,0.921660623022,101.166789909,73.6249105302,27.5418793791,-267.972299838,369.139089747,1.71889338022e-07
4.387e-06,50.1332934115,-400,27.522,0.149495196917,42.6585335656,25.0666467058,17.5918868599,-306.311366772,348.969900338,1.72427746764e-07
4.388e-06,-50.1332934399,-400,27.528,-0.631989306841,-18.5338280978,-25.0666467199,6.53281862209,-345.506857565,326.973029468,1.72185215553e-07
4.389e-06,-147.249821087,-400,27.534,-1.37369221444,-78.5652103653,-73.6249105436,-4.94029982177,-383.096082364,304.530871999,1.71177056716e-07
4.39e-06,-235.114100929,-400,27.54,-2.02901687802,-133.663257028,-117.557050464,-16.1062065635,-416.717501562,283.054244534,1.69466684677e-07
4.391e-06,-308.205297119,-400,27.546,-2.55679805826,-180.365394206,-154.10264856,-26.2627456467,-444.259089309,263.893695103,1.67161627208e-07
4.392e-06,-361.930820992,-400,27.552,-2.92388778374,-215.736431805,-180.965410496,-34.7710213091,-463.991006467,248.254574662,1.6440676544e-07
4.393e-06,-392.914900294,-400,27.558,-3.10723725231,-237.553037679,-196.457450147,-41.0955875316,-474.674248788,237.12121111,1.61375227654e-07
4.394e-06,-399.21069137,-400,27.564,-3.09534401799,-244.443490471,-199.605345685,-44.8381447856,-475.638446311,231.194955841,1.58257509176e-07
4.395e-06,-380.422606514,-400,27.57,-2.88897359766,-235.973926631,-190.211303257,-45.7626233739,-466.823928815,230.850002184,1.55249502136e-07
4.396e-06,-337.731170193,-400,27.576,-2.50111022746,-212.67565882,-168.865585097,-43.8100737236,-448.785417736,236.109758916,1.52540187274e-07
4.397e-06,-273.818842361,-400,27.582,-1.95613993506,-176.011845608,-136.90942118,-39.1024244273,-422.657116186,246.645270578,1.50299761134e-07
4.398e-06,-192.701469628,-400,27.588,-1.28831732612,-128.285603322,-96.350734814,-31.9348685081,-390.081394031,261.795790708,1.48668944551e-07
4.399e-06,-99.475954852,-400,27.594,-0.539612482037,-72.4953307501,-49.737977426,-22.7573533241,-353.105552066,280.610221315,1.47750144072e-07
4.4e-06,1.43333540529e-08,-400,27.6,0.242926695912,-12.1463347813,7.16667699202e-09,-12.1463347884,-314.053154481,301.9068197,1.47601021446e-07
4.401e-06,99.4759548798,-400,27.606,1.01013092985,48.9694083874,49.7379774399,-0.768569052553,-275.378016018,324.347424406,1.48230874978e-07
4.402e-06,192.701469653,-400,27.612,1.71379901599,107.011518854,96.3507348266,10.660784027,-239.510019275,346.521538129,1.4960005985e-07
4.403e-06,273.818842382,-400,27.618,2.30972616358,158.332534203,136.909421191,21.4231130122,-208.702450053,367.034984257,1.51622483536e-07
4.404e-06,337.731170208,-400,27.624,2.76048096047,199.707122185,168.865585104,30.8415370808,-184.890442355,384.59756454,1.54171019244e-07
4.405e-06,380.422606522,-400,27.63,3.03775651525,228.53478076,190.211303261,38.3234774986,-169.569425741,398.104206501,1.57085496992e-07
4.406e-06,399.210691372,-400,27.636,3.12414809588,243.003286578,199.605345686,43.3979408919,-163.701210205,406.704496783,1.60182770002e-07
4.407e-06,392.914900289,-400,27.642,3.0142456314,242.202618719,196.457450144,45.7451685746,-167.653606549,409.856225268,1.63268223762e-07
4.408e-06,361.93082098,-400,27.648,2.71497250002,226.182195979,180.96541049,45.2167854891,-181.177372739,407.359568719,1.66148004519e-07
4.409e-06,308.205297101,-400,27.654,2.24514938841,195.94782768,154.102648551,41.8451791299,-203.421931165,399.369758845,1.68641198829e-07
4.41e-06,235.114100905,-400,27.66,1.63431069667,153.398566072,117.557050453,35.8415156192,-232.988865693,386.387431765,1.70591198947e-07
4.411e-06,147.24982106,-400,27.666,0.920847922928,101.207424914,73.6249105302,27.5825143838,-268.019833827,369.227258741,1.71875540053e-07
4.412e-06,50.1332934114,-400,27.672,0.149596739573,42.6534564328,25.0666467057,17.5868097271,-306.313367326,348.966823759,1.72413591391e-07
4.413e-06,-50.13329344,-400,27.678,-0.63098058564,-18.584264158,-25.06664672,6.48238256198,-345.463220127,326.878955969,1.72171618309e-07
4.414e-06,-147.249821087,-400,27.684,-1.3718403603,-78.6578030724,-73.6249105436,-5.03289252875,-383.009569319,304.351766247,1.71164897391e-07
4.415e-06,-235.114100929,-400,27.69,-2.02643888388,-133.792156734,-117.557050464,-16.2351062701,-416.593568163,282.801411429,1.69456752062e-07
4.416e-06,-308.205297119,-400,27.696,-2.55365650473,-180.522471883,-154.10264856,-26.4198233233,-444.105540455,263.583068572,1.67154569563e-07
4.417e-06,-361.930820992,-400,27.702,-2.92038061673,-215.911790156,-180.965410496,-34.9463796598,-463.817505931,247.905715775,1.6440304981e-07
4.418e-06,-392.914900294,-400,27.708,-3.10358534084,-237.735633252,-196.457450147,-41.278183105,-474.491711759,236.756078507,1.61375110566e-07
4.419e-06,-399.21069137,-400,27.714,-3.09177727419,-244.621827661,-199.605345685,-45.0164819755,-475.458353424,230.836525764,1.5826102057e-07
4.42e-06,-380.422606513,-400,27.72,-2.88571653119,-236.136779954,-190.211303257,-45.9254766971,-466.65760479,230.520824836,1.5525644354e-07
4.421e-06,-337.731170193,-400,27.726,-2.49836784209,-212.812778088,-168.865585096,-43.947192992,-448.643319943,235.830541855,1.52550144322e-07
4.422e-06,-273.818842361,-400,27.732,-1.95408485327,-176.114599697,-136.90942118,-39.2051785171,-422.54817784,246.433578143,1.50312129647e-07
4.423e-06,-192.701469628,-400,27.738,-1.28707895044,-128.347522106,-96.3507348139,-31.9967872918,-390.012463253,261.664941148,1.48682968537e-07
4.424e-06,-99.4759548518,-400,27.744,-0.539268873729,-72.5125111654,-49.7379774259,-22.7745337395,-353.080962056,280.56845089,1.47764963261e-07
4.425e-06,1.45801781817e-08,-400,27.75,0.242353711282,-12.1176855495,7.29008919244e-09,-12.1176855568,-314.074451756,301.956766207,1.47615725359e-07
4.426e-06,99.4759548801,-400,27.756,1.0086771229,49.0420987352,49.73797744,-0.695878704874,-275.443863782,324.485962517,1.48244560147e-07
4.427e-06,192.701469653,-400,27.762,1.71155549535,107.123694886,96.3507348267,10.7729600592,-239.616281941,346.739976827,1.49611886583e-07
4.428e-06,273.818842382,-400,27.768,2.30683364158,158.477160303,136.909421191,21.5677391122,-208.842453588,367.319613891,1.51631728666e-07
4.429e-06,337.731170209,-400,27.774,2.75712090359,199.875125029,168.865585104,31.0095399247,-185.055394046,384.930519075,1.54177121549e-07
4.43e-06,380.422606522,-400,27.78,3.03413973589,228.715619728,190.211303261,38.5043164668,-169.748966991,398.464586719,1.57088092428e-07
4.431e-06,399.210691372,-400,27.786,3.12050150259,243.185616243,199.605345686,43.5802705565,-163.884067598,407.069683841,1.60181714545e-07
4.432e-06,392.914900289,-400,27.792,3.01079797041,242.375001768,196.457450144,45.9175516237,-167.828300269,410.203302037,1.63263602421e-07
4.433e-06,361.93082098,-400,27.798,2.71193998399,226.333821781,180.96541049,45.3684112905,-181.332937819,407.6667596,1.66140125962e-07
4.434e-06,308.205297101,-400,27.804,2.24272211521,196.069191341,154.10264855,41.9665427901,-203.548606262,399.617797602,1.68630575956e-07
4.435e-06,235.114100905,-400,27.81,1.63264071139,153.482065336,117.557050453,35.925014883,-233.078706114,386.56077145,1.70578516633e-07
4.436e-06,147.24982106,-400,27.816,0.920039672778,101.247837421,73.6249105301,27.6229268913,-268.067210312,369.315047734,1.71861612098e-07
4.437e-06,50.1332934112,-400,27.822,0.149700520801,42.6482673711,25.0666467056,17.5816206655,-306.315319272,348.963586643,1.72399309377e-07
4.438e-06,-50.1332934403,-400,27.828,-0.629971777565,-18.634704562,-25.0666467201,6.43194215813,-345.41964109,326.784936528,1.72157895577e-07
4.439e-06,-147.249821087,-400,27.834,-1.36999038006,-78.7503020844,-73.6249105437,-5.12539154068,-382.923213172,304.172911087,1.71152611663e-07
4.44e-06,-235.114100929,-400,27.84,-2.02386441421,-133.920880218,-117.557050464,-16.3638297539,-416.469875554,282.548995335,1.69446690313e-07
4.441e-06,-308.20529712,-400,27.846,-2.55051971614,-180.679311313,-154.10264856,-26.576662753,-443.952296505,263.272985192,1.67147378604e-07
4.442e-06,-361.930820993,-400,27.852,-2.91687897093,-216.086872446,-180.965410496,-35.1214619499,-463.644350707,247.55747826,1.64399195679e-07
4.443e-06,-392.914900294,-400,27.858,-3.09993917888,-237.91794135,-196.457450147,-41.460491203,-474.309534296,236.391592946,1.61374849296e-07
4.444e-06,-399.21069137,-400,27.864,-3.08821596956,-244.799892892,-199.605345685,-45.1945472073,-475.278607406,230.478714513,1.58264382144e-07
4.445e-06,-380.422606513,-400,27.87,-2.88246407802,-236.299402612,-190.211303257,-46.0880993556,-466.491588872,230.19218626,1.55263230057e-07
4.446e-06,-337.731170193,-400,27.876,-2.49562878403,-212.949730991,-168.865585096,-44.0841458947,-448.501467963,235.551736972,1.52559942478e-07
4.447e-06,-273.818842361,-400,27.882,-1.95203143694,-176.217270514,-136.90942118,-39.3078493334,-422.439403475,246.222132962,1.50324336743e-07
4.448e-06,-192.701469628,-400,27.888,-1.28584031029,-128.409454113,-96.3507348139,-32.0587192992,-389.94360032,261.534146207,1.4869683039e-07
4.449e-06,-99.4759548516,-400,27.894,-0.53892292742,-72.5298084806,-49.7379774258,-22.7918310548,-353.056335565,280.526527085,1.47779621611e-07
4.45e-06,1.48328022428e-08,-400,27.9,0.241785148329,-12.0892574016,7.41640135906e-09,-12.0892574091,-314.095606675,302.006349273,1.47630271817e-07
4.451e-06,99.4759548802,-400,27.906,1.00722969747,49.1144700065,49.7379774401,-0.623507433625,-275.509468487,324.623938494,1.48258093278e-07
4.452e-06,192.701469654,-400,27.912,1.70932006617,107.235466345,96.3507348268,10.8847315185,-239.722212422,346.957678767,1.4962356854e-07
4.453e-06,273.818842382,-400,27.918,2.30395056073,158.621314346,136.909421191,21.7118931544,-208.982053052,367.603367398,1.51640837822e-07
4.454e-06,337.731170209,-400,27.924,2.75377118976,200.042610721,168.865585104,31.1770256164,-185.219891606,385.262502327,1.54183097812e-07
4.455e-06,380.422606523,-400,27.93,3.03053369427,228.895921809,190.211303261,38.6846185478,-169.928029084,398.823950893,1.57090572406e-07
4.456e-06,399.210691372,-400,27.936,3.11686550711,243.367416016,199.605345686,43.7620703303,-164.066447473,407.43386349,1.60180554342e-07
4.457e-06,392.914900289,-400,27.942,3.0073602389,242.546888344,196.457450144,46.0894381993,-168.002544734,410.549433078,1.63258886641e-07
4.458e-06,361.93082098,-400,27.948,2.70891624012,226.485008974,180.96541049,45.5195984841,-181.488106816,407.97311579,1.66132162356e-07
4.459e-06,308.205297101,-400,27.954,2.24030203809,196.190195196,154.10264855,42.0875466457,-203.674960072,399.865155268,1.68619876047e-07
4.46e-06,235.114100905,-400,27.96,1.63097602393,153.565299708,117.557050452,36.0082492558,-233.168317027,386.733616735,1.70565763553e-07
4.461e-06,147.24982106,-400,27.966,0.919234616789,101.288090221,73.62491053,27.6631796906,-268.114460343,369.402550564,1.71847617635e-07
4.462e-06,50.1332934109,-400,27.972,0.149805316873,42.6430275673,25.0666467055,17.5763808618,-306.317252676,348.960280244,1.7238496296e-07
4.463e-06,-50.1332934404,-400,27.978,-0.628964075123,-18.6850896843,-25.0666467202,6.38155703594,-345.376149563,326.691059879,1.72144108386e-07
4.464e-06,-147.249821088,-400,27.984,-1.36814343628,-78.8426492734,-73.6249105438,-5.21773872964,-382.837042122,303.994392848,1.71140259385e-07
4.465e-06,-235.114100929,-400,27.99,-2.02129460326,-134.049370766,-117.557050464,-16.4923203014,-416.346451095,282.297080329,1.69436558137e-07
4.466e-06,-308.20529712,-400,27.996,-2.54738880044,-180.835857098,-154.10264856,-26.7332085377,-443.799384066,262.963526968,1.67140111913e-07
4.467e-06,-361.930820993,-400,28.002,-2.91338393019,-216.261624483,-180.965410496,-35.2962139869,-463.471566742,247.209942258,1.64395259536e-07
4.468e-06,-392.914900294,-400,28.008,-3.09629982847,-238.09990887,-196.457450147,-41.6424587233,-474.127741794,236.027832923,1.6137449926e-07
4.469e-06,-399.21069137,-400,28.014,-3.08466114663,-244.977634039,-199.605345685,-45.3722883537,-475.099233201,230.121599162,1.58267648262e-07
4.47e-06,-380.422606513,-400,28.02,-2.87921726335,-236.461743346,-190.211303257,-46.250440089,-466.325905659,229.864162314,1.55269915016e-07
4.471e-06,-337.731170193,-400,28.026,-2.49289406311,-213.086467037,-168.865585096,-44.220881941,-448.359886129,235.273419092,1.52569634052e-07
4.472e-06,-273.818842361,-400,28.032,-1.94998068211,-176.319808255,-136.90942118,-39.4103870747,-422.330817239,246.011008984,1.50336433733e-07
4.473e-06,-192.701469628,-400,28.038,-1.28460238911,-128.471350172,-96.3507348138,-32.1206153582,-389.874829242,261.40347907,1.48710580428e-07
4.474e-06,-99.4759548514,-400,28.044,-0.538575614709,-72.547174116,-49.7379774257,-22.8091966903,-353.031696504,280.484522388,1.47794168463e-07
4.475e-06,1.49035273638e-08,-400,28.05,0.241220047033,-12.0610023368,7.45176405563e-09,-12.0610023442,-314.11664305,302.055640713,1.47644709197e-07
4.476e-06,99.4759548804,-400,28.056,1.00578770535,49.186569613,49.7379774402,-0.551407827159,-275.574853836,324.761423449,1.48271521794e-07
4.477e-06,192.701469654,-400,28.062,1.70709179263,107.346880022,96.3507348269,10.9961451953,-239.827834267,347.174714289,1.49635152202e-07
4.478e-06,273.818842382,-400,28.068,2.30107599868,158.765042448,136.909421191,21.8556212571,-209.121271789,367.886314238,1.51649856553e-07
4.479e-06,337.731170209,-400,28.074,2.75043091134,200.209624642,168.865585104,31.3440395374,-185.383958099,385.593582741,1.54188992668e-07
4.48e-06,380.422606523,-400,28.08,3.02693749898,229.075731574,190.211303261,38.8644283124,-170.10663472,399.182366294,1.57092980661e-07
4.481e-06,399.210691372,-400,28.086,3.1132392358,243.548729582,199.605345686,43.943383896,-164.248372087,407.797101669,1.60179332246e-07
4.482e-06,392.914900289,-400,28.092,3.00393158246,242.718321166,196.457450144,46.2608710213,-168.176361671,410.894682837,1.63254118411e-07
4.483e-06,361.93082098,-400,28.098,2.70590043459,226.635799251,180.96541049,45.6703887606,-181.642900849,408.278700099,1.66124154844e-07
4.484e-06,308.205297101,-400,28.104,2.23788834489,196.310879856,154.10264855,42.2082313056,-203.801013042,400.111892898,1.68609139427e-07
4.485e-06,235.114100905,-400,28.11,1.62931584446,153.648308682,117.557050452,36.0912582294,-233.257718163,386.906026845,1.70552979228e-07
4.486e-06,147.24982106,-400,28.116,0.91843198774,101.328221673,73.6249105299,27.7033111429,-268.161602909,369.489824582,1.71833595407e-07
4.487e-06,50.1332934108,-400,28.122,0.149910383011,42.6377742602,25.0666467054,17.5711275548,-306.319185786,348.956960046,1.72370590127e-07
4.488e-06,-50.1332934406,-400,28.128,-0.627958201294,-18.7353833759,-25.0666467203,6.33126334439,-345.33276307,326.597379694,1.7213029399e-07
4.489e-06,-147.249821088,-400,28.134,-1.36630023123,-78.9348095264,-73.6249105439,-5.30989898247,-382.751073013,303.816263487,1.71127877096e-07
4.49e-06,-235.114100929,-400,28.14,-2.01873013407,-134.177594226,-117.557050465,-16.6205437613,-416.223311013,282.045716787,1.6942639138e-07
4.491e-06,-308.20529712,-400,28.146,-2.54426442323,-180.992075958,-154.10264856,-26.8894273984,-443.64681883,262.654742871,1.67132804664e-07
4.492e-06,-361.930820993,-400,28.152,-2.90989614466,-216.43601376,-180.965410496,-35.4706032635,-463.299169285,246.863155526,1.64391275895e-07
4.493e-06,-392.914900294,-400,28.158,-3.09266792646,-238.281503971,-196.457450147,-41.824053824,-473.946349158,235.664845187,1.6137409433e-07
4.494e-06,-399.21069137,-400,28.164,-3.08111343106,-245.155019817,-199.605345685,-45.549674132,-474.920245471,229.765225654,1.58270852163e-07
4.495e-06,-380.422606513,-400,28.17,-2.87597670366,-236.62377133,-190.211303257,-46.4124680735,-466.160569664,229.536798334,1.55276531038e-07
4.496e-06,-337.731170193,-400,28.176,-2.49016428838,-213.222955774,-168.865585096,-44.3573706774,-448.218588892,234.995633118,1.52579251054e-07
4.497e-06,-273.81884236,-400,28.182,-1.94793319188,-176.422182766,-136.90942118,-39.512761586,-422.222433586,245.80025082,1.50348452017e-07
4.498e-06,-192.701469627,-400,28.188,-1.28336578508,-128.533180373,-96.3507348137,-32.1824455597,-389.806164528,261.272984155,1.48724249452e-07
4.499e-06,-99.4759548513,-400,28.194,-0.538227529446,-72.564578379,-49.7379774256,-22.8266009533,-353.007059461,280.442481082,1.47808634023e-07
4.5e-06,1.50652019548e-08,-400,28.2,0.240657817758,-12.0328908729,7.53260059899e-09,-12.0328908804,-314.137575556,302.104684684,1.47659067111e-07
4.501e-06,99.4759548806,-400,28.206,1.00435056144,49.2584268086,49.7379774403,-0.479550631651,-275.640034568,324.898461377,1.4828487472e-07
4.502e-06,192.701469654,-400,28.212,1.70487009501,107.457964903,96.350734827,11.1072300764,-239.933162243,347.391127146,1.49646666013e-07
4.503e-06,273.818842382,-400,28.218,2.29820938217,158.908373274,136.909421191,21.9989520828,-209.260124528,368.168497802,1.51658812728e-07
4.504e-06,337.731170209,-400,28.224,2.747099503,200.376195059,168.865585104,31.5106099546,-185.547608143,385.923803202,1.54194833415e-07
4.505e-06,380.422606523,-400,28.23,3.02335059419,229.255076813,190.211303261,39.0437735516,-170.284798324,399.539875137,1.57095343932e-07
4.506e-06,399.210691372,-400,28.236,3.10962214402,243.729584171,199.605345686,44.1242384853,-164.429855577,408.159439748,1.60178074445e-07
4.507e-06,392.914900289,-400,28.242,3.00051146925,242.889326826,196.457450144,46.4318766818,-168.349764848,411.239091674,1.6324932338e-07
4.508e-06,361.93082098,-400,28.248,2.7028920498,226.78621849,180.96541049,45.8208079998,-181.797333235,408.583551724,1.66116128551e-07
4.509e-06,308.205297101,-400,28.254,2.23548053343,196.431270429,154.10264855,42.3286218787,-203.926777975,400.358048404,1.68598390706e-07
4.51e-06,235.114100905,-400,28.26,1.62765968703,153.731116553,117.557050452,36.1740661009,-233.346921759,387.078038313,1.70540187779e-07
4.511e-06,147.24982106,-400,28.266,0.917631316326,101.368255243,73.6249105298,27.7433447135,-268.208649656,369.576904899,1.71819569056e-07
4.512e-06,50.1332934106,-400,28.272,0.150015266479,42.6325300866,25.0666467053,17.5658833813,-306.321129646,348.953659733,1.7235621406e-07
4.513e-06,-50.1332934408,-400,28.278,-0.626954592763,-18.7855638027,-25.0666467204,6.28108291772,-345.289492076,326.503928274,1.72116475124e-07
4.514e-06,-147.249821088,-400,28.284,-1.3644611865,-79.026761763,-73.624910544,-5.40185121901,-382.665315773,303.63855401,1.71115487104e-07
4.515e-06,-235.114100929,-400,28.29,-2.0161714145,-134.305530204,-117.557050465,-16.7484797397,-416.100464758,281.794934553,1.69416211935e-07
4.516e-06,-308.20529712,-400,28.296,-2.54114698033,-181.147948104,-154.10264856,-27.0452995436,-443.494609843,262.346661739,1.67125478347e-07
4.517e-06,-361.930820993,-400,28.302,-2.90641600003,-216.610020991,-180.965410496,-35.6446104951,-463.127167073,246.517146081,1.64387265857e-07
4.518e-06,-392.914900294,-400,28.308,-3.08904385041,-238.462707774,-196.457450147,-42.0052576267,-473.765364908,235.302657134,1.61373655226e-07
4.519e-06,-399.21069137,-400,28.314,-3.07757319431,-245.332031655,-199.605345685,-45.7266859697,-474.741652619,229.409620964,1.58274014194e-07
4.52e-06,-380.422606513,-400,28.32,-2.87274276618,-236.785468204,-190.211303257,-46.5741649476,-465.99558926,229.210121056,1.55283098097e-07
4.521e-06,-337.731170193,-400,28.326,-2.48743982452,-213.359178967,-168.865585096,-44.4935938703,-448.07758468,234.718405714,1.52588813092e-07
4.522e-06,-273.81884236,-400,28.332,-1.94588932972,-176.524375874,-136.90942118,-39.6149546941,-422.114261066,245.589885191,1.50360410841e-07
4.523e-06,-192.701469627,-400,28.338,-1.2821308614,-128.594926557,-96.3507348136,-32.2441917437,-389.737614897,261.14268834,1.48737856345e-07
4.524e-06,-99.4759548511,-400,28.344,-0.537879035064,-72.5820030979,-49.7379774256,-22.8440256724,-352.982433348,280.40043025,1.4782303681e-07
4.525e-06,1.53120260833e-08,-400,28.35,0.240098096811,-12.0049048252,7.6560127993e-09,-12.0049048329,-314.158413302,302.153508476,1.47673363716e-07
4.526e-06,99.4759548808,-400,28.356,1.00291790223,49.3300597694,49.7379774404,-0.407917670989,-275.705019964,325.035079734,1.48298169849e-07
4.527e-06,192.701469654,-400,28.362,1.70265461081,107.568739113,96.350734827,11.2180042863,-240.038205759,347.606944872,1.496581274e-07
4.528e-06,273.818842383,-400,28.368,2.29535035096,159.051324834,136.909421191,22.1419036432,-209.398620746,368.44994558,1.51667723412e-07
4.529e-06,337.731170209,-400,28.374,2.74377660825,200.542339796,168.865585104,31.6767546919,-185.710851207,386.253191004,1.5420063676e-07
4.53e-06,380.422606523,-400,28.38,3.01977262888,229.433975079,190.211303261,39.2226718176,-170.462529271,399.89650435,1.57097678571e-07
4.531e-06,399.210691372,-400,28.386,3.10601388789,243.909996978,199.605345686,44.3046512918,-164.610907133,408.520904111,1.60176796945e-07
4.532e-06,392.914900288,-400,28.392,2.99709956426,243.059922075,196.457450144,46.6024719311,-168.52276318,411.582685255,1.63244517213e-07
4.533e-06,361.93082098,-400,28.398,2.69989076113,226.936282923,180.96541049,45.9708724336,-181.951412537,408.887695461,1.66108098813e-07
4.534e-06,308.2052971,-400,28.404,2.23307829069,196.551382566,154.10264855,42.4487340158,-204.052263013,400.603645579,1.68587644905e-07
4.535e-06,235.114100904,-400,28.41,1.62600725112,153.813738348,117.557050452,36.256687896,-233.435935486,387.249673834,1.70527403915e-07
4.536e-06,147.24982106,-400,28.416,0.916832315006,101.408205309,73.6249105298,27.7832947795,-268.255607751,369.66381306,1.71805552998e-07
4.537e-06,50.1332934104,-400,28.422,0.150119692721,42.6273087743,25.0666467052,17.5606620691,-306.323090918,348.950399692,1.72341848893e-07
4.538e-06,-50.133293441,-400,28.428,-0.625953511554,-18.8356178633,-25.0666467205,6.23102885718,-345.24634275,326.410724886,1.72102665656e-07
4.539e-06,-147.249821088,-400,28.434,-1.36262655248,-79.118493464,-73.6249105441,-5.49358291988,-382.579776114,303.46128265,1.71103103021e-07
4.54e-06,-235.114100929,-400,28.44,-2.0136186846,-134.433166699,-117.557050465,-16.8761162346,-415.977917646,281.544750947,1.69406033168e-07
4.541e-06,-308.20529712,-400,28.446,-2.53803670303,-181.303461969,-154.10264856,-27.2008134085,-443.342762104,262.039300135,1.67118146095e-07
4.542e-06,-361.930820993,-400,28.452,-2.90294372067,-216.783634959,-180.965410496,-35.8182244629,-462.955564871,246.171929911,1.64383242326e-07
4.543e-06,-392.914900294,-400,28.458,-3.08542781971,-238.643509309,-196.457450147,-42.1860591615,-473.584793672,234.941284363,1.61373194628e-07
4.544e-06,-399.21069137,-400,28.464,-3.07404065274,-245.508658733,-199.605345685,-45.9033130482,-474.563459228,229.054800495,1.58277146817e-07
4.545e-06,-380.422606513,-400,28.47,-2.86951566607,-236.94682321,-190.211303257,-46.735519953,-465.830969082,228.884145873,1.55289628443e-07
4.546e-06,-337.731170192,-400,28.476,-2.48472088709,-213.495125838,-168.865585096,-44.6295407417,-447.936878255,234.441752417,1.52598332199e-07
4.547e-06,-273.81884236,-400,28.482,-1.94384931285,-176.626376717,-136.90942118,-39.7169555373,-422.006304632,245.379927915,1.50372322022e-07
4.548e-06,-192.701469627,-400,28.488,-1.28089783786,-128.656577734,-96.3507348135,-32.3058429207,-389.66918554,261.012607806,1.48751412705e-07
4.549e-06,-99.4759548509,-400,28.494,-0.537530354356,-72.5994371331,-49.7379774254,-22.8614597076,-352.957823617,280.358386484,1.47837388201e-07
4.55e-06,1.55646501444e-08,-400,28.5,0.239540658417,-11.9770329053,7.78232496593e-09,-11.9770329131,-314.179161997,302.202129092,1.47687610164e-07
4.551e-06,99.4759548809,-400,28.506,1.00148949945,49.4014799086,49.7379774405,-0.336497531917,-275.769815975,325.171295883,1.48311418106e-07
4.552e-06,192.701469654,-400,28.512,1.70044511019,107.679214145,96.3507348271,11.3284793175,-240.14297096,347.822185104,1.49669547061e-07
4.553e-06,273.818842383,-400,28.518,2.29249867489,159.193908638,136.909421191,22.2844874467,-209.536766719,368.730675357,1.51676599073e-07
4.554e-06,337.731170209,-400,28.524,2.74046199817,200.708070301,168.865585105,31.8424851962,-185.87369362,386.581763921,1.54206412943e-07
4.555e-06,380.422606523,-400,28.53,3.01620337703,229.612437671,190.211303261,39.4011344099,-170.639833854,400.252271525,1.57099994589e-07
4.556e-06,399.210691372,-400,28.536,3.10241424615,244.089979065,199.605345686,44.4846333786,-164.791532927,408.881511991,1.60175509532e-07
4.557e-06,392.914900288,-400,28.542,2.99369565268,243.230117654,196.457450144,46.7726675101,-168.695362626,411.92548028,1.63239709481e-07
4.558e-06,361.93082098,-400,28.548,2.69689636175,227.086002892,180.96541049,46.1205924024,-182.105144419,409.191147311,1.66100074988e-07
4.559e-06,308.2052971,-400,28.554,2.23068141914,196.671226143,154.10264855,42.5685775931,-204.177473454,400.848699597,1.68576911178e-07
4.56e-06,235.114100904,-400,28.56,1.62435834945,153.896183432,117.557050452,36.3391329798,-233.524764228,387.42094766,1.705146366e-07
4.561e-06,147.249821059,-400,28.566,0.916034807202,101.448080699,73.6249105297,27.8231701696,-268.302481633,369.750562332,1.71791556015e-07
4.562e-06,50.1332934102,-400,28.572,0.150223495945,42.622118613,25.0666467051,17.5554719078,-306.325073585,348.947192198,1.72327503236e-07
4.563e-06,-50.1332934412,-400,28.578,-0.624955113086,-18.8855377869,-25.0666467206,6.1811089337,-345.203318636,326.31778085,1.72088874036e-07
4.564e-06,-147.249821088,-400,28.584,-1.36079647507,-79.2099973346,-73.6249105441,-5.58508679046,-382.494457181,303.284459847,1.71090733145e-07
4.565e-06,-235.11410093,-400,28.59,-2.01107208198,-134.560496831,-117.557050465,-17.0034463659,-415.85567248,281.29517565,1.69395863237e-07
4.566e-06,-308.20529712,-400,28.596,-2.53493372222,-181.458611009,-154.10264856,-27.3559624493,-443.191278146,261.732667137,1.67110815929e-07
4.567e-06,-361.930820993,-400,28.602,-2.89947943252,-216.956849367,-180.965410496,-35.9914388706,-462.784365028,245.827515661,1.64379213195e-07
4.568e-06,-392.914900294,-400,28.608,-3.08181995726,-238.823902431,-196.457450147,-42.3664522843,-473.404637709,234.580735278,1.61372720307e-07
4.569e-06,-399.21069137,-400,28.614,-3.07051592807,-245.684894967,-199.605345685,-46.0795492814,-474.385667563,228.700772597,1.58280257681e-07
4.57e-06,-380.422606513,-400,28.62,-2.86629552568,-237.107830229,-190.211303257,-46.8965269724,-465.666711484,228.558881255,1.552961296e-07
4.571e-06,-337.731170192,-400,28.626,-2.48200760063,-213.630790161,-168.865585096,-44.7652050649,-447.796472142,234.165681981,1.52607815778e-07
4.572e-06,-273.81884236,-400,28.632,-1.94181326924,-176.728178898,-136.90942118,-39.8187577178,-421.898567044,245.170388147,1.50384192836e-07
4.573e-06,-192.701469627,-400,28.638,-1.27966684669,-128.718127292,-96.3507348134,-32.367392479,-389.600879495,260.882752202,1.48764925679e-07
4.574e-06,-99.4759548506,-400,28.644,-0.537181624232,-72.616873639,-49.7379774253,-22.8788962137,-352.933233608,280.316359969,1.47851695207e-07
4.575e-06,1.57263247354e-08,-400,28.65,0.238985361049,-11.9492680367,7.86316239747e-09,-11.9492680446,-314.199825284,302.250557247,1.47701813327e-07
4.576e-06,99.4759548811,-400,28.656,1.00006520747,49.4726945078,49.7379774406,-0.26528293277,-275.834426517,325.307121025,1.4832462622e-07
4.577e-06,192.701469654,-400,28.662,1.69824144434,107.789397437,96.3507348272,11.4386626102,-240.247461994,348.036859432,1.49680931577e-07
4.578e-06,273.818842383,-400,28.668,2.28965420328,159.336132219,136.909421191,22.4267110275,-209.674566765,369.010698984,1.51685446142e-07
4.579e-06,337.731170209,-400,28.674,2.73715552175,200.873394122,168.865585105,32.0078090171,-186.036139792,386.909533914,1.54212168241e-07
4.58e-06,380.422606523,-400,28.68,3.0126426891,229.790472068,190.211303261,39.5791688066,-170.816716487,400.607188555,1.57102298116e-07
4.581e-06,399.210691372,-400,28.686,3.09882307247,244.269537749,199.605345686,44.6641920625,-164.971737283,409.241275031,1.60174218187e-07
4.582e-06,392.914900288,-400,28.692,2.99029959315,243.399920631,196.457450144,46.9424704866,-168.867567333,412.267487964,1.63234906019e-07
4.583e-06,361.93082098,-400,28.698,2.69390871687,227.235385136,180.96541049,46.2699746464,-182.258532769,409.493917906,1.66092062774e-07
4.584e-06,308.2052971,-400,28.704,2.22828979185,196.790807508,154.10264855,42.6881589577,-204.302412862,401.093220369,1.68566195092e-07
4.585e-06,235.114100904,-400,28.71,1.62271286386,153.978457711,117.557050452,36.4214072591,-233.613411168,387.591868879,1.70501891279e-07
4.586e-06,147.249821059,-400,28.716,0.915238684123,101.487886853,73.6249105296,27.8629763234,-268.349274075,369.837160928,1.71777583437e-07
4.587e-06,50.13329341,-400,28.722,0.150326576783,42.6169645709,25.066646705,17.5503178659,-306.327080002,348.944044573,1.72313182317e-07
4.588e-06,-50.1332934413,-400,28.728,-0.62395948768,-18.9353190573,-25.0666467207,6.13132766335,-345.160421686,326.225102629,1.72075105396e-07
4.589e-06,-147.249821089,-400,28.734,-1.35897103636,-79.3012692703,-73.6249105443,-5.67635872603,-382.409360557,303.108091287,1.71078382523e-07
4.59e-06,-235.11410093,-400,28.74,-2.00853168171,-134.687516844,-117.557050465,-17.1304663795,-415.733730531,281.046213686,1.69385707109e-07
4.591e-06,-308.20529712,-400,28.746,-2.53183810747,-181.613391747,-154.10264856,-27.5107431868,-443.040159001,261.426767254,1.67103492745e-07
4.592e-06,-361.930820993,-400,28.752,-2.89602320141,-217.129660922,-180.965410497,-36.1642504259,-462.613568424,245.483907501,1.64375183294e-07
4.593e-06,-392.914900294,-400,28.758,-3.078220327,-239.003883944,-196.457450147,-42.5464337971,-473.224897836,234.221013892,1.61372237028e-07
4.594e-06,-399.21069137,-400,28.764,-3.06699908426,-245.860737157,-199.605345685,-46.2553914719,-474.20827847,228.347541313,1.58283351486e-07
4.595e-06,-380.422606513,-400,28.77,-2.8630824107,-237.268485978,-190.211303257,-47.0571827213,-465.502817433,228.234331455,1.55302606205e-07
4.596e-06,-337.731170192,-400,28.776,-2.47930003408,-213.766168488,-168.865585096,-44.9005833923,-447.656367505,233.890199016,1.52617268398e-07
4.597e-06,-273.81884236,-400,28.782,-1.93978127232,-176.829778744,-136.90942118,-39.9203575639,-421.791049726,244.961270982,1.50396027781e-07
4.598e-06,-192.701469627,-400,28.788,-1.27843796662,-128.779571296,-96.3507348134,-32.4288364822,-389.532698487,260.753127192,1.48778399687e-07
4.599e-06,-99.4759548506,-400,28.794,-0.536832929111,-72.634308395,-49.7379774253,-22.8963309697,-352.908665371,280.274356976,1.47865962169e-07
4.6e-06,1.58879993263e-08,-400,28.8,0.238432114679,-11.921605718,7.94399982901e-09,-11.921605726,-314.220405537,302.298799819,1.47715977458e-07
4.601e-06,99.4759548813,-400,28.806,0.998644931175,49.5437083226,49.7379774407,-0.194269118075,-275.898854266,325.442562589,1.48337798351e-07
4.602e-06,192.701469655,-400,28.812,1.69604351402,107.899293954,96.3507348273,11.5485591265,-240.351681794,348.250975748,1.49692285011e-07
4.603e-06,273.818842383,-400,28.818,2.28681683406,159.47800068,136.909421192,22.5685794886,-209.812024006,369.290024687,1.51694268581e-07
4.604e-06,337.731170209,-400,28.824,2.73385707569,201.038316425,168.865585105,32.1727313202,-186.198192957,387.236509382,1.54217906516e-07
4.605e-06,380.422606523,-400,28.83,3.00909046227,229.96808341,190.211303261,39.7567801481,-170.993180433,400.961263842,1.57104592908e-07
4.606e-06,399.210691372,-400,28.836,3.09524026636,244.448678054,199.605345686,44.8433323679,-165.151523399,409.600201453,1.60172926566e-07
4.607e-06,392.914900288,-400,28.842,2.98691128925,243.569335826,196.457450144,47.1118856816,-169.039380346,412.608716172,1.63230110383e-07
4.608e-06,361.93082098,-400,28.848,2.69092773572,227.384434194,180.96541049,46.419023704,-182.411580397,409.79601459,1.66084065635e-07
4.609e-06,308.2052971,-400,28.854,2.22590332501,196.910130849,154.10264855,42.8074822993,-204.427083738,401.337214587,1.68555500023e-07
4.61e-06,235.114100904,-400,28.86,1.62107071851,154.060564979,117.557050452,36.5035145265,-233.701878451,387.76244343,1.70489171247e-07
4.611e-06,147.249821059,-400,28.866,0.914443878404,101.527627139,73.6249105295,27.9027166093,-268.395986835,369.923613974,1.7176363849e-07
4.612e-06,50.1332934099,-400,28.872,0.150428876452,42.6118495873,25.0666467049,17.5452028823,-306.329111529,348.940961116,1.72298889298e-07
4.613e-06,-50.1332934416,-400,28.878,-0.622966685898,-18.9849591467,-25.0666467208,6.0816875741,-345.117652874,326.132693727,1.72061362841e-07
4.614e-06,-147.249821089,-400,28.884,-1.35715027949,-79.3923071141,-73.6249105444,-5.76739656977,-382.324486868,302.932179754,1.71066054213e-07
4.615e-06,-235.11410093,-400,28.89,-2.00599752069,-134.814224896,-117.557050465,-17.2571744306,-415.612092132,280.797867237,1.69375567805e-07
4.616e-06,-308.20529712,-400,28.896,-2.52874989096,-181.767802573,-154.10264856,-27.6651540124,-442.889404783,261.12160221,1.6709617953e-07
4.617e-06,-361.930820993,-400,28.902,-2.89257505652,-217.302068167,-180.965410497,-36.3366576708,-462.443175037,245.14110687,1.64371155577e-07
4.618e-06,-392.914900294,-400,28.908,-3.07462895695,-239.183452447,-196.457450147,-42.7260022999,-473.04557399,233.862121543,1.61371747715e-07
4.619e-06,-399.21069137,-400,28.914,-3.06349014999,-246.036183871,-199.605345685,-46.4308381856,-474.031291934,227.995108064,1.5828643113e-07
4.62e-06,-380.422606513,-400,28.92,-2.85987635222,-237.428788902,-190.211303257,-47.2174856456,-465.339287048,227.910498146,1.55309061126e-07
4.621e-06,-337.731170192,-400,28.926,-2.47659822244,-213.90125907,-168.865585096,-45.0356739739,-447.516564675,233.615305605,1.52626692894e-07
4.622e-06,-273.81884236,-400,28.932,-1.9377533622,-176.93117425,-136.90942118,-40.0217530701,-421.683753283,244.752579033,1.50407829654e-07
4.623e-06,-192.701469627,-400,28.938,-1.2772112437,-128.840907442,-96.3507348133,-32.4901726285,-389.464643442,260.623736,1.48791837485e-07
4.624e-06,-99.4759548504,-400,28.944,-0.536484321315,-72.6517387847,-49.7379774252,-22.9137613594,-352.88412017,280.232381386,1.47880191791e-07
4.625e-06,1.60496739175e-08,-400,28.95,0.23788086078,-11.8940430229,8.02483726065e-09,-11.894043031,-314.240904357,302.346861334,1.47730105207e-07
4.626e-06,99.4759548815,-400,28.956,0.997228606384,49.6145245623,49.7379774407,-0.123452878461,-275.963101137,325.5776257,1.48350937087e-07
4.627e-06,192.701469655,-400,28.962,1.69385125033,108.008907138,96.3507348273,11.6581723111,-240.455632542,348.46453968,1.49703609884e-07
4.628e-06,273.818842383,-400,28.968,2.28398649494,159.619517636,136.909421192,22.7100964447,-209.949140832,369.568658469,1.51703068842e-07
4.629e-06,337.731170209,-400,28.974,2.73056658588,201.202840915,168.865585105,32.3372558106,-186.359855634,387.562696549,1.54223630145e-07
4.63e-06,380.422606523,-400,28.98,3.00554662238,230.145275404,190.211303261,39.9339721425,-171.169228247,401.314503651,1.57106881267e-07
4.631e-06,399.210691372,-400,28.986,3.09166575542,244.627403601,199.605345686,45.0220579152,-165.33089378,409.958297382,1.60171636898e-07
4.632e-06,392.914900288,-400,28.992,2.98353067208,243.738366684,196.457450144,47.2809165402,-169.210804029,412.949170713,1.63225324734e-07
4.633e-06,361.930820979,-400,28.998,2.68795335449,227.533153255,180.96541049,46.567742765,-182.564289444,410.097442699,1.66076085663e-07
4.634e-06,308.2052971,-400,29.004,2.22352196127,197.029199037,154.10264855,42.9265504867,-204.551487935,401.580686972,1.68544828004e-07
4.635e-06,235.114100904,-400,29.01,1.61943186341,154.142507733,117.557050452,36.5854572813,-233.790167588,387.932675322,1.70476478482e-07
4.636e-06,147.249821059,-400,29.016,0.913650348011,101.567303658,73.6249105294,27.9423931289,-268.442621047,370.009924706,1.71749723104e-07
4.637e-06,50.1332934096,-400,29.022,0.150530360978,42.6067753608,25.0666467048,17.5401286559,-306.331168916,348.937944277,1.7228462607e-07
4.638e-06,-50.1332934418,-400,29.028,-0.621976734005,-19.0344567416,-25.0666467209,6.03218997932,-345.075012582,326.04055584,1.72047648237e-07
4.639e-06,-147.249821089,-400,29.034,-1.3553342238,-79.4831098989,-73.6249105444,-5.85819935441,-382.239836161,302.756726262,1.71053750058e-07
4.64e-06,-235.11410093,-400,29.04,-2.00346961252,-134.940620304,-117.557050465,-17.3835698392,-415.490757052,280.550136748,1.69365447148e-07
4.641e-06,-308.205297121,-400,29.046,-2.52566908202,-181.92184302,-154.10264856,-27.8191944594,-442.739015053,260.817172034,1.67088878095e-07
4.642e-06,-361.930820993,-400,29.052,-2.88913500461,-217.474070763,-180.965410497,-36.508660266,-462.273184306,244.799113544,1.64367131849e-07
4.643e-06,-392.914900294,-400,29.058,-3.07104585314,-239.362607637,-196.457450147,-42.90515749,-472.866665573,233.504057936,1.61371254168e-07
4.644e-06,-399.21069137,-400,29.064,-3.0599891324,-246.21123475,-199.605345685,-46.6058890652,-473.854707417,227.643472667,1.58289498405e-07
4.645e-06,-380.422606513,-400,29.07,-2.85667736019,-237.588738504,-190.211303256,-47.377435247,-465.176119936,227.587381433,1.55315496147e-07
4.646e-06,-337.731170192,-400,29.076,-2.47390217999,-214.036061192,-168.865585096,-45.1704760963,-447.377063481,233.341002289,1.52636091037e-07
4.647e-06,-273.81884236,-400,29.082,-1.93572955863,-177.032364428,-136.90942118,-40.1229432485,-421.576677826,244.544313398,1.50419600211e-07
4.648e-06,-192.701469626,-400,29.088,-1.27598670394,-128.902134429,-96.3507348132,-32.5513996161,-389.396714795,260.494580365,1.48805240805e-07
4.649e-06,-99.4759548502,-400,29.094,-0.536135833526,-72.6691631739,-49.7379774251,-22.9311857488,-352.859598788,280.190435614,1.47894385777e-07
4.65e-06,1.6296498046e-08,-400,29.1,0.23733156012,-11.8665779897,8.14824946097e-09,-11.8665779978,-314.261322873,302.394744883,1.47744198242e-07
4.651e-06,99.4759548817,-400,29.106,0.995816187854,49.6851454889,49.7379774408,-0.0528319518815,-276.027168581,325.71231407,1.48364044053e-07
4.652e-06,192.701469655,-400,29.112,1.69166460298,108.118239506,96.3507348274,11.7675046783,-240.559315964,348.67755547,1.49714907774e-07
4.653e-06,273.818842383,-400,29.118,2.28116313189,159.760685789,136.909421192,22.851264597,-210.085919181,369.84660497,1.51711848448e-07
4.654e-06,337.731170209,-400,29.124,2.72728399615,201.366970402,168.865585105,32.5013852973,-186.521129894,387.888100296,1.54229340596e-07
4.655e-06,380.422606523,-400,29.13,3.00201111285,230.32205088,190.211303261,40.1107476189,-171.344862053,401.666912934,1.57109164608e-07
4.656e-06,399.210691372,-400,29.136,3.08809948445,244.80571715,199.605345686,45.2003714635,-165.509850508,410.315567657,1.60170350539e-07
4.657e-06,392.914900288,-400,29.142,2.98015768962,243.907015807,196.457450144,47.449565663,-169.381840332,413.288856139,1.63220550374e-07
4.658e-06,361.930820979,-400,29.148,2.68498552594,227.681544682,180.96541049,46.7161341926,-182.716661648,410.39820633,1.6606812411e-07
4.659e-06,308.2052971,-400,29.154,2.22114565941,197.148014129,154.10264855,43.0453655792,-204.675626909,401.823641038,1.68534180242e-07
4.66e-06,235.114100904,-400,29.16,1.61779626443,154.224287682,117.557050452,36.6672372305,-233.878279701,388.102567383,1.70463814156e-07
4.661e-06,147.249821059,-400,29.166,0.912858066413,101.606917738,73.6249105293,27.9820072086,-268.489177469,370.096095207,1.71735838421e-07
4.662e-06,50.1332934094,-400,29.172,0.150631011551,42.6017428318,25.0666467047,17.5350961271,-306.333252545,348.934995377,1.72270393754e-07
4.663e-06,-50.133293442,-400,29.178,-0.620989643428,-19.0838112706,-25.066646721,5.98283545041,-345.032500828,325.948689557,1.72033962687e-07
4.664e-06,-147.249821089,-400,29.184,-1.35352287411,-79.5736773833,-73.6249105445,-5.94876683881,-382.15540813,302.581730746,1.71041471152e-07
4.665e-06,-235.11410093,-400,29.19,-2.00094795657,-135.066703101,-117.557050465,-17.5096526364,-415.369724713,280.303021611,1.69355346232e-07
4.666e-06,-308.205297121,-400,29.196,-2.52259567606,-182.075513318,-154.10264856,-27.9728647574,-442.588989034,260.513475717,1.67081589537e-07
4.667e-06,-361.930820993,-400,29.202,-2.88570303884,-217.645669051,-180.965410497,-36.6802585547,-462.103595336,244.457926284,1.64363113212e-07
4.668e-06,-392.914900294,-400,29.208,-3.06747100827,-239.541349881,-196.457450147,-43.0838997337,-472.688171665,233.146821784,1.61370757497e-07
4.669e-06,-399.21069137,-400,29.214,-3.05649602551,-246.385890094,-199.605345685,-46.7805444093,-473.678524062,227.292633967,1.58292554428e-07
4.67e-06,-380.422606513,-400,29.22,-2.85348543169,-237.748334928,-190.211303256,-47.5370316721,-465.01331539,227.264980462,1.55321912388e-07
4.671e-06,-337.731170192,-400,29.226,-2.47121190834,-214.170574775,-168.865585096,-45.3049896791,-447.237863442,233.067288667,1.5264546395e-07
4.672e-06,-273.818842359,-400,29.232,-1.93370986892,-177.133348914,-136.90942118,-40.2239277338,-421.469823162,244.336474248,1.50431340568e-07
4.673e-06,-192.701469626,-400,29.238,-1.27476436117,-128.963251568,-96.3507348131,-32.6125167548,-389.328912682,260.365661114,1.48818610753e-07
4.674e-06,-99.4759548499,-400,29.244,-0.535787486399,-72.68658053,-49.737977425,-22.948603105,-352.835101712,280.148521182,1.47908545217e-07
4.675e-06,1.6458172637e-08,-400,29.25,0.236784185292,-11.8392092481,8.22908600433e-09,-11.8392092564,-314.281661922,302.442452674,1.47758257627e-07
4.676e-06,99.4759548818,-400,29.256,0.994407641972,49.7555727832,49.7379774409,0.0175953422872,-276.091057759,325.846630542,1.48377120284e-07
4.677e-06,192.701469655,-400,29.262,1.68948353312,108.227292999,96.3507348275,11.8765581714,-240.662733505,348.890026503,1.49726179679e-07
4.678e-06,273.818842383,-400,29.268,2.27834670212,159.901507277,136.909421192,22.9920860856,-210.222360715,370.123867993,1.51720608357e-07
4.679e-06,337.73117021,-400,29.274,2.72400926132,201.530707143,168.865585105,32.6651220386,-186.682017542,388.212724685,1.54235038784e-07
4.68e-06,380.422606523,-400,29.28,2.9984838879,230.498412128,190.211303262,40.2871088663,-171.520083706,402.018495834,1.57111443798e-07
4.681e-06,399.210691372,-400,29.286,3.08454140889,244.983620928,199.605345686,45.3782752418,-165.688395399,410.672016327,1.60169068313e-07
4.682e-06,392.914900288,-400,29.292,2.97679230024,244.075285276,196.457450144,47.617835132,-169.552490947,413.627776223,1.63215788082e-07
4.683e-06,361.930820979,-400,29.298,2.68202421295,227.829610332,180.96541049,46.8641998422,-182.868698494,410.698308826,1.66060181717e-07
4.684e-06,308.2052971,-400,29.304,2.21877438821,197.266577689,154.10264855,43.1639291396,-204.799501868,402.066079558,1.68523557443e-07
4.685e-06,235.114100904,-400,29.31,1.61616389713,154.305906047,117.557050452,36.7488555953,-233.96621567,388.272121717,1.70451178946e-07
4.686e-06,147.249821058,-400,29.316,0.912067016571,101.64647023,73.6249105292,28.0215597007,-268.535656623,370.182126853,1.71721985097e-07
4.687e-06,50.1332934093,-400,29.322,0.150730818639,42.5967524774,25.0666467047,17.5301057727,-306.335362572,348.932115049,1.72256192993e-07
4.688e-06,-50.1332934421,-400,29.328,-0.620005416535,-19.1330226153,-25.066646721,5.93362410572,-344.990117413,325.857094798,1.72020306827e-07
4.689e-06,-147.249821089,-400,29.334,-1.3517162264,-79.6640097692,-73.6249105446,-6.03909922466,-382.071202253,302.407192484,1.71029218134e-07
4.69e-06,-235.11410093,-400,29.34,-1.99843254358,-135.192473751,-117.557050465,-17.6354232863,-415.248994328,280.056520576,1.69345265702e-07
4.691e-06,-308.205297121,-400,29.346,-2.51952966001,-182.22881412,-154.10264856,-28.1261655596,-442.439325744,260.210511624,1.67074314513e-07
4.692e-06,-361.930820993,-400,29.352,-2.88227914403,-217.816863792,-180.965410497,-36.8514532954,-461.934407032,244.11754324,1.64359100338e-07
4.693e-06,-392.914900294,-400,29.358,-3.06390440686,-239.719679952,-196.457450147,-43.2622298043,-472.510091149,232.790411198,1.61370258387e-07
4.694e-06,-399.21069137,-400,29.364,-3.05301081537,-246.560150602,-199.605345685,-46.9548049165,-473.502740819,226.942590217,1.582955999e-07
4.695e-06,-380.422606513,-400,29.37,-2.85030055594,-237.907578716,-190.211303256,-47.6962754596,-464.850872515,226.943293799,1.55328310563e-07
4.696e-06,-337.731170192,-400,29.376,-2.46852740135,-214.304800124,-168.865585096,-45.4392150284,-447.09896389,232.794163766,1.52654812354e-07
4.697e-06,-273.818842359,-400,29.382,-1.93169429278,-177.23412772,-136.90942118,-40.3247065404,-421.363188913,244.129061193,1.50443051452e-07
4.698e-06,-192.701469626,-400,29.388,-1.27354422169,-129.024258542,-96.350734813,-32.6735237286,-389.261237058,260.236978517,1.48831948052e-07
4.699e-06,-99.4759548498,-400,29.394,-0.535439293214,-72.703990189,-49.7379774249,-22.9660127642,-352.810629249,280.10663906,1.47922670823e-07
4.7e-06,1.66198472279e-08,-400,29.4,0.236238716154,-11.8119357911,8.30992343587e-09,-11.8119357994,-314.301922163,302.489986372,1.47772284059e-07
4.701e-06,99.4759548821,-400,29.406,0.993002942279,49.8258077681,49.737977441,0.0878303270737,-276.154769659,325.980577427,1.48390166453e-07
4.702e-06,192.701469655,-400,29.412,1.68730800892,108.336069209,96.3507348276,11.9853343814,-240.765886433,349.101955642,1.49737426242e-07
4.703e-06,273.818842384,-400,29.418,2.27553716975,160.041983896,136.909421192,23.1325627045,-210.358466923,370.400450819,1.5172934918e-07
4.704e-06,337.73117021,-400,29.424,2.72074234305,201.694053057,168.865585105,32.8284679525,-186.842520207,388.536573264,1.54240725281e-07
4.705e-06,380.422606523,-400,29.43,2.99496490843,230.674361101,190.211303262,40.4630578398,-171.694894893,402.369255995,1.5711371937e-07
4.706e-06,399.210691372,-400,29.436,3.08099149068,245.161116838,199.605345686,45.5557711523,-165.866530109,411.027646948,1.60167790714e-07
4.707e-06,392.914900288,-400,29.442,2.9734344687,244.243176853,196.457450144,47.785726709,-169.722757407,413.96593426,1.63211038316e-07
4.708e-06,361.930820979,-400,29.448,2.67906938467,227.977351746,180.96541049,47.0119412561,-183.020401312,410.997753058,1.66052258909e-07
4.709e-06,308.2052971,-400,29.454,2.2164081225,197.384890975,154.10264855,43.2822424249,-204.923113873,402.308004848,1.68512960004e-07
4.71e-06,235.114100903,-400,29.46,1.61453474305,154.387363751,117.557050452,36.8303132992,-234.053976234,388.441339985,1.70438573227e-07
4.711e-06,147.249821058,-400,29.466,0.911277187257,101.685961695,73.6249105291,28.0610511663,-268.582058891,370.268020586,1.71708163493e-07
4.712e-06,50.1332934092,-400,29.472,0.15082977837,42.5918044906,25.0666467046,17.5251577861,-306.337499013,348.929303503,1.72242024138e-07
4.713e-06,-50.1332934423,-400,29.478,-0.619024050169,-19.1820909339,-25.0666467211,5.88455578729,-344.947862003,325.765771069,1.7200668101e-07
4.714e-06,-147.249821089,-400,29.484,-1.34991427123,-79.7541075279,-73.6249105447,-6.12919698318,-381.98721788,302.233110352,1.71016991363e-07
4.715e-06,-235.11410093,-400,29.49,-1.99592335898,-135.317932981,-117.557050465,-17.7608825162,-415.128564984,279.810632003,1.6933520593e-07
4.716e-06,-308.205297121,-400,29.496,-2.51647101567,-182.381746337,-154.10264856,-28.2790977767,-442.290024079,259.908277742,1.6706705341e-07
4.717e-06,-361.930820993,-400,29.502,-2.87886329997,-217.987655995,-180.965410497,-37.0222454982,-461.765618183,243.777962188,1.64355093632e-07
4.718e-06,-392.914900294,-400,29.508,-3.0603460285,-239.89759887,-196.457450147,-43.4401487224,-472.332422792,232.434823922,1.61369757266e-07
4.719e-06,-399.21069137,-400,29.514,-3.04953348314,-246.734017213,-199.605345685,-47.1286715279,-473.327356524,226.593339311,1.58298635266e-07
4.72e-06,-380.422606513,-400,29.52,-2.84712271738,-238.066470644,-190.211303256,-47.8551673874,-464.688790301,226.622319657,1.55334691137e-07
4.721e-06,-337.731170192,-400,29.526,-2.46584864822,-214.438737781,-168.865585096,-45.573152685,-446.960364047,232.521626267,1.52664136727e-07
4.722e-06,-273.818842359,-400,29.532,-1.92968282529,-177.334701095,-136.90942118,-40.425279915,-421.256774591,243.922073497,1.50454733347e-07
4.723e-06,-192.701469626,-400,29.538,-1.27232628724,-129.085155264,-96.3507348129,-32.7344204507,-389.193687768,260.108532504,1.48845253188e-07
4.724e-06,-99.4759548496,-400,29.544,-0.535091262727,-72.7213917133,-49.7379774248,-22.9834142885,-352.786181599,280.064789885,1.47936763076e-07
4.725e-06,1.68724712891e-08,-400,29.55,0.235695137034,-11.7847568348,8.4362356025e-09,-11.7847568432,-314.322104145,302.537347311,1.47786278006e-07
4.726e-06,99.4759548823,-400,29.556,0.991602066726,49.895851546,49.7379774411,0.157874104834,-276.218305159,326.114156705,1.4840318301e-07
4.727e-06,192.701469655,-400,29.562,1.68513800292,108.44456951,96.3507348277,12.0938346818,-240.86877591,349.313345419,1.49748647889e-07
4.728e-06,273.818842384,-400,29.568,2.27273450317,160.182117225,136.909421192,23.2726960332,-210.494239186,370.676356411,1.51738071311e-07
4.729e-06,337.73117021,-400,29.574,2.71748320717,201.857009851,168.865585105,32.9914247462,-187.002639417,388.859649268,1.54246400449e-07
4.73e-06,380.422606523,-400,29.58,2.99145413948,230.849899549,190.211303262,40.6385962876,-171.8692972,402.719196749,1.57115991652e-07
4.731e-06,399.210691372,-400,29.586,3.07744969583,245.338206581,199.605345686,45.7328608944,-166.044256191,411.382462771,1.60166518035e-07
4.732e-06,392.914900288,-400,29.592,2.97008416373,244.410692102,196.457450144,47.9532419576,-169.892641145,414.303333247,1.63206301337e-07
4.733e-06,361.930820979,-400,29.598,2.67612101412,228.124770273,180.96541049,47.1593597834,-183.171771336,411.296541609,1.66044355916e-07
4.734e-06,308.205297099,-400,29.604,2.21404684091,197.502955054,154.10264855,43.4003065041,-205.046463888,402.549418942,1.68502388132e-07
4.735e-06,235.114100903,-400,29.61,1.61290878739,154.468661534,117.557050452,36.9116110822,-234.141562037,388.61022357,1.70425997188e-07
4.736e-06,147.249821058,-400,29.616,0.910488570805,101.725392518,73.6249105291,28.1004819888,-268.628384567,370.353777085,1.71694373786e-07
4.737e-06,50.1332934089,-400,29.622,0.150927890337,42.5868988921,25.0666467045,17.5202521876,-306.339661802,348.926560694,1.72227887363e-07
4.738e-06,-50.1332934425,-400,29.628,-0.618045537807,-19.2310165522,-25.0666467213,5.83563016907,-344.905734184,325.674717632,1.71993085413e-07
4.739e-06,-147.24982109,-400,29.634,-1.34811699592,-79.8439712938,-73.6249105448,-6.21906074903,-381.903454284,302.05948299,1.71004791024e-07
4.74e-06,-235.114100931,-400,29.64,-1.99342038506,-135.443081678,-117.557050465,-17.8860312125,-415.008435695,279.565354017,1.69325167115e-07
4.741e-06,-308.205297121,-400,29.646,-2.51341972172,-182.534311035,-154.102648561,-28.4316624745,-442.141082862,259.606771827,1.67059806448e-07
4.742e-06,-361.930820994,-400,29.652,-2.87545548343,-218.158046822,-180.965410497,-37.1926363251,-461.597227503,243.439180681,1.64351093338e-07
4.743e-06,-392.914900295,-400,29.658,-3.0567958498,-240.075107804,-196.457450147,-43.6176576571,-472.15516529,232.080057486,1.613692544e-07
4.744e-06,-399.21069137,-400,29.664,-3.04606400709,-246.907491016,-199.605345685,-47.3021453307,-473.152369945,226.24487893,1.58301660818e-07
4.745e-06,-380.422606513,-400,29.67,-2.84395189758,-238.225011634,-190.211303256,-48.0137083774,-464.52706767,226.302056036,1.55341054419e-07
4.746e-06,-337.731170192,-400,29.676,-2.46317563526,-214.572388429,-168.865585096,-45.7068033328,-446.822063066,232.249674637,1.52673437395e-07
4.747e-06,-273.818842359,-400,29.682,-1.92767545869,-177.435069425,-136.90942118,-40.5256482452,-421.150579639,243.715510215,1.5046638659e-07
4.748e-06,-192.701469626,-400,29.688,-1.27111055677,-129.145941787,-96.3507348129,-32.7952069744,-389.126264586,259.980322799,1.48858526504e-07
4.749e-06,-99.4759548495,-400,29.694,-0.534743400912,-72.7387848039,-49.7379774247,-23.0008073792,-352.761758888,280.022974084,1.47950822315e-07
4.75e-06,1.70283459479e-08,-400,29.7,0.235153435016,-11.7576717337,8.51417306795e-09,-11.7576717423,-314.34220835,302.584536616,1.47800239798e-07
4.751e-06,99.4759548824,-400,29.706,0.990204996001,49.9657050823,49.7379774412,0.227727641123,-276.281665066,326.247370148,1.48416170268e-07
4.752e-06,192.701469655,-400,29.712,1.68297349034,108.552795138,96.3507348277,12.2020603107,-240.971403028,349.524198166,1.49759844911e-07
4.753e-06,273.818842384,-400,29.718,2.26993867349,160.321908709,136.909421192,23.4124875174,-210.629678818,370.951587528,1.51746775014e-07
4.754e-06,337.73117021,-400,29.724,2.7142318222,202.0195791,168.865585105,33.1539939951,-187.162376629,389.181955729,1.54252064523e-07
4.755e-06,380.422606523,-400,29.73,2.98795154867,231.02502909,190.211303262,40.8137258283,-172.043292144,403.068321234,1.57118260846e-07
4.756e-06,399.210691372,-400,29.736,3.07391599291,245.514891727,199.605345686,45.9095460407,-166.221575131,411.736466858,1.60165250447e-07
4.757e-06,392.914900288,-400,29.742,2.96674135653,244.577832462,196.457450144,48.1203823178,-170.062143532,414.639975994,1.63201577284e-07
4.758e-06,361.930820979,-400,29.748,2.67317907674,228.271867142,180.965410489,47.3064566527,-183.322809737,411.594676879,1.66036472852e-07
4.759e-06,308.205297099,-400,29.754,2.21169052442,197.620770879,154.10264855,43.5181223289,-205.16955282,402.790323699,1.68491841918e-07
4.76e-06,235.114100903,-400,29.76,1.61128601761,154.549800023,117.557050452,36.9927495713,-234.228973668,388.778773691,1.70413450903e-07
4.761e-06,147.249821058,-400,29.766,0.909701161735,101.764762971,73.6249105289,28.1398524422,-268.674633892,370.439396864,1.71680616042e-07
4.762e-06,50.1332934087,-400,29.772,0.151025156242,42.5820355966,25.0666467043,17.5153888923,-306.341850821,348.923886418,1.72213782733e-07
4.763e-06,-50.1332934427,-400,29.778,-0.61706987089,-19.2797998982,-25.0666467214,5.78684682314,-344.863733492,325.583933594,1.71979520105e-07
4.764e-06,-147.24982109,-400,29.784,-1.34632438579,-79.9336018003,-73.6249105449,-6.30869125542,-381.81991069,301.88630889,1.70992617198e-07
4.765e-06,-235.114100931,-400,29.79,-1.99092360216,-135.567920823,-117.557050465,-18.0108703572,-414.888605429,279.320684607,1.69315149358e-07
4.766e-06,-308.205297121,-400,29.796,-2.51037575498,-182.686509372,-154.102648561,-28.5838608118,-441.992500874,259.305991502,1.67052573749e-07
4.767e-06,-361.930820994,-400,29.802,-2.87205566936,-218.328037526,-180.965410497,-37.3626270288,-461.429233668,243.101196142,1.643470996e-07
4.768e-06,-392.914900295,-400,29.808,-3.05325384561,-240.252208014,-196.457450147,-43.7947578666,-471.978317301,231.726109287,1.61368749959e-07
4.769e-06,-399.21069137,-400,29.814,-3.0426023637,-247.080573185,-199.605345685,-47.4752275,-472.977779811,225.897206626,1.58304676749e-07
4.77e-06,-380.422606513,-400,29.82,-2.84078807636,-238.383202694,-190.211303256,-48.1718994382,-464.365703506,225.982500812,1.55347400624e-07
4.771e-06,-337.731170191,-400,29.826,-2.46050834709,-214.705752837,-168.865585096,-45.8401677414,-446.684060059,231.978307222,1.52682714591e-07
4.772e-06,-273.818842359,-400,29.832,-1.9256721835,-177.535233184,-136.909421179,-40.6258120047,-421.044603461,243.509370277,1.50478011427e-07
4.773e-06,-192.701469626,-400,29.838,-1.26989702749,-129.206618251,-96.3507348128,-32.8558834385,-389.058967248,259.852348997,1.48871768252e-07
4.774e-06,-99.4759548492,-400,29.844,-0.534395712029,-72.7561692478,-49.7379774246,-23.0181918232,-352.737361205,279.981191957,1.47964848793e-07
4.775e-06,1.71900205388e-08,-400,29.85,0.234613598899,-11.7306799277,8.59501049949e-09,-11.7306799363,-314.362235215,302.631555287,1.4781416968e-07
4.776e-06,99.4759548825,-400,29.856,0.988811712503,50.0353692574,49.7379774413,0.297391816137,-276.344850146,326.380219404,1.48429128458e-07
4.777e-06,192.701469656,-400,29.862,1.68081444814,108.660747249,96.3507348278,12.3100124211,-241.073768835,349.734516084,1.49771017517e-07
4.778e-06,273.818842384,-400,29.868,2.26714965347,160.461359711,136.909421192,23.5519385186,-210.764787089,371.2261468,1.51755460475e-07
4.779e-06,337.73117021,-400,29.874,2.71098815827,202.181762296,168.865585105,33.3161771915,-187.321733258,389.503495554,1.54257717657e-07
4.78e-06,380.422606523,-400,29.88,2.98445710526,231.19975126,190.211303262,40.9884479986,-172.216881199,403.416632459,1.57120527077e-07
4.781e-06,399.210691372,-400,29.886,3.07039035205,245.69117377,199.605345686,46.0858280837,-166.398488376,412.089662146,1.60163988042e-07
4.782e-06,392.914900288,-400,29.892,2.96340601985,244.744599295,196.457450144,48.2871491513,-170.231265896,414.975865191,1.63196866223e-07
4.783e-06,361.930820979,-400,29.898,2.67024354945,228.418643507,180.965410489,47.4532330172,-183.473517649,411.892161156,1.66028609757e-07
4.784e-06,308.205297099,-400,29.904,2.20933915542,197.738339328,154.10264855,43.6356907785,-205.292381538,403.030720866,1.68481321381e-07
4.785e-06,235.114100903,-400,29.91,1.60966642256,154.630779775,117.557050451,37.0737293235,-234.316211682,388.946991457,1.70400934379e-07
4.786e-06,147.249821058,-400,29.916,0.908914955909,101.804073262,73.6249105288,28.1791627334,-268.720807075,370.524880338,1.71666890258e-07
4.787e-06,50.1332934085,-400,29.922,0.151121579069,42.577214455,25.0666467043,17.5105677508,-306.344065924,348.921280379,1.72199710245e-07
4.788e-06,-50.1332934429,-400,29.928,-0.616097039633,-19.3284414612,-25.0666467214,5.73820526024,-344.821859437,325.493417976,1.71965985089e-07
4.789e-06,-147.24982109,-400,29.934,-1.34453642501,-80.0229998393,-73.624910545,-6.3980892943,-381.736586299,301.71358646,1.70980469903e-07
4.79e-06,-235.114100931,-400,29.94,-1.98843298954,-135.692451454,-117.557050465,-18.1354009886,-414.769073131,279.076621677,1.69305152692e-07
4.791e-06,-308.205297121,-400,29.946,-2.50733909118,-182.838342562,-154.102648561,-28.7356940017,-441.844276875,259.005934312,1.67045355368e-07
4.792e-06,-361.930820994,-400,29.952,-2.86866383163,-218.497629412,-180.965410497,-37.5322189151,-461.261635331,242.764005919,1.64343112502e-07
4.793e-06,-392.914900295,-400,29.958,-3.04971998972,-240.428900808,-196.457450147,-43.9714506611,-471.80187746,231.372976652,1.61368244052e-07
4.794e-06,-399.21069137,-400,29.964,-3.03914852846,-247.253264947,-199.605345685,-47.6479192622,-472.803584826,225.550319879,1.58307683193e-07
4.795e-06,-380.422606513,-400,29.97,-2.83763123253,-238.541044886,-190.211303256,-48.3297416296,-464.204696671,225.663651785,1.55353729912e-07
4.796e-06,-337.731170191,-400,29.976,-2.45784676727,-214.838831828,-168.865585096,-45.973246732,-446.546354117,231.70752229,1.52691968493e-07
4.797e-06,-273.818842359,-400,29.982,-1.92367298921,-177.635192898,-136.909421179,-40.7257717187,-420.938845436,243.303652538,1.5048960805e-07
4.798e-06,-192.701469625,-400,29.988,-1.26868569557,-129.267184847,-96.3507348127,-32.9164500341,-388.991795464,259.724610618,1.48884978628e-07
4.799e-06,-99.4759548491,-400,29.994,-0.534048199285,-72.7735448848,-49.7379774245,-23.0355674603,-352.71298861,279.939443726,1.47978842708e-07
4.8e-06,1.73574950619e-08,-399.999999998,30.0000000001,0.234075618537,-11.7037809095,8.6787478971e-09,-11.7037809182,-314.38218515,302.678404241,1.47828067842e-07
4.801e-06,99.4759548828,-389.999999998,30.7000000001,0.906433833592,54.1542632032,49.7379774414,4.41628576178,-270.477297753,324.631560956,1.48402021132e-07
4.802e-06,192.701469656,-379.999999998,31.4000000001,1.51183457402,117.109740955,96.350734828,20.759006127,-229.598989972,346.708730927,1.49618562651e-07
4.803e-06,273.818842384,-369.999999998,32.1000000001,2.00866989342,173.385347713,136.909421192,36.4759265211,-193.871795435,367.257143148,1.51389419785e-07
4.804e-06,337.73117021,-359.999999998,32.8000000001,2.36265600541,219.59836994,168.865585105,50.7327848346,-165.07310919,384.671479129,1.53588181076e-07
4.805e-06,380.422606523,-349.999999998,33.5000000001,2.54888299003,252.978457022,190.211303262,62.7671537603,-144.526505026,397.504962048,1.56058690941e-07
4.806e-06,399.210691372,-339.999999998,34.2000000001,2.55326146249,271.547618248,199.605345686,71.9422725618,-133.024326253,404.571944501,1.58625201242e-07
4.807e-06,392.914900288,-329.999999998,34.9000000001,2.37328259268,274.250770654,196.457450144,77.7933205102,-130.784054658,405.034825312,1.61103631414e-07
4.808e-06,361.930820979,-319.999999998,35.6000000001,2.01805128562,261.028256698,180.965410489,80.0628462082,-137.440822388,398.469079085,1.63313226658e-07
4.809e-06,308.205297099,-309.999999998,36.3000000001,1.5075978106,232.825406569,154.10264855,78.7227580195,-152.076166366,384.901572935,1.65087886205e-07
4.81e-06,235.114100903,-299.999999998,37.0000000001,0.871517863149,191.538207745,117.557050451,73.9811572939,-173.280876111,364.819083856,1.6628646146e-07
4.811e-06,147.249821058,-289.999999998,37.7000000001,0.147032200098,139.898211053,73.6249105288,66.2733005239,-199.247692573,339.145903626,1.66801394841e-07
4.812e-06,50.1332934084,-279.999999998,38.4000000001,-0.623407911985,81.3036890077,25.0666467042,56.2370423034,-227.887805912,309.19149492,1.6656517937e-07
4.813e-06,-50.133293443,-269.999999998,39.1000000001,-1.39481626432,19.6075197729,-25.0666467215,44.6741664944,-256.96368343,276.571203203,1.65554259569e-07
4.814e-06,-147.24982109,-259.999999998,39.8000000001,-2.12249794802,-41.1249236891,-73.6249105451,32.499986856,-284.229818991,243.104895302,1.63790156817e-07
4.815e-06,-235.114100931,-249.999999998,40.5000000001,-2.76482948732,-96.8726265652,-117.557050466,20.6844239003,-307.572585957,210.699959392,1.61337776814e-07
4.816e-06,-308.205297121,-239.999999998,41.2000000001,-3.28582066295,-143.914263974,-154.102648561,10.1883845869,-325.140517049,181.226253075,1.58301032194e-07
4.817e-06,-361.930820994,-229.999999998,41.9000000001,-3.65730104249,-179.065768869,-180.965410497,1.89964162758,-335.457012736,156.391243867,1.54816078774e-07
4.818e-06,-392.914900295,-219.999999998,42.6000000001,-3.86059904223,-199.884948183,-196.457450147,-3.42749803594,-337.508647484,137.623699301,1.5104260925e-07
4.819e-06,-399.21069137,-209.999999998,43.3000000001,-3.88761411516,-204.829985612,-199.605345685,-5.22463992725,-330.80382349,125.973837878,1.47153764532e-07
4.82e-06,-380.422606513,-199.999999998,44.0000000001,-3.74122128409,-193.361542308,-190.211303256,-3.15023905188,-315.398412524,122.036870216,1.43325303358e-07
4.821e-06,-337.731170191,-189.999999998,44.7000000001,-3.43498926907,-165.981706738,-168.865585096,2.88387835808,-291.887108043,125.905401306,1.39724710817e-07
4.822e-06,-273.818842359,-179.999999998,45.4000000001,-2.99223625556,-124.207029581,-136.909421179,12.7023915987,-261.361350937,137.154321356,1.36500923679e-07
4.823e-06,-192.701469625,-169.999999998,46.1000000001,-2.44448825343,-70.4770569535,-96.3507348126,25.8736778591,-225.33675983,154.859702876,1.3377530568e-07
4.824e-06,-99.4759548489,-159.999999998,46.8000000001,-1.82944148812,-8.00388044294,-49.7379774245,41.7340969815,-185.654863283,177.65098284,1.31634422242e-07
4.825e-06,1.76043191907e-08,-149.999999998,47.5000000001,-1.18856012057,59.428006046,8.80216009753e-09,59.4280060372,-144.365482467,203.793488513,1.3012504712e-07
4.826e-06,99.475954883,-139.999999998,48.2000000001,-0.564462022797,127.699056023,49.7379774415,77.9610785814,-103.597255806,231.296311829,1.29251690664e-07
4.827e-06,192.701469656,-129.999999998,48.9000000001,0.00174291285983,192.614324013,96.350734828,96.263589185,-65.4244643694,258.038788382,1.28976779972e-07
4.828e-06,273.818842384,-119.999999998,49.6000000001,0.472996020002,250.169041384,136.909421192,113.259620192,-31.7384714401,281.907512824,1.29223455116e-07
4.829e-06,337.73117021,-109.999999998,50.3000000001,0.818557630539,296.803288683,168.865585105,127.937703578,-4.13172680364,300.935015487,1.29880783335e-07
4.83e-06,380.422606523,-99.9999999982,51.0000000001,1.01586089495,329.629561776,190.211303262,139.418258514,16.198567026,313.43099475,1.30811044554e-07
4.831e-06,399.210691372,-89.9999999982,51.7000000001,1.0518401545,346.618683647,199.605345686,147.013337961,28.5213157134,318.097367934,1.31858615973e-07
4.832e-06,392.914900288,-79.9999999983,52.4000000001,0.923656033048,346.732098636,196.457450144,150.274648492,32.6127458241,314.119352812,1.3285988834e-07
4.833e-06,361.930820979,-69.9999999982,53.1000000001,0.638777611104,329.991940424,180.965410489,149.026529934,28.7656743003,301.226266123,1.33653587487e-07
4.834e-06,308.205297099,-59.9999999982,53.8000000001,0.214422361182,297.48417904,154.102648549,143.38153049,17.7665456503,279.717633389,1.34090855179e-07
4.835e-06,235.114100903,-49.9999999982,54.5000000001,-0.323605561927,251.294378999,117.557050451,133.737328548,0.841953949127,250.45242505,1.34044464087e-07
4.836e-06,147.249821057,-39.9999999982,55.2000000001,-0.942601042709,194.379873193,73.6249105287,120.754962664,-20.4217515568,214.80162475,1.33416601154e-07
4.837e-06,50.1332934082,-29.9999999982,55.9000000001,-1.60505821589,130.386204203,25.0666467041,105.319557499,-44.1805369399,174.566741143,1.32144747705e-07
4.838e-06,-50.1332934433,-19.9999999982,56.6000000001,-2.2710508405,63.4192485816,-25.0666467216,88.4858953033,-68.4498883877,131.869136969,1.30205307271e-07
4.839e-06,-147.24982109,-9.99999999824,57.3000000001,-2.9007422708,-2.21270755034,-73.6249105451,71.4122029948,-91.2297259172,89.0170183668,1.27614775242e-07
4.84e-06,-235.114100931,1.75375610475e-09,58.0000000001,-3.45686771622,-62.2707151203,-117.557050466,55.2863353453,-110.629186163,48.3584710429,1.24428399292e-07
4.841e-06,-308.205297121,10.0000000018,58.7000000001,-3.90703457593,-112.853568325,-154.102648561,41.249080236,-124.983510779,12.1299424546,1.20736436031e-07
4.842e-06,-361.930820994,20.0000000018,59.4000000001,-4.22569928542,-150.645856723,-180.965410497,30.3195537742,-132.955835249,-17.6900214737,1.1665825804e-07
4.843e-06,-392.914900295,30.0000000018,60.1000000001,-4.3957004545,-173.12987757,-196.457450147,23.3275725778,-133.617674229,-39.5122033402,1.12334696988e-07
4.844e-06,-399.21069137,40.0000000018,60.8000000001,-4.40925670905,-178.747855918,-199.605345685,20.8574897675,-126.503277962,-52.2445779555,1.07919114978e-07
4.845e-06,-380.422606512,50.0000000018,61.5000000001,-4.26837173055,-167.004019985,-190.211303256,23.2072832712,-111.634700932,-55.3693190534,1.03567771188e-07
4.846e-06,-337.731170191,60.0000000018,62.2000000001,-3.98462635543,-138.499852419,-168.865585096,30.3657326761,-89.5162728382,-48.9835795813,9.94300898636e-08
4.847e-06,-273.818842358,70.0000000018,62.9000000001,-3.57837589977,-94.9000473699,-136.909421179,42.0093738093,-61.0990766442,-33.8009707258,9.56394366851e-08
4.848e-06,-192.701469625,80.0000000018,63.6000000001,-3.07740772586,-38.831083332,-96.3507348125,57.5196514805,-27.7178994264,-11.1131839056,9.23049737298e-08
4.849e-06,-99.4759548487,90.0000000018,64.3000000001,-2.51514718814,26.2814045585,-49.7379774243,76.0193819828,8.99518622696,17.2862183315,8.95050912647e-08
4.85e-06,1.78511433194e-08,100,65,-1.92852745797,96.4263729165,8.92557496249e-09,96.4263729076,47.215033218,49.2113396985,8.72828122334e-08
4.851e-06,99.4759548832,100,65.0333333333,-1.30095084842,164.523497304,49.7379774416,114.785519862,77.7876995592,86.7357977447,8.567048396e-08
4.852e-06,192.701469656,100,65.0666666667,-0.720686372176,228.735788265,96.3507348281,132.385053437,106.298234756,122.437553509,8.46651067294e-08
4.853e-06,273.818842384,100,65.1,-0.222202554748,284.928970122,136.909421192,148.01954893,130.990769097,153.938201025,8.42017936693e-08
4.854e-06,337.73117021,100,65.1333333333,0.165152713873,329.473534517,168.865585105,160.607949411,150.349426106,179.124108411,8.41835808237e-08
4.855e-06,380.422606523,100,65.1666666667,0.41899407382,359.472902832,190.211303262,169.261599571,163.19345409,196.279448742,8.4487500799e-08
4.856e-06,399.210691372,100,65.2,0.525302492614,372.945566742,199.605345686,173.340221055,168.751268549,204.194298192,8.4972287837e-08
4.857e-06,392.914900288,100,65.2333333333,0.47930296231,368.949752172,196.457450144,172.492302028,166.708762945,202.240989227,8.54872296596e-08
4.858e-06,361.930820979,100,65.2666666667,0.285761175887,347.642762184,180.965410489,166.677351695,157.22886359,190.413898595,8.58816095909e-08
4.859e-06,308.205297099,100,65.3,-0.0413192191182,310.271258055,154.102648549,156.168609505,140.941111848,169.330146207,8.60141456076e-08
4.86e-06,235.114100902,100,65.3333333333,-0.479579531866,259.093077496,117.557050451,141.536027045,118.901940108,140.191137388,8.57618334018e-08
4.861e-06,147.249821057,100,65.3666666667,-0.999713411446,197.23549163,73.6249105286,123.610581101,92.5281485337,104.707343096,8.5027638212e-08
4.862e-06,50.1332934079,100,65.4,-1.56731008702,128.498797759,25.066646704,103.432151055,63.5077720092,64.9910257497,8.37465527204e-08
4.863e-06,-50.1332934434,100,65.4333333333,-2.14501750729,57.1175819211,-25.0666467217,82.1842286428,33.6939452047,23.4236367164,8.18896411384e-08
4.864e-06,-147.24982109,100,65.4666666667,-2.69488937386,-12.5053523975,-73.6249105452,61.1195581477,4.98843943457,-17.4937918321,7.94658162549e-08
4.865e-06,-235.114100931,100,65.5,-3.18076856645,-76.0756726086,-117.557050466,41.481377857,-20.7778089594,-55.2978636493,7.65212387267e-08
4.866e-06,-308.205297122,100,65.5333333333,-3.57055723127,-129.677435558,-154.102648561,24.4252130029,-41.959672918,-87.7177626399,7.31363772915e-08
4.867e-06,-361.930820994,100,65.5666666667,-3.83823098292,-170.019271848,-180.965410497,10.9461386489,-57.2010913969,-112.818180451,6.94209154977e-08
4.868e-06,-392.914900295,100,65.6,-3.96547080103,-194.641360243,-196.457450147,1.81608990415,-65.5201271803,-129.121233063,6.55068257423e-08
4.869e-06,-399.21069137,100,65.6333333333,-3.94281026784,-202.070177978,-199.605345685,-2.4648322928,-66.3704901934,-135.699687784,6.15400463976e-08
4.87e-06,-380.422606512,100,65.6666666667,-3.77022627744,-191.91129264,-190.211303256,-1.69998938425,-59.6756711819,-132.235621459,5.767128538e-08
4.871e-06,-337.731170191,100,65.7,-3.45713633457,-164.874353463,-168.865585096,3.99123163272,-45.833552639,-119.040800824,5.40465281786e-08
4.872e-06,-273.818842358,100,65.7333333333,-3.02180285046,-122.728699835,-136.909421179,14.180721344,-25.6912191781,-97.0374806571,5.079784669e-08
4.873e-06,-192.701469625,100,65.7666666667,-2.49018209219,-68.1923650153,-96.3507348125,28.1583697971,-0.491561571436,-67.7008034439,4.80350860763e-08
4.874e-06,-99.4759548485,100,65.8,-1.89429031083,-4.76143930681,-49.7379774243,44.9765381174,28.2049601959,-32.9663995027,4.58389514751e-08
4.875e-06,1.79218684405e-08,100,65.8333333333,-1.27018987306,63.5094936711,8.96093321818e-09,63.5094936621,58.6184704737,4.89102319735,4.42559282537e-08
4.876e-06,99.4759548832,100,65.8666666667,-0.655722048772,132.262057322,49.7379774416,82.5240798802,88.861574636,43.4004826859,4.32953541492e-08
4.877e-06,192.701469656,100,65.9,-0.088128970456,197.107918179,96.3507348282,100.757183351,117.057964648,80.049953531,4.2928826342e-08
4.878e-06,273.818842385,100,65.9333333333,0.39828581541,253.904551614,136.909421192,116.995130422,141.460280653,112.444270961,4.30919797656e-08
4.879e-06,337.73117021,100,65.9666666667,0.77431126867,299.015606777,168.865585105,130.150021672,160.559825431,138.455781346,4.36885239947e-08
4.88e-06,380.422606523,100,66,1.01766202384,329.539505331,190.211303262,139.32820207,173.181243305,156.358262026,4.45962842261e-08
4.881e-06,399.210691372,100,66.0333333333,1.11437578498,343.491902123,199.605345686,143.886556437,178.55622229,164.935679833,4.56748660825e-08
4.882e-06,392.914900288,100,66.0666666667,1.05968734436,339.93053307,196.457450144,143.473082926,176.371598278,163.558934792,4.67744621208e-08
4.883e-06,361.930820979,100,66.1,0.858324533227,319.014594317,180.965410489,138.049183828,166.788849863,152.225744454,4.77452464038e-08
4.884e-06,308.205297099,100,66.1333333333,0.524207745703,281.994909814,154.102648549,127.892261264,150.433770674,131.561139139,4.84467667784e-08
4.885e-06,235.114100902,100,66.1666666667,0.0795721486748,231.135493469,117.557050451,113.578443017,128.356979873,102.778513595,4.8756744879e-08
4.886e-06,147.249821057,100,66.2,-0.446432053224,169.571423718,73.6249105285,95.9465131897,101.967762999,67.6036607188,4.85787313211e-08
4.887e-06,50.1332934078,100,66.2333333333,-1.01957316491,101.111951653,25.0666467039,76.0453049492,72.9454095922,28.1665420609,4.7848135675e-08
4.888e-06,-50.1332934436,100,66.2666666667,-1.6026900131,30.0012072114,-25.0666467218,55.0678539332,43.1336258919,-13.1324186805,4.65362530938e-08
4.889e-06,-147.249821091,100,66.3,-2.15802711812,-39.3484651847,-73.6249105453,34.2764453606,14.4246618246,-53.7731270093,4.4652035461e-08
4.89e-06,-235.114100932,100,66.3333333333,-2.64960626857,-102.633787503,-117.557050466,14.9232629628,-11.3595650804,-91.2742224226,4.22414966963e-08
4.891e-06,-308.205297122,100,66.3666666667,-3.04548551446,-155.931021399,-154.102648561,-1.82837283799,-32.5818804628,-123.349140936,3.93847905201e-08
4.892e-06,-361.930820994,100,66.4,-3.31976372529,-195.942634729,-180.965410497,-14.9772242325,-47.8926136856,-148.050021044,3.61911451577e-08
4.893e-06,-392.914900295,100,66.4333333333,-3.45420489883,-220.204655353,-196.457450147,-23.7472052058,-56.3142579348,-163.890397418,3.27919740137e-08
4.894e-06,-399.21069137,100,66.4666666667,-3.43938034148,-227.241674296,-199.605345685,-27.636328611,-57.302719179,-169.938955117,2.93325957901e-08
4.895e-06,-380.422606512,100,66.5,-3.27525716676,-216.659748175,-190.211303256,-26.4484449184,-50.7813159873,-165.878432187,2.5963084701e-08
4.896e-06,-337.731170191,100,66.5333333333,-2.97119636627,-189.171351878,-168.865585096,-20.3057667822,-37.1454053791,-152.025946499,2.28288258685e-08
4.897e-06,-273.818842358,100,66.5666666667,-2.54536080977,-146.55080187,-136.909421179,-9.6413806905,-17.2373558507,-129.313446019,2.00613692758e-08
4.898e-06,-192.701469625,100,66.6,-2.02357059593,-91.5229398284,-96.3507348124,4.82779498394,7.70654853502,-99.2294883634,1.77701566626e-08
4.899e-06,-99.4759548484,100,66.6333333333,-1.43767787495,-27.5920611009,-49.7379774242,22.1459163233,36.1339265953,-63.7259876962,1.60356406856e-08
4.9e-06,1.80893429638e-08,100,66.6666666667,-0.823563419954,41.1781710158,9.04466972775e-09,41.1781710068,66.2739430044,-25.0957719886,1.49042280042e-08
4.901e-06,99.4759548835,100,66.7,-0.218880942674,110.420002017,49.7379774417,60.6820245754,96.2486344718,14.1713675454,1.43853632109e-08
4.902e-06,192.701469657,100,66.7333333333,0.339309055483,175.736016882,96.3507348283,79.3852820541,124.190920735,51.5450961471,1.44509359223e-08
4.903e-06,273.818842385,100,66.7666666667,0.816867223797,232.975481195,136.909421192,96.0660600024,148.361884862,84.6135963323,1.50370473451e-08
4.904e-06,337.73117021,100,66.8,1.18471888005,278.495226208,168.865585105,109.629641103,167.259956206,111.235270002,1.6048024407e-08
4.905e-06,380.422606524,100,66.8333333333,1.42067853451,309.388679798,190.211303262,119.177376536,179.715140929,129.673538869,1.73624284065e-08
4.906e-06,399.210691372,100,66.8666666667,1.51084093984,323.668644381,199.605345686,124.063298694,184.962386967,138.706257413,1.88406799514e-08
4.907e-06,392.914900288,100,66.9,1.450451461,320.392327238,196.457450144,123.934877094,182.689483339,137.702843898,2.03338205785e-08
4.908e-06,361.930820979,100,66.9333333333,1.24420130021,299.720755968,180.965410489,118.755345479,173.05649513,126.664260838,2.16928602389e-08
4.909e-06,308.205297099,100,66.9666666667,0.90592926118,262.90883404,154.102648549,108.80618549,156.685524684,106.223309356,2.27781232494e-08
4.91e-06,235.114100902,100,67,0.457749022713,212.226649766,117.557050451,94.6695993154,134.621453957,77.605195809,2.34680056436e-08
4.911e-06,147.249821057,100,67.0333333333,-0.07134302987,150.81697255,73.6249105284,77.1920620219,108.266145536,42.5508270146,2.36665940584e-08
4.912e-06,50.1332934076,100,67.0666666667,-0.647291759756,82.4978813954,25.0666467038,57.4312346916,79.2902460264,3.20763536907,2.33096680284e-08
4.913e-06,-50.1332934438,100,67.1,-1.23312427691,11.5229204016,-25.0666467219,36.5895671235,49.5281408001,-38.0052203986,2.2368709291e-08
4.914e-06,-147.249821091,100,67.1333333333,-1.79127336687,-57.6861527476,-73.6249105454,15.9387577979,20.8626651816,-78.5488179292,2.08526670499e-08
4.915e-06,-235.114100932,100,67.1666666667,-2.28593733157,-120.817234353,-117.557050466,-3.26018388738,-4.89318197934,-115.924052374,1.88073691983e-08
4.916e-06,-308.205297122,100,67.2,-2.68532799446,-173.938897399,-154.102648561,-19.8362488381,-26.1100910126,-147.828806386,1.63126174205e-08
4.917e-06,-361.930820994,100,67.2333333333,-2.96366570596,-213.747535696,-180.965410497,-32.7821251992,-41.4447105181,-172.302825178,1.34771495594e-08
4.918e-06,-392.914900295,100,67.2666666667,-3.10279613368,-237.775093611,-196.457450147,-41.3176434632,-49.9239134177,-187.851180193,1.04317865331e-08
4.919e-06,-399.21069137,100,67.3,-3.09332742893,-244.544319923,-199.605345685,-44.9389742384,-51.0057739486,-193.538545975,7.32119499619e-09
4.92e-06,-380.422606512,100,67.3333333333,-2.93521652876,-233.661780074,-190.211303256,-43.450476818,-44.613434578,-189.048345496,4.29478372027e-09
4.921e-06,-337.731170191,100,67.3666666667,-2.63776798381,-205.842771,-168.865585095,-36.9771859048,-31.1397462507,-174.70302475,1.49730587999e-09
4.922e-06,-273.818842358,100,67.4,-2.21904561856,-162.86656143,-136.909421179,-25.9571402512,-11.4224020902,-151.44415934,-9.40242324624e-10
4.923e-06,-192.701469625,100,67.4333333333,-1.70473421348,-107.464758951,-96.3507348123,-11.1140241383,13.3088617632,-120.773620714,-2.9088551257e-09
4.924e-06,-99.4759548482,100,67.4666666667,-1.12652293071,-43.1498083124,-49.7379774241,6.58816911165,41.5096705207,-84.6594788331,-4.32836588711e-09
4.925e-06,1.83361670923e-08,100,67.5,-0.520112217851,26.0056109109,9.16808281622e-09,26.0056109017,71.4181484091,-45.4125374982,-5.15248139662e-09
4.926e-06,99.4759548837,100,67.5333333333,0.0770304645335,95.624431657,49.7379774419,45.8864542152,101.165680105,-5.54124844808,-5.37168624312e-09
4.927e-06,192.701469657,100,67.5666666667,0.628025018157,161.300218749,96.3507348283,64.9494839205,128.894333064,32.4058856848,-5.01383568764e-09
4.928e-06,273.818842385,100,67.6,1.09889525148,218.874079811,136.909421192,81.9646586184,152.873562221,66.0005175894,-4.14240070531e-09
4.929e-06,337.731170211,100,67.6333333333,1.46070209465,264.696065478,168.865585105,95.8304803726,171.608866548,93.0871989298,-2.8524763693e-09
4.93e-06,380.422606524,100,67.6666666667,1.69135955976,295.854628535,190.211303262,105.643325274,183.935575389,111.919053147,-1.26480519876e-09
4.931e-06,399.210691372,100,67.7,1.77701950257,310.359716244,199.605345686,110.754370558,189.091879287,121.267836957,4.81808316407e-10
4.932e-06,392.914900288,100,67.7333333333,1.71293837275,307.26798165,196.457450144,110.810531506,186.766526084,120.501455566,2.23921489251e-09
4.933e-06,361.930820978,100,67.7666666667,1.50377171292,286.742235333,180.965410489,105.776824843,177.118196301,109.624039032,3.8592213099e-09
4.934e-06,308.205297098,100,67.8,1.16327813401,250.041390398,154.102648549,95.9387418486,160.765351943,89.2760384549,5.20289048441e-09
4.935e-06,235.114100902,100,67.8333333333,0.713451595756,199.441521114,117.557050451,81.8844706632,138.747208071,60.6943130435,6.1492565657e-09
4.936e-06,147.249821057,100,67.8666666667,0.183136724144,138.09298485,73.6249105284,64.4680743212,112.458290133,25.6346947162,6.60290785216e-09
4.937e-06,50.1332934075,100,67.9,-0.393785650446,69.8225759298,25.0666467037,44.755929226,83.5606983012,-13.7381223714,6.49996164694e-09
4.938e-06,-50.1332934441,100,67.9333333333,-0.980528589057,-1.10686399125,-25.066646722,23.9597827308,53.8795987361,-54.9864627274,5.81205637793e-09
4.939e-06,-147.249821091,100,67.9666666667,-1.53971084692,-70.2642787449,-73.6249105455,3.36063180058,25.2885131533,-95.5527918982,4.54811099877e-09
4.94e-06,-235.114100932,100,68,-2.03570509535,-133.328846164,-117.557050466,-15.7717956984,-0.408383750105,-132.920462414,2.7537420348e-09
4.941e-06,-308.205297122,100,68.0333333333,-2.43687504462,-186.361544891,-154.102648561,-32.2588963302,-21.5895643225,-164.771980569,5.08375816699e-10
4.942e-06,-361.930820994,100,68.0666666667,-2.71756098677,-226.052771655,-180.965410497,-45.0873611584,-36.9179302354,-189.13484142,-2.07976179348e-09
4.943e-06,-392.914900295,100,68.1,-2.85968913581,-249.930443504,-196.457450147,-53.4729933568,-45.4246881036,-204.505755401,-4.88046262589e-09
4.944e-06,-399.21069137,100,68.1333333333,-2.85390382299,-256.51550022,-199.605345685,-56.9101545353,-46.5700568691,-209.945443351,-7.74973143896e-09
4.945e-06,-380.422606512,100,68.1666666667,-2.70015161691,-245.415025666,-190.211303256,-55.2037224104,-40.2770027659,-205.138022901,-1.05388438404e-08
4.946e-06,-337.731170191,100,68.2,-2.40768089323,-217.347125529,-168.865585095,-48.4815404337,-26.9358934515,-190.411232078,-1.31036975795e-08
4.947e-06,-273.818842358,100,68.2333333333,-1.99445711189,-174.095986764,-136.909421179,-37.1865655846,-7.3797904413,-166.716196322,-1.53138696939e-08
4.948e-06,-192.701469624,100,68.2666666667,-1.4860307619,-118.39993153,-96.3507348122,-22.0491967174,17.168056554,-135.567988084,-1.70608107025e-08
4.949e-06,-99.475954848,100,68.3,-0.913929299936,-53.7794898512,-49.737977424,-4.04151242719,45.1712042695,-98.9506941206,-1.82646614675e-08
4.95e-06,1.8582991221e-08,100,68.3333333333,-0.313674281046,15.6837140709,9.29149590482e-09,15.6837140616,74.8766534133,-59.1929393424,-1.88792650688e-08
4.951e-06,99.4759548839,100,68.3666666667,0.277451616548,85.6033740565,49.7379774419,35.8653966145,104.425051036,-18.8216769798,-1.88950595823e-08
4.952e-06,192.701469657,100,68.4,0.822747309278,151.564104193,96.3507348284,55.2133693645,131.967530019,19.5965741741,-1.83396708902e-08
4.953e-06,273.818842385,100,68.4333333333,1.28839856742,209.398914014,136.909421192,72.4894928214,155.781843774,53.6170702403,-1.72761691951e-08
4.954e-06,337.731170211,100,68.4666666667,1.64560102534,255.451118944,168.865585105,86.5855338384,174.380501429,81.0706175151,-1.57990996766e-08
4.955e-06,380.422606524,100,68.5,1.87236765751,286.804223648,190.211303262,96.5929203865,186.604114122,100.200109526,-1.40285375065e-08
4.956e-06,399.210691372,100,68.5333333333,1.95490730796,301.465325974,199.605345686,101.859980288,191.694094679,109.771231295,-1.21025414384e-08
4.957e-06,392.914900288,100,68.5666666667,1.88848784971,298.490507802,196.457450144,102.033057658,189.34015217,109.150355632,-1.01684806316e-08
4.958e-06,361.930820978,100,68.6,1.67772995784,278.044323087,180.965410489,97.0789125974,179.699607909,98.3447151774,-8.37377996508e-09
4.959e-06,308.205297098,100,68.6333333333,1.33631326711,241.389633743,154.102648549,87.2869851937,163.387330653,78.0023030898,-6.85666540479e-09
4.96e-06,235.114100902,100,68.6666666667,0.886113603551,190.808420724,117.557050451,73.2513702734,141.436934798,49.3714859262,-5.73749075881e-09
4.961e-06,147.249821057,100,68.7,0.35582570875,129.458535619,73.6249105283,55.8336250908,115.235690236,14.2228453835,-5.11119040382e-09
4.962e-06,50.1332934072,100,68.7333333333,-0.220841826536,61.175384734,25.0666467036,36.1087380304,86.4372428608,-25.2618581268,-5.04133162476e-09
4.963e-06,-50.1332934442,100,68.7666666667,-0.807285865614,-9.76900016344,-25.0666467221,15.2976465586,56.8576369478,-66.6266371113,-5.55613954292e-09
4.964e-06,-147.249821091,100,68.8,-1.36630901783,-78.9343701994,-73.6249105455,-5.30945965381,28.3611773322,-107.295547532,-6.64674355224e-09
4.965e-06,-235.114100932,100,68.8333333333,-1.86245635486,-141.991283189,-117.557050466,-24.4342327232,2.74330498645,-144.734588176,-8.26775454152e-09
4.966e-06,-308.205297122,100,68.8666666667,-2.26424175564,-194.99320934,-154.102648561,-40.8905607792,-18.3821556459,-176.611053694,-1.03401357281e-08
4.967e-06,-361.930820994,100,68.9,-2.5461240753,-234.624617229,-180.965410497,-53.659206732,-33.6842967002,-200.940320529,-1.27561858703e-08
4.968e-06,-392.914900295,100,68.9333333333,-2.69010910287,-258.409445151,-196.457450147,-61.9519950037,-42.1986156469,-216.210829504,-1.53863210064e-08
4.969e-06,-399.21069137,100,68.9666666667,-2.68687682771,-264.866849984,-199.605345685,-65.2615042993,-43.3874553951,-221.479394589,-1.80872280189e-08
4.97e-06,-380.422606512,100,69,-2.53636339185,-253.60443692,-190.211303256,-63.3931336635,-37.1736082504,-216.430828669,-2.07108773157e-08
4.971e-06,-337.731170191,100,69.0333333333,-2.24776138705,-225.343100838,-168.865585095,-56.4775157429,-23.9449834324,-201.398117406,-2.31138281599e-08
4.972e-06,-273.818842358,100,69.0666666667,-1.83893870653,-181.871907031,-136.909421179,-44.9624858521,-4.53005633466,-177.341850696,-2.51662420158e-08
4.973e-06,-192.701469624,100,69.1,-1.33531268477,-125.935835386,-96.3507348121,-29.5851005738,19.8543468356,-145.790182222,-2.67600378521e-08
4.974e-06,-99.4759548477,100,69.1333333333,-0.768250460337,-61.0634318309,-49.7379774239,-11.325454407,47.6796382519,-108.743070083,-2.78156774624e-08
4.975e-06,1.87504657444e-08,100,69.1666666667,-0.173096229619,8.65481149968,9.37523330255e-09,8.65481149031,77.2016109582,-68.5467994586,-2.82871551216e-08
4.976e-06,99.475954884,100,69.2,0.413050543876,78.8234276902,49.737977442,29.0854502482,106.570087766,-27.7466600756,-2.81648788559e-08
4.977e-06,192.701469657,100,69.2333333333,0.95366630439,145.018154438,96.3507348285,48.667419609,133.945183635,11.0729708026,-2.7476263169e-08
4.978e-06,273.818842385,100,69.2666666667,1.41509748688,203.063968041,136.909421193,66.1545468484,157.612875899,45.4510921425,-2.62839968911e-08
4.979e-06,337.731170211,100,69.3,1.76867341929,249.297499246,168.865585105,80.4319141407,176.09262303,73.2048762165,-2.46820958703e-08
4.98e-06,380.422606524,100,69.3333333333,1.99250539277,280.797336885,190.211303262,90.5860336236,188.230274975,92.5670619108,-2.27899893271e-08
4.981e-06,399.210691372,100,69.3666666667,2.07285901391,295.567740677,199.605345686,95.9623949907,193.270444639,102.297296038,-2.07450121134e-08
4.982e-06,392.914900288,100,69.4,2.0050138019,292.664210193,196.457450144,96.2067600487,190.903802544,101.760407648,-1.86937751019e-08
4.983e-06,361.930820978,100,69.4333333333,1.79355623566,272.253009195,180.965410489,91.2875987061,181.286333673,90.9666755224,-1.67829562202e-08
4.984e-06,308.205297098,100,69.4666666667,1.45208806539,235.600893829,154.102648549,81.4982452794,165.02935786,70.5715359689,-1.51500908202e-08
4.985e-06,235.114100902,100,69.5,1.00236844031,184.995678886,117.557050451,67.4386284353,143.160952069,41.8347268168,-1.39149398924e-08
4.986e-06,147.249821056,100,69.5333333333,0.472943961771,123.602622968,73.6249105281,49.9777124396,117.061209036,6.54141393174,-1.3171978105e-08
4.987e-06,50.133293407,100,69.5666666667,-0.102647083809,55.2656475975,25.0666467035,30.199000894,88.3754092599,-33.1097616623,-1.29844730993e-08
4.988e-06,-50.1332934443,100,69.6,-0.687983343893,-15.7341262496,-25.0666467222,9.33252047251,58.9105691413,-74.644695391,-1.3380527328e-08
4.989e-06,-147.249821091,100,69.6333333333,-1.24604929457,-84.947356363,-73.6249105457,-11.3224458173,30.5218701204,-115.469226483,-1.43513303025e-08
4.99e-06,-235.114100932,100,69.6666666667,-1.7415605629,-148.036072787,-117.557050466,-30.4790223209,4.99610676959,-153.032179557,-1.58517301705e-08
4.991e-06,-308.205297122,100,69.7,-2.14317959689,-201.046317278,-154.102648561,-46.9436687165,-16.0605237505,-184.985793527,-1.78030878119e-08
4.992e-06,-361.930820994,100,69.7333333333,-2.42548254789,-240.6566936,-180.965410497,-59.6912831028,-31.3232440343,-209.333449566,-2.00982332798e-08
4.993e-06,-392.914900295,100,69.7666666667,-2.57055391263,-264.387204663,-196.457450147,-67.9297545157,-39.8318018437,-224.555402819,-2.2608212424e-08
4.994e-06,-399.21069137,100,69.8,-2.56910891259,-270.75524574,-199.605345685,-71.1499000554,-41.050645232,-229.704600508,-2.51903992047e-08
4.995e-06,-380.422606512,100,69.8333333333,-2.42107329272,-259.368941876,-190.211303256,-69.1576386201,-34.902396429,-224.466545447,-2.76974635862e-08
4.996e-06,-337.731170191,100,69.8666666667,-2.13558433167,-230.951953607,-168.865585095,-62.0863685116,-21.7725322604,-209.179421346,-2.99866313534e-08
4.997e-06,-273.818842358,100,69.9,-1.73041322634,-187.29818104,-136.909421179,-50.3887598616,-2.48498835755,-184.813192683,-3.19286540807e-08
4.998e-06,-192.701469624,100,69.9333333333,-1.23084535999,-131.159201625,-96.350734812,-34.8084668125,21.7497690439,-152.908970668,-3.34159259132e-08
4.999e-06,-99.4759548476,100,69.9666666667,-0.668089002281,-66.0715047335,-49.7379774238,-16.3335273098,49.4109310673,-115.482435801,-3.43692376373e-08
5e-06,9.40924889353e-11,100,70,-0.077312583623,3.86562918124,4.70461447577e-11,3.8656291812,78.7629986621,-74.8973694808,-3.47427443136e-08
