time_s,upper_hf_source_voltage_V,lower_lf_source_voltage_V,upper_dc_source_voltage_V,plasma_envelope,plasma_resistance_ohm,plasma_inductance_H,upper_sheath_capacitance_F,wafer_sheath_capacitance_F,upper_port_voltage_V,upper_incident_voltage_V,upper_reflected_voltage_V,upper_electrode_voltage_V,wafer_voltage_V,upper_sheath_voltage_V,wafer_sheath_voltage_V,bulk_current_A,upper_sheath_charge_C,plasma_flux_Wb
5e-06,2.76040947741e-11,-1.10218211923e-12,0,0,35,3.5e-08,2.6e-10,3.6e-10,19.1305243883,1.38022926421e-11,19.1305243883,-244.794415317,-191.088004441,-9.34049087077,-27.495614089,-1.04408455819,-2.4285276264e-09,-3.65429595366e-08
5.001e-06,80.9874015906,5.65471794751,0,0,35,3.5e-08,2.6e-10,3.6e-10,31.1439813203,40.4937007953,-9.34971947499,-223.925065328,-189.837226201,-12.1790708927,-29.4043701255,-0.432461835315,-3.1665584321e-09,-1.5136164236e-08
5.002e-06,150.600363304,11.3085429495,0,0,35,3.5e-08,2.6e-10,3.6e-10,42.6482978751,75.3001816522,-32.651883777,-195.864472554,-183.831813491,-12.555854508,-29.538161988,0.218692946371,-3.26452217208e-09,7.65425312298e-09
5.003e-06,199.061951543,16.9605822015,0,0,35,3.5e-08,2.6e-10,3.6e-10,52.0320751799,99.5309757713,-47.4989005913,-163.905415632,-173.136014253,-10.5015846632,-27.9207326464,0.817782539427,-2.73041201243e-09,2.86223888799e-08
5.004e-06,219.565880254,22.6099431809,0,0,35,3.5e-08,2.6e-10,3.6e-10,57.9813992234,109.782940127,-51.8015409037,-131.887849855,-158.471721589,-6.38876251147,-24.8225178696,1.28053085855,-1.66107825298e-09,4.48185800492e-08
5.005e-06,209.232433585,28.2557337882,0,0,35,3.5e-08,2.6e-10,3.6e-10,59.6643747815,104.616216792,-44.951842011,-103.659654748,-141.117205323,-0.879296158255,-20.7226390918,1.54181935359,-2.28617001146e-10,5.39636773756e-08
5.006e-06,169.512913411,33.8970624876,0,0,35,3.5e-08,2.6e-10,3.6e-10,56.847961276,84.7564567053,-27.9084954293,-82.536268882,-122.727702472,5.16849703006,-16.2415868502,1.56483276243,1.34380922781e-09,5.47691466852e-08
5.007e-06,105.985808302,39.5330384478,0,0,35,3.5e-08,2.6e-10,3.6e-10,49.9307013184,52.9929041512,-3.0622028328,-70.8351046259,-105.103064166,10.8204733001,-12.0540492101,1.34622974984,2.81332305802e-09,4.71180412443e-08
5.008e-06,27.5733113841,45.162771683,0,0,35,3.5e-08,2.6e-10,3.6e-10,39.8867453148,13.7866556921,26.1000896227,-69.5501328709,-89.9350922613,15.1978950559,-8.79412816768,0.916612231281,3.95145271453e-09,3.20814280948e-08
5.009e-06,-54.7117751763,50.7853731931,0,0,35,3.5e-08,2.6e-10,3.6e-10,28.1290337124,-27.3558875881,55.4849213006,-78.2123413392,-78.5700514777,17.6008818476,-6.96625611187,0.336227466669,4.57622928038e-09,1.17679613334e-08
5.01e-06,-129.312755504,56.3999551039,0,0,35,3.5e-08,2.6e-10,3.6e-10,16.3108525363,-64.6563777522,80.9672302885,-94.9556646782,-71.8197114866,17.6067414734,-6.87432386558,-0.31349344807,4.57775278308e-09,-1.09722706825e-08
5.011e-06,-185.75214361,62.0056308081,0,0,35,3.5e-08,2.6e-10,3.6e-10,6.0936331531,-92.8760718052,98.9697049583,-116.779126644,-69.8474575052,15.1293708774,-8.57897406816,-0.941372297813,3.93363642812e-09,-3.29480304235e-08
5.012e-06,-216.10319516,67.6015151043,0,0,35,3.5e-08,2.6e-10,3.6e-10,-1.08639190215,-108.05159758,106.965205678,-139.968377276,-72.1454648059,10.4313841581,-11.8890579206,-1.45928942067,2.71215988111e-09,-5.10751297234e-08
5.013e-06,-216.10319516,73.1867243377,0,0,35,3.5e-08,2.6e-10,3.6e-10,-4.21990453889,-108.05159758,103.831693041,-160.617421404,-77.6061428861,4.0872643372,-16.3884551734,-1.79455981743,1.06268872767e-09,-6.28095936101e-08
5.014e-06,-185.75214361,78.7603765389,0,0,35,3.5e-08,2.6e-10,3.6e-10,-2.8662578042,-92.8760718052,90.009814001,-175.177263267,-84.6778151544,-3.09728589349,-21.4944905744,-1.90014151034,-8.05294332309e-10,-6.65049528618e-08
5.015e-06,-129.312755504,84.3215915636,0,0,35,3.5e-08,2.6e-10,3.6e-10,2.78463565299,-64.6563777522,67.4410134052,-180.954411714,-91.5827693583,-10.1984675057,-26.539742365,-1.76124241749,-2.65160155149e-09,-6.1643484612e-08
5.016e-06,-54.7117751763,89.8694912315,0,0,35,3.5e-08,2.6e-10,3.6e-10,11.9389753984,-27.3558875882,39.2948629866,-176.489232415,-96.5670541929,-16.3040947207,-30.8657530706,-1.39739782713,-4.23906462739e-09,-4.89089239494e-08
5.017e-06,27.5733113842,95.4031994649,0,0,35,3.5e-08,2.6e-10,3.6e-10,23.3105593341,13.7866556921,9.52390364202,-161.761008615,-98.146938875,-20.6416735288,-33.9154811879,-0.859726696776,-5.36683511749e-09,-3.00904343872e-08
5.018e-06,105.985808302,100.921842427,0,0,35,3.5e-08,2.6e-10,3.6e-10,35.3014262316,52.9929041512,-17.6914779196,-138.190910263,-95.3174211409,-22.6868609028,-35.3115092102,-0.223752121802,-5.89858383473e-09,-7.83132426308e-09
5.019e-06,169.512913411,106.424548661,0,0,35,3.5e-08,2.6e-10,3.6e-10,46.2262839728,84.7564567054,-38.5301727325,-108.442454472,-87.6934993133,-22.2370719386,-34.9090239118,0.421205682594,-5.78163870404e-09,1.47421988908e-08
5.02e-06,209.232433585,111.910449224,0,0,35,3.5e-08,2.6e-10,3.6e-10,54.5492032175,104.616216792,-50.067013575,-76.0474820633,-75.5643671691,-19.439897027,-32.8161279734,0.984574161824,-5.05437322701e-09,3.44600956639e-08
5.021e-06,219.565880254,117.37867783,0,0,35,3.5e-08,2.6e-10,3.6e-10,59.0993335794,109.782940127,-50.6836065477,-44.9101806494,-59.8529200727,-14.7723379568,-29.3786302477,1.38724908762,-3.84080786876e-09,4.85537180668e-08
5.022e-06,199.061951543,122.828370983,0,0,35,3.5e-08,2.6e-10,3.6e-10,59.2353456139,99.5309757713,-40.2956301574,-18.7588127263,-41.9862595919,-8.97377918544,-25.131450832,1.57270452928,-2.33318258821e-09,5.50446585247e-08
5.023e-06,150.600363304,128.258668111,0,0,35,3.5e-08,2.6e-10,3.6e-10,54.9355032308,75.3001816522,-20.3646784214,-0.622151933221,-23.6953838113,-2.94210827085,-20.7234659682,1.51493176794,-7.64948150421e-10,5.30226118779e-08
5.024e-06,80.9874015906,133.66871171,0,0,35,3.5e-08,2.6e-10,3.6e-10,46.8007161304,40.4937007953,6.30701533512,7.59583956816,-6.77219621543,2.39242495089,-16.8263480858,1.22209215704,6.2203048723e-10,4.27732254966e-08
5.025e-06,4.52220929745e-12,139.057647469,0,0,35,3.5e-08,2.6e-10,3.6e-10,35.9701435576,2.25952589972e-12,35.9701435576,5.38335730653,7.18203950388,6.19789432958,-14.0402041401,0.735370895436,1.61145252569e-09,2.57379813402e-08
5.026e-06,-80.9874015906,144.424624413,0,0,35,3.5e-08,2.6e-10,3.6e-10,23.9612025768,-40.4937007953,64.4549033722,-6.30742366274,16.9814699694,7.8575740436,-12.8092650657,0.123192697358,2.04296925134e-09,4.31174440753e-09
5.027e-06,-150.600363304,149.768795035,0,0,35,3.5e-08,2.6e-10,3.6e-10,12.4564512311,-75.3001816521,87.7566328832,-25.1941384494,22.0220796442,7.0565909354,-13.3594675184,-0.528388248768,1.8347136432e-09,-1.84935887069e-08
5.028e-06,-199.061951543,155.089315429,0,0,35,3.5e-08,2.6e-10,3.6e-10,3.06727821204,-99.5309757713,102.598253983,-47.9848431712,22.3664011373,3.82618246867,-15.6666943699,-1.12777433105,9.94807441853e-10,-3.94721015866e-08
5.029e-06,-219.565880254,160.385345421,0,0,35,3.5e-08,2.6e-10,3.6e-10,-2.89241187418,-109.782940127,106.890528253,-70.8404180962,18.7346110052,-1.4606555999,-19.46013449,-1.59068912439,-3.79770455973e-10,-5.56741193537e-08
5.03e-06,-209.232433585,165.656048708,0,0,35,3.5e-08,2.6e-10,3.6e-10,-4.59073241423,-104.616216792,100.025484378,-89.9138199242,12.403261645,-8.14152057102,-24.2602899514,-1.85201376413,-2.11679534847e-09,-6.48204817444e-08
5.031e-06,-169.512913411,170.900592985,0,0,35,3.5e-08,2.6e-10,3.6e-10,-1.79465062771,-84.7564567053,82.9618060776,-101.890446816,5.02587211,-15.3576005923,-29.4462926643,-1.87493269938,-3.992976154e-09,-6.56226444784e-08
5.032e-06,-105.985808302,176.118150077,0,0,35,3.5e-08,2.6e-10,3.6e-10,5.09728390565,-52.9929041512,58.0901880568,-104.453723494,-1.59942463849,-22.1742576317,-34.3430760262,-1.65610433244,-5.76530698425e-09,-5.79636516354e-08
5.033e-06,-27.5733113842,181.307896071,0,0,35,3.5e-08,2.6e-10,3.6e-10,15.1109146571,-13.7866556921,28.8975703492,-96.6105163644,-5.78254476365,-27.7122601236,-38.3161585937,-1.22613034305,-7.20518763214e-09,-4.29145620067e-08
5.034e-06,54.7117751763,186.469011447,0,0,35,3.5e-08,2.6e-10,3.6e-10,26.8332959172,27.3558875881,-0.522591670958,-78.8306750498,-6.17894107164,-31.2712340597,-40.860727698,-0.645257782536,-8.13052085553e-09,-2.25840223888e-08
5.035e-06,129.312755504,191.600681204,0,0,35,3.5e-08,2.6e-10,3.6e-10,38.6111372727,64.6563777522,-26.0452404794,-52.9811021422,-1.97856057377,-32.4279941955,-41.6725114812,0.00508243419938,-8.43127849083e-09,1.77885196978e-10
5.036e-06,185.75214361,196.702094993,0,0,35,3.5e-08,2.6e-10,3.6e-10,48.7830038558,92.8760718052,-44.0930679494,-22.0636108605,6.98026646149,-31.095945053,-40.6904855929,0.633712245162,-8.08494571379e-09,2.21799285807e-08
5.037e-06,216.10319516,201.772447241,0,0,35,3.5e-08,2.6e-10,3.6e-10,55.9126605281,108.05159758,-52.138937052,10.2066122813,20.1880013713,-27.5372090357,-38.1054165251,1.15251211338,-7.15967434929e-09,4.03379239684e-08
5.038e-06,216.10319516,206.81093728,0,0,35,3.5e-08,2.6e-10,3.6e-10,58.9907875049,108.05159758,-49.0608100752,39.9227361423,36.5353416239,-22.325778304,-34.3330417051,1.4887971361,-5.80470235904e-09,5.21078997635e-08
5.039e-06,185.75214361,211.816769474,0,0,35,3.5e-08,2.6e-10,3.6e-10,57.5767370571,92.8760718052,-35.2993347481,63.5349297295,54.4689008606,-16.2668656302,-29.9556531289,1.59552540326,-4.22938506384e-09,5.58433891142e-08
5.04e-06,129.312755504,216.789153346,0,0,35,3.5e-08,2.6e-10,3.6e-10,51.8604219838,64.6563777522,-12.7959557684,78.3488675623,72.2092596798,-10.283781173,-25.6402889475,1.45790487175,-2.67378310497e-09,5.10266705113e-08
5.041e-06,54.7117751763,221.727303697,0,0,35,3.5e-08,2.6e-10,3.6e-10,42.6356438034,27.3558875881,15.2797562152,82.9040820411,88.0007626023,-5.28822300044,-22.045022759,1.09547083951,-1.37493798011e-09,3.83414793829e-08
5.042e-06,-27.5733113841,226.630440736,0,0,35,3.5e-08,2.6e-10,3.6e-10,31.1886066377,-13.7866556921,44.9752623298,77.1790243657,100.357978002,-2.05219867936,-19.7265120048,0.559342244514,-5.33571656634e-10,1.9576978558e-08
5.043e-06,-105.985808302,231.497790202,0,0,35,3.5e-08,2.6e-10,3.6e-10,19.1172746839,-52.9929041512,72.1101788352,62.5940338164,108.274206458,-1.09956617117,-19.0617900275,-0.074957866754,-2.85887204504e-10,-2.62352533639e-09
5.044e-06,-169.512913411,236.328583483,0,0,35,3.5e-08,2.6e-10,3.6e-10,8.10694397857,-84.7564567053,92.8634006839,41.8117983835,111.362753178,-2.63242680056,-20.1952858709,-0.718109357375,-6.84430968146e-10,-2.51338275081e-08
5.045e-06,-209.232433585,241.122057741,0,0,35,3.5e-08,2.6e-10,3.6e-10,-0.306451267967,-104.616216792,104.309765524,18.3633314663,109.911123217,-6.50270819304,-23.0185127378,-1.27953978049,-1.69070413019e-09,-4.47838923172e-08
5.046e-06,-219.565880254,245.87745603,0,0,35,3.5e-08,2.6e-10,3.6e-10,-4.95205484442,-109.782940127,104.830885283,-3.84800488593,104.840527964,-12.2329282807,-27.1852778095,-1.68014504501,-3.18056135298e-09,-5.88050765754e-08
5.047e-06,-199.061951543,250.59402742,0,0,35,3.5e-08,2.6e-10,3.6e-10,-5.18853052544,-99.5309757713,94.3424452458,-21.0947717196,97.5763901076,-19.0832241404,-32.1602772566,-1.86339938683,-4.9616382765e-09,-6.52189785391e-08
5.048e-06,-150.600363304,255.271027107,0,0,35,3.5e-08,2.6e-10,3.6e-10,-0.994134484081,-75.3001816521,74.3060471681,-30.3490167613,89.8480342943,-26.1552316702,-37.2942514236,-1.80329428309,-6.80036023426e-09,-6.3115299908e-08
5.049e-06,-80.9874015906,259.90771654,0,0,35,3.5e-08,2.6e-10,3.6e-10,7.03023227154,-40.4937007953,47.5239330669,-29.707596881,83.4456963597,-32.5182265197,-41.9151448692,-1.50799131249,-8.45473889513e-09,-5.27796959371e-08
5.05e-06,-3.6648513369e-11,264.503363532,0,0,35,3.5e-08,2.6e-10,3.6e-10,17.7454201429,-1.83248971553e-11,17.745420143,-18.659524149,79.9689784765,-37.3398101607,-45.4224681125,-1.01867592836,-9.70835064179e-09,-3.56536574926e-08
5.051e-06,80.9874015907,269.057242376,0,0,35,3.5e-08,2.6e-10,3.6e-10,29.6340226639,40.4937007953,-10.8596781314,1.84221248234,80.6020789724,-40.0027866368,-47.3716082623,-0.403773128481,-1.04007245256e-08,-1.41320594968e-08
5.052e-06,150.600363304,273.568633963,0,0,35,3.5e-08,2.6e-10,3.6e-10,41.0134933379,75.3001816522,-34.2866883142,29.5144370247,85.94736514,-40.1918150044,-47.5362473586,0.250662586282,-1.04498719011e-08,8.77319051987e-09
5.053e-06,199.061951543,278.036825891,0,0,35,3.5e-08,2.6e-10,3.6e-10,50.2724559651,99.5309757713,-49.2585198061,61.0643974488,95.9406632645,-37.9376673942,-45.9401219603,0.853033262857,-9.86379352249e-09,2.98561642e-08
5.054e-06,219.565880254,282.461112581,0,0,35,3.5e-08,2.6e-10,3.6e-10,56.0970193714,109.782940127,-53.6859207557,92.6521689776,109.860163151,-33.6128767873,-42.8536634451,1.31906210645,-8.73934796469e-09,4.61671737258e-08
5.055e-06,209.232433585,286.840795387,0,0,35,3.5e-08,2.6e-10,3.6e-10,57.6553113103,104.616216792,-46.9609054822,120.429906517,126.427686556,-27.8793857668,-38.7559908865,1.58362985437,-7.24864029938e-09,5.54270449029e-08
5.056e-06,169.512913411,291.175182706,0,0,35,3.5e-08,2.6e-10,3.6e-10,54.7143142977,84.7564567053,-30.0421424077,141.082209836,143.988096695,-21.5955488304,-34.2675944995,1.60992052965,-5.61484269591e-09,5.63472185377e-08
5.057e-06,105.985808302,295.463590089,0,0,35,3.5e-08,2.6e-10,3.6e-10,47.6725941317,52.9929041512,-5.3203100195,152.291708808,160.741651307,-15.6955495166,-30.0631640717,1.39459208066,-4.08084287432e-09,4.88107228231e-08
5.058e-06,27.5733113841,299.705340345,0,0,35,3.5e-08,2.6e-10,3.6e-10,37.5043244752,13.7866556921,23.7176687831,153.064478683,174.996665999,-11.0581678582,-26.7768053706,0.968245705703,-2.87512364312e-09,3.38885996996e-08
5.059e-06,-54.7117751763,303.899763654,0,0,35,3.5e-08,2.6e-10,3.6e-10,25.6224690793,-27.3558875881,52.9783566674,143.869581761,185.407002075,-8.38332938835,-24.9129566071,0.391127947402,-2.17966564097e-09,1.36894781591e-08
5.06e-06,-129.312755504,308.046197668,0,0,35,3.5e-08,2.6e-10,3.6e-10,13.6803372981,-64.6563777522,78.3367150503,126.573137288,191.161024402,-8.09377403139,-24.7755164769,-0.255330814994,-2.10438124816e-09,-8.93657852478e-09
5.061e-06,-185.75214361,312.143987616,0,0,35,3.5e-08,2.6e-10,3.6e-10,3.3393838316,-92.8760718052,96.2154556368,104.17617925,192.095490763,-10.2756551939,-26.4251375411,-0.879953081771,-2.6716703504e-09,-3.0798357862e-08
5.062e-06,-216.10319516,316.192486409,0,0,35,3.5e-08,2.6e-10,3.6e-10,-3.96413546889,-108.05159758,104.087462111,80.393119179,188.718377285,-14.6664117437,-29.6706829679,-1.39461990455,-3.81326705335e-09,-4.88116966591e-08
5.063e-06,-216.10319516,320.191054744,0,0,35,3.5e-08,2.6e-10,3.6e-10,-7.22087923343,-108.05159758,100.830718347,59.130017625,182.137434211,-20.6916162261,-34.0960465145,-1.7266469951,-5.37982021879e-09,-6.04326448286e-08
5.064e-06,-185.75214361,324.1390612,0,0,35,3.5e-08,2.6e-10,3.6e-10,-5.99017728582,-92.8760718052,86.8858945194,43.9359395094,173.904506136,-27.5456240992,-39.1185689681,-1.82899308354,-7.16186226578e-09,-6.4014757924e-08
5.065e-06,-129.312755504,328.03588234,0,0,35,3.5e-08,2.6e-10,3.6e-10,-0.461919126554,-64.6563777522,64.1944586256,37.5044488947,165.797481511,-34.3046970478,-44.0708466334,-1.68686679217,-8.91922123242e-09,-5.90403377258e-08
5.066e-06,-54.7117751763,331.880902811,0,0,35,3.5e-08,2.6e-10,3.6e-10,8.57011786564,-27.3558875881,35.9260054538,41.295256745,159.570495948,-40.0567125479,-48.2944421124,-1.31980410921,-1.04147452624e-08,-4.61931438223e-08
5.067e-06,27.5733113841,335.673515441,0,0,35,3.5e-08,2.6e-10,3.6e-10,19.8197545385,13.786655692,6.03309884642,55.3291601359,156.707472565,-44.0292423625,-51.2323359801,-0.778924687457,-1.14476030142e-08,-2.7262364061e-08
5.068e-06,105.985808302,339.413121331,0,0,35,3.5e-08,2.6e-10,3.6e-10,31.6890524833,52.9929041512,-21.3038516679,78.1850730981,158.213613897,-45.6980117295,-52.5071347965,-0.139752312343,-1.18814830497e-08,-4.89133093201e-09
5.069e-06,169.512913411,343.099129955,0,0,35,3.5e-08,2.6e-10,3.6e-10,42.4927422594,84.7564567053,-42.2637144459,107.199566112,164.474129735,-44.8605064749,-51.9740513762,0.508392116512,-1.16637316835e-08,1.77937240779e-08
5.07e-06,209.232433585,346.730959249,0,0,35,3.5e-08,2.6e-10,3.6e-10,50.6949170481,104.616216792,-53.9212997444,138.840889531,175.200042166,-41.6643901563,-49.7412163987,1.07493536618,-1.08327414406e-08,3.76227378163e-08
5.071e-06,219.565880254,350.308035705,0,0,35,3.5e-08,2.6e-10,3.6e-10,55.1247488137,109.782940127,-54.6581913134,169.204950457,189.468679333,-36.5867401348,-46.1544686561,1.48077253652,-9.51255243506e-09,5.18270387784e-08
5.072e-06,199.061951543,353.829794461,0,0,35,3.5e-08,2.6e-10,3.6e-10,55.1409302789,99.5309757713,-44.3900454923,194.563584608,205.853170721,-30.3670188149,-41.7487601085,1.66937703181,-7.89542489188e-09,5.84281961132e-08
5.073e-06,150.600363304,357.295679392,0,0,35,3.5e-08,2.6e-10,3.6e-10,50.7217473249,75.3001816522,-24.5784343272,211.888120015,222.62275674,-23.9031940424,-37.1730007645,1.61473947532,-6.21483045103e-09,5.65158816363e-08
5.074e-06,80.9874015907,360.705143192,0,0,35,3.5e-08,2.6e-10,3.6e-10,42.4681314159,40.4937007953,1.97443062061,219.274699597,237.985779727,-18.1255982485,-33.0988987043,1.32502057016,-4.71265554461e-09,4.63757199555e-08
5.075e-06,-3.12695997545e-11,364.057647469,0,0,35,3.5e-08,2.6e-10,3.6e-10,31.5192633425,-1.56354929004e-11,31.5192633425,216.211627334,250.341229035,-13.8662424503,-30.1265983974,0.841404872573,-3.60522303707e-09,2.944917054e-08
5.076e-06,-80.9874015906,367.352662823,0,0,35,3.5e-08,2.6e-10,3.6e-10,19.3925814873,-40.4937007953,59.8862822826,203.651190054,258.503511441,-11.7419395718,-28.7003701341,0.232316462278,-3.05290428866e-09,8.13107617974e-09
5.077e-06,-150.600363304,370.589668933,0,0,35,3.5e-08,2.6e-10,3.6e-10,7.77066497389,-75.3001816522,83.0708466261,183.875867697,261.86887856,-12.0676520716,-29.0461917452,-0.416191098573,-3.13758953861e-09,-1.45666884501e-08
5.078e-06,-199.061951543,373.768154638,0,0,35,3.5e-08,2.6e-10,3.6e-10,-1.73507667028,-99.5309757713,97.795899101,160.177722422,260.500137033,-14.8122339477,-31.1399890739,-1.01252081587,-3.8511808264e-09,-3.54382285556e-08
5.079e-06,-219.565880254,376.887618019,0,0,35,3.5e-08,2.6e-10,3.6e-10,-7.81071825668,-109.782940127,101.97222187,136.395995421,255.117744219,-19.6027830274,-34.7109957343,-1.47239687366,-5.09672358712e-09,-5.15338905782e-08
5.08e-06,-209.232433585,379.947566476,0,0,35,3.5e-08,2.6e-10,3.6e-10,-9.62435284905,-104.616216792,94.9918639434,116.377854586,246.998539967,-25.7769922786,-39.2797602924,-1.73070100757,-6.70201799244e-09,-6.0574535265e-08
5.081e-06,-169.512913411,382.947516808,0,0,35,3.5e-08,2.6e-10,3.6e-10,-6.94292760999,-84.7564567053,77.8135290953,103.438029434,237.796337317,-32.4761475599,-44.2254628765,-1.75061825808,-8.44379836557e-09,-6.1271639033e-08
5.082e-06,-105.985808302,385.886995287,0,0,35,3.5e-08,2.6e-10,3.6e-10,-0.164972333084,-52.9929041512,52.8279318181,99.8932259544,229.309569639,-38.7657105542,-48.8730868017,-1.52880760976,-1.00790847441e-08,-5.35082663417e-08
5.083e-06,-27.5733113841,388.765537737,0,0,35,3.5e-08,2.6e-10,3.6e-10,9.7353759629,-13.7866556921,23.522031655,106.736711442,223.228627476,-43.7665513743,-52.5882022169,-1.09587131549,-1.13793033573e-08,-3.8355496042e-08
5.084e-06,54.7117751763,391.582689601,0,0,35,3.5e-08,2.6e-10,3.6e-10,21.345190799,27.3558875881,-6.01069678915,123.498772913,220.898370919,-46.7783996143,-54.866049695,-0.512056990483,-1.21623838997e-08,-1.79219946669e-08
5.085e-06,129.312755504,394.33800602,0,0,35,3.5e-08,2.6e-10,3.6e-10,33.0112007095,64.6563777522,-31.6451770427,148.312647301,223.12917192,-47.3781755145,-55.402412244,0.141203895717,-1.23183256338e-08,4.94213635011e-09
5.086e-06,185.75214361,397.031051896,0,0,35,3.5e-08,2.6e-10,3.6e-10,43.071989488,92.8760718052,-49.8040823172,178.176663756,230.08302513,-45.4793909244,-54.1363219776,0.772732735795,-1.18246416404e-08,2.70456457528e-08
5.087e-06,216.10319516,399.661401966,0,0,35,3.5e-08,2.6e-10,3.6e-10,50.09134037,108.05159758,-57.9602572102,209.375780922,241.250722646,-41.3442773771,-51.2586034244,1.29440945677,-1.0749512118e-08,4.53043309869e-08
5.088e-06,216.10319516,402.228640868,0,0,35,3.5e-08,2.6e-10,3.6e-10,53.0599516551,108.05159758,-54.9916459251,238.003315559,255.523298422,-35.5469379239,-47.1850535954,1.63354862918,-9.24220386022e-09,5.71742020212e-08
5.089e-06,185.75214361,404.732363205,0,0,35,3.5e-08,2.6e-10,3.6e-10,51.5371934084,92.8760718052,-41.3388783969,260.509587272,271.347708197,-28.8926979497,-42.4980255918,1.74310782554,-7.51210146692e-09,6.10087738941e-08
5.09e-06,129.312755504,407.17217361,0,0,35,3.5e-08,2.6e-10,3.6e-10,45.7129959322,64.6563777522,-18.9433818199,274.200423822,286.944880172,-22.3049819069,-37.8646201651,1.60829449459,-5.79929529578e-09,5.62903073105e-08
5.091e-06,54.7117751763,409.547686808,0,0,35,3.5e-08,2.6e-10,3.6e-10,36.3811779577,27.3558875881,9.02529036953,277.615513453,300.55951186,-16.6956037989,-33.9429749848,1.24864343527,-4.34085698772e-09,4.37025202343e-08
5.092e-06,-27.5733113842,411.858527679,0,0,35,3.5e-08,2.6e-10,3.6e-10,24.827960529,-13.7866556921,38.6146162211,270.73346576,310.70652991,-12.8366887303,-31.2898130079,0.715273095699,-3.33753906988e-09,2.50345583495e-08
5.093e-06,-105.985808302,414.104331315,0,0,35,3.5e-08,2.6e-10,3.6e-10,12.6513244768,-52.9929041512,65.644228628,254.974780923,316.379598353,-11.2522137634,-30.2822345132,0.0837060415695,-2.92557557848e-09,2.92971145493e-09
5.094e-06,-169.512913411,416.284743076,0,0,35,3.5e-08,2.6e-10,3.6e-10,1.53658218274,-84.7564567054,86.2930388881,233.002310295,317.192390915,-12.1444008484,-31.064736875,-0.556738062055,-3.15754422058e-09,-1.94858321719e-08
5.095e-06,-209.232433585,418.39941865,0,0,35,3.5e-08,2.6e-10,3.6e-10,-6.9803160831,-104.616216792,97.6359007094,208.34723305,313.432786139,-15.3652997229,-33.5289029972,-1.11548723131,-3.99497792795e-09,-3.90420530958e-08
5.096e-06,-219.565880254,420.448024105,0,0,35,3.5e-08,2.6e-10,3.6e-10,-11.7284983341,-109.782940127,98.054441793,184.913079385,306.022373761,-20.4375518799,-37.3286111079,-1.51343782935,-5.31376348878e-09,-5.29703240273e-08
5.097e-06,-199.061951543,422.430235944,0,0,35,3.5e-08,2.6e-10,3.6e-10,-12.0666128509,-99.5309757713,87.4643629204,166.427458723,296.386959581,-26.6214193693,-41.9286297468,-1.6940645377,-6.92156903601e-09,-5.92922588196e-08
5.098e-06,-150.600363304,424.345741152,0,0,35,3.5e-08,2.6e-10,3.6e-10,-7.97290059137,-75.3001816522,67.3272810608,155.918496095,286.25625602,-33.0186644372,-46.6797729252,-1.63135927063,-8.58485275368e-09,-5.70975744719e-08
5.099e-06,-80.9874015906,426.194237248,0,0,35,3.5e-08,2.6e-10,3.6e-10,-0.0482476239392,-40.4937007953,40.4454531714,155.289509624,277.420891255,-38.6986904208,-50.9100601437,-1.33348403559,-1.00616595094e-08,-4.66719412458e-08
5.1e-06,-8.56704316998e-13,427.975432333,0,0,35,3.5e-08,2.6e-10,3.6e-10,10.5682111198,-4.28101998295e-13,10.5682111198,165.051664434,271.48086427,-42.8292277837,-54.019078115,-0.841624706469,-1.11355992238e-08,-2.94568647264e-08
5.101e-06,80.9874015906,429.689045136,0,0,35,3.5e-08,2.6e-10,3.6e-10,22.3590835715,40.4937007953,-18.1346172238,184.252150922,269.620774583,-44.7932108308,-55.5622913708,-0.224206693491,-1.1646234816e-08,-7.84723427218e-09
5.102e-06,150.600363304,431.334805058,0,0,35,3.5e-08,2.6e-10,3.6e-10,33.6418373679,75.3001816522,-41.6583442843,210.607974567,272.443394963,-44.2754301151,-55.3134605809,0.432715097946,-1.15116118299e-08,1.51450284281e-08
5.103e-06,199.061951543,432.912452214,0,0,35,3.5e-08,2.6e-10,3.6e-10,42.8051101798,99.5309757713,-56.7258655915,240.826566882,279.884961369,-41.3067904664,-53.2964021194,1.03754231802,-1.07397655213e-08,3.63139811306e-08
5.104e-06,219.565880254,434.421737475,0,0,35,3.5e-08,2.6e-10,3.6e-10,48.5350244468,109.782940127,-61.2479156803,271.068188672,291.224077391,-36.259958734,-49.7816283431,1.5059977828,-9.42758927084e-09,5.27099223981e-08
5.105e-06,209.232433585,435.862422508,0,0,35,3.5e-08,2.6e-10,3.6e-10,49.9997212828,104.616216792,-54.6164955096,297.485182423,305.182982592,-29.7970125071,-45.2483404473,1.77296184795,-7.74722325183e-09,6.20536646782e-08
5.106e-06,169.512913411,437.234279812,0,0,35,3.5e-08,2.6e-10,3.6e-10,46.9661963143,84.7564567054,-37.790260391,316.762337445,320.106961937,-22.7764423953,-40.3171118914,1.80161816214,-5.92187502277e-09,6.3056635675e-08
5.107e-06,105.985808302,438.537092754,0,0,35,3.5e-08,2.6e-10,3.6e-10,39.8330282052,52.9929041512,-13.159875946,326.582475081,334.196698769,-16.1325691249,-35.6627168097,1.58862430656,-4.19446797247e-09,5.56018507297e-08
5.108e-06,27.5733113842,439.770655606,0,0,35,3.5e-08,2.6e-10,3.6e-10,29.5744032432,13.7866556921,15.7877475511,325.951863937,345.760938081,-10.744310962,-31.919346399,1.16458111931,-2.79352085013e-09,4.07603391758e-08
5.109e-06,-54.7117751763,440.934773573,0,0,35,3.5e-08,2.6e-10,3.6e-10,17.6032975677,-27.3558875881,44.9591851558,315.339761522,353.45397426,-7.31173268991,-29.591525363,0.589734789649,-1.90105049938e-09,2.06407176377e-08
5.11e-06,-129.312755504,442.029262828,0,0,35,3.5e-08,2.6e-10,3.6e-10,5.57303268901,-64.6563777522,70.2294104412,296.612484112,356.464608878,-6.25771447031,-28.9832399348,-0.0544846498368,-1.62700576228e-09,-1.90696274429e-09
5.111e-06,-185.75214361,443.053950538,0,0,35,3.5e-08,2.6e-10,3.6e-10,-4.85492476511,-92.8760718052,88.0211470401,272.771264505,354.630039971,-7.66855090736,-30.1552312392,-0.676900039569,-1.99382323591e-09,-2.36915013849e-08
5.112e-06,-216.10319516,444.008674894,0,0,35,3.5e-08,2.6e-10,3.6e-10,-12.2443072387,-108.05159758,95.8072903414,247.5307148,348.458687395,-11.2818229992,-32.9164520163,-1.18939276491,-2.93327397978e-09,-4.16287467717e-08
5.113e-06,-216.10319516,444.893285132,0,0,35,3.5e-08,2.6e-10,3.6e-10,-15.5857618773,-108.05159758,92.4658357029,224.79709783,339.058748519,-16.5232463271,-36.850886586,-1.51927886513,-4.29604404505e-09,-5.31747602796e-08
5.114e-06,-185.75214361,445.707641563,0,0,35,3.5e-08,2.6e-10,3.6e-10,-14.4386072353,-92.8760718052,78.4374645699,208.119682484,327.9825184,-22.5873202654,-41.3759672715,-1.61951739175,-5.87270326899e-09,-5.66831087112e-08
5.115e-06,-129.312755504,446.451615592,0,0,35,3.5e-08,2.6e-10,3.6e-10,-8.99272175551,-64.6563777522,55.6636559967,200.192238451,317.008339209,-28.5504512694,-45.8243828705,-1.47531728248,-7.42311733003e-09,-5.16361048869e-08
5.116e-06,-54.7117751763,447.125089734,0,0,35,3.5e-08,2.6e-10,3.6e-10,-0.0418719662283,-27.3558875881,27.3140156219,202.474683941,307.890803472,-33.5006624154,-49.537789418,-1.10621483517,-8.710172228e-09,-3.87175192311e-08
5.117e-06,27.5733113841,447.727957642,0,0,35,3.5e-08,2.6e-10,3.6e-10,11.1277736267,13.7866556921,-2.65888206539,214.98802487,302.114294349,-36.665671872,-51.9592618463,-0.563330006487,-9.53307468673e-09,-1.97165502271e-08
5.118e-06,105.985808302,448.260124114,0,0,35,3.5e-08,2.6e-10,3.6e-10,22.918287061,52.9929041512,-30.0746170901,236.311385671,300.684477478,-37.5213520644,-52.711501981,0.077813119836,-9.75555153675e-09,2.72345919426e-09
5.119e-06,169.512913411,448.721505117,0,0,35,3.5e-08,2.6e-10,3.6e-10,33.6444091463,84.7564567053,-51.112047559,263.781548759,303.987028748,-35.8653367643,-51.6498187954,0.727893351351,-9.32498755872e-09,2.54762672973e-08
5.12e-06,209.232433585,449.112027793,0,0,35,3.5e-08,2.6e-10,3.6e-10,41.7702431203,104.616216792,-62.8459736721,293.866977927,311.733439276,-31.8454382102,-48.8824400056,1.29633716767,-8.27981393465e-09,4.53718008683e-08
5.121e-06,219.565880254,449.431630473,0,0,35,3.5e-08,2.6e-10,3.6e-10,46.1249708146,109.782940127,-63.6579693125,322.663795189,323.001509109,-25.9388831581,-44.7553023032,1.70403938644,-6.74410962111e-09,5.96413785254e-08
5.122e-06,199.061951543,449.680262688,0,0,35,3.5e-08,2.6e-10,3.6e-10,46.0672946316,99.5309757713,-53.4636811396,346.444052622,336.364842442,-18.8852840984,-39.8034563963,1.8944731349,-4.91017386557e-09,6.63065597214e-08
5.123e-06,150.600363304,449.857885177,0,0,35,3.5e-08,2.6e-10,3.6e-10,41.5755099488,75.3001816522,-33.7246717034,362.179296032,350.093157139,-11.5827596328,-34.6759118757,1.84162876437,-3.01151750454e-09,6.44570067531e-08
5.124e-06,80.9874015906,449.964469892,0,0,35,3.5e-08,2.6e-10,3.6e-10,33.250557545,40.4937007953,-7.24314325029,367.965887504,362.395275682,-4.96179359784,-30.044477224,1.55366671098,-1.29006633544e-09,5.43783348844e-08
5.125e-06,3.29830083885e-11,450,0,0,35,3.5e-08,2.6e-10,3.6e-10,22.2316273471,1.6491696897e-11,22.2316273471,363.292351545,371.670670193,0.145450956247,-26.5093981189,1.07177126894,3.78172486242e-11,3.7511994413e-08
5.126e-06,-80.9874015907,449.964469892,0,0,35,3.5e-08,2.6e-10,3.6e-10,10.0361666969,-40.4937007953,50.5298674923,349.111196843,376.734232785,3.12200846405,-24.5150468518,0.464366260762,8.11722200652e-10,1.62528191267e-08
5.127e-06,-150.600363304,449.857885177,0,0,35,3.5e-08,2.6e-10,3.6e-10,-1.65323649623,-75.3001816522,73.6469451559,327.705126505,376.982702916,3.6527632379,-24.2875040334,-0.182495003819,9.49718441855e-10,-6.38732513367e-09
5.128e-06,-199.061951543,449.680262688,0,0,35,3.5e-08,2.6e-10,3.6e-10,-11.2251640923,-99.5309757713,88.305811679,302.366427136,372.479377521,1.76870748262,-25.8027990526,-0.777215778368,4.59863945481e-10,-2.72025522429e-08
5.129e-06,-219.565880254,449.431630473,0,0,35,3.5e-08,2.6e-10,3.6e-10,-17.3656824604,-109.782940127,92.4172576667,276.934565625,363.945206641,-2.15741097478,-28.7902698215,-1.23552048991,-5.60926853444e-10,-4.3243217147e-08
5.13e-06,-209.232433585,449.112027793,0,0,35,3.5e-08,2.6e-10,3.6e-10,-19.2428763912,-104.616216792,85.3733404013,255.256936787,352.657525139,-7.46343997712,-32.7705699438,-1.49229111243,-1.94049439405e-09,-5.2230188935e-08
5.131e-06,-169.512913411,448.721505117,0,0,35,3.5e-08,2.6e-10,3.6e-10,-16.6236849418,-84.7564567053,68.1327717635,240.648498259,340.270643345,-13.2908207679,-37.1229853111,-1.51071292012,-3.45561339965e-09,-5.28749522043e-08
5.132e-06,-105.985808302,448.260124114,0,0,35,3.5e-08,2.6e-10,3.6e-10,-9.9066299673,-52.9929041512,43.0862741839,235.426185321,328.583494129,-18.7051709059,-41.172605716,-1.2874451267,-4.86334443554e-09,-4.50605794344e-08
5.133e-06,-27.5733113841,447.727957642,0,0,35,3.5e-08,2.6e-10,3.6e-10,-0.0658407131941,-13.786655692,13.7208149789,240.583495701,319.286969697,-22.8275168524,-44.285108485,-0.853090209603,-5.93515438162e-09,-2.98581573361e-08
5.134e-06,54.7117751763,447.125089734,0,0,35,3.5e-08,2.6e-10,3.6e-10,11.4857639493,27.3558875881,-15.8701236389,255.650947964,313.726433895,-24.9577450029,-45.9558420566,-0.267896004082,-6.48901370075e-09,-9.37636014286e-09
5.135e-06,129.312755504,446.451615592,0,0,35,3.5e-08,2.6e-10,3.6e-10,23.0949199981,64.6563777522,-41.5614577541,278.762011684,312.712764475,-24.6729328343,-45.8806979787,0.386705804873,-6.41496253692e-09,1.35347031706e-08
5.136e-06,185.75214361,445.707641563,0,0,35,3.5e-08,2.6e-10,3.6e-10,33.1002185063,92.8760718052,-59.775853299,306.915249708,316.408463864,-21.8867498491,-43.9988175675,1.01953639903,-5.69055496078e-09,3.5683773966e-08
5.137e-06,216.10319516,444.893285132,0,0,35,3.5e-08,2.6e-10,3.6e-10,40.0654498248,108.05159758,-67.9861477553,336.395855415,324.304833857,-16.8615856307,-40.5011352032,1.54247549905,-4.38401226397e-09,5.39866424667e-08
5.138e-06,216.10319516,444.008674894,0,0,35,3.5e-08,2.6e-10,3.6e-10,42.9813192051,108.05159758,-65.0702783751,363.297381307,335.293419967,-10.17170166,-35.8035583845,1.88283747368,-2.6446424316e-09,6.58993115787e-08
5.139e-06,185.75214361,443.053950538,0,0,35,3.5e-08,2.6e-10,3.6e-10,41.4072034995,92.8760718052,-51.4688683058,384.070383702,347.821691297,-2.62258211213,-30.4885513239,1.99357969825,-6.81871349155e-10,6.97752894387e-08
5.14e-06,129.312755504,442.029262828,0,0,35,3.5e-08,2.6e-10,3.6e-10,35.5330396335,64.6563777522,-29.1233381187,396.020928034,360.111091145,4.86218942821,-25.2233264947,1.85990942888,1.26416925133e-09,6.50968300109e-08
5.141e-06,54.7117751763,440.934773573,0,0,35,3.5e-08,2.6e-10,3.6e-10,26.1526527959,27.3558875881,-1.20323479228,397.688941135,370.406833805,11.370639502,-20.6661338851,1.5013612766,2.95636627051e-09,5.25476446809e-08
5.142e-06,-27.5733113841,439.770655606,0,0,35,3.5e-08,2.6e-10,3.6e-10,14.5522703234,-13.7866556921,28.3389260154,389.053272082,377.224364324,16.1304832445,-17.3738093558,0.96905350623,4.19392564356e-09,3.39168727181e-08
5.143e-06,-105.985808302,438.537092754,0,0,35,3.5e-08,2.6e-10,3.6e-10,2.32987917201,-52.9929041512,55.3227833232,371.534661405,379.557866684,18.6175835473,-15.7235666594,0.338508504906,4.84057172229e-09,1.18477976717e-08
5.144e-06,-169.512913411,437.234279812,0,0,35,3.5e-08,2.6e-10,3.6e-10,-8.82920231813,-84.7564567053,75.9272543872,347.796201639,377.021536056,18.6295581471,-15.8600172018,-0.300954236114,4.84368511826e-09,-1.0533398264e-08
5.145e-06,-209.232433585,435.862422508,0,0,35,3.5e-08,2.6e-10,3.6e-10,-17.3890180878,-104.616216792,87.2271987047,321.369313948,369.903773853,16.3141967456,-17.6748584626,-0.858762901965,4.24169115386e-09,-3.00567015688e-08
5.146e-06,-219.565880254,434.421737475,0,0,35,3.5e-08,2.6e-10,3.6e-10,-22.1786905305,-109.782940127,87.6042495966,296.157771292,359.126694047,12.14869706,-20.8220837758,-1.25581401995,3.15866123561e-09,-4.39534906984e-08
5.147e-06,-199.061951543,432.912452214,0,0,35,3.5e-08,2.6e-10,3.6e-10,-22.556862479,-99.5309757713,76.9741132923,275.889426609,346.116627969,6.8726360418,-24.7665773032,-1.43558243083,1.78688537087e-09,-5.02453850791e-08
5.148e-06,-150.600363304,431.334805058,0,0,35,3.5e-08,2.6e-10,3.6e-10,-18.5017696154,-75.3001816522,56.7984120368,263.592649153,332.603814807,1.38409025578,-28.8592691809,-1.37206020313,3.59863466503e-10,-4.80221071095e-08
5.149e-06,-80.9874015907,429.689045136,0,0,35,3.5e-08,2.6e-10,3.6e-10,-10.6142929073,-40.4937007953,29.879407888,261.171001961,320.379410666,-3.38650499394,-32.4282955226,-1.07340949355,-8.80491298424e-10,-3.75693322743e-08
5.15e-06,3.4935104735e-11,427.975432333,0,0,35,3.5e-08,2.6e-10,3.6e-10,-0.033562361114,1.74675517106e-11,-0.0335623611314,269.135895723,311.043943559,-6.60704168024,-34.8733601276,-0.5808163201,-1.71783083686e-09,-2.03285712035e-08
5.151e-06,80.9874015906,426.194237248,0,0,35,3.5e-08,2.6e-10,3.6e-10,11.7230347018,40.4937007953,-28.7706660935,286.534767024,305.782543058,-7.66061574725,-35.7500450739,0.0372937680113,-1.99176009429e-09,1.3052818804e-09
5.152e-06,150.600363304,424.345741152,0,0,35,3.5e-08,2.6e-10,3.6e-10,22.9729704855,75.3001816521,-52.3272111666,311.08486812,305.198512948,-6.23217949725,-34.8322290219,0.694865731645,-1.62036666928e-09,2.43203006076e-08
5.153e-06,199.061951543,422.430235944,0,0,35,3.5e-08,2.6e-10,3.6e-10,32.1048870467,99.5309757713,-67.4260887245,339.493877864,309.228621093,-2.35279959859,-32.1438467659,1.30030109254,-6.11727895633e-10,4.55105382388e-08
5.154e-06,219.565880254,420.448024105,0,0,35,3.5e-08,2.6e-10,3.6e-10,37.804911027,109.782940127,-71.9780291001,367.922304921,317.152003804,3.60469519219,-27.9555294975,1.76932254371,9.3722074997e-10,6.19262890298e-08
5.155e-06,209.232433585,418.39941865,0,0,35,3.5e-08,2.6e-10,3.6e-10,39.2411875565,104.616216792,-65.375029236,392.522740135,327.691434114,10.9780653311,-22.7465976454,2.03681032319,2.8542969861e-09,7.12883613115e-08
5.156e-06,169.512913411,416.284743076,0,0,35,3.5e-08,2.6e-10,3.6e-10,36.1807160901,84.7564567053,-48.5757406153,409.98022163,339.192731128,18.9086582273,-17.1377442862,2.06594796758,4.9162511391e-09,7.23081788653e-08
5.157e-06,105.985808302,414.104331315,0,0,35,3.5e-08,2.6e-10,3.6e-10,29.0220789303,52.9929041512,-23.9708252209,417.977819989,349.857112931,26.4619911681,-11.8038635386,1.85339295158,6.8801177037e-09,6.48687533052e-08
5.158e-06,27.5733113841,411.858527679,0,0,35,3.5e-08,2.6e-10,3.6e-10,18.739465811,13.7866556921,4.95281011895,415.52205345,357.993859781,32.7589839178,-7.37926693555,1.42974601247,8.51733581863e-09,5.00411104366e-08
5.159e-06,-54.7117751763,409.547686808,0,0,35,3.5e-08,2.6e-10,3.6e-10,6.74585612385,-27.3558875881,34.101743712,403.082429513,362.257801781,37.0994097622,-4.36859985203,0.85525324449,9.64584653818e-09,2.99338635571e-08
5.16e-06,-129.312755504,407.17217361,0,0,35,3.5e-08,2.6e-10,3.6e-10,-5.30542556578,-64.6563777522,59.3509521864,382.525514764,361.838276593,39.0602266693,-3.07596951122,0.211344590987,1.0155658934e-08,7.39706068453e-09
5.161e-06,-185.75214361,404.732363205,0,0,35,3.5e-08,2.6e-10,3.6e-10,-15.7529097733,-92.8760718052,77.1231620319,356.852792602,356.573018638,38.5549782477,-3.56223832991,-0.410802871765,1.00242943444e-08,-1.43781005118e-08
5.162e-06,-216.10319516,402.228640868,0,0,35,3.5e-08,2.6e-10,3.6e-10,-23.1603262873,-108.05159758,84.8912712928,329.779125974,346.970984376,35.8459218181,-5.63648062516,-0.923070606448,9.3199396727e-09,-3.23074712257e-08
5.163e-06,-216.10319516,399.661401966,0,0,35,3.5e-08,2.6e-10,3.6e-10,-26.5183198008,-108.05159758,81.5332777794,305.211028778,334.14090792,31.5071802463,-8.88280256184,-1.25277472361,8.19186686403e-09,-4.38471153263e-08
5.164e-06,-185.75214361,397.031051896,0,0,35,3.5e-08,2.6e-10,3.6e-10,-25.3862066213,-92.8760718052,67.4898651839,286.698021152,319.635621133,26.3440927572,-12.7187585587,-1.35287433988,6.84946411687e-09,-4.73506018958e-08
5.165e-06,-129.312755504,394.33800602,0,0,35,3.5e-08,2.6e-10,3.6e-10,-19.9538631521,-64.6563777522,44.7025146001,276.93412417,305.234002972,21.2800916694,-16.4771597416,-1.20857845191,5.53282383403e-09,-4.23002458168e-08
5.166e-06,-54.7117751763,391.582689601,0,0,35,3.5e-08,2.6e-10,3.6e-10,-11.015054092,-27.3558875881,16.3408334961,277.379507538,292.691182649,17.2269928792,-19.4997846891,-0.839423410172,4.4790181486e-09,-2.9379819356e-08
5.167e-06,27.5733113842,388.765537737,0,0,35,3.5e-08,2.6e-10,3.6e-10,0.144053671158,13.7866556921,-13.6426020209,288.055428733,283.492079829,14.9569174132,-21.2298310739,-0.296529217629,3.88879852743e-09,-1.0378522617e-08
5.168e-06,105.985808302,385.886995287,0,0,35,3.5e-08,2.6e-10,3.6e-10,11.925533579,52.9929041512,-41.0673705722,307.541263784,278.642896391,14.9938322874,-21.2901236408,0.34458000211,3.89839639474e-09,1.20603000738e-08
5.169e-06,169.512913411,382.947516808,0,0,35,3.5e-08,2.6e-10,3.6e-10,22.644127629,84.7564567053,-62.1123290763,333.174046693,278.529844121,17.5399434419,-19.5360944431,0.994583023211,4.5603852949e-09,3.48104058124e-08
5.17e-06,209.232433585,379.947566476,0,0,35,3.5e-08,2.6e-10,3.6e-10,30.7639400293,104.616216792,-73.8522767631,361.422492795,282.864949604,22.4472786446,-16.076094418,1.56290629845,5.83629244758e-09,5.47017204456e-08
5.171e-06,219.565880254,376.887618019,0,0,35,3.5e-08,2.6e-10,3.6e-10,35.1141533616,109.782940127,-74.6687867655,388.382975567,290.726547841,29.2384514653,-11.256183602,1.97044462525,7.60199738097e-09,6.89655618837e-08
5.172e-06,199.061951543,373.768154638,0,0,35,3.5e-08,2.6e-10,3.6e-10,35.0534705573,99.5309757713,-64.477505214,410.327798422,300.688777383,37.1736900836,-5.61153615163,2.16067111729,9.66515942172e-09,7.5623489105e-08
5.173e-06,150.600363304,370.589668933,0,0,35,3.5e-08,2.6e-10,3.6e-10,30.5601872988,75.3001816521,-44.7399943533,424.228758347,311.021889773,45.3547169362,0.208714808943,2.10757611908,1.17922264034e-08,7.37651641676e-08
5.174e-06,80.9874015906,367.352662823,0,0,35,3.5e-08,2.6e-10,3.6e-10,22.2352444456,40.4937007953,-18.2584563497,428.182468408,319.935240401,52.8508896194,5.53263719811,1.81932006668,1.3741231301e-08,6.36762023338e-08
5.175e-06,-2.80880066345e-12,364.057647469,0,0,35,3.5e-08,2.6e-10,3.6e-10,11.2178317777,-1.40421008155e-12,11.2178317777,421.677703852,325.828833447,58.8298869344,9.75986169308,1.33708726112,1.5295770603e-08,4.6798054139e-08
5.176e-06,-80.9874015906,360.705143192,0,0,35,3.5e-08,2.6e-10,3.6e-10,-0.974603737655,-40.4937007953,39.5190970576,405.667223833,327.518092144,62.6745856118,12.445892331,0.72930153856,1.62953922591e-08,2.55255538496e-08
5.177e-06,-150.600363304,357.295679392,0,0,35,3.5e-08,2.6e-10,3.6e-10,-12.659474796,-75.3001816522,62.6407068562,382.433981603,324.400286045,64.0697127293,13.3645248228,0.0820162293629,1.66581253096e-08,2.8705680277e-09
5.178e-06,-199.061951543,353.829794461,0,0,35,3.5e-08,2.6e-10,3.6e-10,-22.2253640926,-99.5309757713,77.3056116787,355.270513562,316.539241072,63.0461037525,12.5396061147,-0.513171892468,1.63919869756e-08,-1.79610162364e-08
5.179e-06,-219.565880254,350.308035705,0,0,35,3.5e-08,2.6e-10,3.6e-10,-28.3583390647,-109.782940127,81.4246010624,328.016535991,304.656435053,59.9763502899,10.2416746626,-0.971987219376,1.55938510754e-08,-3.40195526781e-08
5.18e-06,-209.232433585,346.730959249,0,0,35,3.5e-08,2.6e-10,3.6e-10,-30.2264858047,-104.616216792,74.3897309878,304.519692665,290.029729357,55.5224488267,6.94995328449,-1.22931168369,1.44358366949e-08,-4.30259089293e-08
5.181e-06,-169.512913411,343.099129955,0,0,35,3.5e-08,2.6e-10,3.6e-10,-27.596744906,-84.7564567054,57.1597117994,288.095189702,274.313959447,50.5428030194,3.28503258359,-1.24833051092,1.3141128785e-08,-4.36915678822e-08
5.182e-06,-105.985808302,339.413121331,0,0,35,3.5e-08,2.6e-10,3.6e-10,-20.8676399955,-52.9929041512,32.1252641557,281.06021035,259.30858187,45.9716408073,-0.0783006434368,-1.02570285893,1.19526266099e-08,-3.58996000626e-08
5.183e-06,-27.5733113842,335.673515441,0,0,35,3.5e-08,2.6e-10,3.6e-10,-11.0133023276,-13.7866556921,2.77335336448,284.408499747,246.705010963,42.687781851,-2.50584701994,-0.592031142212,1.10988232813e-08,-2.07210899774e-08
5.184e-06,54.7117751763,331.880902811,0,0,35,3.5e-08,2.6e-10,3.6e-10,0.553346980905,27.3558875882,-26.8025406073,297.670823271,237.849131071,41.3911865264,-3.49307814612,-0.00756312588323,1.07617084969e-08,-2.64709405913e-10
5.185e-06,129.312755504,328.03588234,0,0,35,3.5e-08,2.6e-10,3.6e-10,12.1790414237,64.6563777522,-52.4773363285,318.980896675,233.552338725,42.5046248038,-2.73600857654,0.646269582362,1.1051202449e-08,2.26194353827e-08
5.186e-06,185.75214361,324.1390612,0,0,35,3.5e-08,2.6e-10,3.6e-10,22.2023693512,92.8760718052,-70.673702454,345.337528308,233.977653328,46.1142753292,-0.173902457711,1.27828824879,1.19897115856e-08,4.47400887076e-08
5.187e-06,216.10319516,320.191054744,0,0,35,3.5e-08,2.6e-10,3.6e-10,29.1871181526,108.05159758,-78.8644794275,373.026156332,238.616891755,51.9575973948,4.0021831964,1.80037268576,1.35089753227e-08,6.30130440016e-08
5.188e-06,216.10319516,316.192486409,0,0,35,3.5e-08,2.6e-10,3.6e-10,32.1239898779,108.05159758,-75.9276077022,398.140577276,246.362112619,59.4601791486,9.37621847067,2.13983736095,1.54596465786e-08,7.48943076332e-08
5.189e-06,185.75214361,312.143987616,0,0,35,3.5e-08,2.6e-10,3.6e-10,30.5723579382,92.8760718052,-62.303713867,417.131590693,255.661296055,67.8163868232,15.3656169744,2.24963975583,1.7632260574e-08,7.8737391454e-08
5.19e-06,129.312755504,308.046197668,0,0,35,3.5e-08,2.6e-10,3.6e-10,24.7221555778,64.6563777522,-39.9342221744,427.305504407,264.736394244,76.1024880465,21.3030443149,2.11498723989,1.97866468921e-08,7.40245533962e-08
5.191e-06,54.7117751763,303.899763654,0,0,35,3.5e-08,2.6e-10,3.6e-10,15.3672040642,27.3558875881,-11.9886835239,427.202486771,271.833128121,83.4063614023,26.5301288643,1.75541454475,2.16856539646e-08,6.14395090663e-08
5.192e-06,-27.5733113841,299.705340345,0,0,35,3.5e-08,2.6e-10,3.6e-10,3.79372657267,-13.7866556921,17.5803822647,416.801627462,275.467447047,88.9555749247,30.4899134226,1.22204006306,2.31284494804e-08,4.27714022071e-08
5.193e-06,-105.985808302,295.463590089,0,0,35,3.5e-08,2.6e-10,3.6e-10,-8.40029434214,-52.9929041512,44.5926098091,397.523906657,274.63403691,92.2258452857,32.8050632193,0.590386316976,2.39787197743e-08,2.06635210941e-08
5.194e-06,-169.512913411,291.175182706,0,0,35,3.5e-08,2.6e-10,3.6e-10,-19.5295449812,-84.7564567053,65.2269117241,372.03265554,268.947592289,93.0146449095,33.3308461721,-0.0502270600084,2.41838076765e-08,-1.75794710029e-09
5.195e-06,-209.232433585,286.840795387,0,0,35,3.5e-08,2.6e-10,3.6e-10,-28.0580741657,-104.616216792,76.5581426267,343.859532889,258.697011425,91.4696191172,32.175444488,-0.609228103604,2.37821009705e-08,-2.13229836261e-08
5.196e-06,-219.565880254,282.461112581,0,0,35,3.5e-08,2.6e-10,3.6e-10,-32.8150094088,-109.782940127,76.9679307183,316.908548206,244.804902452,88.0678222034,29.6847449028,-1.00751318452,2.28976337729e-08,-3.52629614582e-08
5.197e-06,-199.061951543,278.036825891,0,0,35,3.5e-08,2.6e-10,3.6e-10,-33.1589989007,-99.5309757713,66.3719768705,294.907789855,228.698088114,83.5486886791,26.3937437284,-1.18855697976,2.17226590566e-08,-4.15994942917e-08
5.198e-06,-150.600363304,273.568633963,0,0,35,3.5e-08,2.6e-10,3.6e-10,-29.0682839197,-75.3001816522,46.2318977324,280.885861368,212.107296179,78.8101536764,22.9513917272,-1.12635138698,2.04906399559e-08,-3.94222985443e-08
5.199e-06,-80.9874015906,269.057242376,0,0,35,3.5e-08,2.6e-10,3.6e-10,-21.1437512661,-40.4937007953,19.3499495292,276.746558864,196.824168416,74.7825120987,20.0294341289,-0.829058384895,1.94434531457e-08,-2.90170434713e-08
5.2e-06,-2.93175034081e-11,264.503363532,0,0,35,3.5e-08,2.6e-10,3.6e-10,-10.5245370155,-1.46584966387e-11,-10.5245370155,283.001524888,184.449715502,72.2977326294,18.2280489429,-0.337863806446,1.87974104837e-08,-1.18252332256e-08
5.201e-06,80.9874015907,259.90771654,0,0,35,3.5e-08,2.6e-10,3.6e-10,1.2719652063,40.4937007953,-39.221735589,298.698426614,176.169546596,71.9725810619,17.9915363862,0.278806991255,1.87128710761e-08,9.75824469394e-09
5.202e-06,150.600363304,255.271027107,0,0,35,3.5e-08,2.6e-10,3.6e-10,12.5632210639,75.3001816522,-62.7369605882,321.554745579,172.587441908,74.1219679368,19.5459005993,0.934899168189,1.92717116636e-08,3.27214708866e-08
5.203e-06,199.061951543,250.59402742,0,0,35,3.5e-08,2.6e-10,3.6e-10,21.7378658417,99.5309757713,-77.7931099295,348.278388574,173.640642482,78.7146905581,22.8670901153,1.53881445218,2.04658195451e-08,5.38585058264e-08
5.204e-06,219.565880254,245.87745603,0,0,35,3.5e-08,2.6e-10,3.6e-10,27.4820191766,109.782940127,-82.3009209505,375.030090824,178.608754491,85.3777852951,27.6843576167,2.00627574928,2.21982241767e-08,7.02196512248e-08
5.205e-06,209.232433585,241.122057741,0,0,35,3.5e-08,2.6e-10,3.6e-10,28.9638189629,104.616216792,-75.6523978296,397.96266831,186.215017426,93.4488789065,33.5182671149,2.27216351744,2.42967085157e-08,7.95257231103e-08
5.206e-06,169.512913411,236.328583483,0,0,35,3.5e-08,2.6e-10,3.6e-10,25.9502571899,84.7564567053,-58.8061995154,413.761382842,194.805713372,102.069186304,39.7480105603,2.29966152003,2.65379884391e-08,8.04881532009e-08
5.207e-06,105.985808302,231.497790202,0,0,35,3.5e-08,2.6e-10,3.6e-10,18.8399084664,52.9929041512,-34.1529956848,420.109527197,202.582519834,110.304093503,45.6985794668,2.08542746531,2.86790643107e-08,7.2989961286e-08
5.208e-06,27.5733113842,226.630440736,0,0,35,3.5e-08,2.6e-10,3.6e-10,8.60695460565,13.7866556921,-5.17970108645,416.013840278,207.855172859,117.274390238,50.7355485603,1.66006233093,3.04913414619e-08,5.81021815826e-08
5.209e-06,-54.7117751763,221.727303697,0,0,35,3.5e-08,2.6e-10,3.6e-10,-3.33563314719,-27.3558875881,24.020254441,401.944048688,209.278954623,122.279721039,54.3541593697,1.08381245813,3.17927274702e-08,3.79334360347e-08
5.21e-06,-129.312755504,216.789153346,0,0,35,3.5e-08,2.6e-10,3.6e-10,-15.3345385962,-64.6563777522,49.321839156,379.766936512,206.04365108,124.896916406,56.2501922403,0.438108043977,3.24731982657e-08,1.53337815392e-08
5.211e-06,-185.75214361,211.816769474,0,0,35,3.5e-08,2.6e-10,3.6e-10,-25.7283008489,-92.8760718052,67.1477709563,352.484203018,197.987441076,125.039393796,56.3626730078,-0.185873574975,3.2510242387e-08,-6.50557512414e-09
5.212e-06,-216.10319516,206.81093728,0,0,35,3.5e-08,2.6e-10,3.6e-10,-33.0806585064,-108.05159758,74.9709390738,323.810925351,185.619721563,122.969285711,54.8824163103,-0.700013594569,3.19720142848e-08,-2.45004758099e-08
5.213e-06,-216.10319516,201.772447241,0,0,35,3.5e-08,2.6e-10,3.6e-10,-36.3822652925,-108.05159758,71.6693322877,297.653829902,170.04966314,119.260591556,52.2252056604,-1.03162785203,3.10077538046e-08,-3.61069748209e-08
5.214e-06,-185.75214361,196.702094993,0,0,35,3.5e-08,2.6e-10,3.6e-10,-35.1924467626,-92.8760718052,57.6836250426,277.56264756,152.83053007,114.718528475,48.9733770568,-1.13367518423,2.98268174036e-08,-3.96786314479e-08
5.215e-06,-129.312755504,191.600681204,0,0,35,3.5e-08,2.6e-10,3.6e-10,-29.7010887827,-64.6563777522,34.9552889695,266.231608381,135.741629561,110.266408104,45.7940105509,-0.991364301695,2.8669266107e-08,-3.46977505593e-08
5.216e-06,-54.7117751762,186.469011447,0,0,35,3.5e-08,2.6e-10,3.6e-10,-20.701965727,-27.3558875881,6.65392186115,265.121089246,120.538514854,106.815927076,43.3452195188,-0.624231262488,2.77721410398e-08,-2.18480941871e-08
5.217e-06,27.5733113842,181.307896071,0,0,35,3.5e-08,2.6e-10,3.6e-10,-9.48125437008,13.7866556921,-23.2679100622,274.252552967,108.706525348,105.139088597,42.1836990383,-0.0833957708998,2.73361630353e-08,-2.91885198149e-09
5.218e-06,105.985808302,176.118150077,0,0,35,3.5e-08,2.6e-10,3.6e-10,2.36310863435,52.9929041512,-50.6297955169,292.205579035,101.252278296,105.759743322,42.6865179292,0.555618354304,2.74975332637e-08,1.94466424006e-08
5.219e-06,169.512913411,170.900592985,0,0,35,3.5e-08,2.6e-10,3.6e-10,13.1458549814,84.7564567053,-71.6106017239,316.317403009,98.5623964302,108.879982311,44.9981385346,1.20349019824,2.83087954008e-08,4.21221569386e-08
5.22e-06,209.232433585,165.656048708,0,0,35,3.5e-08,2.6e-10,3.6e-10,21.3310783723,104.616216792,-83.2851384202,343.056939845,100.349312783,114.351719952,49.0101051634,1.76964653069,2.97314471874e-08,6.19376285741e-08
5.221e-06,219.565880254,160.385345421,0,0,35,3.5e-08,2.6e-10,3.6e-10,25.7479506793,109.782940127,-84.0349894478,368.520760671,105.691764241,121.697457954,54.3762538925,2.17498247204,3.16413390681e-08,7.61243865216e-08
5.222e-06,199.061951543,155.089315429,0,0,35,3.5e-08,2.6e-10,3.6e-10,25.7551639239,99.5309757713,-73.7758118474,388.981364553,113.164286618,130.177314176,60.561307563,2.36297146486,3.38461016858e-08,8.27040012701e-08
5.223e-06,150.600363304,149.768795035,0,0,35,3.5e-08,2.6e-10,3.6e-10,21.3310026808,75.3001816522,-53.9691789713,401.410742099,121.037524022,138.892902289,66.9160309504,2.30760418837,3.61121545952e-08,8.07661465929e-08
5.224e-06,80.9874015906,144.424624413,0,0,35,3.5e-08,2.6e-10,3.6e-10,13.0763965056,40.4937007953,-27.4173042897,403.905697932,127.521219658,146.913472701,72.7683907911,2.01704141912,3.81975029022e-08,7.05964496691e-08
5.225e-06,1.14215988821e-11,139.057647469,0,0,35,3.5e-08,2.6e-10,3.6e-10,2.13052368137,5.71076519407e-12,2.13052368137,395.955196771,131.015760703,153.406598616,77.5179175159,1.53246780429,3.988571564e-08,5.36363731503e-08
5.226e-06,-80.9874015906,133.66871171,0,0,35,3.5e-08,2.6e-10,3.6e-10,-9.98918051316,-40.4937007953,30.5045202822,378.512185116,130.336948509,157.755052779,80.7200158675,0.922307531882,4.10163137225e-08,3.22807636159e-08
5.227e-06,-150.600363304,128.258668111,0,0,35,3.5e-08,2.6e-10,3.6e-10,-21.6001406504,-75.3001816521,53.7000410017,353.859801418,124.882425809,159.643459912,82.1483832309,0.272614289577,4.15072995772e-08,9.5415001352e-09
5.228e-06,-199.061951543,122.828370983,0,0,35,3.5e-08,2.6e-10,3.6e-10,-31.0909514895,-99.5309757713,68.4400242817,325.290765093,114.716386707,159.102554769,81.8267692108,-0.325014785789,4.13666642401e-08,-1.13755175026e-08
5.229e-06,-219.565880254,117.37867783,0,0,35,3.5e-08,2.6e-10,3.6e-10,-37.1476927152,-109.782940127,72.6352474119,296.644973236,100.560672157,156.50482991,80.025615922,-0.786303718432,4.06912557765e-08,-2.75206301451e-08
5.23e-06,-209.232433585,111.910449224,0,0,35,3.5e-08,2.6e-10,3.6e-10,-38.9384628487,-104.616216792,65.6777539437,271.770248195,83.6935015397,152.512184446,77.224050858,-1.04613406713,3.96531679561e-08,-3.66146923496e-08
5.231e-06,-169.512913411,106.424548661,0,0,35,3.5e-08,2.6e-10,3.6e-10,-36.2302150921,-84.7564567053,48.5262416133,253.981972405,65.7700631608,147.98292636,74.042570329,-1.06769067858,3.84755608536e-08,-3.73691737504e-08
5.232e-06,-105.985808302,100.921842427,0,0,35,3.5e-08,2.6e-10,3.6e-10,-29.421485857,-52.9929041512,23.5714182942,245.597503132,48.5901611831,143.851189623,71.1558678863,-0.847632326674,3.7401309302e-08,-2.96671314336e-08
5.233e-06,-27.5733113841,95.4031994649,0,0,35,3.5e-08,2.6e-10,3.6e-10,-19.4864193568,-13.7866556921,-5.69976366473,247.610757225,33.8455522793,140.995701655,69.1980507231,-0.416561036806,3.66588824302e-08,-1.45796362882e-08
5.234e-06,54.7117751763,89.8694912315,0,0,35,3.5e-08,2.6e-10,3.6e-10,-7.83794983936,27.3558875881,-35.1938374275,259.552669424,22.8824577969,140.11633233,68.6735561333,0.165275820009,3.64302464058e-08,5.7846537003e-09
5.235e-06,129.312755504,84.3215915636,0,0,35,3.5e-08,2.6e-10,3.6e-10,3.87064288936,64.6563777522,-60.7857348628,279.557122476,16.5126058817,141.635762874,69.8862795484,0.816447035139,3.68252983471e-08,2.85756462299e-08
5.236e-06,185.75214361,78.7603765389,0,0,35,3.5e-08,2.6e-10,3.6e-10,13.9779337129,92.8760718052,-78.8981380923,304.62308933,14.8993421134,145.640084955,72.8968679143,1.44577427878,3.78664220884e-08,5.06020997574e-08
5.237e-06,216.10319516,73.1867243377,0,0,35,3.5e-08,2.6e-10,3.6e-10,21.04769639,108.05159758,-87.0039011902,331.036170331,17.5348040557,151.866672675,77.5141764305,1.96513777204,3.94853348955e-08,6.87798220213e-08
5.238e-06,216.10319516,67.6015151043,0,0,35,3.5e-08,2.6e-10,3.6e-10,24.0706191781,108.05159758,-83.9809784021,354.890321746,23.3113654727,159.741030786,83.3220885302,2.30185239602,4.15326680043e-08,8.05648338608e-08
5.239e-06,185.75214361,62.0056308081,0,0,35,3.5e-08,2.6e-10,3.6e-10,22.6060615372,92.8760718052,-70.270010268,372.636500397,30.6773160621,168.457443935,89.7379323196,2.4088760503,4.3798935423e-08,8.43106617607e-08
5.24e-06,129.312755504,56.3999551039,0,0,35,3.5e-08,2.6e-10,3.6e-10,16.8439426037,64.6563777522,-47.8124351484,381.581168886,37.8549119327,177.09209999,96.0942890657,2.27141652704,4.60439459973e-08,7.94995784464e-08
5.241e-06,54.7117751763,50.7853731931,0,0,35,3.5e-08,2.6e-10,3.6e-10,7.57806938374,27.3558875881,-19.7778182044,380.264647831,43.0901722659,184.732799609,101.732703976,1.90900898499,4.80305278984e-08,6.68153144746e-08
5.242e-06,-27.5733113841,45.162771683,0,0,35,3.5e-08,2.6e-10,3.6e-10,-3.90534936057,-13.7866556921,9.88130633149,368.666176635,44.8993389432,190.607034753,106.096137875,1.37277224837,4.95578290357e-08,4.80470286928e-08
5.243e-06,-105.985808302,39.5330384478,0,0,35,3.5e-08,2.6e-10,3.6e-10,-16.0083456362,-52.9929041512,36.984558515,348.20688264,42.2773845994,194.190447877,108.807175218,0.738229275228,5.0489516448e-08,2.5838024633e-08
5.244e-06,-169.512913411,33.8970624876,0,0,35,3.5e-08,2.6e-10,3.6e-10,-27.0456204519,-84.7564567053,57.7108362534,321.550241615,34.8392847458,195.280439064,109.721004366,0.0947001392229,5.07729141566e-08,3.3145048728e-09
5.245e-06,-209.232433585,28.2557337882,0,0,35,3.5e-08,2.6e-10,3.6e-10,-35.4812374803,-104.616216792,69.1349793122,292.22805432,22.874212696,194.024583177,108.945729193,-0.467242751026,5.0446391626e-08,-1.63534962859e-08
5.246e-06,-219.565880254,22.6099431809,0,0,35,3.5e-08,2.6e-10,3.6e-10,-40.1443392267,-109.782940127,69.6386009004,264.144469612,7.30504575718,190.899865948,106.827159346,-0.868495317789,4.96339651464e-08,-3.03973361226e-08
5.247e-06,-199.061951543,16.9605822015,0,0,35,3.5e-08,2.6e-10,3.6e-10,-40.3935890122,-99.5309757713,59.137386759,241.027712568,-10.441130095,186.64565523,103.900215297,-1.0525317856,4.85278703598e-08,-3.68386124961e-08
5.248e-06,-150.600363304,11.3085429495,0,0,35,3.5e-08,2.6e-10,3.6e-10,-36.2072433815,-75.3001816521,39.0929382707,225.906520763,-28.633329844,182.159821416,100.813773234,-0.993343595702,4.7361553568e-08,-3.47670258496e-08
5.249e-06,-80.9874015906,5.65471794751,0,0,35,3.5e-08,2.6e-10,3.6e-10,-28.1862045344,-40.4937007953,12.307496261,220.684821681,-45.4796604899,178.372596593,98.2395050863,-0.699092266521,4.63768751143e-08,-2.44682293282e-08
5.25e-06,6.4743056439e-12,-4.41429930266e-13,-1.27054942088e-12,5.29395592034e-16,35,3.5e-08,2.6e-10,3.6e-10,-17.4696240767,3.23652216139e-12,-17.4696240767,225.87438652,-59.3788661834,176.115888569,96.7775168527,-0.210963166916,4.5790131028e-08,-7.38371084205e-09
5.251e-06,80.9874015906,-5.65471794751,-8,0.00333333333333,34.9333333333,3.49366666667e-08,2.60866666667e-10,3.612e-10,-5.5794319378,40.4937007953,-46.0731327331,240.484390225,-69.1199763097,175.435772955,96.5601629705,0.412360750998,4.57653453048e-08,1.4406510104e-08
5.252e-06,150.600363304,-11.3085429495,-16,0.00666666666667,34.8666666667,3.48733333333e-08,2.61733333333e-10,3.624e-10,5.76137763326,75.3001816522,-69.5388040189,262.107810122,-74.0161373708,177.264999595,98.1570714203,1.08320423906,4.63961592273e-08,3.77749424968e-08
5.253e-06,199.061951543,-16.9605822015,-24,0.01,34.8,3.481e-08,2.626e-10,3.636e-10,14.8932055783,99.5309757713,-84.637770193,287.444965898,-74.1158799218,181.55560004,101.532006134,1.69951245597,4.76765005705e-08,5.91600285922e-08
5.254e-06,219.565880254,-22.6099431809,-32,0.0133333333333,34.7333333333,3.47466666667e-08,2.63466666667e-10,3.648e-10,20.4951862985,109.782940127,-89.2877538286,312.724526801,-70.1702751291,187.899463966,106.388773722,2.17436489626,4.95052454395e-08,7.5551932262e-08
5.255e-06,209.232433585,-28.2557337882,-40,0.0166666666667,34.6666666667,3.46833333333e-08,2.64333333333e-10,3.66e-10,21.7662936043,104.616216792,-82.8499231882,334.170046923,-63.4908294401,195.607272224,112.228433327,2.44357092089,5.17055222913e-08,8.47511847727e-08
5.256e-06,169.512913411,-33.8970624876,-48,0.02,34.6,3.462e-08,2.652e-10,3.672e-10,18.5193540517,84.7564567053,-66.2371026537,348.513761068,-55.7566513143,203.811231263,118.423640379,2.47169610859,5.40507385309e-08,8.55701192795e-08
5.257e-06,105.985808302,-39.5330384478,-56,0.0233333333333,34.5333333333,3.45566666667e-08,2.66066666667e-10,3.684e-10,11.195499484,52.9929041512,-41.7974046672,353.464420955,-48.7841581278,211.584629189,124.305069567,2.25601293206,5.62956170062e-08,7.7960286889e-08
5.258e-06,27.5733113842,-45.162771683,-64,0.0266666666667,34.4666666667,3.44933333333e-08,2.66933333333e-10,3.696e-10,0.800551117265,13.7866556921,-12.9861045748,348.043168587,-44.2799305969,218.067646913,129.252277423,1.82708666471,5.82095238826e-08,6.30223093548e-08
5.259e-06,-54.7117751762,-50.7853731931,-72,0.03,34.4,3.443e-08,2.678e-10,3.708e-10,-11.2322230292,-27.3558875881,16.1236645589,332.729644351,-43.6057300077,222.584761876,132.778414935,1.24507517811,5.96081992304e-08,4.28679383825e-08
5.26e-06,-129.312755504,-56.3999551039,-80,0.0333333333333,34.3333333333,3.43666666667e-08,2.68666666667e-10,3.72e-10,-23.2389374824,-64.6563777522,41.4174402698,309.396021666,-47.5879338548,224.737723835,134.597229816,0.591753207235,6.0379535137e-08,2.0336585222e-08
5.261e-06,-185.75214361,-62.0056308081,-88,0.0366666666667,34.2666666667,3.43033333333e-08,2.69533333333e-10,3.732e-10,-33.5566469207,-92.8760718052,59.3194248845,281.040943302,-56.3997286206,224.460400321,134.662481962,-0.0407713302917,6.04995598998e-08,-1.39859253344e-09
5.262e-06,-216.10319516,-67.6015151043,-96,0.04,34.2,3.424e-08,2.704e-10,3.744e-10,-40.7573419047,-108.05159758,67.2942556755,251.364135549,-69.5344318042,222.027103692,133.173741082,-0.563008214835,6.00361288383e-08,-1.92774012759e-08
5.263e-06,-216.10319516,-73.1867243377,-104,0.0433333333333,34.1333333333,3.41766666667e-08,2.71266666667e-10,3.756e-10,-43.8503830886,-108.05159758,64.2012144916,224.243672173,-85.8748384241,218.01294226,130.547544253,-0.900770460918,5.91396441371e-08,-3.0785331786e-08
5.264e-06,-185.75214361,-78.7603765389,-112,0.0466666666667,34.0666666667,3.41133333333e-08,2.72133333333e-10,3.768e-10,-42.4236118278,-92.8760718052,50.4524599774,203.190082553,-103.849252105,213.211852785,127.358028546,-1.00572589608,5.80220522045e-08,-3.43086627349e-08
5.265e-06,-129.312755504,-84.3215915636,-120,0.05,34,3.405e-08,2.73e-10,3.78e-10,-36.7024287821,-64.6563777522,27.9539489701,190.853793944,-121.652229296,208.524090084,124.255567295,-0.862292718355,5.69270765929e-08,-2.936106706e-08
5.266e-06,-54.7117751763,-89.8694912315,-128,0.0533333333333,33.9333333333,3.39866666667e-08,2.73866666667e-10,3.792e-10,-27.5182228685,-27.3558875881,-0.162335280316,188.654530451,-137.498816166,204.829225317,121.875017821,-0.489903426228,5.60958971734e-08,-1.66501844461e-08
5.267e-06,27.5733113842,-95.4031994649,-136,0.0566666666667,33.8666666667,3.39233333333e-08,2.74733333333e-10,3.804e-10,-16.190690142,13.7866556921,-29.9773458341,196.584149736,-149.876355508,202.862624558,120.74656418,0.0596754419832,5.57331250536e-08,2.02438991021e-09
5.268e-06,105.985808302,-100.921842427,-144,0.06,33.8,3.386e-08,2.756e-10,3.816e-10,-4.3408976525,52.9929041512,-57.3338018037,213.210155462,-157.758321864,203.112755319,121.221676314,0.709586494273,5.59778753659e-08,2.40265986961e-08
5.269e-06,169.512913411,-106.424548661,-152,0.0633333333333,33.7333333333,3.37966666667e-08,2.76466666667e-10,3.828e-10,6.3382604078,84.7564567053,-78.4181962975,235.87905126,-160.749994352,205.753634261,123.424505093,1.36866975095,5.68840214186e-08,4.62564753497e-08
5.27e-06,209.232433585,-111.910449224,-160,0.0666666666667,33.6666666667,3.37333333333e-08,2.77333333333e-10,3.84e-10,14.3216048204,104.616216792,-90.2946119721,261.090711587,-159.145343754,210.621725244,127.235410733,1.94428245072,5.84124251344e-08,6.55871280042e-08
5.271e-06,219.565880254,-117.37867783,-168,0.07,33.6,3.367e-08,2.782e-10,3.852e-10,18.4672611901,109.782940127,-91.315678937,284.990987966,-153.886971706,217.240323699,132.30878722,2.35535023329,6.0436258053e-08,7.93046423549e-08
5.272e-06,199.061951543,-122.828370983,-176,0.0733333333333,33.5333333333,3.36066666667e-08,2.79066666667e-10,3.864e-10,18.177795137,99.5309757713,-81.3531806343,303.913237589,-146.434566921,224.887795401,138.122529633,2.54381344451,6.27586874367e-08,8.54890904919e-08
5.273e-06,150.600363304,-128.258668111,-184,0.0766666666667,33.4666666667,3.35433333333e-08,2.79933333333e-10,3.876e-10,13.4841375143,75.3001816522,-61.8160441379,314.89268782,-138.560231635,232.699905571,144.05206665,2.482853762,6.51404602327e-08,8.32831913568e-08
5.274e-06,80.9874015906,-133.66871171,-192,0.08,33.4,3.348e-08,2.808e-10,3.888e-10,5.04049776991,40.4937007953,-35.4532030254,316.081477921,-132.09936736,239.791733946,149.458464858,2.18073574486,6.7333518892e-08,7.3011032738e-08
5.275e-06,-2.43702101699e-11,-139.057647469,-200,0.0833333333333,33.3333333333,3.34166666667e-08,2.81666666667e-10,3.9e-10,-5.96892419962,-1.21849197399e-11,-5.96892419961,307.006277768,-128.692129086,245.381983469,153.778180471,1.67971287959,6.91159253438e-08,5.61304053928e-08
5.276e-06,-80.9874015906,-144.424624413,-208,0.0866666666667,33.2666666667,3.33533333333e-08,2.82533333333e-10,3.912e-10,-17.9981313109,-40.4937007953,22.4955694844,288.63257723,-129.551859387,248.902224639,156.601853749,1.05014191807,7.03231752013e-08,3.50257334408e-08
5.277e-06,-150.600363304,-149.768795035,-216,0.09,33.2,3.329e-08,2.834e-10,3.924e-10,-29.3585396118,-75.3001816522,45.9416420404,263.226936625,-135.293188152,250.075803085,157.7311307,0.380624935607,7.08714825942e-08,1.26710041064e-08
5.278e-06,-199.061951543,-155.089315429,-224,0.0933333333333,33.1333333333,3.32266666667e-08,2.84266666667e-10,3.936e-10,-38.4581193318,-99.5309757713,61.0728564394,234.036860901,-145.844143411,248.955458231,157.205625727,-0.234439851231,7.07697382598e-08,-7.78965479024e-09
5.279e-06,-219.565880254,-160.385345421,-232,0.0966666666667,33.0666666667,3.31633333333e-08,2.85133333333e-10,3.948e-10,-44.026592047,-109.782940127,65.7563480801,204.833523942,-160.454829584,245.914541115,155.296362332,-0.708149356818,7.01184328233e-08,-2.34845931699e-08
5.28e-06,-209.232433585,-165.656048708,-240,0.1,33,3.31e-08,2.86e-10,3.96e-10,-45.2948212501,-104.616216792,59.3213955423,179.381742289,-177.801646175,241.593253609,152.466749552,-0.973357536987,6.90956705322e-08,-3.22181344743e-08
5.281e-06,-169.512913411,-170.900592985,-248,0.103333333333,32.9333333333,3.30366666667e-08,2.86866666667e-10,3.972e-10,-42.1030552367,-84.7564567053,42.6534014686,160.911700333,-196.172553432,236.807639445,149.306704813,-0.992177725944,6.79322181688e-08,-3.27782448061e-08
5.282e-06,-105.985808302,-176.118150077,-256,0.106666666667,32.8666666667,3.29733333333e-08,2.87733333333e-10,3.984e-10,-34.9227835268,-52.9929041512,18.0701206244,151.666559542,-213.707440022,232.434255065,146.449280995,-0.761380589847,6.68790829907e-08,-2.51052559826e-08
5.283e-06,-27.5733113842,-181.307896071,-264,0.11,32.8,3.291e-08,2.886e-10,3.996e-10,-24.7892161066,-13.7866556921,-11.0025604145,152.589312257,-228.659829623,229.286810353,144.48157393,-0.312918623967,6.6172173468e-08,-1.02981519148e-08
5.284e-06,54.7117751763,-186.469011447,-272,0.113333333333,32.7333333333,3.28466666667e-08,2.89466666667e-10,4.008e-10,-13.1540516088,27.3558875881,-40.509939197,163.192595165,-239.643087743,228.002131175,143.8624422,0.290506567262,6.59990169042e-08,9.54217237933e-09
5.285e-06,129.312755504,-191.600681204,-280,0.116666666667,32.6666666667,3.27833333333e-08,2.90333333333e-10,4.02e-10,-1.67947350496,64.6563777522,-66.3358512571,181.629430699,-245.826400261,228.951417497,144.858564541,0.964219447439,6.64722282134e-08,3.16103275519e-08
5.286e-06,185.75214361,-196.702094993,-288,0.12,32.6,3.272e-08,2.912e-10,4.032e-10,7.99739199429,92.8760718052,-84.8786798109,204.954639476,-247.052804383,232.18915578,147.507739593,1.61346012388,6.76134821632e-08,5.27924152533e-08
5.287e-06,216.10319516,-201.772447241,-296,0.123333333333,32.5333333333,3.26566666667e-08,2.92066666667e-10,4.044e-10,14.4961770889,108.05159758,-93.5554204912,229.539928545,-243.862482921,237.446708622,151.614472484,2.14671880871,6.93502686982e-08,7.0104680563e-08
5.288e-06,216.10319516,-206.81093728,-304,0.126666666667,32.4666666667,3.25933333333e-08,2.92933333333e-10,4.056e-10,16.8883386855,108.05159758,-91.1632588947,251.584157971,-237.417851467,244.171304022,156.778339508,2.4886386235,7.15259139914e-08,8.11130282018e-08
5.289e-06,185.75214361,-211.816769474,-312,0.13,32.4,3.253e-08,2.938e-10,4.068e-10,14.8280233555,92.8760718052,-78.0480484498,267.647030615,-229.340802755,251.604769434,162.45101788,2.59066726766,7.39214812598e-08,8.4274406217e-08
5.29e-06,129.312755504,-216.789153346,-320,0.133333333333,32.3333333333,3.24666666667e-08,2.94666666667e-10,4.08e-10,8.6002880215,64.6563777522,-56.0560897307,275.131283004,-221.484874136,258.890797495,168.013858822,2.43795172195,7.62864883284e-08,7.9152165906e-08
5.291e-06,54.7117751762,-221.727303697,-328,0.136666666667,32.2666666667,3.24033333333e-08,2.95533333333e-10,4.092e-10,-0.920043584627,27.3558875881,-28.2759311727,272.645806101,-215.674321754,265.195568083,172.86502949,2.05149670947,7.83741302209e-08,6.64753317091e-08
5.292e-06,-27.5733113842,-226.630440736,-336,0.14,32.2,3.234e-08,2.964e-10,4.104e-10,-12.3929493294,-13.7866556921,1.39370636273,260.198944301,-213.446812887,269.82473534,176.503948557,1.48527329424,7.99760515549e-08,4.80337383356e-08
5.293e-06,-105.985808302,-231.497790202,-344,0.143333333333,32.1333333333,3.22766666667e-08,2.97266666667e-10,4.116e-10,-24.2034604737,-52.9929041512,28.7894436775,239.195132825,-215.836010485,272.320364967,178.601168208,0.818675206468,8.09517671593e-08,2.64241067474e-08
5.294e-06,-169.512913411,-236.328583483,-352,0.146666666667,32.0666666667,3.22133333333e-08,2.98133333333e-10,4.128e-10,-34.6905803125,-84.7564567053,50.0658763929,212.235670888,-223.224772489,272.524286506,179.043945147,0.145377074338,8.12485739503e-08,4.68308015467e-09
5.295e-06,-209.232433585,-241.122057741,-360,0.15,32,3.215e-08,2.99e-10,4.14e-10,-42.3824149635,-104.616216792,62.233801829,182.751906485,-235.289795364,270.599094112,177.951195109,-0.439841958631,8.09091291396e-08,-1.414091897e-08
5.296e-06,-219.565880254,-245.87745603,-368,0.153333333333,31.9333333333,3.20866666667e-08,2.99866666667e-10,4.152e-10,-46.2042252551,-109.782940127,63.578714872,154.522573471,-251.045682344,267.004010815,175.655849451,-0.854455841691,8.00656027096e-08,-2.74166397737e-08
5.297e-06,-199.061951543,-250.59402742,-376,0.156666666667,31.8666666667,3.20233333333e-08,3.00733333333e-10,4.164e-10,-45.6299864078,-99.5309757713,53.9009893635,131.143187522,-268.982417511,262.429180852,172.657218103,-1.03984785389,7.89212023216e-08,-3.3299394441e-08
5.298e-06,-150.600363304,-255.271027107,-384,0.16,31.8,3.196e-08,3.016e-10,4.176e-10,-40.756078748,-75.3001816522,34.5441029042,115.522019214,-287.277048435,257.697779444,169.550165605,-0.969619009659,7.77216502804e-08,-3.09890235487e-08
5.299e-06,-80.9874015906,-259.90771654,-392,0.163333333333,31.7333333333,3.18966666667e-08,3.02466666667e-10,4.188e-10,-32.2867846446,-40.4937007953,8.20691615067,109.473308544,-304.049881856,253.649813276,166.941137468,-0.653370893292,7.67206135223e-08,-2.0840353593e-08
5.3e-06,-7.75609390164e-12,-264.503363532,-400,0.166666666667,31.6666666667,3.18333333333e-08,3.03333333333e-10,4.2e-10,-21.4337654268,-3.87778698041e-12,-21.4337654268,113.464624577,-317.629164402,251.024003556,165.362882659,-0.135420869686,7.61439477453e-08,-4.31089768501e-09
5.301e-06,80.9874015906,-269.057242376,-408,0.17,31.6,3.177e-08,3.042e-10,4.212e-10,-9.74386575605,40.4937007953,-50.2375665514,126.553553888,-326.786954365,250.354350422,165.199856064,0.511379018644,7.61577933984e-08,1.62465114223e-08
5.302e-06,150.600363304,-273.568633963,-416,0.173333333333,31.5333333333,3.17066666667e-08,3.05066666667e-10,4.224e-10,1.12028127009,75.3001816521,-74.1799003821,146.522282908,-330.912879687,251.895852384,166.634739185,1.1958575424,7.68450280341e-08,3.79166564776e-08
5.303e-06,199.061951543,-278.036825891,-424,0.176666666667,31.4666666667,3.16433333333e-08,3.05933333333e-10,4.236e-10,9.61572784295,99.5309757713,-89.9152479283,170.190864614,-330.10116943,255.589704571,169.62351146,1.82134178516,7.81934102851e-08,5.76333252217e-08
5.304e-06,219.565880254,-282.461112581,-432,0.18,31.4,3.158e-08,3.068e-10,4.248e-10,14.5374112465,109.782940127,-95.2455288806,193.864927518,-325.138524957,261.072715219,173.902466137,2.29927465069,8.00971090292e-08,7.26110934689e-08
5.305e-06,209.232433585,-286.840795387,-440,0.183333333333,31.3333333333,3.15166666667e-08,3.07666666667e-10,4.26e-10,15.1882193858,104.616216792,-89.4279974067,213.854801233,-317.394352478,267.729450735,179.026064522,2.56171409694,8.23714276762e-08,8.07366892885e-08
5.306e-06,169.512913411,-291.175182706,-448,0.186666666667,31.2666666667,3.14533333333e-08,3.08533333333e-10,4.272e-10,11.4769192424,84.7564567053,-73.2795374629,226.993122114,-308.628646578,274.779623018,184.430194547,2.57094977273,8.47786730218e-08,8.08649401848e-08
5.307e-06,105.985808302,-295.463590089,-456,0.19,31.2,3.139e-08,3.094e-10,4.284e-10,3.93019113871,52.9929041512,-49.0627130125,231.078319402,-300.744453172,281.388310002,189.511851116,2.32487575023,8.70615431147e-08,7.29778497996e-08
5.308e-06,27.5733113841,-299.705340345,-464,0.193333333333,31.1333333333,3.13266666667e-08,3.10266666667e-10,4.296e-10,-6.38280988309,13.7866556921,-20.1694655752,225.181901843,-295.519705045,286.783438982,193.713982173,1.85735378525,8.89793416681e-08,5.81847029126e-08
5.309e-06,-54.7117751763,-303.899763654,-472,0.196666666667,31.0666666667,3.12633333333e-08,3.11133333333e-10,4.308e-10,-18.0025599777,-27.3558875881,9.35332761041,209.776673807,-294.356197409,290.363999802,196.603560536,1.23350637459,9.03419191383e-08,3.85635209575e-08
5.31e-06,-129.312755504,-308.046197668,-480,0.2,31,3.12e-08,3.12e-10,4.32e-10,-29.2862975621,-64.6563777522,35.3700801901,186.668198999,-298.081126004,291.783818561,197.931937467,0.540593641742,9.10365513912e-08,1.68665216224e-08
5.311e-06,-185.75214361,-312.143987616,-488,0.203333333333,30.9333333333,3.11366666667e-08,3.12866666667e-10,4.332e-10,-38.6407804113,-92.8760718052,54.2352913939,158.73945562,-306.829266498,290.999212023,197.669063688,-0.124247997583,9.10439534681e-08,-3.86866848474e-09
5.312e-06,-216.10319516,-316.192486409,-496,0.206666666667,30.8666666667,3.10733333333e-08,3.13733333333e-10,4.344e-10,-44.7476859292,-108.05159758,63.3039116509,129.544810275,-320.022557233,288.273960491,196.006866103,-0.667682516044,9.04411505379e-08,-2.07471213819e-08
5.313e-06,-216.10319516,-320.191054744,-504,0.21,30.8,3.101e-08,3.146e-10,4.356e-10,-46.7497623974,-108.05159758,61.3018351827,102.810509359,-336.450145623,284.14105773,193.331419422,-1.01334058665,8.9390776762e-08,-3.1423691592e-08
5.314e-06,-185.75214361,-324.1390612,-512,0.213333333333,30.7333333333,3.09466666667e-08,3.15466666667e-10,4.368e-10,-44.3714426941,-92.8760718052,48.5046291111,81.9118995812,-354.437799374,279.326771395,190.167937735,-1.11261812508,8.81182854828e-08,-3.44318222441e-08
5.315e-06,-129.312755504,-328.03588234,-520,0.216666666667,30.6666666667,3.08833333333e-08,3.16333333333e-10,4.38e-10,-37.956948617,-64.6563777522,26.6994291352,69.4007328657,-372.082962631,274.647822867,187.106415397,-0.9515800177,8.68802613002e-08,-2.938796288e-08
5.316e-06,-54.7117751763,-331.880902811,-528,0.22,30.6,3.082e-08,3.172e-10,4.392e-10,-28.420618975,-27.3558875881,-1.06473138682,66.6487614105,-387.522436895,270.896233082,184.718437133,-0.552988308648,8.59282851335e-08,-1.70430996725e-08
5.317e-06,27.5733113841,-335.673515441,-536,0.223333333333,30.5333333333,3.07566666667e-08,3.18066666667e-10,4.404e-10,-17.1166273469,13.7866556921,-30.903283039,73.6574069081,-399.195004799,268.728061255,183.47687998,0.0268402280301,8.54734386833e-08,8.2551594678e-10
5.318e-06,105.985808302,-339.413121331,-544,0.226666666667,30.4666666667,3.06933333333e-08,3.18933333333e-10,4.416e-10,-5.64665462789,52.9929041512,-58.6395587791,89.0599130196,-406.061957737,268.571657727,183.68978094,0.705913642062,8.56564540376e-08,2.16668427204e-08
5.319e-06,169.512913411,-343.099129955,-552,0.23,30.4,3.063e-08,3.198e-10,4.428e-10,4.36716496854,84.7564567053,-80.3892917368,110.315352382,-407.75435534,270.568253694,185.457612927,1.38807918562,8.65277275313e-08,4.25168654557e-08
5.32e-06,209.232433585,-346.730959249,-560,0.233333333333,30.3333333333,3.05666666667e-08,3.20666666667e-10,4.44e-10,11.5118330567,104.616216792,-93.1043837357,134.066956739,-404.626118368,274.553120403,188.659888903,1.97655558841,8.80400339426e-08,6.04167158189e-08
5.321e-06,219.565880254,-350.308035705,-568,0.236666666667,30.2666666667,3.05033333333e-08,3.21533333333e-10,4.452e-10,14.7831118318,109.782940127,-94.9998282953,156.614243578,-397.705296327,280.079799711,192.972871352,2.38757872561,9.00549916006e-08,7.2829109727e-08
5.322e-06,199.061951543,-353.829794461,-576,0.24,30.2,3.044e-08,3.224e-10,4.464e-10,13.7269777987,99.5309757713,-85.8039979726,174.432542591,-388.550195491,286.483846128,197.915786544,2.56223664049,9.23623919917e-08,7.79944833365e-08
5.323e-06,150.600363304,-357.295679392,-584,0.243333333333,30.1333333333,3.03766666667e-08,3.23266666667e-10,4.476e-10,8.50297681271,75.3001816521,-66.7972048394,184.666993256,-379.030481274,292.976980387,202.918946324,2.47482164977,9.47096918596e-08,7.51768323146e-08
5.324e-06,80.9874015906,-360.705143192,-592,0.246666666667,30.0666666667,3.03133333333e-08,3.24133333333e-10,4.488e-10,-0.139360571099,40.4937007953,-40.6330613664,185.531790226,-371.06398556,298.758312936,207.404124672,2.13651533466,9.68375278329e-08,6.47649015112e-08
5.325e-06,-1.01398106244e-11,-364.057647469,-600,0.25,30,3.025e-08,3.25e-10,4.5e-10,-10.9675640811,-5.06972241965e-12,-10.967564081,176.558858524,-366.346252293,303.12694396,210.865848183,1.59387821109,9.85162567871e-08,4.82148158854e-08
5.326e-06,-80.9874015906,-367.352662823,-608,0.253333333333,29.9333333333,3.01866666667e-08,3.25866666667e-10,4.512e-10,-22.4414417647,-40.4937007953,18.0522590306,158.661348853,-366.110946335,305.580108503,212.94217117,0.922347579611,9.95783713574e-08,2.78425989365e-08
5.327e-06,-150.600363304,-370.589668933,-616,0.256666666667,29.8666666667,3.01233333333e-08,3.26733333333e-10,4.524e-10,-32.9315591106,-75.3001816522,42.3686225415,134.003367305,-370.954967787,305.883122616,213.465024348,0.215651420255,9.99422122629e-08,6.49613961613e-09
5.328e-06,-199.061951543,-373.768154638,-624,0.26,29.8,3.006e-08,3.276e-10,4.536e-10,-40.9499848131,-99.5309757713,58.5809909582,105.694535897,-380.753050585,304.101398175,212.483131841,-0.427376171853,9.9623618042e-08,-1.28469277259e-08
5.329e-06,-219.565880254,-376.887618019,-632,0.263333333333,29.7333333333,2.99966666667e-08,3.28466666667e-10,4.548e-10,-45.3606237611,-109.782940127,64.422316366,77.3525075928,-394.674049665,300.590159471,210.25437157,-0.916723325556,9.87338477143e-08,-2.74986440223e-08
5.33e-06,-209.232433585,-379.947566476,-640,0.266666666667,29.6666666667,2.99333333333e-08,3.29333333333e-10,4.56e-10,-45.5394016467,-104.616216792,59.0768151458,52.594997628,-411.296802312,295.943455398,207.208760028,-1.18390953479,9.74640446443e-08,-3.54383587413e-08
5.331e-06,-169.512913411,-382.947516808,-648,0.27,29.6,2.987e-08,3.302e-10,4.572e-10,-41.4617137804,-84.7564567053,43.2947429249,34.5326677023,-428.80940263,290.909776919,203.887367536,-1.19168100016,9.60584083385e-08,-3.55955114747e-08
5.332e-06,-105.985808302,-385.886995287,-656,0.273333333333,29.5333333333,2.98066666667e-08,3.31066666667e-10,4.584e-10,-33.7048843125,-52.9929041512,19.2880198387,25.3339560895,-445.263935143,286.286258342,200.865835034,-0.939319364439,9.47798372617e-08,-2.79979791894e-08
5.333e-06,-27.5733113842,-388.765537737,-664,0.276666666667,29.4666666667,2.97433333333e-08,3.31933333333e-10,4.596e-10,-23.3654328546,-13.7866556921,-9.57877716251,25.9227367171,-458.850841684,282.806409862,198.673298042,-0.46280722977,9.38728743136e-08,-1.37654297041e-08
5.334e-06,54.7117751762,-391.582689601,-672,0.28,29.4,2.968e-08,3.328e-10,4.608e-10,-11.9030045798,27.3558875881,-39.2588921679,35.8509630117,-468.154262374,281.037186589,197.718131734,0.170182117286,9.3529175697e-08,5.05100524103e-09
5.335e-06,129.312755504,-394.33800602,-680,0.283333333333,29.3333333333,2.96166666667e-08,3.33666666667e-10,4.62e-10,-0.933180069219,64.6563777522,-65.5895578214,53.3638482858,-472.352305611,281.299832382,198.230932906,0.86977339269,9.38603774048e-08,2.57597886468e-08
5.336e-06,185.75214361,-397.031051896,-688,0.286666666667,29.2666666667,2.95533333333e-08,3.34533333333e-10,4.632e-10,8.00142129559,92.8760718052,-84.8746505096,75.648113323,-471.333904573,283.625545029,200.232695648,1.53652611576,9.48821989969e-08,4.54094684744e-08
5.337e-06,216.10319516,-399.661401966,-696,0.29,29.2,2.949e-08,3.354e-10,4.644e-10,13.6493092309,108.05159758,-94.4022883493,99.2281858376,-465.715631839,287.752076241,203.532568471,2.07544279824,9.65120463711e-08,6.120480812e-08
5.338e-06,216.10319516,-402.228640868,-704,0.293333333333,29.1333333333,2.94266666667e-08,3.36266666667e-10,4.656e-10,15.2267018901,108.05159758,-92.8248956901,120.454558279,-456.75592417,293.161604232,207.755406874,2.40937517191,9.85804754497e-08,7.08998800586e-08
5.339e-06,185.75214361,-404.732363205,-712,0.296666666667,29.0666666667,2.93633333333e-08,3.37133333333e-10,4.668e-10,12.5275978021,92.8760718052,-80.3484740031,136.01568977,-446.178634621,299.154413048,212.395145611,2.48993647597,1.00854924452e-07,7.31128347226e-08
5.34e-06,129.312755504,-407.17217361,-720,0.3,29,2.93e-08,3.38e-10,4.68e-10,5.95187957613,64.6563777522,-58.704498176,143.401657888,-435.930639228,304.947897218,216.886398347,2.30437621947,1.0307238926e-07,6.75182232306e-08
5.341e-06,54.7117751763,-409.547686808,-728,0.303333333333,28.9333333333,2.92366666667e-08,3.38866666667e-10,4.692e-10,-3.55238156766,27.3558875881,-30.9082691558,141.254655,-427.907570677,309.786885173,220.684155337,1.87744059143,1.04976449156e-07,5.4890104758e-08
5.342e-06,-27.5733113842,-411.858527679,-736,0.306666666667,28.8666666667,2.91733333333e-08,3.39733333333e-10,4.704e-10,-14.6240998683,-13.7866556921,-0.837444176236,129.557398299,-423.686307159,313.049730724,223.340345381,1.26794725831,1.06353428518e-07,3.69902480157e-08
5.343e-06,-105.985808302,-414.104331315,-744,0.31,28.8,2.911e-08,3.406e-10,4.716e-10,-25.6825551822,-52.9929041512,27.3103489689,109.633327103,-424.301959821,314.335269265,224.566507017,0.560548385808,1.07062592712e-07,1.63175635109e-08
5.344e-06,-169.512913411,-416.284743076,-752,0.313333333333,28.7333333333,2.90466666667e-08,3.41466666667e-10,4.728e-10,-35.151502658,-84.7564567053,49.6049540473,83.9588868568,-430.100891905,313.518475891,224.273803137,-0.146164689634,1.07056108901e-07,-4.24559701824e-09
5.345e-06,-209.232433585,-418.39941865,-760,0.316666666667,28.6666666667,2.89833333333e-08,3.42333333333e-10,4.74e-10,-41.6822356732,-104.616216792,62.9339811192,55.8145361314,-440.690633369,310.767104065,222.584828323,-0.753543620296,1.06385938625e-07,-2.18402059283e-08
5.346e-06,-219.565880254,-420.448024105,-768,0.32,28.6,2.892e-08,3.432e-10,4.752e-10,-44.3440321267,-109.782940127,65.4389080004,28.8236696979,-454.993923561,306.517095834,219.81564302,-1.17679729865,1.0519666729e-07,-3.40329778769e-08
5.347e-06,-199.061951543,-422.430235944,-776,0.323333333333,28.5333333333,2.88566666667e-08,3.44066666667e-10,4.764e-10,-42.7550891492,-99.5309757713,56.775886622,6.44427279227,-471.399439051,301.410359218,216.430660492,-1.3569754917,1.03705257595e-07,-3.91577894387e-08
5.348e-06,-150.600363304,-424.345741152,-784,0.326666666667,28.4666666667,2.87933333333e-08,3.44933333333e-10,4.776e-10,-37.1355248919,-75.3001816522,38.1646567603,-8.51536797573,-487.988112348,296.203788298,212.976821198,-1.26932804578,1.02170560044e-07,-3.65481855315e-08
5.349e-06,-80.9874015907,-426.194237248,-792,0.33,28.4,2.873e-08,3.458e-10,4.788e-10,-28.2750916886,-40.4937007953,12.2186091067,-14.2890689095,-502.803247601,291.662416006,210.006380596,-0.926854172511,1.00856863455e-07,-2.66285203762e-08
5.35e-06,2.80357151503e-11,-427.975432333,-800,0.333333333333,28.3333333333,2.86666666667e-08,3.46666666667e-10,4.8e-10,-17.420331214,1.40172318197e-11,-17.420331214,-10.3984373101,-514.126406011,288.451778371,207.999206809,-0.378532789543,9.99966165019e-08,-1.08512733002e-08
5.351e-06,80.9874015906,-429.689045136,-800,0.336666666667,28.2666666667,2.86033333333e-08,3.47533333333e-10,4.812e-10,-6.09728805867,40.4937007953,-46.590988854,2.28240287585,-520.720153224,287.044630535,207.29551788,0.297526166198,9.97575772652e-08,8.51024010714e-09
5.352e-06,150.600363304,-431.334805058,-800,0.34,28.2,2.854e-08,3.484e-10,4.824e-10,4.10506071358,75.3001816522,-71.1951209386,21.6518542697,-522.003354007,287.655092621,208.048488459,1.00505508144,1.00219034269e-07,2.86842720242e-08
5.353e-06,199.061951543,-432.912452214,-800,0.343333333333,28.1333333333,2.84766666667e-08,3.49266666667e-10,4.836e-10,11.7598097476,99.5309757713,-87.7711660237,44.6772331468,-518.134169142,290.209397795,210.203326664,1.643176984,1.01360469003e-07,4.67922032477e-08
5.354e-06,219.565880254,-434.421737475,-800,0.346666666667,28.0666666667,2.84133333333e-08,3.50133333333e-10,4.848e-10,15.803674419,109.782940127,-93.9792657081,67.8213245771,-509.988936468,294.357217635,213.505663369,2.12062361437,1.03064273801e-07,6.02539856298e-08
5.355e-06,209.232433585,-435.862422508,-800,0.35,28,2.835e-08,3.51e-10,4.86e-10,15.6867238462,104.616216792,-88.9294929462,87.5390062989,-499.039726879,299.521843894,217.537981477,2.36862657486,1.05132167207e-07,6.71505633973e-08
5.356e-06,169.512913411,-437.234279812,-800,0.353333333333,27.9333333333,2.82866666667e-08,3.51866666667e-10,4.872e-10,11.4492005106,84.7564567053,-73.3072561947,100.774106894,-487.147650794,304.982052119,221.77887726,2.35065839856,1.07313018072e-07,6.64922905672e-08
5.357e-06,105.985808302,-438.537092754,-800,0.356666666667,27.8666666667,2.82233333333e-08,3.52733333333e-10,4.884e-10,3.71467268247,52.9929041512,-49.2782314687,105.386862862,-476.300924567,309.974032191,225.676745888,2.06764155433,1.09338173621e-07,5.83557368016e-08
5.358e-06,27.5733113841,-439.770655606,-800,0.36,27.8,2.816e-08,3.536e-10,4.896e-10,-6.39936188746,13.7866556921,-20.1860175795,100.452209622,-468.334560388,313.798981471,228.727478349,1.55788190702,1.10959319848e-07,4.38699545017e-08
5.359e-06,-54.7117751763,-440.934773573,-800,0.363333333333,27.7333333333,2.80966666667e-08,3.54466666667e-10,4.908e-10,-17.4406089986,-27.3558875881,9.91527858952,86.3873513494,-464.671200603,315.921205431,230.545225799,0.891727222945,1.11983536619e-07,2.50545625407e-08
5.36e-06,-129.312755504,-442.029262828,-800,0.366666666667,27.6666666667,2.80333333333e-08,3.55333333333e-10,4.92e-10,-27.8281830209,-64.6563777522,36.8281947312,64.891044518,-466.119698637,316.042955673,230.916298464,0.161695872118,1.12300596916e-07,4.5328742817e-09
5.361e-06,-185.75214361,-443.053950538,-800,0.37,27.6,2.797e-08,3.562e-10,4.932e-10,-36.0765993295,-92.8760718052,56.7994724758,38.7034361343,-472.759960347,314.145552769,229.828671357,-0.530538867137,1.11898645896e-07,-1.48391721138e-08
5.362e-06,-216.10319516,-444.008674894,-800,0.373333333333,27.5333333333,2.79066666667e-08,3.57066666667e-10,4.944e-10,-41.0058112822,-108.05159758,67.045786298,11.2204196863,-483.930436048,310.491117859,227.473024779,-1.08847773215,1.10866028483e-07,-3.03757852453e-08
5.363e-06,-216.10319516,-444.893285132,-800,0.376666666667,27.4666666667,2.78433333333e-08,3.57933333333e-10,4.956e-10,-41.9075896892,-108.05159758,66.1440078909,-13.9832070726,-498.320198281,305.584795984,224.215264748,-1.43441822264,1.09378984643e-07,-3.99389847124e-08
5.364e-06,-185.75214361,-445.707641563,-800,0.38,27.4,2.778e-08,3.588e-10,4.968e-10,-38.6447836313,-92.8760718052,54.2312881739,-33.6548178134,-514.152788357,300.102911799,220.544480331,-1.52044802118,1.07676924753e-07,-4.22380460285e-08
5.365e-06,-129.312755504,-446.451615592,-800,0.383333333333,27.3333333333,2.77166666667e-08,3.59666666667e-10,4.98e-10,-31.6695503886,-64.6563777522,32.9868273635,-45.3190258311,-529.436046129,294.797273014,217.003737465,-1.33525364257,1.06028752527e-07,-3.70087801266e-08
5.366e-06,-54.7117751763,-447.125089734,-800,0.386666666667,27.2666666667,2.76533333333e-08,3.60533333333e-10,4.992e-10,-21.9581409088,-27.3558875882,5.39774667936,-47.6230742435,-542.242784833,290.389159834,214.113499779,-0.905776656447,1.04694971759e-07,-2.50477438063e-08
5.367e-06,27.5733113842,-447.727957642,-800,0.39,27.2,2.759e-08,3.614e-10,5.004e-10,-10.8716441045,13.7866556921,-24.6582997966,-40.5243563865,-550.982762038,287.467946817,212.298473242,-0.29347517159,1.0389091598e-07,-8.09697998417e-09
5.368e-06,105.985808302,-448.260124114,-800,0.393333333333,27.1333333333,2.75266666667e-08,3.62266666667e-10,5.016e-10,0.037445172644,52.9929041512,-52.9554589785,-25.2940766202,-554.62755968,286.408604884,211.828155808,0.414290942295,1.03756290596e-07,1.14040486716e-08
5.369e-06,169.512913411,-448.721505117,-800,0.396666666667,27.0666666667,2.74633333333e-08,3.63133333333e-10,5.028e-10,9.24534175498,84.7564567054,-75.5111149504,-4.3368643368,-552.856566402,287.319630439,212.779412932,1.11654368959,1.04335335133e-07,3.06640115284e-08
5.37e-06,209.232433585,-449.112027793,-800,0.4,27,2.74e-08,3.64e-10,5.04e-10,15.4725566295,104.616216792,-89.1436601629,19.1480641184,-546.103334769,290.028631881,215.026275083,1.71291231068,1.05570422005e-07,4.69337973127e-08
5.371e-06,219.565880254,-449.431630473,-800,0.403333333333,26.9333333333,2.73366666667e-08,3.64866666667e-10,5.052e-10,17.8644480267,109.782940127,-91.9184921004,41.616451154,-535.495608568,294.107483301,218.258307345,2.11779635547,1.07310017074e-07,5.78934930374e-08
5.372e-06,199.061951543,-449.680262688,-800,0.406666666667,26.8666666667,2.72733333333e-08,3.65733333333e-10,5.064e-10,16.1112547368,99.5309757713,-83.4197210345,59.6760851965,-522.697307577,298.933382616,222.024877155,2.27246789266,1.09329902469e-07,6.19777743259e-08
5.373e-06,150.600363304,-449.857885177,-800,0.41,26.8,2.721e-08,3.666e-10,5.076e-10,10.490750148,75.3001816522,-64.8094315042,70.5617177304,-509.67460499,303.777111279,225.799010876,2.15340175441,1.11364688995e-07,5.85940617376e-08
5.374e-06,80.9874015906,-449.964469892,-800,0.413333333333,26.7333333333,2.71466666667e-08,3.67466666667e-10,5.088e-10,1.82764528139,40.4937007953,-38.6660555139,72.5213290371,-498.418980104,307.905992636,229.051793353,1.77565213483,1.13145188761e-07,4.82030366201e-08
5.375e-06,4.09058892119e-12,-450,-800,0.416666666667,26.6666666667,2.70833333333e-08,3.68333333333e-10,5.1e-10,-8.62433317886,2.04547490057e-12,-8.62433317886,65.0597981564,-490.666254052,310.687016543,231.326809213,1.19079092088,1.14436384427e-07,3.22505874405e-08
5.376e-06,-80.9874015906,-449.964469892,-800,0.42,26.6,2.702e-08,3.692e-10,5.112e-10,-19.3608303053,-40.4937007953,21.13287049,49.0061020048,-487.651247341,311.675619359,232.304151185,0.479689748115,1.15070638667e-07,1.29612169941e-08
5.377e-06,-150.600363304,-449.857885177,-800,0.423333333333,26.5333333333,2.69566666667e-08,3.70066666667e-10,5.124e-10,-28.8403330157,-75.3001816521,46.4598486365,26.3949459764,-489.932736349,310.677671316,231.845020899,-0.25884412838,1.14971450232e-07,-6.97757488737e-09
5.378e-06,-199.061951543,-449.680262688,-800,0.426666666667,26.4666666667,2.68933333333e-08,3.70933333333e-10,5.136e-10,-35.7024287783,-99.5309757713,63.828546993,0.179734749538,-497.313522759,307.776031398,230.010705955,-0.921981291067,1.14164389247e-07,-2.47951501878e-08
5.379e-06,-219.565880254,-449.431630473,-800,0.43,26.4,2.683e-08,3.718e-10,5.148e-10,-38.9599471475,-109.782940127,70.8229929797,-26.1826171726,-508.867048812,303.31804188,227.05334158,-1.41737369986,1.12773647971e-07,-3.80281363673e-08
5.38e-06,-209.232433585,-449.112027793,-800,0.433333333333,26.3333333333,2.67666666667e-08,3.72666666667e-10,5.16e-10,-38.1378434689,-104.616216792,66.4783733236,-49.2166599145,-523.066974716,297.865841982,223.379843382,-1.67620257615,1.11004670445e-07,-4.48663556215e-08
5.381e-06,-169.512913411,-448.721505117,-800,0.436666666667,26.2666666667,2.67033333333e-08,3.73533333333e-10,5.172e-10,-33.339283471,-84.7564567053,51.4171732343,-65.9151246432,-538.001599189,292.116606216,219.494168703,-1.66292696198,1.09115289642e-07,-4.44056929746e-08
5.382e-06,-105.985808302,-448.260124114,-800,0.44,26.2,2.664e-08,3.744e-10,5.184e-10,-25.2297367233,-52.9929041512,27.7631674279,-74.1592178707,-551.643001783,286.804023477,215.926097968,-1.38035188082,1.0737942639e-07,-3.67725741051e-08
5.383e-06,-27.5733113842,-447.727957642,-800,0.443333333333,26.1333333333,2.65766666667e-08,3.75266666667e-10,5.196e-10,-14.9415147117,-13.7866556921,-1.15485901966,-73.0137545316,-562.133014605,282.594938416,213.156599505,-0.869293293368,1.06048460556e-07,-2.31029180934e-08
5.384e-06,54.7117751763,-447.125089734,-800,0.446666666667,26.0666666667,2.65133333333e-08,3.76133333333e-10,5.208e-10,-3.91244635712,27.3558875881,-31.2683339453,-62.8560241457,-568.045694787,279.995715318,211.550291671,-0.202878401499,1.05315721722e-07,-5.37898268507e-09
5.385e-06,129.312755504,-446.451615592,-800,0.45,26,2.645e-08,3.77e-10,5.22e-10,6.31832290811,64.6563777522,-58.338054844,-45.3206417332,-568.589220276,279.281472604,211.304485632,0.523722977855,1.05289115172e-07,1.38524727643e-08
5.386e-06,185.75214361,-445.707641563,-800,0.453333333333,25.9333333333,2.63866666667e-08,3.77866666667e-10,5.232e-10,14.3284043575,92.8760718052,-78.5476674477,-23.0684350501,-563.71862063,280.458077997,212.421930233,1.20669414185,1.05975759072e-07,3.18406360896e-08
5.387e-06,216.10319516,-444.893285132,-800,0.456666666667,25.8666666667,2.63233333333e-08,3.78733333333e-10,5.244e-10,19.0132093499,108.05159758,-89.0383882302,0.587955132613,-554.143292031,283.262154338,214.711023391,1.7482088372,1.0728081992e-07,4.60186839578e-08
5.388e-06,216.10319516,-444.008674894,-800,0.46,25.8,2.626e-08,3.796e-10,5.256e-10,19.7415422725,108.05159758,-88.3100553077,22.1490805448,-541.228068789,287.198981011,217.813377709,2.07024642493,1.09020733192e-07,5.43646711186e-08
5.389e-06,185.75214361,-443.053950538,-800,0.463333333333,25.7333333333,2.61966666667e-08,3.80466666667e-10,5.268e-10,16.4438222259,92.8760718052,-76.4322495793,38.4190243424,-526.801643872,291.612843009,221.254778604,2.12563380449,1.10948966337e-07,5.56845202315e-08
5.39e-06,129.312755504,-442.029262828,-800,0.466666666667,25.6666666667,2.61333333333e-08,3.81333333333e-10,5.28e-10,9.62060118851,64.6563777522,-55.0357765637,46.9523722979,-512.899228869,295.779829376,224.512292795,1.90475129085,1.12790708269e-07,4.97775004009e-08
5.391e-06,54.7117751763,-440.934773573,-800,0.47,25.6,2.607e-08,3.822e-10,5.292e-10,0.270358963769,27.3558875881,-27.0855286244,46.3953118615,-501.475667566,299.009952905,227.088033514,1.43694910804,1.14281604e-07,3.74612632466e-08
5.392e-06,-27.5733113841,-439.770655606,-800,0.473333333333,25.5333333333,2.60066666667e-08,3.83066666667e-10,5.304e-10,-10.2530139853,-13.7866556921,3.53364170675,36.6732914299,-494.12944487,300.744190025,228.579180035,0.786466174623,1.15205074392e-07,2.0453363648e-08
5.393e-06,-105.985808302,-438.537092754,-800,0.476666666667,25.4666666667,2.59433333333e-08,3.83933333333e-10,5.316e-10,-20.4327045519,-52.9929041512,32.5601995993,18.9992413301,-491.876559297,300.632797382,228.734407126,0.0434184756683,1.15422952008e-07,1.12641998709e-09
5.394e-06,-169.512913411,-437.234279812,-800,0.48,25.4,2.588e-08,3.848e-10,5.328e-10,-28.8040676928,-84.7564567053,55.9523890125,-4.2984725353,-495.006251376,298.583937114,227.488821839,-0.688878887138,1.14895099002e-07,-1.78281855991e-08
5.395e-06,-209.232433585,-435.862422508,-800,0.483333333333,25.3333333333,2.58166666667e-08,3.85666666667e-10,5.34e-10,-34.1618163081,-104.616216792,70.4544004844,-30.1039522309,-503.039077913,294.775854215,224.972553495,-1.3084723813,1.13685221109e-07,-3.37803953105e-08
5.396e-06,-219.565880254,-434.421737475,-800,0.486666666667,25.2666666667,2.57533333333e-08,3.86533333333e-10,5.352e-10,-35.7299978035,-109.782940127,74.0529423237,-54.9513430103,-514.793409316,289.630999348,221.491865402,-1.72916130282,1.11952035615e-07,-4.45316674186e-08
5.397e-06,-199.061951543,-432.912452214,-800,0.49,25.2,2.569e-08,3.874e-10,5.364e-10,-33.2707834714,-99.5309757713,66.2601922999,-75.5106252047,-528.55113381,283.755851572,217.48552793,-1.89268810386,1.09927016899e-07,-4.8623157388e-08
5.398e-06,-150.600363304,-431.334805058,-800,0.493333333333,25.1333333333,2.56266666667e-08,3.88266666667e-10,5.376e-10,-27.1168172649,-75.3001816521,48.1833643872,-89.0535296247,-542.29933555,277.855012485,213.462666755,-1.77700372462,1.07881839514e-07,-4.55386821162e-08
5.399e-06,-80.9874015906,-429.689045136,-800,0.496666666667,25.0666666667,2.55633333333e-08,3.89133333333e-10,5.388e-10,-18.1227299248,-40.4937007953,22.3709708705,-93.8343896975,-554.013953984,272.631739852,209.930889578,-1.39943515467,1.06090097701e-07,-3.57742273373e-08
5.4e-06,-3.62168929927e-11,-427.975432333,-800,0.5,25,2.55e-08,3.9e-10,5.4e-10,-7.54287989167,-1.81086257101e-11,-7.54287989165,-89.3327698041,-561.945453128,268.688962193,207.324837424,-0.814300158121,1.04788695255e-07,-2.07646540321e-08
5.401e-06,80.9874015907,-426.194237248,-800,0.503333333333,24.9333333333,2.54366666667e-08,3.90866666667e-10,5.412e-10,3.14718960457,40.4937007953,-37.3465111908,-76.3241548863,-564.866183369,266.444707355,205.945217434,-0.105297181619,1.04144354615e-07,-2.67840930979e-09
5.402e-06,150.600363304,-424.345741152,-800,0.506666666667,24.8666666667,2.53733333333e-08,3.91733333333e-10,5.424e-10,12.4601616632,75.3001816522,-62.840019989,-56.7691155265,-562.244462623,266.073808687,205.916869415,0.626263512694,1.0422997999e-07,1.58903928621e-08
5.403e-06,199.061951543,-422.430235944,-800,0.51,24.8,2.531e-08,3.926e-10,5.436e-10,19.1075013113,99.5309757713,-80.42347446,-33.5367890945,-554.32069292,267.484019046,207.171714303,1.27573273937,1.05014225877e-07,3.22887956334e-08
5.404e-06,219.565880254,-420.448024105,-800,0.513333333333,24.7333333333,2.52466666667e-08,3.93466666667e-10,5.448e-10,22.1813431416,109.782940127,-87.6015969855,-10.0016797914,-542.074618035,270.329795733,209.458913061,1.74988850587,1.06365763628e-07,4.41788518115e-08
5.405e-06,209.232433585,-418.39941865,-800,0.516666666667,24.6666666667,2.51833333333e-08,3.94333333333e-10,5.46e-10,21.2820315124,104.616216792,-83.3341852801,10.4295592925,-527.088176756,274.061706911,212.380727224,1.98011178994,1.08071666425e-07,4.98658152434e-08
5.406e-06,169.512913411,-416.284743076,-800,0.52,24.6,2.512e-08,3.952e-10,5.472e-10,16.5733928285,84.7564567053,-68.1830638768,24.7950021954,-511.323150407,278.004401214,215.44895838,1.9321096628,1.0986733936e-07,4.85345947295e-08
5.407e-06,105.985808302,-414.104331315,-800,0.523333333333,24.5333333333,2.50566666667e-08,3.96066666667e-10,5.484e-10,8.75809675098,52.9929041512,-44.2348074002,30.9912332661,-496.844860187,281.452081341,218.153961362,1.61080793221,1.11473787683e-07,4.03614774213e-08
5.408e-06,27.5733113841,-411.858527679,-800,0.526666666667,24.4666666667,2.49933333333e-08,3.96933333333e-10,5.496e-10,-1.02320282542,13.7866556921,-14.8098585175,28.0662387158,-485.530833464,283.767989745,220.036478652,1.05971523051,1.12636974063e-07,2.64858159947e-08
5.409e-06,-54.7117751763,-409.547686808,-800,0.53,24.4,2.493e-08,3.978e-10,5.508e-10,-11.3544732342,-27.3558875881,16.0014143539,16.3506325785,-478.805539688,284.47388815,220.752174079,0.35483983135,1.13163712706e-07,8.84615699555e-09
5.41e-06,-129.312755504,-407.17217361,-800,0.533333333333,24.3333333333,2.48666666667e-08,3.98666666667e-10,5.52e-10,-20.7454749207,-64.6563777522,43.9109028315,-2.59085709417,-477.43867955,283.316961253,220.119800578,-0.405990422617,1.12949028553e-07,-1.00956285091e-08
5.411e-06,-185.75214361,-404.732363205,-800,0.536666666667,24.2666666667,2.48033333333e-08,3.99533333333e-10,5.532e-10,-27.8429179811,-92.8760718052,65.0331538241,-26.1805286867,-481.435597009,280.304789086,218.146266659,-1.11690445342,1.11991106733e-07,-2.77029534597e-08
5.412e-06,-216.10319516,-402.228640868,-800,0.54,24.2,2.474e-08,4.004e-10,5.544e-10,-31.6216810029,-108.05159758,76.4299165772,-51.190215716,-490.035423006,275.703554705,215.025137897,-1.67892050908,1.10391703304e-07,-4.15364933947e-08
5.413e-06,-216.10319516,-399.661401966,-800,0.543333333333,24.1333333333,2.46766666667e-08,4.01266666667e-10,5.556e-10,-31.5290699779,-108.05159758,76.5225276023,-74.1941790822,-501.81737546,269.999843836,211.108859753,-2.01392871422,1.08341937337e-07,-4.96970475712e-08
5.414e-06,-185.75214361,-397.031051896,-800,0.546666666667,24.0666666667,2.46133333333e-08,4.02133333333e-10,5.568e-10,-27.5618144128,-92.8760718052,65.3142573924,-92.0488430975,-514.900372759,263.831518235,206.858687276,-2.07574826044,1.06095447866e-07,-5.10910838503e-08
5.415e-06,-129.312755504,-394.33800602,-800,0.55,24,2.455e-08,4.03e-10,5.58e-10,-20.2650749358,-64.6563777522,44.3913028163,-102.332195099,-527.20792251,257.897483555,202.779434929,-1.85669385167,1.03932685872e-07,-4.55818340585e-08
5.416e-06,-54.7117751763,-391.582689601,-800,0.553333333333,23.9333333333,2.44866666667e-08,4.03866666667e-10,5.592e-10,-10.6538079971,-27.3558875881,16.7020795911,-103.68143542,-536.760990071,252.859116618,199.348277199,-1.38871761409,1.02121368565e-07,-3.40050653104e-08
5.417e-06,27.5733113841,-388.765537737,-800,0.556666666667,23.8666666667,2.44233333333e-08,4.04733333333e-10,5.604e-10,-0.0678268373805,13.786655692,-13.8544825294,-95.9818142229,-541.957545064,249.247255683,196.947642485,-0.738957077601,1.00878672617e-07,-1.80477950253e-08
5.418e-06,105.985808302,-385.886995287,-800,0.56,23.8,2.436e-08,4.056e-10,5.616e-10,10.0187430541,52.9929041512,-42.9741610971,-80.3805003037,-541.799302602,247.387835079,195.811638317,-0.000309319556058,1.00340505908e-07,-7.53502438557e-12
5.419e-06,169.512913411,-382.947516808,-800,0.563333333333,23.7333333333,2.42966666667e-08,4.06466666667e-10,5.628e-10,18.2065125151,84.7564567053,-66.5499441902,-59.1238564504,-536.033571272,247.356583861,195.993514309,0.721645493354,1.0054220612e-07,1.75335800035e-08
5.42e-06,209.232433585,-379.947566476,-800,0.566666666667,23.6666666667,2.42333333333e-08,4.07333333333e-10,5.64e-10,23.3687315492,104.616216792,-81.2474852433,-35.2412075752,-525.190056649,248.969086539,197.358685915,1.32353053114,1.01413407917e-07,3.20735565381e-08
5.421e-06,219.565880254,-376.887618019,-800,0.57,23.6,2.417e-08,4.082e-10,5.652e-10,24.8100541265,109.782940127,-84.9728860006,-12.1196235789,-510.507268747,251.807506999,199.604230182,1.71876974587,1.02787824357e-07,4.15426647578e-08
5.422e-06,199.061951543,-373.768154638,-800,0.573333333333,23.5333333333,2.41066666667e-08,4.09066666667e-10,5.664e-10,22.3637900336,99.5309757713,-77.1671857377,6.97059406801,-493.758759394,255.280110346,202.302034397,1.84983502507,1.04426583806e-07,4.45933563376e-08
5.423e-06,150.600363304,-370.589668933,-800,0.576666666667,23.4666666667,2.40433333333e-08,4.09933333333e-10,5.676e-10,16.414040041,75.3001816522,-58.8861416111,19.3332450408,-477.003572684,258.705109485,204.959455535,1.69641047018,1.06051847882e-07,4.07873624046e-08
5.424e-06,80.9874015907,-367.352662823,-800,0.58,23.4,2.398e-08,4.108e-10,5.688e-10,7.8397849325,40.4937007953,-32.6539158628,23.2224301485,-462.296027699,261.406961242,207.088899407,1.27831506623,1.07385979678e-07,3.06539952882e-08
5.425e-06,-3.17012201308e-11,-364.057647469,-800,0.583333333333,23.3333333333,2.39166666667e-08,4.11666666667e-10,5.7e-10,-2.110940682,-1.58506541226e-11,-2.11094068198,18.0851337998,-451.395746333,262.811516283,208.276495984,0.652763327842,1.0819074087e-07,1.56119229242e-08
5.426e-06,-80.9874015906,-360.705143192,-800,0.586666666667,23.2666666667,2.38533333333e-08,4.12533333333e-10,5.712e-10,-11.9987799757,-40.4937007953,28.4949208196,4.63649266436,-445.51886513,262.526625879,208.240201595,-0.0936577019379,1.08300984063e-07,-2.23404838356e-09
5.427e-06,-150.600363304,-357.295679392,-800,0.59,23.2,2.379e-08,4.134e-10,5.724e-10,-20.3973798616,-75.3001816522,54.9028017906,-15.2424780773,-445.165615953,260.396893362,206.869174262,-0.857170155606,1.07648075716e-07,-2.03920780019e-08
5.428e-06,-199.061951543,-353.829794461,-800,0.593333333333,23.1333333333,2.37266666667e-08,4.14266666667e-10,5.736e-10,-26.0953037009,-99.5309757713,73.4356720704,-38.7700743286,-450.048729952,256.524930268,204.238928036,-1.53143195276,1.06269727779e-07,-3.63357754659e-08
5.429e-06,-219.565880254,-350.308035705,-800,0.596666666667,23.0666666667,2.36633333333e-08,4.15133333333e-10,5.748e-10,-28.2669452064,-109.782940127,81.5159949207,-62.654618777,-459.132920235,251.256215256,200.600198379,-2.02254677424,1.0430483016e-07,-4.78601985012e-08
5.43e-06,-209.232433585,-346.730959249,-800,0.6,23,2.36e-08,4.16e-10,5.76e-10,-26.5883275236,-104.616216792,78.0278892688,-83.5558220661,-470.780030552,245.129787813,196.343158691,-2.26233867144,1.0197399173e-07,-5.33911926459e-08
5.431e-06,-169.512913411,-343.099129955,-800,0.603333333333,22.9333333333,2.35366666667e-08,4.16866666667e-10,5.772e-10,-21.2815443153,-84.7564567053,63.4749123901,-98.5521269159,-482.979510271,238.801814379,191.942095157,-2.21801447969,9.95485163543e-08,-5.22046674703e-08
5.432e-06,-105.985808302,-339.413121331,-800,0.606666666667,22.8666666667,2.34733333333e-08,4.17733333333e-10,5.784e-10,-13.0817512384,-52.9929041512,39.9111529128,-105.548653617,-493.631798742,232.952866121,187.888385464,-1.89684447183,9.73121772744e-08,-4.45252625688e-08
5.433e-06,-27.5733113841,-335.673515441,-800,0.61,22.8,2.341e-08,4.186e-10,5.796e-10,-3.13160221892,-13.7866556921,10.6550534731,-103.568792705,-500.844684356,228.192012271,184.621253084,-1.345193094,9.55211763365e-08,-3.14909703306e-08
5.434e-06,54.7117751762,-331.880902811,-800,0.613333333333,22.7333333333,2.33466666667e-08,4.19466666667e-10,5.808e-10,7.18171313802,27.3558875881,-20.1741744501,-92.8888685773,-503.200813455,224.971246082,182.466056442,-0.642028417896,9.43679386901e-08,-1.49892234632e-08
5.435e-06,129.312755504,-328.03588234,-800,0.616666666667,22.6666666667,2.32833333333e-08,4.20333333333e-10,5.82e-10,16.4235884092,64.6563777522,-48.232789343,-74.9973207938,-499.958537025,223.52226869,181.588784785,0.112181250694,9.39538602727e-08,2.61195345365e-09
5.436e-06,185.75214361,-324.1390612,-800,0.62,22.6,2.322e-08,4.212e-10,5.832e-10,23.3152616832,92.8760718052,-69.560810122,-52.3844270082,-491.157640816,223.824474722,181.973126457,0.80962248872,9.42748687527e-08,1.87994341881e-08
5.437e-06,216.10319516,-320.191054744,-800,0.623333333333,22.5333333333,2.31566666667e-08,4.22066666667e-10,5.844e-10,26.9144159188,108.05159758,-81.1371816613,-28.1922808671,-477.614893767,225.608564992,183.423278855,1.35034928345,9.52218549975e-08,3.12695882405e-08
5.438e-06,216.10319516,-316.192486409,-800,0.626666666667,22.4666666667,2.30933333333e-08,4.22933333333e-10,5.856e-10,26.7476073894,108.05159758,-81.3039901908,-5.7742283432,-460.809885584,228.39518156,185.592035002,1.65640643954,9.65959354543e-08,3.82519460439e-08
5.439e-06,185.75214361,-312.143987616,-800,0.63,22.4,2.303e-08,4.238e-10,5.868e-10,22.8759079092,92.8760718052,-70.0001638961,11.774461021,-442.677116404,231.56302898,188.030122542,1.68286800815,9.81364116816e-08,3.87564502277e-08
5.44e-06,129.312755504,-308.046197668,-800,0.633333333333,22.3333333333,2.29666666667e-08,4.24666666667e-10,5.88e-10,15.8846599936,64.6563777522,-48.7717177586,22.0490009633,-425.333561973,234.436807007,190.249788131,1.42422761434,9.95574973757e-08,3.2709760876e-08
5.441e-06,54.7117751763,-303.899763654,-800,0.636666666667,22.2666666667,2.29033333333e-08,4.25533333333e-10,5.892e-10,6.79901918031,27.3558875882,-20.5568684079,23.670169103,-410.780090837,236.382515167,191.79363222,0.915231658156,1.00588639621e-07,2.0961855744e-08
5.442e-06,-27.5733113842,-299.705340345,-800,0.64,22.2,2.284e-08,4.264e-10,5.904e-10,-3.06253566405,-13.7866556921,10.7241200281,16.4753768848,-400.618857261,236.89668425,192.298983585,0.226029784293,1.01012746164e-07,5.16252027324e-09
5.443e-06,-105.985808302,-295.463590089,-800,0.643333333333,22.1333333333,2.27766666667e-08,4.27266666667e-10,5.916e-10,-12.2757927711,-52.9929041512,40.7171113801,1.53926736455,-395.826597866,235.67698096,191.548756999,-0.547680689733,1.00696918065e-07,-1.24743405098e-08
5.444e-06,-169.512913411,-291.175182706,-800,0.646666666667,22.0666666667,2.27133333333e-08,4.28133333333e-10,5.928e-10,-19.5128076018,-84.7564567053,65.2436491036,-18.9787347366,-396.615922776,232.66428906,189.501665532,-1.29813179921,9.96113376231e-08,-2.94849002661e-08
5.445e-06,-209.232433585,-286.840795387,-800,0.65,22,2.265e-08,4.29e-10,5.94e-10,-23.7296598467,-104.616216792,80.8865569458,-42.138294138,-402.404311977,228.050414584,186.297586101,-1.92068543249,9.78336278566e-08,-4.35035250458e-08
5.446e-06,-219.565880254,-282.461112581,-800,0.653333333333,21.9333333333,2.25866666667e-08,4.29866666667e-10,5.952e-10,-24.3134174258,-109.782940127,85.4695227013,-64.6306969903,-411.895346355,222.250420652,182.237388174,-2.32861322704,9.5538047491e-08,-5.25956107547e-08
5.447e-06,-199.061951543,-278.036825891,-800,0.656666666667,21.8666666667,2.25233333333e-08,4.30733333333e-10,5.964e-10,-21.1676154106,-99.5309757713,78.3633603607,-83.2421674681,-423.260860273,215.843582775,177.740134844,-2.46536811895,9.29710258873e-08,-5.55283079325e-08
5.448e-06,-150.600363304,-273.568633963,-800,0.66,21.8,2.246e-08,4.316e-10,5.976e-10,-14.7243294272,-75.3001816522,60.5758522249,-95.3030966599,-434.398435045,209.491365597,173.283745505,-2.31261105763,9.04164733916e-08,-5.19412443543e-08
5.449e-06,-80.9874015906,-269.057242376,-800,0.663333333333,21.7333333333,2.23966666667e-08,4.32466666667e-10,5.988e-10,-5.88135715256,-40.4937007953,34.6123436428,-99.0603984432,-443.22797724,203.844037147,169.337523301,-1.89285338975,8.81557512649e-08,-4.2393606419e-08
5.45e-06,-4.25083940738e-13,-264.503363532,-800,0.666666666667,21.6666666667,2.23333333333e-08,4.33333333333e-10,6e-10,4.12636525432,-2.12718731518e-13,4.12636525432,-93.9210683677,-447.985555357,199.449106991,166.296074618,-1.26633418866,8.64279463629e-08,-2.82814635467e-08
5.451e-06,80.9874015906,-259.90771654,-800,0.67,21.6,2.227e-08,4.342e-10,6.012e-10,13.902696777,40.4937007953,-26.5910040183,-80.5331224293,-447.472996848,196.674483263,164.423926854,-0.522565429144,8.53960606327e-08,-1.1637532107e-08
5.452e-06,150.600363304,-255.271027107,-800,0.673333333333,21.5333333333,2.22066666667e-08,4.35066666667e-10,6.024e-10,22.0885091048,75.3001816522,-53.2116725474,-60.6928889818,-441.227936867,195.657136288,163.818619242,0.232268447602,8.51238980943e-08,5.15790799309e-09
5.453e-06,199.061951543,-250.59402742,-800,0.676666666667,21.4666666667,2.21433333333e-08,4.35933333333e-10,6.036e-10,27.5540423551,99.5309757713,-71.9769334162,-37.0919232437,-429.590194668,196.28443494,164.397418617,0.890282893262,8.55669280048e-08,1.97138308665e-08
5.454e-06,219.565880254,-245.87745603,-800,0.68,21.4,2.208e-08,4.368e-10,6.048e-10,29.5581704762,109.782940127,-80.2247696509,-12.939210601,-413.654960759,198.21070007,165.9094702,1.35712637607,8.65784337905e-08,2.99653503836e-08
5.455e-06,209.232433585,-241.122057741,-800,0.683333333333,21.3333333333,2.20166666667e-08,4.37666666667e-10,6.06e-10,27.8521199551,104.616216792,-76.7640968374,8.48830520617,-395.119249712,200.906551055,167.971605158,1.56532332096,8.79301005119e-08,3.44632017832e-08
5.456e-06,169.512913411,-236.328583483,-800,0.686666666667,21.2666666667,2.19533333333e-08,4.38533333333e-10,6.072e-10,22.7131243989,84.7564567053,-62.0433323064,24.3039086998,-376.043155956,203.734007523,170.122698302,1.4838398597,8.93441534325e-08,3.25752310533e-08
5.457e-06,105.985808302,-231.497790202,-800,0.69,21.2,2.189e-08,4.394e-10,6.084e-10,14.9034687122,52.9929041512,-38.089435439,32.413948691,-358.559511824,206.036697751,171.888868807,1.12251620837,9.05325249918e-08,2.45718798011e-08
5.458e-06,27.5733113842,-226.630440736,-800,0.693333333333,21.1333333333,2.18266666667e-08,4.40266666667e-10,6.096e-10,5.56096081867,13.7866556921,-8.22569487344,31.8091105446,-344.572880494,207.232424255,172.850309006,0.530732601464,9.12375286519e-08,1.15841235813e-08
5.459e-06,-54.7117751763,-221.727303697,-800,0.696666666667,21.0666666667,2.17633333333e-08,4.41133333333e-10,6.108e-10,-3.96343548213,-27.3558875882,23.392452106,22.7036068945,-335.490379172,206.895037772,172.700320628,-0.209510749428,9.12682976623e-08,-4.55965227672e-09
5.46e-06,-129.312755504,-216.789153346,-800,0.7,21,2.17e-08,4.42e-10,6.12e-10,-12.2976369636,-64.6563777522,52.3587407886,6.50309927634,-332.02239088,204.81411082,171.288260039,-0.995130016743,9.05278369825e-08,-2.15943213633e-08
5.461e-06,-185.75214361,-211.816769474,-800,0.703333333333,20.9333333333,2.16366666667e-08,4.42866666667e-10,6.132e-10,-18.2428475106,-92.8760718052,74.6332242947,-14.3938634927,-334.081405012,201.024059618,168.640382605,-1.71648744674,8.90268552028e-08,-3.71390667226e-08
5.462e-06,-216.10319516,-206.81093728,-800,0.706666666667,20.8666666667,2.15733333333e-08,4.43733333333e-10,6.144e-10,-20.94278696,-108.05159758,87.1088106202,-36.9328434386,-340.793406493,195.798689351,164.955705808,-2.27286637513,8.68824050878e-08,-4.90333039328e-08
5.463e-06,-216.10319516,-201.772447241,-800,0.71,20.8,2.151e-08,4.446e-10,6.156e-10,-20.003849992,-108.05159758,88.0477475882,-57.8316025697,-350.620357391,189.612020123,160.577538131,-2.58670722801,8.43015041467e-08,-5.56400724745e-08
5.464e-06,-185.75214361,-196.702094993,-800,0.713333333333,20.7333333333,2.14466666667e-08,4.45466666667e-10,6.168e-10,-15.549332048,-92.8760718052,77.3267397572,-74.039290858,-361.576622731,183.071000041,155.944748011,-2.61459216533,8.15520281515e-08,-5.6074286639e-08
5.465e-06,-129.312755504,-191.600681204,-800,0.716666666667,20.6666666667,2.13833333333e-08,4.46333333333e-10,6.18e-10,-8.2002553635,-64.6563777522,56.4561223887,-83.162501501,-371.508900529,176.829658969,151.529691603,-2.35342249301,7.89249711199e-08,-5.03240176421e-08
5.466e-06,-54.7117751762,-186.469011447,-800,0.72,20.6,2.132e-08,4.472e-10,6.192e-10,1.01424791572,-27.3558875881,28.3701355038,-83.7987068209,-378.40020566,171.496847447,147.771580473,-1.84090982981,7.66933901784e-08,-3.92481975716e-08
5.467e-06,27.5733113841,-181.307896071,-800,0.723333333333,20.5333333333,2.12566666667e-08,4.48066666667e-10,6.204e-10,10.8040674073,13.7866556921,-2.98258828476,-75.7306378029,-380.655006367,167.550578356,145.014690621,-1.15030396535,7.50738291422e-08,-2.44516279567e-08
5.468e-06,105.985808302,-176.118150077,-800,0.726666666667,20.4666666667,2.11933333333e-08,4.48933333333e-10,6.216e-10,19.8017260187,52.9929041512,-33.1911781325,-59.9546857986,-377.325216338,165.27102553,143.460108189,-0.380094282517,7.41956723944e-08,-8.05546482748e-09
5.469e-06,169.512913411,-170.900592985,-800,0.73,20.4,2.113e-08,4.498e-10,6.228e-10,26.7563367599,84.7564567053,-58.0001199454,-38.5396473578,-368.24504461,164.701573907,143.137777651,0.359867413415,7.40827679434e-08,7.60399844545e-09
5.47e-06,209.232433585,-165.656048708,-800,0.733333333333,20.3333333333,2.10666666667e-08,4.50666666667e-10,6.24e-10,30.7103908079,104.616216792,-73.9058259845,-14.3358478417,-354.055535716,165.643339116,143.902740143,0.963867385688,7.4649931495e-08,2.03054729252e-08
5.471e-06,219.565880254,-160.385345421,-800,0.736666666667,20.2666666667,2.10033333333e-08,4.51533333333e-10,6.252e-10,31.1343868276,109.782940127,-78.6485532995,9.42444820022,-336.115187397,167.683844131,145.456030849,1.34526656715,7.57148450865e-08,2.8255082132e-08
5.472e-06,199.061951543,-155.089315429,-800,0.74,20.2,2.094e-08,4.524e-10,6.264e-10,28.0003686127,99.5309757713,-71.5306071586,29.5793132429,-316.309119341,170.255725402,147.387228113,1.44876276166,7.7023690172e-08,3.03370922292e-08
5.473e-06,150.600363304,-149.768795035,-800,0.743333333333,20.1333333333,2.08766666667e-08,4.53266666667e-10,6.276e-10,21.7841581204,75.3001816522,-53.5160235318,43.4788299381,-296.783612369,172.717119304,149.232603173,1.25824285979,7.82869129433e-08,2.62679167696e-08
5.474e-06,80.9874015906,-144.424624413,-800,0.746666666667,20.0666666667,2.08133333333e-08,4.54133333333e-10,6.288e-10,13.3962092558,40.4937007953,-27.0974915396,49.3544647147,-279.64341449,174.442345314,150.540636052,0.799110076581,7.92200837517e-08,1.66321443939e-08
5.475e-06,-1.74708205852e-11,-139.057647469,-800,0.75,20,2.075e-08,4.55e-10,6.3e-10,4.05112270826,-8.73523475775e-12,4.05112270827,46.5646559685,-266.654519002,174.910079747,150.935645589,0.134750152777,7.95840862847e-08,2.79606567012e-09
5.476e-06,-80.9874015907,-133.66871171,-800,0.753333333333,19.9333333333,2.06866666667e-08,4.55866666667e-10,6.312e-10,-4.90547980739,-40.4937007953,35.5882209879,35.682516849,-258.994403547,173.776599524,150.170570536,-0.642372084738,7.92189591698e-08,-1.3288537193e-08
5.477e-06,-150.600363304,-128.258668111,-800,0.756666666667,19.8666666667,2.06233333333e-08,4.56733333333e-10,6.324e-10,-12.1880446787,-75.3001816521,63.1121369735,18.413671745,-257.085070572,170.923810563,148.161489984,-1.42373525467,7.80666017444e-08,-2.93621667354e-08
5.478e-06,-199.061951543,-122.828370983,-800,0.76,19.8,2.056e-08,4.576e-10,6.336e-10,-16.7530004132,-99.5309757713,82.7779753581,-2.64400090375,-260.53258037,166.475354746,144.999063443,-2.10006897926,7.61791223315e-08,-4.31774182136e-08
5.479e-06,-219.565880254,-117.37867783,-800,0.763333333333,19.7333333333,2.04966666667e-08,4.58466666667e-10,6.348e-10,-17.945751435,-109.782940127,91.8371886921,-24.3648802907,-268.181756559,160.77860501,140.935335799,-2.57678718875,7.37116311104e-08,-5.28155480788e-08
5.48e-06,-209.232433585,-111.910449224,-800,0.766666666667,19.6666666667,2.04333333333e-08,4.59333333333e-10,6.36e-10,-15.5920439903,-104.616216792,89.0241728021,-43.5332303492,-278.278486549,154.355171229,136.3478283,-2.787367272,7.09004753177e-08,-5.69552045912e-08
5.481e-06,-169.512913411,-106.424548661,-800,0.77,19.6,2.037e-08,4.602e-10,6.372e-10,-10.0209515786,-84.7564567053,74.7355051267,-57.2926780878,-288.716831178,147.826971165,131.686033331,-2.70278246802,6.80299721303e-08,-5.50556788735e-08
5.482e-06,-105.985808302,-100.921842427,-800,0.773333333333,19.5333333333,2.03066666667e-08,4.61066666667e-10,6.384e-10,-2.01646248757,-52.9929041512,50.9764416636,-63.5447301265,-297.336147974,141.828347271,127.407898143,-2.3356499309,6.5392323315e-08,-4.74292645969e-08
5.483e-06,-27.5733113841,-95.4031994649,-800,0.776666666667,19.4666666667,2.02433333333e-08,4.61933333333e-10,6.396e-10,7.29521881963,-13.786655692,21.0818745117,-61.2407427839,-302.226322324,136.916650939,123.915274979,-1.73850162805,6.32463649569e-08,-3.51930679571e-08
5.484e-06,54.7117751762,-89.8694912315,-800,0.78,19.4,2.018e-08,4.628e-10,6.408e-10,16.6064587384,27.3558875881,-10.7494288497,-50.5267412055,-301.998001006,133.49390121,121.497438575,-0.996414693686,6.17809774798e-08,-2.01076485186e-08
5.485e-06,129.312755504,-84.3215915636,-800,0.783333333333,19.3333333333,2.01166666667e-08,4.63666666667e-10,6.42e-10,24.6141138364,64.6563777522,-40.0422639158,-32.7211085877,-295.979610459,131.75053294,120.290612506,-0.215034988515,6.10883304397e-08,-4.32578718562e-09
5.486e-06,185.75214361,-78.7603765389,-800,0.786666666667,19.2666666667,2.00533333333e-08,4.64533333333e-10,6.432e-10,30.2041454406,92.8760718052,-62.6719263646,-10.1285464925,-284.313235255,131.639108837,120.259169835,0.494320245197,6.11507540253e-08,9.91276865034e-09
5.487e-06,216.10319516,-73.1867243377,-800,0.79,19.2,1.999e-08,4.654e-10,6.444e-10,32.6087712135,108.05159758,-75.4428263666,14.283428915,-267.935683592,132.881626972,121.201104556,1.03037991739,6.1843109193e-08,2.05972945487e-08
5.488e-06,216.10319516,-67.6015151043,-800,0.793333333333,19.1333333333,1.99266666667e-08,4.66266666667e-10,6.456e-10,31.513981054,108.05159758,-76.5376165261,37.3000346417,-248.447268014,135.00931104,122.776942859,1.31623750298,6.29503414275e-08,2.62282259761e-08
5.489e-06,185.75214361,-62.0056308081,-800,0.796666666667,19.0666666667,1.98633333333e-08,4.67133333333e-10,6.468e-10,27.1023591613,92.8760718052,-65.773712644,55.908614694,-227.886694823,137.429194748,124.557961258,1.31024580563,6.41977578401e-08,2.60258491858e-08
5.49e-06,129.312755504,-56.3999551039,-800,0.8,19,1.98e-08,4.68e-10,6.48e-10,20.0253778126,64.6563777522,-44.6309999396,67.7190547205,-208.443742971,139.508048768,126.086867262,1.01194459689,6.52897668236e-08,2.00365030184e-08
5.491e-06,54.7117751763,-50.7853731931,-800,0.803333333333,18.9333333333,1.97366666667e-08,4.68866666667e-10,6.492e-10,11.3093462251,27.3558875881,-16.046541363,71.2965473556,-192.150242047,140.661777135,126.94235824,0.462177389542,6.59516185729e-08,9.12184107825e-09
5.492e-06,-27.5733113841,-45.162771683,-800,0.806666666667,18.8666666667,1.96733333333e-08,4.69733333333e-10,6.504e-10,2.20858670025,-13.7866556921,15.9952423923,66.3603798387,-180.592976314,140.43766795,126.798448344,-0.262626552394,6.59682538916e-08,-5.16673970743e-09
5.493e-06,-105.985808302,-39.5330384478,-800,0.81,18.8,1.961e-08,4.706e-10,6.516e-10,-5.97315876136,-52.9929041512,47.0197453898,53.8212057457,-174.689099686,138.577921187,125.47021308,-1.06120458396,6.52147697104e-08,-2.08102218914e-08
5.494e-06,-169.512913411,-33.8970624876,-800,0.813333333333,18.7333333333,1.95466666667e-08,4.71466666667e-10,6.528e-10,-12.0676615881,-84.7564567053,72.6887951173,35.6518660962,-174.555867005,135.055543823,122.939536003,-1.82173478167,6.3674187061e-08,-3.56088425324e-08
5.495e-06,-209.232433585,-28.2557337882,-800,0.816666666667,18.6666666667,1.94833333333e-08,4.72333333333e-10,6.54e-10,-15.2072442933,-104.616216792,89.4089724991,14.610078552,-179.493202865,130.077619388,119.357276681,-2.43761965671,6.14399955576e-08,-4.74929563115e-08
5.496e-06,-219.565880254,-22.6099431809,-800,0.82,18.6,1.942e-08,4.732e-10,6.552e-10,-14.9466043011,-109.782940127,94.836335826,-6.14803137366,-188.081711591,124.055570325,115.021611605,-2.82255152102,5.87030958776e-08,-5.48139505382e-08
5.497e-06,-199.061951543,-16.9605822015,-800,0.823333333333,18.5333333333,1.93566666667e-08,4.74066666667e-10,6.564e-10,-11.3243176392,-99.5309757713,88.206658132,-23.5094058944,-198.382426279,117.546685507,110.335659277,-2.92273020961,5.57249653761e-08,-5.65743144241e-08
5.498e-06,-150.600363304,-11.3085429495,-800,0.826666666667,18.4666666667,1.92933333333e-08,4.74933333333e-10,6.576e-10,-4.85553064708,-75.3001816522,70.4446510051,-34.8387964208,-208.210204282,111.17522576,105.750413576,-2.72450348687,5.28008205544e-08,-5.256475394e-08
5.499e-06,-80.9874015906,-5.65471794751,-800,0.83,18.4,1.923e-08,4.758e-10,6.588e-10,3.54286557391,-40.4937007953,44.0365663692,-38.3460744252,-215.442236759,105.544279156,101.701066134,-2.25634497667,5.02179680226e-08,-4.33895139013e-08
5.5e-06,3.53667251112e-11,1.98504197976e-12,-800,0.833333333333,18.3333333333,1.91666666667e-08,4.76666666667e-10,6.6e-10,12.6837165086,1.76836323362e-11,12.6837165085,-33.3349328397,-218.318130898,101.150815023,98.5457110176,-1.58488310612,4.82152218276e-08,-3.03769262007e-08
5.501e-06,80.9874015906,5.65471794751,-800,0.836666666667,18.2666666667,1.91033333333e-08,4.77533333333e-10,6.612e-10,21.2788887795,40.4937007953,-19.2148120158,-20.2984463895,-215.689159802,98.3159047192,96.5150674948,-0.805534695765,4.69491217003e-08,-1.53883978048e-08
5.502e-06,150.600363304,11.3085429495,-800,0.84,18.2,1.904e-08,4.784e-10,6.624e-10,28.1222170659,75.3001816521,-47.1779645863,-0.848399557722,-207.181403944,97.1399103054,95.6802826463,-0.0290598110699,4.64717330901e-08,-5.5329880277e-10
5.503e-06,199.061951543,16.9605822015,-800,0.843333333333,18.1333333333,1.89766666667e-08,4.79266666667e-10,6.636e-10,32.2601270523,99.5309757713,-67.270848719,22.5114774875,-193.249629989,97.4888987301,95.9433096662,0.634067590327,4.67231795314e-08,1.20324893058e-08
5.504e-06,219.565880254,22.6099431809,-800,0.846666666667,18.0666666667,1.89133333333e-08,4.80133333333e-10,6.648e-10,33.1257941655,109.782940127,-76.6571459616,46.7364481545,-175.114161085,99.0141219152,97.0511641493,1.08926771754,4.75399804022e-08,2.06016834311e-08
5.505e-06,209.232433585,28.2557337882,-800,0.85,18,1.885e-08,4.81e-10,6.66e-10,30.6179599003,104.616216792,-73.9982568921,68.6666832901,-154.589514687,101.201736937,98.6319910792,1.27123648019,4.86780354666e-08,2.39628076515e-08
5.506e-06,169.512913411,33.8970624876,-800,0.853333333333,17.9333333333,1.87866666667e-08,4.81866666667e-10,6.672e-10,25.1134464641,84.7564567053,-59.6430102412,85.4685632358,-133.828886419,103.445683801,100.247805133,1.15320711874,4.98470268341e-08,2.16649177375e-08
5.507e-06,105.985808302,39.5330384478,-800,0.856666666667,17.8666666667,1.87233333333e-08,4.82733333333e-10,6.684e-10,17.4118532091,52.9929041512,-35.5810509421,95.0297318266,-115.020477839,105.133390253,101.456428407,0.750778320476,5.07513919217e-08,1.40570727537e-08
5.508e-06,27.5733113842,45.162771683,-800,0.86,17.8,1.866e-08,4.836e-10,6.696e-10,8.62053993937,13.7866556921,-5.16611575272,96.2528241003,-100.07851389,105.73218918,101.873870711,0.119761306682,5.11320866872e-08,2.23474598268e-09
5.509e-06,-54.7117751763,50.7853731931,-800,0.863333333333,17.7333333333,1.85966666667e-08,4.84466666667e-10,6.708e-10,-0.00356254934601,-27.3558875881,27.3523250388,89.2070252681,-90.3725983667,104.86426247,101.228355998,-0.651657212891,5.08032396915e-08,-1.21186519691e-08
5.51e-06,-129.312755504,56.3999551039,-800,0.866666666667,17.6666666667,1.85333333333e-08,4.85333333333e-10,6.72e-10,-7.23271721257,-64.6563777522,57.4236605396,75.1165318281,-86.5336920747,102.359571871,99.3983972388,-1.45533581825,4.96785122148e-08,-2.69722238316e-08
5.511e-06,-185.75214361,62.0056308081,-800,0.87,17.6,1.847e-08,4.862e-10,6.732e-10,-12.0422942354,-92.8760718052,80.8337775698,56.187787374,-88.3642187325,98.2793660334,96.4295891463,-2.17843347926,4.77834277654e-08,-4.0235666362e-08
5.512e-06,-216.10319516,67.6015151043,-800,0.873333333333,17.5333333333,1.84066666667e-08,4.87066666667e-10,6.744e-10,-13.7551945137,-108.05159758,94.2964030665,35.2998680862,-94.8651245188,92.907019201,92.5278015602,-2.71934695014,4.52519121522e-08,-5.00541128623e-08
5.513e-06,-216.10319516,73.1867243377,-800,0.876666666667,17.4666666667,1.83433333333e-08,4.87933333333e-10,6.756e-10,-12.1364233492,-108.05159758,95.915174231,15.6014557734,-104.3762079,86.7075708264,88.0297892375,-3.00207940455,4.23075140585e-08,-5.50681432108e-08
5.514e-06,-185.75214361,78.7603765389,-800,0.88,17.4,1.828e-08,4.888e-10,6.768e-10,-7.42460416698,-92.8760718052,85.4514676382,0.0708047677828,-114.810027493,80.2617453466,83.3554157351,-2.98700819045,3.92319411254e-08,-5.46025097215e-08
5.515e-06,-129.312755504,84.3215915636,-800,0.883333333333,17.3333333333,1.82166666667e-08,4.89666666667e-10,6.78e-10,-0.296217014328,-64.6563777522,64.3601607378,-8.89981683431,-123.946449926,74.1838160661,78.9482716303,-2.67652593049,3.63253419337e-08,-4.87573807004e-08
5.516e-06,-54.7117751763,89.8694912315,-800,0.886666666667,17.2666666667,1.81533333333e-08,4.90533333333e-10,6.792e-10,8.23209619185,-27.3558875881,35.58798378,-9.83724612382,-129.746292012,69.0349330724,75.2130878038,-2.11475175663,3.38639358364e-08,-3.83897935553e-08
5.517e-06,27.5733113842,95.4031994649,-800,0.89,17.2,1.809e-08,4.914e-10,6.804e-10,16.9490561053,13.7866556921,3.16240041317,-2.3917384487,-130.639763941,65.2441473723,72.4587766654,-1.38134640746,3.20609740187e-08,-2.4988556511e-08
5.518e-06,105.985808302,100.921842427,-800,0.893333333333,17.1333333333,1.80266666667e-08,4.92266666667e-10,6.816e-10,24.6212702076,52.9929041512,-28.3716339436,12.6158399711,-125.748928051,63.0482494762,70.8551198633,-0.580298103582,3.10365516088e-08,-1.04608404806e-08
5.519e-06,169.512913411,106.424548661,-800,0.896666666667,17.0666666667,1.79633333333e-08,4.93133333333e-10,6.828e-10,30.168182074,84.7564567053,-54.5882746313,33.3102806996,-115.012662879,62.458861572,70.4091779159,0.174742191573,3.08005466032e-08,3.13895223462e-09
5.52e-06,209.232433585,111.910449224,-800,0.9,17,1.79e-08,4.94e-10,6.84e-10,32.8146266365,104.616216792,-71.801590156,57.0252807696,-99.1963609323,63.2613596214,70.964701953,0.776508040874,3.1251111653e-08,1.38994939316e-08
5.521e-06,219.565880254,117.37867783,-800,0.903333333333,16.9333333333,1.78366666667e-08,4.94866666667e-10,6.852e-10,32.1994496287,109.782940127,-77.5834904984,80.6767011048,-79.7848550205,65.0457026016,72.2245764794,1.13928142436,3.21889500274e-08,2.03209830059e-08
5.522e-06,199.061951543,122.828370983,-800,0.906666666667,16.8666666667,1.77733333333e-08,4.95733333333e-10,6.864e-10,28.4249689359,99.5309757713,-71.1060068354,101.193573215,-58.7735663069,67.2647465986,73.7930742977,1.21102948162,3.33453770471e-08,2.15240306532e-08
5.523e-06,150.600363304,128.258668111,-800,0.91,16.8,1.771e-08,4.966e-10,6.876e-10,22.0405086845,75.3001816521,-53.2596729676,115.94661509,-38.3872665667,69.3117560037,75.2319184047,0.980795560831,3.44202180314e-08,1.73698893823e-08
5.524e-06,80.9874015907,133.66871171,-800,0.913333333333,16.7333333333,1.76466666667e-08,4.97466666667e-10,6.888e-10,13.9626157224,40.4937007953,-26.5310850729,123.114459259,-20.7661100189,70.6061362761,76.1222126517,0.480294615815,3.51241992595e-08,8.47559898709e-09
5.525e-06,-5.32626296372e-11,139.057647469,-800,0.916666666667,16.6666666667,1.75833333333e-08,4.98333333333e-10,6.9e-10,5.34353829877,-2.66311417363e-11,5.3435382988,121.936581343,-7.66326142703,70.6752789069,76.1234938398,-0.220519253311,3.52198473219e-08,-3.87746353739e-09
5.526e-06,-80.9874015906,144.424624413,-800,0.92,16.6,1.752e-08,4.992e-10,6.912e-10,-2.59316271561,-40.4937007953,37.9005380797,112.817806758,-0.196860149722,69.2209856457,75.0215842057,-1.02329378198,3.45551160343e-08,-1.79281070602e-08
5.527e-06,-150.600363304,149.768795035,-800,0.923333333333,16.5333333333,1.74566666667e-08,5.00066666667e-10,6.924e-10,-8.72641634883,-75.3001816522,66.5737653033,97.2700381332,1.30856866083,66.1611405072,72.758521993,-1.81514369021,3.30849809963e-08,-3.1686358352e-08
5.528e-06,-199.061951543,155.089315429,-800,0.926666666667,16.4666666667,1.73933333333e-08,5.00933333333e-10,6.936e-10,-12.1961669942,-99.5309757713,87.3348087771,77.6995814428,-2.63125643518,61.6408103675,69.4403908281,-2.48458535451,3.08779366067e-08,-4.32152212661e-08
5.529e-06,-219.565880254,160.385345421,-800,0.93,16.4,1.733e-08,5.018e-10,6.948e-10,-12.5242030089,-109.782940127,97.2587371182,57.069979651,-10.7324200964,56.01127978,65.3219951511,-2.93729162718,2.81064601936e-08,-5.0903263899e-08
5.53e-06,-209.232433585,165.656048708,-800,0.933333333333,16.3333333333,1.72666666667e-08,5.02666666667e-10,6.96e-10,-9.68031088031,-104.616216792,94.9359059122,38.4875868967,-21.1234881215,49.7800512232,60.7705967327,-3.10944023284,2.50227724148e-08,-5.36896680204e-08
5.531e-06,-169.512913411,170.900592985,-800,0.936666666667,16.2666666667,1.72033333333e-08,5.03533333333e-10,6.972e-10,-4.08460552728,-84.7564567054,80.6718511781,24.7678236221,-31.6094084796,43.5389296707,56.2138751846,-2.97676666452,2.19233023869e-08,-5.12103091853e-08
5.532e-06,-105.985808302,176.118150077,-800,0.94,16.2,1.714e-08,5.044e-10,6.984e-10,3.4540194412,-52.9929041512,56.4469235924,18.0426603038,-39.9814379471,37.8803846925,52.0794883411,-2.55803735547,1.91068660389e-08,-4.38447602727e-08
5.533e-06,-27.5733113842,181.307896071,-800,0.943333333333,16.1333333333,1.70766666667e-08,5.05266666667e-10,6.996e-10,11.8543149492,-13.7866556921,25.6409706413,19.4640336227,-44.3293503107,33.3140130074,48.7347760636,-1.91244594923,1.68324603055e-08,-3.26582019929e-08
5.534e-06,54.7117751763,186.469011447,-800,0.946666666667,16.0666666667,1.70133333333e-08,5.06133333333e-10,7.008e-10,19.9172202946,27.3558875881,-7.43866729349,29.0444325009,-43.3118098919,30.1948829956,46.4351110989,-1.1312937115,1.52826367802e-08,-1.92470770117e-08
5.535e-06,129.312755504,191.600681204,-800,0.95,16,1.695e-08,5.07e-10,7.02e-10,26.4964385751,64.6563777522,-38.1599391771,45.6566928965,-36.3466560204,28.6738397887,45.2881615022,-0.325123314634,1.45376367729e-08,-5.51084018304e-09
5.536e-06,185.75214361,196.702094993,-800,0.953333333333,15.9333333333,1.68866666667e-08,5.07866666667e-10,7.032e-10,30.6607756833,92.8760718052,-62.2152961219,67.1927965952,-23.694118779,28.6767291496,45.2390683134,0.391880899542,1.45639548441e-08,6.6175621236e-09
5.537e-06,216.10319516,201.772447241,-800,0.956666666667,15.8666666667,1.68233333333e-08,5.08733333333e-10,7.044e-10,31.8252488519,108.05159758,-76.2263487283,90.8592879637,-6.42108670396,29.9154037356,46.0785808196,0.91802469947,1.52189630604e-08,1.54442355274e-08
5.538e-06,216.10319516,206.81093728,-800,0.96,15.8,1.676e-08,5.096e-10,7.056e-10,29.8325021309,108.05159758,-78.2190954492,113.567897642,13.7486565693,31.9288862112,47.4729491146,1.17848862031,1.62709604132e-08,1.97514692763e-08
5.539e-06,185.75214361,211.816769474,-800,0.963333333333,15.7333333333,1.66966666667e-08,5.10466666667e-10,7.068e-10,24.9731979195,92.8760718052,-67.9028738857,132.366742264,34.677189282,34.1488140613,49.0113077273,1.13593066772,1.74318312845e-08,1.89662557154e-08
5.54e-06,129.312755504,216.789153346,-800,0.966666666667,15.6666666667,1.66333333333e-08,5.11333333333e-10,7.08e-10,17.9427623393,64.6563777522,-46.7136154128,144.851889509,54.1139992077,35.9798796642,50.2638268687,0.795804436932,1.83977118016e-08,1.32368804676e-08
5.541e-06,54.7117751763,221.727303697,-800,0.97,15.6,1.657e-08,5.122e-10,7.092e-10,9.74090499736,27.3558875882,-17.6149825908,149.501904732,70.0137724765,36.8838854388,50.8424045057,0.205635183973,1.88919261218e-08,3.40737499844e-09
5.542e-06,-27.5733113842,226.630440736,-800,0.973333333333,15.5333333333,1.65066666667e-08,5.13066666667e-10,7.104e-10,1.52842559373,-13.7866556921,15.3150812858,145.888822004,80.8255315177,36.4555499888,50.4553328944,-0.551650547981,1.87041275142e-08,-9.10591171201e-09
5.543e-06,-105.985808302,231.497790202,-800,0.976666666667,15.4666666667,1.64433333333e-08,5.13933333333e-10,7.116e-10,-5.53818352003,-52.9929041512,47.4547206311,134.736286599,85.7122294033,34.4793917434,48.94824265,-1.36940562911,1.772010873e-08,-2.25175932279e-08
5.544e-06,-169.512913411,236.328583483,-800,0.98,15.4,1.638e-08,5.148e-10,7.128e-10,-10.4707703638,-84.7564567054,74.2856863416,117.816974657,84.6696909912,30.9597099156,46.325580519,-2.1323080971,1.59380586645e-08,-3.49272066306e-08
5.545e-06,-209.232433585,241.122057741,-800,0.983333333333,15.3333333333,1.63166666667e-08,5.15666666667e-10,7.14e-10,-12.5889227285,-104.616216792,92.0272940639,97.7038241632,78.5279819629,26.1194953904,42.7496358446,-2.73264927717,1.3468953123e-08,-4.45877273724e-08
5.546e-06,-219.565880254,245.87745603,-800,0.986666666667,15.2666666667,1.62533333333e-08,5.16533333333e-10,7.152e-10,-11.6150653896,-109.782940127,98.1678747375,77.4099800368,68.8348844373,20.3684961151,38.5173043145,-3.08556364387,1.05210071933e-08,-5.0150694425e-08
5.547e-06,-199.061951543,250.59402742,-800,0.99,15.2,1.619e-08,5.174e-10,7.164e-10,-7.71196279757,-99.5309757713,91.8190129737,59.9678275772,57.6378191737,14.2450118936,34.0179173916,-3.14104683004,7.37036915377e-09,-5.08535481783e-08
5.548e-06,-150.600363304,255.271027107,-800,0.993333333333,15.1333333333,1.61266666667e-08,5.18266666667e-10,7.176e-10,-1.45756926984,-75.3001816522,73.8426123823,48.0059124522,47.194924676,8.33968867903,29.678129059,-2.89105976463,4.32218265272e-09,-4.66231571377e-08
5.549e-06,-80.9874015906,259.90771654,-800,0.996666666667,15.0666666667,1.60633333333e-08,5.19133333333e-10,7.188e-10,6.2389161053,-40.4937007953,46.7326169006,43.3827574773,39.6560491857,3.21210277419,25.9016635669,-2.37070955932,1.66750962017e-09,-3.80814978879e-08
5.55e-06,-2.88858830318e-11,264.503363532,-800,1,15,1.6e-08,5.2e-10,7.2e-10,14.2676053171,-1.44435574612e-11,14.2676053171,46.9285690445,36.7587079855,-0.688082071256,23.0124350837,-1.6533338315,-3.57802677053e-10,-2.64533413041e-08
5.551e-06,80.9874015906,269.057242376,-800,1,15,1.6e-08,5.2e-10,7.2e-10,21.4728715063,40.4937007953,-19.020829289,58.3111475988,39.5946677112,-3.08598912358,21.2468565148,-0.83817452606,-1.60471434426e-09,-1.3410792417e-08
5.552e-06,150.600363304,273.568633963,-800,1,15,1.6e-08,5.2e-10,7.2e-10,26.8240317567,75.3001816522,-48.4761498955,76.1649892455,48.4030990406,-3.92188077481,20.6074507405,-0.0496459046624,-2.0393780029e-09,-7.94334474599e-10
5.553e-06,199.061951543,278.036825891,-800,1,15,1.6e-08,5.2e-10,7.2e-10,29.5818581445,99.5309757713,-69.9491176267,98.227986307,62.5689326234,-3.35271675538,20.9796044965,0.606466064689,-1.7434127128e-09,9.70345703502e-09
5.554e-06,219.565880254,282.461112581,-800,1,15,1.6e-08,5.2e-10,7.2e-10,29.3723712501,109.782940127,-80.410568877,121.585884761,80.7536397463,-1.72348183497,22.1131273245,1.04150176988,-8.96210554184e-10,1.66640283182e-08
5.555e-06,209.232433585,286.840795387,-800,1,15,1.6e-08,5.2e-10,7.2e-10,26.2209938018,104.616216792,-78.3952229907,143.116931409,101.061743311,0.475544289864,23.6532538965,1.19440084956,2.47283030729e-10,1.9110413593e-08
5.556e-06,169.512913411,291.175182706,-800,1,15,1.6e-08,5.2e-10,7.2e-10,20.5537299812,84.7564567053,-64.2027267241,159.96242352,121.288424354,2.67271082802,25.1869072094,1.04233762499,1.38980963057e-09,1.66774019998e-08
5.557e-06,105.985808302,295.463590089,-800,1,15,1.6e-08,5.2e-10,7.2e-10,13.1477093798,52.9929041512,-39.8451947714,169.932831973,139.226996665,4.2947606283,26.3003406003,0.605921730243,2.23327552672e-09,9.69474768388e-09
5.558e-06,27.5733113841,299.705340345,-800,1,15,1.6e-08,5.2e-10,7.2e-10,5.02647130645,13.7866556921,-8.76018438562,171.805178234,152.985052942,4.8490738588,26.6385005731,-0.0533628938547,2.52151840657e-09,-8.53806301674e-10
5.559e-06,-54.7117751763,303.899763654,-800,1,15,1.6e-08,5.2e-10,7.2e-10,-2.68508042419,-27.3558875881,24.670807164,165.487059197,161.254757889,3.99412239843,25.9558099413,-0.842403262537,2.07694364718e-09,-1.34784522006e-08
5.56e-06,-129.312755504,308.046197668,-800,1,15,1.6e-08,5.2e-10,7.2e-10,-8.92093517346,-64.6563777521,55.7354425787,152.029189021,163.496638124,1.58752161508,24.1507210395,-1.65002784406,8.25511239842e-10,-2.6400445505e-08
5.561e-06,-185.75214361,312.143987616,-800,1,15,1.6e-08,5.2e-10,7.2e-10,-12.8242747344,-92.8760718052,80.0517970709,133.480669854,160.01355618,-2.29439602648,21.2796730182,-2.36266557772,-1.19308593377e-09,-3.78026492434e-08
5.562e-06,-216.10319516,316.192486409,-800,1,15,1.6e-08,5.2e-10,7.2e-10,-13.8670630709,-108.05159758,94.1845345092,112.603002403,151.907021402,-7.36755229652,17.5489858271,-2.88012708965,-3.83112719419e-09,-4.60820334343e-08
5.563e-06,-216.10319516,320.191054744,-800,1,15,1.6e-08,5.2e-10,7.2e-10,-11.9234076954,-108.05159758,96.1281898848,92.4821065039,140.922456728,-13.1799698479,13.2859221006,-3.12956048531,-6.85358432091e-09,-5.0072967765e-08
5.564e-06,-185.75214361,324.1390612,-800,1,15,1.6e-08,5.2e-10,7.2e-10,-7.28698513744,-92.8760718052,85.5890866678,76.0940570184,129.204417431,-19.1750958266,8.89283805182,-3.07568499677,-9.97104982981e-09,-4.92109599484e-08
5.565e-06,-129.312755504,328.03588234,-800,1,15,1.6e-08,5.2e-10,7.2e-10,-0.629910366669,-64.6563777522,64.0264673855,65.8865983327,118.995520579,-24.769875231,4.79074256102,-2.72579424798,-1.28803351201e-08,-4.36127079676e-08
5.566e-06,-54.7117751762,331.880902811,-800,1,15,1.6e-08,5.2e-10,7.2e-10,7.09152106996,-27.3558875881,34.4474086581,63.435352654,112.321306134,-29.4366257264,1.36017929405,-2.12875969109,-1.53070453777e-08,-3.40601550574e-08
5.567e-06,27.5733113841,335.673515441,-800,1,15,1.6e-08,5.2e-10,7.2e-10,14.7711206823,13.7866556921,0.984464990261,69.2226595257,110.7055041,-32.7771573286,-1.11222363993,-1.36816381431,-1.70441218109e-08,-2.1890621029e-08
5.568e-06,105.985808302,339.413121331,-800,1,15,1.6e-08,5.2e-10,7.2e-10,21.3082125569,52.9929041512,-31.6846915943,82.5698503111,114.955849616,-34.5786863701,-2.47400015875,-0.550548384297,-1.79809169124e-08,-8.80877414875e-09
5.569e-06,169.512913411,343.099129955,-800,1,15,1.6e-08,5.2e-10,7.2e-10,25.762248703,84.7564567053,-58.9942080023,101.732459413,125.050531344,-34.8436899237,-2.72823569481,0.209555392295,-1.81187187603e-08,3.35288627672e-09
5.57e-06,209.232433585,346.730959249,-800,1,15,1.6e-08,5.2e-10,7.2e-10,27.4848955482,104.616216792,-77.1313212443,124.145098126,140.141162951,-33.7895234294,-2.03310696612,0.805711084972,-1.75705521833e-08,1.28913773596e-08
5.571e-06,219.565880254,350.308035705,-800,1,15,1.6e-08,5.2e-10,7.2e-10,26.21106215,109.782940127,-83.5718779771,146.781660765,158.671825269,-31.8178646914,-0.679643503198,1.15452248313,-1.65452896395e-08,1.84723597301e-08
5.572e-06,199.061951543,353.829794461,-800,1,15,1.6e-08,5.2e-10,7.2e-10,22.0961091942,99.5309757713,-77.434866577,166.580269686,178.597463123,-29.4582749549,0.949166316271,1.20734510017,-1.53183029766e-08,1.93175216028e-08
5.573e-06,150.600363304,357.295679392,-800,1,15,1.6e-08,5.2e-10,7.2e-10,15.6940189294,75.3001816521,-59.6061627228,180.873250161,197.670979616,-27.2937995083,2.43218434838,0.957118798958,-1.41927757443e-08,1.53139007833e-08
5.574e-06,80.9874015907,360.705143192,-800,1,15,1.6e-08,5.2e-10,7.2e-10,7.87958644119,40.4937007953,-32.6141143541,187.761732059,213.75871437,-25.8790548795,3.36929107268,0.439360298795,-1.34571085374e-08,7.02976478072e-09
5.575e-06,1.09899785058e-11,364.057647469,-800,1,15,1.6e-08,5.2e-10,7.2e-10,-0.274445314865,5.49499334923e-12,-0.274445314871,186.382268949,225.139995998,-25.6623075665,3.43760288261,-0.272824739179,-1.33443999346e-08,-4.36519582686e-09
5.576e-06,-80.9874015906,367.352662823,-800,1,15,1.6e-08,5.2e-10,7.2e-10,-7.64805184316,-40.4937007953,32.8456489522,177.028035718,230.748693208,-26.9224893216,2.43684185044,-1.07900938974,-1.39996944472e-08,-1.72641502358e-08
5.577e-06,-150.600363304,370.589668933,-800,1,15,1.6e-08,5.2e-10,7.2e-10,-13.2312328207,-75.3001816522,62.0689488314,161.107585951,230.322837544,-29.729995553,0.317485522758,-1.86555040156,-1.54595976876e-08,-2.98488064249e-08
5.578e-06,-199.061951543,373.768154638,-800,1,15,1.6e-08,5.2e-10,7.2e-10,-16.2658631073,-99.5309757713,83.265112664,140.946960372,224.441304314,-33.9367724714,-2.81225672158,-2.52154918846,-1.76471216851e-08,-4.03447870154e-08
5.579e-06,-219.565880254,376.887618019,-800,1,15,1.6e-08,5.2e-10,7.2e-10,-16.3521667534,-109.782940127,93.4307733737,119.462937758,214.442401034,-39.1970849618,-6.70162038027,-2.95442724987,-2.03824841801e-08,-4.72708359979e-08
5.58e-06,-209.232433585,379.947566476,-800,1,15,1.6e-08,5.2e-10,7.2e-10,-13.5048608337,-104.616216792,91.1113559587,99.7533185408,202.235797826,-45.0160483335,-10.992484034,-3.10292860925,-2.34083451334e-08,-4.9646857748e-08
5.581e-06,-169.512913411,382.947516808,-800,1,15,1.6e-08,5.2e-10,7.2e-10,-8.15108443709,-84.7564567053,76.6053722682,84.661784922,190.034213352,-50.8191078963,-15.2696456337,-2.94572315843,-2.64259361061e-08,-4.71315705349e-08
5.582e-06,-105.985808302,385.886995287,-800,1,15,1.6e-08,5.2e-10,7.2e-10,-1.07040385872,-52.9929041512,51.9225002925,76.3784521044,180.042539986,-56.0327082679,-19.1191157871,-2.50440257118,-2.91370082993e-08,-4.00704411388e-08
5.583e-06,-27.5733113841,388.765537737,-800,1,15,1.6e-08,5.2e-10,7.2e-10,6.71467990973,-13.7866556921,20.5013356018,76.1322121968,174.148069615,-60.1648226871,-22.186240957,-1.84044798749,-3.12857077973e-08,-2.94471677998e-08
5.584e-06,54.7117751763,391.582689601,-800,1,15,1.6e-08,5.2e-10,7.2e-10,14.0823434794,27.3558875882,-13.2735441087,84.0180801081,173.655327088,-62.874032232,-24.2254933407,-1.0465953374,-3.26944967606e-08,-1.67455253984e-08
5.585e-06,129.312755504,394.33800602,-800,1,15,1.6e-08,5.2e-10,7.2e-10,19.9690031644,64.6563777522,-44.6873745878,98.983790106,179.102753269,-64.0174529669,-25.1349345886,-0.233811024367,-3.32890755428e-08,-3.74097638988e-09
5.586e-06,185.75214361,397.031051896,-800,1,15,1.6e-08,5.2e-10,7.2e-10,23.5186976837,92.8760718052,-69.3573741215,118.977525527,190.186984107,-63.6707798051,-24.9705130423,0.484292798527,-3.31088054987e-08,7.74868477642e-09
5.587e-06,216.10319516,399.661401966,-800,1,15,1.6e-08,5.2e-10,7.2e-10,24.2033110751,108.05159758,-83.8482865051,141.236033514,205.80536052,-62.1176320034,-23.9381865027,1.00741453011,-3.23011686418e-08,1.61186324817e-08
5.588e-06,216.10319516,402.228640868,-800,1,15,1.6e-08,5.2e-10,7.2e-10,21.8967508662,108.05159758,-86.154846714,162.672659984,224.210698759,-59.8096966984,-22.3649768737,1.26264998765,-3.11010422831e-08,2.02023998025e-08
5.589e-06,185.75214361,404.732363205,-800,1,15,1.6e-08,5.2e-10,7.2e-10,16.8926634071,92.8760718052,-75.9834083982,180.310806513,243.256584247,-57.3032682195,-20.6530219794,1.21473138207,-2.97976994741e-08,1.94357021132e-08
5.59e-06,129.312755504,407.17217361,-800,1,15,1.6e-08,5.2e-10,7.2e-10,9.86319830262,64.6563777522,-54.7931794495,191.701931417,260.698738165,-55.1810960513,-19.2230778493,0.870980368687,-2.86941699467e-08,1.3935685899e-08
5.591e-06,54.7117751763,409.547686808,-800,1,15,1.6e-08,5.2e-10,7.2e-10,1.76461335614,27.3558875882,-25.591274232,195.269388047,274.510130773,-53.9705176755,-18.4554064122,0.280279532033,-2.80646691913e-08,4.48447251252e-09
5.592e-06,-27.5733113841,411.858527679,-800,1,15,1.6e-08,5.2e-10,7.2e-10,-6.29702247432,-13.7866556921,7.48963321774,190.529809248,283.165584792,-54.0693743022,-18.6363507569,-0.47379324356,-2.81160746372e-08,-7.58069189696e-09
5.593e-06,-105.985808302,414.104331315,-800,1,15,1.6e-08,5.2e-10,7.2e-10,-13.2211664886,-52.9929041512,39.7717376626,178.160945222,285.855897157,-55.6901144134,-19.9181013105,-1.28470326012,-2.8958859495e-08,-2.05552521619e-08
5.594e-06,-169.512913411,416.284743076,-800,1,15,1.6e-08,5.2e-10,7.2e-10,-18.0673633539,-84.7564567053,66.6890933515,159.906427188,282.601406423,-58.8299356201,-22.2973036634,-2.03792171292,-3.05915665224e-08,-3.26067474067e-08
5.595e-06,-209.232433585,418.39941865,-800,1,15,1.6e-08,5.2e-10,7.2e-10,-20.1873222681,-104.616216792,84.4288945244,138.330832498,274.249055624,-63.2711583271,-25.6155125136,-2.62701114996,-3.29010023301e-08,-4.20321783993e-08
5.596e-06,-219.565880254,420.448024105,-800,1,15,1.6e-08,5.2e-10,7.2e-10,-19.3159603397,-109.782940127,90.4669797874,116.459451634,262.353363143,-68.6117787325,-29.5814279822,-2.9685745287,-3.56781249409e-08,-4.74971924592e-08
5.597e-06,-199.061951543,422.430235944,-800,1,15,1.6e-08,5.2e-10,7.2e-10,-15.6086254224,-99.5309757713,83.9223503488,97.3533507117,248.958018867,-74.3219100901,-33.8117912789,-3.01396831912,-3.86473932469e-08,-4.82234931059e-08
5.598e-06,-150.600363304,424.345741152,-800,1,15,1.6e-08,5.2e-10,7.2e-10,-9.61927057817,-75.3001816522,65.680911074,83.679410736,236.308779846,-79.8181852325,-37.8851960498,-2.7561345823,-4.15054563209e-08,-4.40981533168e-08
5.599e-06,-80.9874015906,426.194237248,-800,1,15,1.6e-08,5.2e-10,7.2e-10,-2.22264551216,-40.4937007953,38.2710552832,77.3357303146,226.537988388,-84.545670747,-41.4012577657,-2.23059247897,-4.39637487885e-08,-3.56894796634e-08
5.6e-06,6.90592602016e-12,427.975432333,-800,1,15,1.6e-08,5.2e-10,7.2e-10,5.50856702813,3.45279360658e-12,5.50856702813,79.1850029115,221.365021113,-88.0557882057,-44.0368309916,-1.51044995324,-4.57890098669e-08,-2.41671992518e-08
5.601e-06,80.9874015907,429.689045136,-800,1,15,1.6e-08,5.2e-10,7.2e-10,12.4544140504,40.4937007953,-28.0392867449,88.9333150196,221.854740015,-90.0692986472,-45.5913789915,-0.696136185416,-4.68360352966e-08,-1.11381789666e-08
5.602e-06,150.600363304,431.334805058,-800,1,15,1.6e-08,5.2e-10,7.2e-10,17.6049741583,75.3001816522,-57.6952074939,105.17138769,228.267870343,-90.5155043314,-46.0151236446,0.0987031401044,-4.70680622523e-08,1.57925024167e-09
5.603e-06,199.061951543,432.912452214,-800,1,15,1.6e-08,5.2e-10,7.2e-10,20.2022058483,99.5309757713,-79.328769923,125.572469172,240.024319312,-89.542161997,-45.4160221047,0.763166784318,-4.65619242384e-08,1.22106685491e-08
5.604e-06,219.565880254,434.421737475,-800,1,15,1.6e-08,5.2e-10,7.2e-10,19.846420081,109.782940127,-89.9365200461,147.219085225,255.784587403,-87.4947153379,-44.044590351,1.20467345299,-4.54972519757e-08,1.92747752478e-08
5.605e-06,209.232433585,435.862422508,-800,1,15,1.6e-08,5.2e-10,7.2e-10,16.5524233591,104.616216792,-88.0637934334,167.012755999,273.637838281,-84.867763435,-42.2587051216,1.36196431355,-4.41312369862e-08,2.17914290168e-08
5.606e-06,169.512913411,437.234279812,-800,1,15,1.6e-08,5.2e-10,7.2e-10,10.7474461749,84.7564567053,-74.0090105304,182.109135955,291.370213459,-82.2355812586,-40.4733276925,1.21370636506,-4.27625022545e-08,1.94193018409e-08
5.607e-06,105.985808302,438.537092754,-800,1,15,1.6e-08,5.2e-10,7.2e-10,3.21114776126,52.9929041512,-49.7817563899,190.317462725,306.775707715,-80.1714504303,-39.1022106495,0.781488343624,-4.16891542238e-08,1.2503813498e-08
5.608e-06,27.5733113841,439.770655606,-800,1,15,1.6e-08,5.2e-10,7.2e-10,-5.03387670931,13.7866556921,-18.8205324014,190.408213483,317.965943707,-79.1671299982,-38.4997747634,0.126788397683,-4.1166907599e-08,2.02861436293e-09
5.609e-06,-54.7117751762,440.934773573,-800,1,15,1.6e-08,5.2e-10,7.2e-10,-12.8657085465,-27.3558875881,14.4901790416,182.285759417,323.635338871,-79.5637773141,-38.9113191886,-0.657660585713,-4.13731642033e-08,-1.05225693714e-08
5.61e-06,-129.312755504,442.029262828,-800,1,15,1.6e-08,5.2e-10,7.2e-10,-19.2206676562,-64.6563777522,45.4357100959,167.001769483,323.244422669,-81.5040209693,-40.4385578143,-1.46089528905,-4.23820909041e-08,-2.33743246248e-08
5.611e-06,-185.75214361,443.053950538,-800,1,15,1.6e-08,5.2e-10,7.2e-10,-23.2426952228,-92.8760718052,69.6333765824,146.607480903,317.095557826,-84.9119169998,-43.0253220837,-2.16930668135,-4.41541968399e-08,-3.47089069015e-08
5.612e-06,-216.10319516,444.008674894,-800,1,15,1.6e-08,5.2e-10,7.2e-10,-24.4035766135,-108.05159758,83.6480209667,123.865584592,306.290430708,-89.5036034494,-46.4654382783,-2.68259631663,-4.65418737937e-08,-4.29215410661e-08
5.613e-06,-216.10319516,444.893285132,-800,1,15,1.6e-08,5.2e-10,7.2e-10,-22.5771195628,-108.05159758,85.4744780173,101.862190317,292.575281175,-94.8271568873,-50.4316729225,-2.92786319892,-4.93101215814e-08,-4.68458111827e-08
5.614e-06,-185.75214361,445.707641563,-800,1,15,1.6e-08,5.2e-10,7.2e-10,-18.0568695368,-92.8760718052,74.8192022684,83.5733699357,278.095608908,-100.326053146,-54.5216810126,-2.86984275529,-5.21695476358e-08,-4.59174840846e-08
5.615e-06,-129.312755504,446.451615592,-800,1,15,1.6e-08,5.2e-10,7.2e-10,-11.5148742136,-64.6563777521,53.1415035385,71.4471564075,265.094806947,-105.417319403,-58.3145037744,-2.51585988341,-5.48170060896e-08,-4.02537581345e-08
5.616e-06,-54.7117751763,447.125089734,-800,1,15,1.6e-08,5.2e-10,7.2e-10,-3.90728849278,-27.3558875881,23.4485990954,67.0597055699,255.599048451,-109.57340138,-61.4296810062,-1.9148004327,-5.69781687178e-08,-3.06368069232e-08
5.617e-06,27.5733113841,447.727957642,-800,1,15,1.6e-08,5.2e-10,7.2e-10,3.65992246729,13.7866556921,-10.1267332248,70.8939117199,251.132683382,-112.396247641,-63.5806758515,-1.15024557128,-5.84460487734e-08,-1.84039291405e-08
5.618e-06,105.985808302,448.260124114,-800,1,15,1.6e-08,5.2e-10,7.2e-10,10.0863205668,52.9929041512,-42.9065835844,82.2715697751,252.504116767,-113.673206073,-64.6151086479,-0.328733296365,-5.91100671579e-08,-5.25973274184e-09
5.619e-06,169.512913411,448.721505117,-800,1,15,1.6e-08,5.2e-10,7.2e-10,14.4315557699,84.7564567053,-70.3249009354,99.4486116243,259.692241296,-113.406882048,-64.5361491248,0.435204276004,-5.89715786648e-08,6.96326841607e-09
5.62e-06,209.232433585,449.112027793,-800,1,15,1.6e-08,5.2e-10,7.2e-10,16.0474431596,104.616216792,-88.5687736329,119.860040992,271.849374423,-111.814764769,-63.5020624771,1.03512637385,-5.81436776797e-08,1.65620219815e-08
5.621e-06,219.565880254,449.431630473,-800,1,15,1.6e-08,5.2e-10,7.2e-10,14.6690062065,109.782940127,-95.1139339206,140.480166427,287.420287454,-109.298674276,-61.8039730637,1.38763262937,-5.68353106237e-08,2.22021220699e-08
5.622e-06,199.061951543,449.680262688,-800,1,15,1.6e-08,5.2e-10,7.2e-10,10.4516994944,99.5309757713,-89.0792762768,158.24753876,304.360609298,-106.388320183,-59.8249687497,1.44407618535,-5.53219264954e-08,2.31052189656e-08
5.623e-06,150.600363304,449.857885177,-800,1,15,1.6e-08,5.2e-10,7.2e-10,3.94958307594,75.3001816522,-71.3505985762,170.494911793,320.423930724,-103.666899145,-57.9862895636,1.1973957769,-5.39067875552e-08,1.91583324303e-08
5.624e-06,80.9874015906,449.964469892,-800,1,15,1.6e-08,5.2e-10,7.2e-10,-3.96248619666,40.4937007953,-44.456186992,175.323839527,333.477286134,-101.689180667,-56.6881583081,0.683107242974,-5.28783739468e-08,1.09297158876e-08
5.625e-06,-2.48018305461e-11,450,-800,1,15,1.6e-08,5.2e-10,7.2e-10,-12.2117183715,-1.24007470959e-11,-12.2117183715,171.871298837,341.80070438,-100.90358586,-56.2535632865,-0.0256847869475,-5.24698646471e-08,-4.10956591159e-10
5.626e-06,-80.9874015906,449.964469892,-800,1,15,1.6e-08,5.2e-10,7.2e-10,-19.6780532888,-40.4937007953,20.8156475065,160.430891211,344.328757547,-101.589202929,-56.8828886898,-0.828554437447,-5.28263855233e-08,-1.32568709991e-08
5.627e-06,-150.600363304,449.857885177,-800,1,15,1.6e-08,5.2e-10,7.2e-10,-25.3514625115,-75.3001816522,49.9487191407,142.411601131,340.800182896,-103.816585394,-58.6257646682,-1.61185931665,-5.39846244047e-08,-2.57897490665e-08
5.628e-06,-199.061951543,449.680262688,-800,1,15,1.6e-08,5.2e-10,7.2e-10,-28.4737977049,-99.5309757713,71.0571780664,120.13990333,331.794563973,-107.43783879,-61.374090657,-2.26470146338,-5.58676761708e-08,-3.62352234142e-08
5.629e-06,-219.565880254,449.431630473,-800,1,15,1.6e-08,5.2e-10,7.2e-10,-28.6452632874,-109.782940127,81.1376768397,96.5330123679,318.650919108,-112.107388161,-64.8772118064,-2.69450284428,-5.82958418438e-08,-4.31120455085e-08
5.63e-06,-209.232433585,449.112027793,-800,1,15,1.6e-08,5.2e-10,7.2e-10,-25.880559582,-104.616216792,78.7356572104,74.6891656336,303.279631286,-117.33050958,-68.7771170269,-2.84000786868,-6.10118649814e-08,-4.54401258989e-08
5.631e-06,-169.512913411,448.721505117,-800,1,15,1.6e-08,5.2e-10,7.2e-10,-20.6068113324,-84.7564567054,64.149645373,57.4524832955,287.894133258,-122.532809599,-72.6587151857,-2.67988675665,-6.37170609917e-08,-4.28781881064e-08
5.632e-06,-105.985808302,448.260124114,-800,1,15,1.6e-08,5.2e-10,7.2e-10,-13.6035725171,-52.9929041512,39.3893316341,47.013519316,274.700031895,-127.140894444,-76.1081283081,-2.23573144268,-6.61132651107e-08,-3.57717030828e-08
5.633e-06,-27.5733113842,447.727957642,-800,1,15,1.6e-08,5.2e-10,7.2e-10,-5.89333360911,-13.7866556921,7.89332208298,44.6016049353,265.585333329,-130.662899177,-78.7708146727,-1.56902324936,-6.79447075718e-08,-2.51043719897e-08
5.634e-06,54.7117751762,447.125089734,-800,1,15,1.6e-08,5.2e-10,7.2e-10,1.40209079304,27.3558875881,-25.9537967951,50.3121940579,261.855275804,-132.75756677,-80.4013585814,-0.772498212227,-6.90339347204e-08,-1.23599713956e-08
5.635e-06,129.312755504,446.451615592,-800,1,15,1.6e-08,5.2e-10,7.2e-10,7.21912402756,64.6563777522,-57.4372537246,63.0934593551,264.04901217,-133.282175109,-80.8979339751,0.0428772296834,-6.93067310567e-08,6.86035674934e-10
5.636e-06,185.75214361,445.707641563,-800,1,15,1.6e-08,5.2e-10,7.2e-10,10.7018100063,92.8760718052,-82.1742617989,80.8940216078,271.863888385,-132.312580726,-80.3166015788,0.76349095203,-6.88025419777e-08,1.22158552325e-08
5.637e-06,216.10319516,444.893285132,-800,1,15,1.6e-08,5.2e-10,7.2e-10,11.3220360774,108.05159758,-96.7295615027,100.951064131,284.197952869,-130.132564176,-78.863431581,1.28904144463,-6.76689333715e-08,2.06246631141e-08
5.638e-06,216.10319516,444.008674894,-800,1,15,1.6e-08,5.2e-10,7.2e-10,8.95371117167,108.05159758,-99.0978864085,120.178367452,299.304726377,-127.193973451,-76.8655581907,1.54662467739,-6.61408661943e-08,2.47459948382e-08
5.639e-06,185.75214361,443.053950538,-800,1,15,1.6e-08,5.2e-10,7.2e-10,3.89048113276,92.8760718052,-88.9855906724,135.599765916,315.038495398,-124.053263179,-74.7252313695,1.50097307406,-6.45076968529e-08,2.4015569185e-08
5.64e-06,129.312755504,442.029262828,-800,1,15,1.6e-08,5.2e-10,7.2e-10,-3.19550683166,64.6563777522,-67.8518845838,144.767148507,329.155678339,-121.293342473,-72.8633190333,1.15940856055,-6.30725380857e-08,1.85505369687e-08
5.641e-06,54.7117751763,440.934773573,-800,1,15,1.6e-08,5.2e-10,7.2e-10,-11.347999168,27.3558875881,-38.7038867562,146.104296915,339.629938486,-119.441707665,-71.660194668,0.570814046462,-6.21096879858e-08,9.13302474339e-09
5.642e-06,-27.5733113842,439.770655606,-800,1,15,1.6e-08,5.2e-10,7.2e-10,-19.4609329609,-13.7866556921,-5.67427726883,139.128269787,344.936787042,-118.896357939,-71.4023125156,-0.181232207423,-6.18261061282e-08,-2.89971531877e-09
5.643e-06,-105.985808302,438.537092754,-800,1,15,1.6e-08,5.2e-10,7.2e-10,-26.4337732704,-52.9929041512,26.5591308807,124.517240404,344.267704584,-119.869898776,-72.2419736823,-0.990195078508,-6.23323473634e-08,-1.58431212561e-08
5.644e-06,-169.512913411,437.234279812,-800,1,15,1.6e-08,5.2e-10,7.2e-10,-31.3260741538,-84.7564567054,53.4303825515,104.015260166,337.64370819,-122.359683726,-74.175933898,-1.74154529243,-6.36270355375e-08,-2.78647246788e-08
5.645e-06,-209.232433585,435.862422508,-800,1,15,1.6e-08,5.2e-10,7.2e-10,-33.4895557315,-104.616216792,71.126661061,80.1873235634,325.912414058,-126.14818799,-77.0458573999,-2.32884488584,-6.55970577549e-08,-3.72615181735e-08
5.646e-06,-219.565880254,434.421737475,-800,1,15,1.6e-08,5.2e-10,7.2e-10,-32.6591474669,-109.782940127,77.1237926602,56.0591350283,310.629008148,-130.833561344,-80.5605531908,-2.66869626657,-6.8033451899e-08,-4.26991402651e-08
5.647e-06,-199.061951543,432.912452214,-800,1,15,1.6e-08,5.2e-10,7.2e-10,-28.9902108976,-99.5309757713,70.5407648737,34.692171318,293.837842155,-135.886069332,-84.3368706533,-2.71245532005,-7.06607560527e-08,-4.33992851207e-08
5.648e-06,-150.600363304,431.334805058,-800,1,15,1.6e-08,5.2e-10,7.2e-10,-23.0367139945,-75.3001816522,52.2634676577,18.7537206626,277.785328989,-140.722495728,-87.9535108504,-2.45306349125,-7.31756977783e-08,-3.924901586e-08
5.649e-06,-80.9874015906,429.689045136,-800,1,15,1.6e-08,5.2e-10,7.2e-10,-15.6734224943,-40.4937007953,24.820278301,10.1422853833,264.604460735,-144.788056654,-91.0101958715,-1.92603929652,-7.528978946e-08,-3.08166287443e-08
5.65e-06,-5.73466821229e-11,427.975432333,-800,1,15,1.6e-08,5.2e-10,7.2e-10,-7.97303619706,-2.86739521016e-11,-7.97303619703,9.72095906548,256.015257579,-147.634321764,-93.1838860638,-1.20449001048,-7.67698473173e-08,-1.92718401677e-08
5.651e-06,80.9874015907,426.194237248,-800,1,15,1.6e-08,5.2e-10,7.2e-10,-1.05552607023,40.4937007953,-41.5492268656,17.1962246632,253.083218771,-148.98219868,-94.2741496032,-0.388844121948,-7.74707433137e-08,-6.22150595116e-09
5.652e-06,150.600363304,424.345741152,-800,1,15,1.6e-08,5.2e-10,7.2e-10,4.06916768686,75.3001816521,-71.2310139653,31.159195974,256.069700429,-148.76113471,-94.231312382,0.407253395152,-7.73557900491e-08,6.51605432243e-09
5.653e-06,199.061951543,422.430235944,-800,1,15,1.6e-08,5.2e-10,7.2e-10,6.6429840336,99.5309757713,-92.8879917377,49.2835102338,264.395234192,-147.119030072,-93.1634346419,1.07290202836,-7.65018956377e-08,1.71664324538e-08
5.654e-06,219.565880254,420.448024105,-800,1,15,1.6e-08,5.2e-10,7.2e-10,6.2662137473,109.782940127,-103.51672638,68.6520784007,276.720938481,-144.401470349,-91.3211345045,1.51552122327,-7.50887645815e-08,2.42483395723e-08
5.655e-06,209.232433585,418.39941865,-800,1,15,1.6e-08,5.2e-10,7.2e-10,2.95364258787,104.616216792,-101.662574205,86.1668020131,291.136588397,-141.103194894,-89.062389887,1.67385289773,-7.33736613447e-08,2.67816463637e-08
5.656e-06,169.512913411,416.284743076,-800,1,15,1.6e-08,5.2e-10,7.2e-10,-2.86752017202,84.7564567053,-87.6239768773,98.9837131038,305.428930384,-137.79861732,-86.8022622674,1.5265648092,-7.16552810062e-08,2.44250369473e-08
5.657e-06,105.985808302,414.104331315,-800,1,15,1.6e-08,5.2e-10,7.2e-10,-10.4176369167,52.9929041512,-63.4105410679,104.912423056,317.392557661,-135.061156251,-84.9546034462,1.09524645777,-7.02318012503e-08,1.75239433244e-08
5.658e-06,27.5733113841,411.858527679,-800,1,15,1.6e-08,5.2e-10,7.2e-10,-18.6741344125,13.786655692,-32.4607901045,102.723778989,325.139684866,-133.38270609,-83.8739324148,0.441376759029,-6.93590071666e-08,7.06202814446e-09
5.659e-06,-54.7117751763,409.547686808,-800,1,15,1.6e-08,5.2e-10,7.2e-10,-26.5151161558,-27.3558875881,0.840771432364,92.3225182527,327.365315005,-133.104557895,-83.8056455502,-0.34231063187,-6.92143701052e-08,-5.47697010991e-09
5.66e-06,-129.312755504,407.17217361,-800,1,15,1.6e-08,5.2e-10,7.2e-10,-32.8769244182,-64.6563777522,31.779453334,74.7606722017,323.530556753,-134.369472316,-84.8515529655,-1.14485163046,-6.98721256043e-08,-1.83176260874e-08
5.661e-06,-185.75214361,404.732363205,-800,1,15,1.6e-08,5.2e-10,7.2e-10,-36.9035228616,-92.8760718052,55.9725489436,52.0898367391,313.938345774,-137.101635808,-86.9555813322,-1.85263644199,-7.12928506204e-08,-2.96421830718e-08
5.662e-06,-216.10319516,402.228640868,-800,1,15,1.6e-08,5.2e-10,7.2e-10,-38.0667193802,-108.05159758,69.9848782,27.0730577804,299.690935171,-141.017315204,-89.9116511682,-2.36536586176,-7.33290039062e-08,-3.78458537882e-08
5.663e-06,-216.10319516,399.661401966,-800,1,15,1.6e-08,5.2e-10,7.2e-10,-36.2403442242,-108.05159758,71.811253356,2.79679646805,282.535125451,-145.664714244,-93.3926222506,-2.61013814191,-7.57456514069e-08,-4.17622102705e-08
5.664e-06,-185.75214361,397.031051896,-800,1,15,1.6e-08,5.2e-10,7.2e-10,-31.7179653079,-92.8760718052,61.1581064973,-17.7625275357,264.616970945,-150.487434332,-96.9962418546,-2.55168796607,-7.82534658525e-08,-4.08270074571e-08
5.665e-06,-129.312755504,394.33800602,-800,1,15,1.6e-08,5.2e-10,7.2e-10,-25.1716526372,-64.6563777522,39.4847251149,-32.1565369726,248.180413471,-154.902626637,-100.301642523,-2.19733949853,-8.05493658511e-08,-3.51574319764e-08
5.666e-06,-54.7117751763,391.582689601,-800,1,15,1.6e-08,5.2e-10,7.2e-10,-17.5575832686,-27.3558875881,9.79830431949,-38.808735146,235.252169216,-158.382859314,-102.928454424,-1.59597786673,-8.23590868432e-08,-2.55356458677e-08
5.667e-06,27.5733113842,388.765537737,-800,1,15,1.6e-08,5.2e-10,7.2e-10,-9.98174430074,13.7866556921,-23.7683999928,-37.2358902655,227.357125548,-160.530201828,-104.590230139,-0.831183529551,-8.34757049505e-08,-1.32989364728e-08
5.668e-06,105.985808302,385.886995287,-800,1,15,1.6e-08,5.2e-10,7.2e-10,-3.54459551318,52.9929041512,-56.5374996644,-28.1158732092,225.304219423,-161.132121463,-105.134678531,-0.00949378889691,-8.37887031608e-08,-1.51900622351e-10
5.669e-06,169.512913411,382.947516808,-800,1,15,1.6e-08,5.2e-10,7.2e-10,0.813491678455,84.7564567053,-83.9429650269,-13.1924210934,229.072870121,-160.191341513,-104.56505696,0.754559919505,-8.32994975866e-08,1.20729587121e-08
5.67e-06,209.232433585,379.947566476,-800,1,15,1.6e-08,5.2e-10,7.2e-10,2.44431131368,104.616216792,-102.171905479,4.9697976754,237.8159165,-157.925467659,-103.039717377,1.35453748803,-8.21212431825e-08,2.16725998084e-08
5.671e-06,219.565880254,376.887618019,-800,1,15,1.6e-08,5.2e-10,7.2e-10,1.08286618935,109.782940127,-108.700073938,23.3454164775,249.97864623,-154.736435009,-100.84987005,1.70703919642,-8.04629462047e-08,2.73126271427e-08
5.672e-06,199.061951543,373.768154638,-800,1,15,1.6e-08,5.2e-10,7.2e-10,-3.11540938488,99.5309757713,-102.646385156,38.8733080196,263.517199709,-151.15406687,-98.3786879208,1.76341881745,-7.86001147725e-08,2.82147010792e-08
5.673e-06,150.600363304,370.589668933,-800,1,15,1.6e-08,5.2e-10,7.2e-10,-9.59647520434,75.3001816521,-84.8966568565,48.8865451205,276.185674468,-147.761672251,-96.047495295,1.516615698,-7.68360695704e-08,2.42658511679e-08
5.674e-06,80.9874015907,367.352662823,-800,1,15,1.6e-08,5.2e-10,7.2e-10,-17.4854938146,40.4937007953,-57.97919461,51.4869980265,285.851607116,-145.11413171,-94.2565984725,1.00214627008,-7.54593484891e-08,1.60343403213e-08
5.675e-06,-6.05936395981e-11,364.057647469,-800,1,15,1.6e-08,5.2e-10,7.2e-10,-25.7096941917,-3.02975422528e-11,-25.7096941917,45.8119571754,290.7955243,-143.659976146,-93.3290685018,0.293115737054,-7.47031875959e-08,4.68985179287e-09
5.676e-06,-80.9874015906,360.705143192,-800,1,15,1.6e-08,5.2e-10,7.2e-10,-33.1490346155,-40.4937007953,7.34466617984,32.155335032,289.952491664,-143.678402329,-93.4653715932,-0.510049471298,-7.47127692109e-08,-8.16079154076e-09
5.677e-06,-150.600363304,357.295679392,-800,1,15,1.6e-08,5.2e-10,7.2e-10,-38.7935045861,-75.3001816522,36.506677066,11.9264245569,283.061735946,-145.240071154,-94.7152192171,-1.29370642849,-7.55248370001e-08,-2.06993028558e-08
5.678e-06,-199.061951543,353.829794461,-800,1,15,1.6e-08,5.2e-10,7.2e-10,-41.8849731927,-99.5309757713,57.6460025786,-12.5479934441,270.703326243,-148.197194392,-96.9705914568,-1.94695665862,-7.7062541084e-08,-3.1151306538e-08
5.679e-06,-219.565880254,350.308035705,-800,1,15,1.6e-08,5.2e-10,7.2e-10,-42.0236617538,-109.782940127,67.7592783733,-38.3504006545,254.216762668,-152.204302212,-99.9809134659,-2.37722163361,-7.91462371503e-08,-3.80355461378e-08
5.68e-06,-209.232433585,346.730959249,-800,1,15,1.6e-08,5.2e-10,7.2e-10,-39.2242869637,-104.616216792,65.3919298288,-62.3822581568,235.51290638,-156.766774746,-103.388253541,-2.52324528802,-8.15187228679e-08,-4.03719246083e-08
5.681e-06,-169.512913411,343.099129955,-800,1,15,1.6e-08,5.2e-10,7.2e-10,-33.9139894045,-84.7564567053,50.8424673009,-81.7991463931,216.805664841,-161.310321581,-106.777599345,-2.36369738697,-8.38813672222e-08,-3.78191581915e-08
5.682e-06,-105.985808302,339.413121331,-800,1,15,1.6e-08,5.2e-10,7.2e-10,-26.8723383595,-52.9929041512,26.1205657917,-94.4102140673,200.301116318,-165.261650987,-109.735151136,-1.92016942973,-8.5936058513e-08,-3.07227108756e-08
5.683e-06,-27.5733113842,335.673515441,-800,1,15,1.6e-08,5.2e-10,7.2e-10,-19.1218390731,-13.7866556921,-5.33518338106,-98.9858345772,187.88773517,-168.128999124,-111.906444888,-1.25414232306,-8.74270795444e-08,-2.0066277169e-08
5.684e-06,54.7117751763,331.880902811,-800,1,15,1.6e-08,5.2e-10,7.2e-10,-11.7843203869,27.3558875881,-39.1402079751,-95.430260548,180.871224837,-169.571209152,-113.046142091,-0.458351705819,-8.8177028759e-08,-7.33362729311e-09
5.685e-06,129.312755504,328.03588234,-800,1,15,1.6e-08,5.2e-10,7.2e-10,-5.92337268173,64.6563777522,-70.5797504339,-84.7950276518,179.791200471,-169.445658271,-113.052493388,0.356236360945,-8.81117423007e-08,5.69978177511e-09
5.686e-06,185.75214361,324.1390612,-800,1,15,1.6e-08,5.2e-10,7.2e-10,-2.39496524915,92.8760718052,-95.2710370544,-69.1312251902,184.345467562,-167.828301491,-111.981635748,1.07601011257,-8.72707167753e-08,1.72161618011e-08
5.687e-06,216.10319516,320.191054744,-800,1,15,1.6e-08,5.2e-10,7.2e-10,-1.72722343831,108.05159758,-109.778821018,-51.2013815982,193.432531421,-165.003017045,-110.03971517,1.60066838079,-8.58015688634e-08,2.56106940926e-08
5.688e-06,216.10319516,316.192486409,-800,1,15,1.6e-08,5.2e-10,7.2e-10,-4.04625052163,108.05159758,-112.097848102,-34.0914296975,205.306367167,-161.421749838,-107.553941264,1.85730746018,-8.3939309916e-08,2.97169193628e-08
5.689e-06,185.75214361,312.143987616,-800,1,15,1.6e-08,5.2e-10,7.2e-10,-9.05841237712,92.8760718052,-101.934484182,-20.7772500284,217.82171324,-157.64105068,-104.926639005,1.81066008258,-8.19733463536e-08,2.89705613212e-08
5.69e-06,129.312755504,308.046197668,-800,1,15,1.6e-08,5.2e-10,7.2e-10,-16.0915730529,64.6563777522,-80.7479508051,-13.7066699635,228.735437686,-154.243924163,-102.578750958,1.46804846597,-8.02068405647e-08,2.34887754556e-08
5.691e-06,54.7117751762,303.899763654,-800,1,15,1.6e-08,5.2e-10,7.2e-10,-24.1894898011,27.3558875881,-51.5453773892,-14.4556255892,236.021651221,-151.757961431,-100.890724918,0.878355796839,-7.89141399444e-08,1.40536927494e-08
5.692e-06,-27.5733113842,299.705340345,-800,1,15,1.6e-08,5.2e-10,7.2e-10,-32.2461100799,-13.7866556921,-18.4594543878,-23.5067773981,238.156310356,-150.581255841,-100.149089109,0.125160598241,-7.83022530373e-08,2.00256957185e-09
5.693e-06,-105.985808302,295.463590089,-800,1,15,1.6e-08,5.2e-10,7.2e-10,-39.1609089106,-52.9929041512,13.8319952406,-40.1816725656,234.331338942,-150.926506434,-100.50621832,-0.685001758679,-7.84817833457e-08,-1.09600281389e-08
5.694e-06,-169.512913411,291.175182706,-800,1,15,1.6e-08,5.2e-10,7.2e-10,-43.9934499184,-84.7564567053,40.7630067869,-62.7359814192,224.568195368,-152.791159737,-101.958941677,-1.43760176398,-7.94514030632e-08,-2.30016282237e-08
5.695e-06,-209.232433585,286.840795387,-800,1,15,1.6e-08,5.2e-10,7.2e-10,-46.0954624208,-104.616216792,58.5207543717,-88.6044324258,209.714935255,-155.957783366,-104.348996547,-2.02620123089,-8.10980473505e-08,-3.24192196943e-08
5.696e-06,-219.565880254,282.461112581,-800,1,15,1.6e-08,5.2e-10,7.2e-10,-45.201884729,-109.782940127,64.5810553981,-114.761045309,191.327182157,-160.024618977,-107.385264811,-2.36740235509,-8.3212801868e-08,-3.78784376814e-08
5.697e-06,-199.061951543,278.036825891,-800,1,15,1.6e-08,5.2e-10,7.2e-10,-41.4680869024,-99.5309757713,58.0628888689,-138.144068629,171.44972359,-164.462023477,-110.684668491,-2.41256082027,-8.55202522079e-08,-3.86009731244e-08
5.698e-06,-150.600363304,273.568633963,-800,1,15,1.6e-08,5.2e-10,7.2e-10,-35.4480451319,-75.3001816521,39.8521365202,-156.085940611,152.329406556,-168.686871508,-113.825981068,-2.15461787925,-8.77171731841e-08,-3.44738860679e-08
5.699e-06,-80.9874015907,269.057242376,-800,1,15,1.6e-08,5.2e-10,7.2e-10,-28.0165330966,-40.4937007953,12.4771676987,-166.687886507,136.099655543,-172.144469585,-116.408996839,-1.62909186478,-8.95151241841e-08,-2.60654698365e-08
5.7e-06,-2.15548730709e-11,264.503363532,-800,1,15,1.6e-08,5.2e-10,7.2e-10,-20.2462582859,-1.07771569446e-11,-20.2462582859,-169.086541399,124.480921488,-174.386477291,-118.110748159,-0.909089875679,-9.06809681911e-08,-1.45454380109e-08
5.701e-06,80.9874015906,259.90771654,-800,1,15,1.6e-08,5.2e-10,7.2e-10,-13.2571991304,40.4937007953,-53.7508999258,-163.575152085,118.539132753,-175.133891731,-118.73087502,-0.0950402317241,-9.10696237e-08,-1.52064370759e-09
5.702e-06,150.600363304,255.271027107,-800,1,15,1.6e-08,5.2e-10,7.2e-10,-8.05930309046,75.3001816522,-83.3594847426,-151.562335595,118.536072956,-174.316249263,-118.219774951,0.699412256289,-9.06444496167e-08,1.11905961006e-08
5.703e-06,199.061951543,250.59402742,-800,1,15,1.6e-08,5.2e-10,7.2e-10,-5.41063829305,99.5309757713,-104.941614064,-135.37418659,123.892699627,-172.081538734,-116.685579655,1.36336723408,-8.94824001416e-08,2.18138757452e-08
5.704e-06,219.565880254,245.87745603,-800,1,15,1.6e-08,5.2e-10,7.2e-10,-5.71092089806,109.782940127,-115.493861025,-117.92752708,133.270555473,-168.775433938,-114.378978549,1.80424430135,-8.77632256478e-08,2.88679088215e-08
5.705e-06,209.232433585,241.122057741,-800,1,15,1.6e-08,5.2e-10,7.2e-10,-8.94537195998,104.616216792,-113.561588752,-102.320189567,144.75983827,-164.892762037,-111.658020679,1.96078552694,-8.57442362595e-08,3.1372568431e-08
5.706e-06,169.512913411,236.328583483,-800,1,15,1.6e-08,5.2e-10,7.2e-10,-14.6867889243,84.7564567053,-99.4432456296,-91.3958771432,156.147715513,-161.008024053,-108.937838495,1.81165881709,-8.37241725073e-08,2.89865410734e-08
5.707e-06,105.985808302,231.497790202,-800,1,15,1.6e-08,5.2e-10,7.2e-10,-22.1555408231,52.9929041512,-75.1484449743,-87.3447146431,165.229199828,-157.694725618,-106.63235461,1.37845381931,-8.20012573213e-08,2.20552611089e-08
5.708e-06,27.5733113841,226.630440736,-800,1,15,1.6e-08,5.2e-10,7.2e-10,-30.3290610261,13.7866556921,-44.1157167182,-91.3955922755,170.116923594,-155.444847753,-105.096158672,0.72264959618,-8.08313208316e-08,1.15623935389e-08
5.709e-06,-54.7117751763,221.727303697,-800,1,15,1.6e-08,5.2e-10,7.2e-10,-38.085459615,-27.3558875881,-10.7295720269,-103.643511152,169.50630585,-154.599767739,-104.574717555,-0.0630200497154,-8.03918792241e-08,-1.00832079545e-09
5.71e-06,-129.312755504,216.789153346,-800,1,15,1.6e-08,5.2e-10,7.2e-10,-44.3610854533,-64.6563777522,20.2952922989,-123.036179534,162.858869569,-155.302332053,-105.169911714,-0.867590885211,-8.07572126677e-08,-1.38814541634e-08
5.711e-06,-185.75214361,211.816769474,-800,1,15,1.6e-08,5.2e-10,7.2e-10,-48.299908827,-92.8760718052,44.5761629782,-147.521742317,150.477962918,-157.476812582,-106.825737998,-1.57745296473,-8.18879425424e-08,-2.52392474357e-08
5.712e-06,-216.10319516,206.81093728,-800,1,15,1.6e-08,5.2e-10,7.2e-10,-49.3737443111,-108.05159758,58.6778532691,-174.336895598,133.466249673,-160.839561184,-109.336186939,-2.09230692983,-8.36365718158e-08,-3.34769108772e-08
5.713e-06,-216.10319516,201.772447241,-800,1,15,1.6e-08,5.2e-10,7.2e-10,-47.4564289172,-108.05159758,60.5951686629,-200.394921498,113.570939111,-164.938866222,-112.374188157,-2.33925087513,-8.57682104356e-08,-3.74280140021e-08
5.714e-06,-185.75214361,196.702094993,-800,1,15,1.6e-08,5.2e-10,7.2e-10,-42.8415374258,-92.8760718052,50.0345343794,-222.719144906,92.9384923771,-169.218413304,-115.537558595,-2.28301932232,-8.79935749183e-08,-3.6528309157e-08
5.715e-06,-129.312755504,191.600681204,-800,1,15,1.6e-08,5.2e-10,7.2e-10,-36.2011468361,-64.6563777522,28.455230916,-238.860934442,73.8132560769,-173.095437382,-118.405500278,-1.93093626842,-9.00096274384e-08,-3.08949802946e-08
5.716e-06,-54.7117751763,186.469011447,-800,1,15,1.6e-08,5.2e-10,7.2e-10,-28.4914413476,-27.3558875882,-1.13555375945,-247.243540662,58.2223490844,-176.042589954,-120.597712667,-1.33188666768,-9.15421467763e-08,-2.13101866829e-08
5.717e-06,27.5733113841,181.307896071,-800,1,15,1.6e-08,5.2e-10,7.2e-10,-20.8184153731,13.7866556921,-34.6050710651,-247.383480447,47.6910592772,-177.662023389,-121.827817435,-0.569450799135,-9.23842521623e-08,-9.11121278616e-09
5.718e-06,105.985808302,176.118150077,-800,1,15,1.6e-08,5.2e-10,7.2e-10,-14.2825361988,52.9929041512,-67.2754403499,-239.95837482,43.0287218596,-177.741287411,-121.943592324,0.249834222499,-9.24254694538e-08,3.99734755998e-09
5.719e-06,169.512913411,170.900592985,-800,1,15,1.6e-08,5.2e-10,7.2e-10,-9.82418295894,84.7564567053,-94.5806396643,-226.711712562,44.2151520139,-176.283187283,-120.948363352,1.01143715663,-9.16672573872e-08,1.6182994506e-08
5.72e-06,209.232433585,165.656048708,-800,1,15,1.6e-08,5.2e-10,7.2e-10,-8.09156956464,104.616216792,-112.707786357,-210.207915322,50.4035820624,-173.505410167,-119.000550896,1.60891809932,-9.02228132871e-08,2.57426895891e-08
5.721e-06,219.565880254,160.385345421,-800,1,15,1.6e-08,5.2e-10,7.2e-10,-9.34970141922,109.782940127,-119.132641546,-193.472104599,60.0396906089,-169.809972149,-116.391433398,1.95887754315,-8.83011855173e-08,3.13420406905e-08
5.722e-06,199.061951543,155.089315429,-800,1,15,1.6e-08,5.2e-10,7.2e-10,-13.4431526812,99.5309757713,-112.974128452,-179.565164258,71.0800063539,-165.726776987,-113.504251722,2.0126694834,-8.61779240333e-08,3.22027117344e-08
5.723e-06,150.600363304,149.768795035,-800,1,15,1.6e-08,5.2e-10,7.2e-10,-19.817891898,75.3001816522,-95.1180735502,-171.153779807,81.2790124019,-161.839213605,-110.760397813,1.76323349963,-8.41563910748e-08,2.82117359941e-08
5.724e-06,80.9874015906,144.424624413,-800,1,15,1.6e-08,5.2e-10,7.2e-10,-27.5990906681,40.4937007953,-68.0927914635,-170.135841145,88.5046280975,-158.702241917,-108.560245325,1.24608626722,-8.25251657967e-08,1.99373802755e-08
5.725e-06,3.65896854493e-12,139.057647469,-800,1,15,1.6e-08,5.2e-10,7.2e-10,-35.7139873347,1.82964754458e-12,-35.7139873347,-177.373819862,91.0377598872,-156.764471593,-107.226932356,0.534333243967,-8.15175252286e-08,8.54933190347e-09
5.726e-06,-80.9874015906,133.66871171,-800,1,15,1.6e-08,5.2e-10,7.2e-10,-43.0425498745,-40.4937007953,-2.54884907914,-192.573567467,87.8138501618,-156.305177579,-106.960991843,-0.271598874355,-8.12786923408e-08,-4.34558198968e-09
5.727e-06,-150.600363304,128.258668111,-800,1,15,1.6e-08,5.2e-10,7.2e-10,-48.5747778258,-75.3001816522,26.7254038264,-214.325556993,78.5724992451,-157.395098318,-107.812201645,-1.05806688339,-8.18454511256e-08,-1.69290701342e-08
5.728e-06,-199.061951543,122.828370983,-800,1,15,1.6e-08,5.2e-10,7.2e-10,-51.5525506701,-99.5309757713,47.9784251011,-240.302775708,63.894146548,-159.886522489,-109.672607879,-1.71417201713,-8.3140991694e-08,-2.7426752274e-08
5.729e-06,-219.565880254,117.37867783,-800,1,15,1.6e-08,5.2e-10,7.2e-10,-51.576100484,-109.782940127,58.2068396431,-267.587475525,45.1186591108,-163.434056495,-112.291701358,-2.1473354448,-8.49857093773e-08,-3.43573671168e-08
5.73e-06,-209.232433585,111.910449224,-800,1,15,1.6e-08,5.2e-10,7.2e-10,-48.6601550943,-104.616216792,55.9560616981,-293.080889976,24.1572615137,-167.543156015,-115.311615649,-2.29630078547,-8.7122441128e-08,-3.67408125676e-08
5.731e-06,-169.512913411,106.424548661,-800,1,15,1.6e-08,5.2e-10,7.2e-10,-43.2318666005,-84.7564567053,41.5245901049,-313.93837425,3.224221022,-171.639605467,-118.317403273,-2.13973747568,-8.92525948429e-08,-3.42357996108e-08
5.732e-06,-105.985808302,100.921842427,-800,1,15,1.6e-08,5.2e-10,7.2e-10,-36.0708161957,-52.9929041512,16.9220879555,-327.96885416,-15.4740280289,-175.150187209,-120.895328917,-1.69923667278,-9.10780973487e-08,-2.71877867645e-08
5.733e-06,-27.5733113842,95.4031994649,-800,1,15,1.6e-08,5.2e-10,7.2e-10,-28.1995214345,-13.7866556921,-14.4128657424,-333.942482652,-30.0486590701,-177.583210728,-122.690992538,-1.03627892819,-9.23432695783e-08,-1.6580462851e-08
5.734e-06,54.7117751763,89.8694912315,-800,1,15,1.6e-08,5.2e-10,7.2e-10,-20.7398238742,27.3558875882,-48.0957114624,-331.763294405,-39.1936204214,-178.597591716,-123.459119138,-0.243599511728,-9.28707476924e-08,-3.89759218764e-09
5.735e-06,129.312755504,84.3215915636,-800,1,15,1.6e-08,5.2e-10,7.2e-10,-14.755327024,64.6563777522,-79.4117047762,-322.482609728,-42.3689527847,-178.050779094,-123.098022388,0.567835898317,-9.25864051291e-08,9.08537437307e-09
5.736e-06,185.75214361,78.7603765389,-800,1,15,1.6e-08,5.2e-10,7.2e-10,-11.1020137195,92.8760718052,-103.978085525,-308.151305209,-39.8765107296,-176.018798752,-121.663901776,1.28441593391,-9.1529775351e-08,2.05506549426e-08
5.737e-06,216.10319516,73.1867243377,-800,1,15,1.6e-08,5.2e-10,7.2e-10,-10.3080232739,108.05159758,-118.359620854,-291.531699295,-32.8174533338,-172.785598933,-119.362965291,1.80583983732,-8.98485114451e-08,2.88934373972e-08
5.738e-06,216.10319516,67.6015151043,-800,1,15,1.6e-08,5.2e-10,7.2e-10,-12.4994733465,108.05159758,-120.551070927,-275.709517613,-22.9374743105,-168.803193663,-116.522483989,2.05920432763,-8.7777660705e-08,3.2947269242e-08
5.739e-06,185.75214361,62.0056308081,-800,1,15,1.6e-08,5.2e-10,7.2e-10,-17.3827446263,92.8760718052,-110.258816432,-263.660436375,-12.3815086125,-164.628201954,-113.544843722,2.00924257511,-8.56066650162e-08,3.21478812018e-08
5.74e-06,129.312755504,56.3999551039,-800,1,15,1.6e-08,5.2e-10,7.2e-10,-24.2857163983,64.6563777522,-88.9420941505,-257.832081562,-3.39236625959,-160.843695658,-110.851047346,1.66327725016,-8.3638721742e-08,2.66124360025e-08
5.741e-06,54.7117751762,50.7853731931,-800,1,15,1.6e-08,5.2e-10,7.2e-10,-32.2521615772,27.3558875881,-59.6080491653,-259.800190872,2.00438060527,-157.977332208,-108.821602336,1.07019200552,-8.21482127482e-08,1.71230720883e-08
5.742e-06,-27.5733113841,45.162771683,-800,1,15,1.6e-08,5.2e-10,7.2e-10,-40.176043709,-13.7866556921,-26.3893880169,-270.047229486,2.2850007359,-156.427270256,-107.743095972,0.313565844368,-8.13421805333e-08,5.01705350989e-09
5.743e-06,-105.985808302,39.5330384478,-800,1,15,1.6e-08,5.2e-10,7.2e-10,-46.9568543266,-52.9929041512,6.03604982458,-287.894552409,-3.35827479072,-156.406273121,-107.76796145,-0.500065368307,-8.13312620229e-08,-8.00104589291e-09
5.744e-06,-169.512913411,33.8970624876,-800,1,15,1.6e-08,5.2e-10,7.2e-10,-51.6541739886,-84.7564567053,33.1022827167,-311.597641006,-14.9036854798,-157.91185056,-108.893085637,-1.25617161512,-8.21141622912e-08,-2.00987458419e-08
5.745e-06,-209.232433585,28.2557337882,-800,1,15,1.6e-08,5.2e-10,7.2e-10,-53.6197493649,-104.616216792,50.9964674275,-338.591038059,-31.5028788374,-160.726632352,-110.960262952,-1.84831418838,-8.35778488231e-08,-2.95730270141e-08
5.746e-06,-219.565880254,22.6099431809,-800,1,15,1.6e-08,5.2e-10,7.2e-10,-52.5885365349,-109.782940127,57.1944035923,-365.848580944,-51.599939771,-164.448921221,-113.678431623,-2.19309474953,-8.55134390348e-08,-3.50895159926e-08
5.747e-06,-199.061951543,16.9605822015,-800,1,15,1.6e-08,5.2e-10,7.2e-10,-48.715923737,-99.5309757713,50.8150520343,-390.308339276,-73.1497946679,-168.549134025,-116.664569295,-2.24186843493,-8.76455496932e-08,-3.58698949589e-08
5.748e-06,-150.600363304,11.3085429495,-800,1,15,1.6e-08,5.2e-10,7.2e-10,-42.5559057482,-75.3001816522,32.744275904,-409.302575804,-93.9053159675,-172.444204218,-119.497504326,-1.98757593707,-8.96709861932e-08,-3.18012149932e-08
5.749e-06,-80.9874015906,5.65471794751,-800,1,15,1.6e-08,5.2e-10,7.2e-10,-34.9832752341,-40.4937007953,5.51042556118,-420.932343825,-111.732804266,-175.579495957,-121.777085128,-1.46573501575,-9.13013378979e-08,-2.3451760252e-08
5.75e-06,1.42369359811e-11,2.86623059258e-12,-800,1,15,1.6e-08,5.2e-10,7.2e-10,-27.070759067,7.11786185548e-12,-27.070759067,-424.334110053,-124.911539445,-177.506725286,-123.180397388,-0.749452184292,-9.2303497149e-08,-1.19912349487e-08
5.751e-06,80.9874015907,-5.65471794751,-800,1,15,1.6e-08,5.2e-10,7.2e-10,-19.9383554479,40.4937007953,-60.4320562432,-419.800956561,-132.375329794,-177.946944559,-123.507133634,0.0608448352071,-9.25324111709e-08,9.73517363314e-10
5.752e-06,150.600363304,-11.3085429495,-800,1,15,1.6e-08,5.2e-10,7.2e-10,-14.59603199,75.3001816521,-89.8962136421,-408.741339353,-133.862134266,-176.829744152,-122.707743113,0.851511841598,-9.1951466959e-08,1.36241894656e-08
5.753e-06,199.061951543,-16.9605822015,-800,1,15,1.6e-08,5.2e-10,7.2e-10,-11.8018773468,99.5309757713,-111.332853118,-393.481195815,-129.95074391,-174.303165677,-120.890408411,1.51164910191,-9.06376461518e-08,2.41863856306e-08
5.754e-06,219.565880254,-22.6099431809,-800,1,15,1.6e-08,5.2e-10,7.2e-10,-11.9556285712,109.782940127,-121.738568698,-376.937194491,-121.979370699,-170.712934422,-118.305868977,1.94867684856,-8.87707258993e-08,3.1178829577e-08
5.755e-06,209.232433585,-28.2557337882,-800,1,15,1.6e-08,5.2e-10,7.2e-10,-15.0425279684,104.616216792,-119.658744761,-362.207018272,-111.85757771,-166.553927749,-115.312223023,2.10133779417,-8.66080424297e-08,3.36214047067e-08
5.756e-06,169.512913411,-33.8970624876,-800,1,15,1.6e-08,5.2e-10,7.2e-10,-20.6353945835,84.7564567053,-105.391851289,-352.134224545,-101.797964561,-162.400695569,-112.324651279,1.94830049949,-8.44483616961e-08,3.11728079919e-08
5.757e-06,105.985808302,-39.5330384478,-800,1,15,1.6e-08,5.2e-10,7.2e-10,-27.9546193884,52.9929041512,-80.9475235396,-348.908796395,-94.0052920751,-158.826791074,-109.757123743,1.51115527703,-8.25899313585e-08,2.41784844324e-08
5.758e-06,27.5733113841,-45.162771683,-800,1,15,1.6e-08,5.2e-10,7.2e-10,-35.977658023,13.786655692,-49.7643137151,-353.759486281,-90.3667077287,-156.324241493,-107.964276529,0.851381864427,-8.12886055762e-08,1.36221098308e-08
5.759e-06,-54.7117751762,-50.7853731931,-800,1,15,1.6e-08,5.2e-10,7.2e-10,-43.5826431595,-27.3558875881,-16.2267555714,-366.781161605,-92.186578818,-155.234468949,-107.191622053,0.0617147491074,-8.07219238535e-08,9.87435985718e-10
5.76e-06,-129.312755504,-56.3999551039,-800,1,15,1.6e-08,5.2e-10,7.2e-10,-49.7059465631,-64.6563777522,14.9504311891,-386.921401007,-100.003175252,-155.700363382,-107.541085364,-0.746881141521,-8.09641889589e-08,-1.19500982643e-08
5.761e-06,-185.75214361,-62.0056308081,-800,1,15,1.6e-08,5.2e-10,7.2e-10,-53.4915617212,-92.8760718052,39.384510084,-412.128223884,-113.512948355,-157.64623874,-108.956706953,-1.46079515859,-8.19760441447e-08,-2.33727225374e-08
5.762e-06,-216.10319516,-67.6015151043,-800,1,15,1.6e-08,5.2e-10,7.2e-10,-54.4113267006,-108.05159758,53.6402708795,-439.638205002,-131.613040518,-160.78848753,-111.23252002,-1.97972723163,-8.36100135155e-08,-3.16756357061e-08
5.763e-06,-216.10319516,-73.1867243377,-800,1,15,1.6e-08,5.2e-10,7.2e-10,-52.3391022838,-108.05159758,55.7124952963,-466.364509345,-152.556055359,-164.675437333,-114.041495872,-2.23077473497,-8.56312274132e-08,-3.56923957595e-08
5.764e-06,-185.75214361,-78.7603765389,-800,1,15,1.6e-08,5.2e-10,7.2e-10,-47.5684872903,-92.8760718052,45.3075845149,-489.330348903,-174.19535141,-168.750811536,-116.981492143,-2.17867146196,-8.77504219985e-08,-3.48587433913e-08
5.765e-06,-129.312755504,-84.3215915636,-800,1,15,1.6e-08,5.2e-10,7.2e-10,-40.7715830158,-64.6563777521,23.8847947364,-506.086983663,-194.286408585,-172.43188141,-119.631750545,-1.83074067374,-8.96645783333e-08,-2.92918507799e-08
5.766e-06,-54.7117751763,-89.8694912315,-800,1,15,1.6e-08,5.2e-10,7.2e-10,-32.9045982026,-27.3558875881,-5.54871061442,-515.057559843,-210.801941411,-175.191333312,-121.612009204,-1.23586658144,-9.1099493322e-08,-1.9773865303e-08
5.767e-06,27.5733113841,-95.4031994649,-800,1,15,1.6e-08,5.2e-10,7.2e-10,-25.0735520414,13.7866556921,-38.8602077335,-515.758494315,-222.216502344,-176.63135298,-122.635927432,-0.477628714087,-9.18483035497e-08,-7.6420594254e-09
5.768e-06,105.985808302,-100.921842427,-800,1,15,1.6e-08,5.2e-10,7.2e-10,-18.3789368204,52.9929041512,-71.3718409716,-508.867312443,-227.720603487,-176.539522026,-122.551319569,0.337436570069,-9.18005514535e-08,5.3989851211e-09
5.769e-06,169.512913411,-106.424548661,-800,1,15,1.6e-08,5.2e-10,7.2e-10,-13.7611568883,84.7564567053,-98.5176135937,-496.127411727,-227.334283976,-174.918676095,-121.361547185,1.09479879303,-9.09577115692e-08,1.75167806885e-08
5.77e-06,209.232433585,-111.910449224,-800,1,15,1.6e-08,5.2e-10,7.2e-10,-11.8684515721,104.616216792,-116.484668365,-480.103126938,-221.904172856,-171.986531222,-119.225065149,1.68801881922,-8.94329962355e-08,2.70083011075e-08
5.771e-06,219.565880254,-117.37867783,-800,1,15,1.6e-08,5.2e-10,7.2e-10,-12.9658518812,109.782940127,-122.748792008,-463.819497115,-212.984459976,-168.145130848,-116.433185331,2.03369791493,-8.74354680408e-08,3.25391666389e-08
5.772e-06,199.061951543,-122.828370983,-800,1,15,1.6e-08,5.2e-10,7.2e-10,-16.8979577589,99.5309757713,-116.42893353,-450.337328107,-202.618492196,-163.924404559,-113.369180945,2.0831908542,-8.52406903707e-08,3.33310536671e-08
5.773e-06,150.600363304,-128.258668111,-800,1,15,1.6e-08,5.2e-10,7.2e-10,-23.1107637057,75.3001816522,-98.4109453579,-442.323231865,-193.051669114,-159.907765572,-110.454475207,1.829438,-8.31520380975e-08,2.9271008e-08
5.774e-06,80.9874015906,-133.66871171,-800,1,15,1.6e-08,5.2e-10,7.2e-10,-30.7294674292,40.4937007953,-71.2231682245,-441.675029206,-186.415961253,-156.650196552,-108.089471952,1.30795681544,-8.14581022072e-08,2.0927309047e-08
5.775e-06,-3.2132840507e-11,-139.057647469,-800,1,15,1.6e-08,5.2e-10,7.2e-10,-38.6813335276,-1.60653712555e-11,-38.6813335276,-449.255127125,-184.430359219,-154.600328378,-106.59733836,0.591853549981,-8.03921707566e-08,9.4696567997e-09
5.776e-06,-80.9874015906,-144.424624413,-800,1,15,1.6e-08,5.2e-10,7.2e-10,-45.8463563672,-40.4937007953,-5.35265557193,-464.769317042,-188.159324879,-154.037455645,-106.178635352,-0.218444305313,-8.00994769355e-08,-3.495108885e-09
5.777e-06,-150.600363304,-149.768795035,-800,1,15,1.6e-08,5.2e-10,7.2e-10,-51.2145620003,-75.3001816522,24.0856196518,-486.80801641,-197.863169388,-155.032334897,-106.883167659,-1.00929274754,-8.06168141463e-08,-1.61486839606e-08
5.778e-06,-199.061951543,-155.089315429,-800,1,15,1.6e-08,5.2e-10,7.2e-10,-54.027856535,-99.5309757713,45.5031192362,-513.044161442,-212.961372047,-157.437271344,-108.603007161,-1.6697922092,-8.1867381099e-08,-2.67166753472e-08
5.779e-06,-219.565880254,-160.385345421,-800,1,15,1.6e-08,5.2e-10,7.2e-10,-53.8864987775,-109.782940127,55.8964413497,-540.559957521,-232.113991776,-160.906886365,-111.087669314,-2.10736305546,-8.36715809098e-08,-3.37178088874e-08
5.78e-06,-209.232433585,-165.656048708,-800,1,15,1.6e-08,5.2e-10,7.2e-10,-50.8052433765,-104.616216792,53.810973416,-566.256596191,-253.409737206,-164.946649042,-113.979311203,-2.260748099,-8.5772257502e-08,-3.6171969584e-08
5.781e-06,-169.512913411,-170.900592985,-800,1,15,1.6e-08,5.2e-10,7.2e-10,-45.2112693357,-84.7564567053,39.5451873696,-587.289395187,-274.634281544,-168.982355629,-116.863007746,-2.10861596803,-8.78708249273e-08,-3.37378554885e-08
5.782e-06,-105.985808302,-176.118150077,-800,1,15,1.6e-08,5.2e-10,7.2e-10,-37.8841848248,-52.9929041512,15.1087193264,-601.467247417,-293.58113819,-172.440798751,-119.325044895,-1.67255700993,-8.96692153505e-08,-2.67609121589e-08
5.783e-06,-27.5733113842,-181.307896071,-800,1,15,1.6e-08,5.2e-10,7.2e-10,-29.8465344368,-13.7866556921,-16.0598787447,-607.560277462,-308.361435575,-174.830296588,-121.011042739,-1.01405096476,-9.09117542258e-08,-1.62248154361e-08
5.784e-06,54.7117751763,-186.469011447,-800,1,15,1.6e-08,5.2e-10,7.2e-10,-22.2201868209,27.3558875881,-49.576074409,-605.472496186,-317.669084282,-175.809771958,-121.675745277,-0.225832289943,-9.1421081418e-08,-3.61331663908e-09
5.785e-06,129.312755504,-191.600681204,-800,1,15,1.6e-08,5.2e-10,7.2e-10,-16.0687726208,64.6563777522,-80.725150373,-596.255204625,-320.964094537,-175.236679331,-121.217484039,0.581134149417,-9.11230732522e-08,9.29814639067e-09
5.786e-06,185.75214361,-196.702094993,-800,1,15,1.6e-08,5.2e-10,7.2e-10,-12.2483018415,92.8760718052,-105.124373647,-581.959264635,-318.548297686,-173.18704858,-119.692475235,1.29323779897,-9.00572652615e-08,2.06918047835e-08
5.787e-06,216.10319516,-201.772447241,-800,1,15,1.6e-08,5.2e-10,7.2e-10,-11.2869409907,108.05159758,-119.338538571,-565.346984471,-311.522836833,-169.94483036,-117.306942434,1.81017871489,-8.83713117873e-08,2.89628594383e-08
5.788e-06,216.10319516,-206.81093728,-800,1,15,1.6e-08,5.2e-10,7.2e-10,-13.3108349383,108.05159758,-121.362432518,-549.504084102,-301.633396954,-165.962039543,-114.388171131,2.05905443014,-8.63002605625e-08,3.29448708823e-08
5.789e-06,185.75214361,-211.816769474,-800,1,15,1.6e-08,5.2e-10,7.2e-10,-18.0263915924,92.8760718052,-110.902463398,-537.406238607,-291.024911491,-161.79529442,-111.338560474,2.00459892861,-8.41335530985e-08,3.20735828577e-08
5.79e-06,129.312755504,-216.789153346,-800,1,15,1.6e-08,5.2e-10,7.2e-10,-24.7615174568,64.6563777522,-89.417895209,-531.501077356,-281.940196166,-158.027664561,-108.579125472,1.65413569373,-8.21743855718e-08,2.64661710997e-08
5.791e-06,54.7117751763,-221.727303697,-800,1,15,1.6e-08,5.2e-10,7.2e-10,-32.5600126565,27.3558875881,-59.9159002446,-533.364345946,-276.404836023,-155.186803559,-106.490384611,1.05654919058,-8.06971378508e-08,1.69047870493e-08
5.792e-06,-27.5733113842,-226.630440736,-800,1,15,1.6e-08,5.2e-10,7.2e-10,-40.3158679322,-13.7866556921,-26.5292122401,-543.478521962,-275.942582389,-153.670864669,-105.358935041,0.295419233641,-7.99088496279e-08,4.72670773825e-09
5.793e-06,-105.985808302,-231.497790202,-800,1,15,1.6e-08,5.2e-10,7.2e-10,-46.9286019874,-52.9929041512,6.06430216381,-561.164977302,-281.361231434,-153.692604262,-105.337218685,-0.522717502,-7.9920154216e-08,-8.363480032e-09
5.794e-06,-169.512913411,-236.328583483,-800,1,15,1.6e-08,5.2e-10,7.2e-10,-51.4578225209,-84.7564567054,33.2986341844,-584.679214706,-292.639057049,-155.2495236,-106.422129996,-1.28333019028,-8.07297522722e-08,-2.05332830444e-08
5.795e-06,-209.232433585,-241.122057741,-800,1,15,1.6e-08,5.2e-10,7.2e-10,-53.2553033049,-104.616216792,51.3609134876,-611.455802799,-308.927748252,-158.124242428,-108.45546984,-1.87997931644,-8.22246060628e-08,-3.0079669063e-08
5.796e-06,-219.565880254,-245.87745603,-800,1,15,1.6e-08,5.2e-10,7.2e-10,-52.0560274759,-109.782940127,57.7269126512,-638.468609253,-328.671438558,-161.915051897,-111.146181755,-2.22926573668,-8.41958269864e-08,-3.5668251787e-08
5.797e-06,-199.061951543,-250.59402742,-800,1,15,1.6e-08,5.2e-10,7.2e-10,-48.015410279,-99.5309757713,51.5155654923,-662.655738425,-349.825110038,-166.092355762,-114.111247558,-2.28254378415,-8.6368024996e-08,-3.65207005464e-08
5.798e-06,-150.600363304,-255.271027107,-800,1,15,1.6e-08,5.2e-10,7.2e-10,-41.6874734395,-75.3001816521,33.6127082127,-681.349492225,-370.141697865,-170.073072846,-116.929498647,-2.03275335028,-8.84379978801e-08,-3.25240536044e-08
5.799e-06,-80.9874015906,-259.90771654,-800,1,15,1.6e-08,5.2e-10,7.2e-10,-33.9470365081,-40.4937007953,6.5466642872,-692.650967523,-387.487572387,-173.302551165,-119.20078534,-1.51541139616,-9.01173266056e-08,-2.42465823386e-08
5.8e-06,5.0028745033e-11,-264.503363532,-800,1,15,1.6e-08,5.2e-10,7.2e-10,-25.8668531724,2.50146570124e-11,-25.8668531724,-695.696679002,-400.142090237,-175.332489099,-120.602194104,-0.803623638964,-9.11728943317e-08,-1.28579782234e-08
5.801e-06,80.9874015906,-269.057242376,-800,1,15,1.6e-08,5.2e-10,7.2e-10,-18.5669483739,40.4937007953,-59.0606491692,-690.779761077,-407.039143415,-175.883919842,-120.933417118,0.00218299273302,-9.14596383178e-08,3.49278837283e-11
5.802e-06,150.600363304,-273.568633963,-800,1,15,1.6e-08,5.2e-10,7.2e-10,-13.0573163852,75.3001816521,-88.3574980373,-679.308726453,-407.916781524,-174.886413107,-120.144902155,0.78836508846,-9.09409348156e-08,1.26138414154e-08
5.803e-06,199.061951543,-278.036825891,-800,1,15,1.6e-08,5.2e-10,7.2e-10,-10.096072434,99.5309757713,-109.627048205,-663.609573557,-403.353893164,-172.487988355,-118.344829212,1.44402370297,-8.96937539448e-08,2.31043792476e-08
5.804e-06,219.565880254,-282.461112581,-800,1,15,1.6e-08,5.2e-10,7.2e-10,-10.0829800565,109.782940127,-119.865920184,-646.599036291,-394.688794729,-169.034347241,-115.783934026,1.87657985331,-8.78978605655e-08,3.00252776529e-08
5.805e-06,209.232433585,-286.840795387,-800,1,15,1.6e-08,5.2e-10,7.2e-10,-13.0033079457,104.616216792,-117.619524738,-631.374867209,-383.831160557,-165.020342019,-112.820309989,2.02477703348,-8.58105778499e-08,3.23964325357e-08
5.806e-06,169.512913411,-291.175182706,-800,1,15,1.6e-08,5.2e-10,7.2e-10,-18.4299014345,84.7564567054,-103.18635814,-620.780697637,-372.993708329,-161.020496023,-109.869131898,1.86728458232,-8.37306579317e-08,2.98765533172e-08
5.807e-06,105.985808302,-295.463590089,-800,1,15,1.6e-08,5.2e-10,7.2e-10,-25.5831776785,52.9929041512,-78.5760818297,-617.006588859,-364.381323699,-157.608334412,-107.344362713,1.42569358692,-8.19563338942e-08,2.28110973907e-08
5.808e-06,27.5733113842,-299.705340345,-800,1,15,1.6e-08,5.2e-10,7.2e-10,-33.4406183924,13.7866556921,-47.2272740845,-621.281375768,-359.881285709,-155.275854934,-105.600630408,0.761484555947,-8.07434445655e-08,1.21837528952e-08
5.809e-06,-54.7117751763,-303.899763654,-800,1,15,1.6e-08,5.2e-10,7.2e-10,-40.8803822112,-27.3558875881,-13.5244946231,-633.700012418,-360.798099916,-154.364448789,-104.883438164,-0.0326072558085,-8.02695133705e-08,-5.21716092937e-10
5.81e-06,-129.312755504,-308.046197668,-800,1,15,1.6e-08,5.2e-10,7.2e-10,-46.8388667462,-64.6563777522,17.817511006,-653.210168292,-367.670181149,-155.016973564,-105.2947007,-0.84561615735,-8.06088262532e-08,-1.35298585176e-08
5.811e-06,-185.75214361,-312.143987616,-800,1,15,1.6e-08,5.2e-10,7.2e-10,-50.4600912115,-92.8760718052,42.4159805937,-677.759957799,-380.194132272,-157.157709428,-106.778447088,-1.56393074007,-8.17220089023e-08,-2.50228918411e-08
5.812e-06,-216.10319516,-316.192486409,-800,1,15,1.6e-08,5.2e-10,7.2e-10,-51.2159192769,-108.05159758,56.8356783033,-704.586054862,-397.267253799,-160.503013699,-109.128698027,-2.08725017774,-8.34615671237e-08,-3.33960028438e-08
5.813e-06,-216.10319516,-320.191054744,-800,1,15,1.6e-08,5.2e-10,7.2e-10,-48.9802372015,-108.05159758,59.0713603787,-730.601727748,-417.142314014,-164.601177367,-112.018411242,-2.3426710929,-8.55926122309e-08,-3.74827374865e-08
5.814e-06,-185.75214361,-324.1390612,-800,1,15,1.6e-08,5.2e-10,7.2e-10,-44.0466691515,-92.8760718052,48.8294026537,-752.830295824,-437.672842619,-168.895885829,-115.045429713,-2.29492653129,-8.78258606312e-08,-3.67188245006e-08
5.815e-06,-129.312755504,-328.03588234,-800,1,15,1.6e-08,5.2e-10,7.2e-10,-37.0873416369,-64.6563777522,27.5690361153,-768.823130528,-456.614497159,-172.804370987,-117.788979426,-1.95133901057,-8.98582729134e-08,-3.12214241692e-08
5.816e-06,-54.7117751763,-331.880902811,-800,1,15,1.6e-08,5.2e-10,7.2e-10,-29.0584884783,-27.3558875881,-1.70260089019,-777.00349358,-471.940176215,-175.799278451,-119.86878172,-1.36079200266,-9.14156247944e-08,-2.17726720426e-08
5.817e-06,27.5733113842,-335.673515441,-800,1,15,1.6e-08,5.2e-10,7.2e-10,-21.0661538069,13.7866556921,-34.852809499,-776.887921374,-482.124622677,-177.48275185,-120.998478059,-0.606864301697,-9.2291030962e-08,-9.70982882715e-09
5.818e-06,105.985808302,-339.413121331,-800,1,15,1.6e-08,5.2e-10,7.2e-10,-14.2108547099,52.9929041512,-67.2037588611,-769.154062794,-486.358545419,-177.642329331,-121.025863882,0.203908464588,-9.2374011252e-08,3.2625354334e-09
5.819e-06,169.512913411,-343.099129955,-800,1,15,1.6e-08,5.2e-10,7.2e-10,-9.43302019193,84.7564567053,-94.1894768973,-755.545442832,-484.662186646,-176.280801731,-119.95428081,0.956996544266,-9.16660169001e-08,1.53119447083e-08
5.82e-06,209.232433585,-346.730959249,-800,1,15,1.6e-08,5.2e-10,7.2e-10,-7.38091408997,104.616216792,-111.997130882,-738.626527694,-477.882384726,-173.615838944,-117.942162721,1.54596152333,-9.02802362511e-08,2.47353843733e-08
5.821e-06,219.565880254,-350.308035705,-800,1,15,1.6e-08,5.2e-10,7.2e-10,-8.31959177544,109.782940127,-118.102531903,-721.422491776,-467.573545036,-170.049436946,-115.280799456,1.88740538511,-8.84257072117e-08,3.01984861618e-08
5.822e-06,199.061951543,-353.829794461,-800,1,15,1.6e-08,5.2e-10,7.2e-10,-12.0936774035,99.5309757713,-111.624653175,-706.994280173,-455.779236135,-166.111476544,-112.353441168,1.93268361606,-8.63779678031e-08,3.0922937857e-08
5.823e-06,150.600363304,-357.295679392,-800,1,15,1.6e-08,5.2e-10,7.2e-10,-18.1491895338,75.3001816522,-93.4493711859,-698.008647946,-444.74508544,-162.385320877,-109.581486986,1.67473728694,-8.44403668558e-08,2.6795796591e-08
5.824e-06,80.9874015906,-360.705143192,-800,1,15,1.6e-08,5.2e-10,7.2e-10,-25.6113497789,40.4937007953,-66.1050505742,-696.363562858,-436.603297368,-159.425901236,-107.365315641,1.14908456391,-8.29014686429e-08,1.83853530225e-08
5.825e-06,3.2119767636e-11,-364.057647469,-800,1,15,1.6e-08,5.2e-10,7.2e-10,-33.4074464855,1.60582658282e-11,-33.4074464855,-702.921582663,-433.073102453,-157.681795849,-106.028068191,0.428832394776,-8.19945338416e-08,6.86131831641e-09
5.826e-06,-80.9874015906,-367.352662823,-800,1,15,1.6e-08,5.2e-10,7.2e-10,-40.4174976103,-40.4937007953,0.0762031850084,-717.388653317,-435.219208477,-157.432245389,-105.770278429,-0.385591035861,-8.18647676022e-08,-6.16945657377e-09
5.827e-06,-150.600363304,-370.589668933,-800,1,15,1.6e-08,5.2e-10,7.2e-10,-45.6315526356,-75.3001816522,29.6686290166,-738.355350564,-443.302178449,-158.747951217,-106.641722957,-1.18054103638,-8.25489346327e-08,-1.88886565821e-08
5.828e-06,-199.061951543,-373.768154638,-800,1,15,1.6e-08,5.2e-10,7.2e-10,-48.291540938,-99.5309757713,51.2394348333,-763.49477263,-456.741749423,-161.481162114,-108.534444526,-1.84511735546,-8.39702042995e-08,-2.95218776873e-08
5.829e-06,-219.565880254,-376.887618019,-800,1,15,1.6e-08,5.2e-10,7.2e-10,-47.9977444282,-109.782940127,61.785195699,-789.88929061,-474.198243916,-165.286441792,-111.197928476,-2.28673967931,-8.5948949732e-08,-3.6587834869e-08
5.83e-06,-209.232433585,-379.947566476,-800,1,15,1.6e-08,5.2e-10,7.2e-10,-44.7649406944,-104.616216792,59.8512760981,-814.440265423,-493.760639958,-169.669200441,-114.274300794,-2.44415014666,-8.82279842291e-08,-3.91064023466e-08
5.831e-06,-169.512913411,-382.947516808,-800,1,15,1.6e-08,5.2e-10,7.2e-10,-39.0203315126,-84.7564567053,45.7361251927,-834.303187818,-513.214885912,-174.055174204,-117.348604316,-2.29601671674,-9.05086905862e-08,-3.67362674679e-08
5.832e-06,-105.985808302,-385.886995287,-800,1,15,1.6e-08,5.2e-10,7.2e-10,-31.5435476565,-52.9929041512,21.4493564947,-847.287127323,-530.354776038,-177.871094396,-120.007091947,-1.86392907297,-9.24929690858e-08,-2.98228651675e-08
5.833e-06,-27.5733113841,-388.765537737,-800,1,15,1.6e-08,5.2e-10,7.2e-10,-23.3571561523,-13.7866556921,-9.57050046022,-852.162388718,-543.291725286,-180.625216692,-121.895349762,-1.20936629653,-9.39251126797e-08,-1.93498607445e-08
5.834e-06,54.7117751763,-391.582689601,-800,1,15,1.6e-08,5.2e-10,7.2e-10,-15.5830479111,27.3558875881,-42.9389354993,-848.833166613,-550.719936367,-181.976400223,-122.768086787,-0.425062191074,-9.4627728116e-08,-6.80099505718e-09
5.835e-06,129.312755504,-394.33800602,-800,1,15,1.6e-08,5.2e-10,7.2e-10,-9.28487566506,64.6563777521,-73.9412534172,-838.350949306,-552.099717198,-181.782034605,-122.523598629,0.378019026915,-9.45266579949e-08,6.04830443063e-09
5.836e-06,185.75214361,-397.031051896,-800,1,15,1.6e-08,5.2e-10,7.2e-10,-5.3186713321,92.8760718052,-98.1947431373,-822.766789405,-547.733202326,-180.118083696,-121.218064626,1.08626744652,-9.36614035218e-08,1.73802791443e-08
5.837e-06,216.10319516,-399.661401966,-800,1,15,1.6e-08,5.2e-10,7.2e-10,-4.212623157,108.05159758,-112.264220737,-804.84318937,-538.72184352,-177.26843099,-119.05767054,1.59938376213,-9.21795841146e-08,2.55901401941e-08
5.838e-06,216.10319516,-402.228640868,-800,1,15,1.6e-08,5.2e-10,7.2e-10,-6.09289756813,108.05159758,-114.144495148,-787.666066798,-526.811639833,-173.685023061,-116.369663125,1.84446613964,-9.03162119917e-08,2.95114582343e-08
5.839e-06,185.75214361,-404.732363205,-800,1,15,1.6e-08,5.2e-10,7.2e-10,-10.6659238527,92.8760718052,-103.541995658,-774.211297794,-514.147844145,-169.92440878,-113.556401864,1.78624919058,-8.83606925658e-08,2.85799870493e-08
5.84e-06,129.312755504,-407.17217361,-800,1,15,1.6e-08,5.2e-10,7.2e-10,-17.2596297119,64.6563777522,-81.916007464,-766.92671611,-502.973596928,-166.569587185,-111.038861181,1.43205702067,-8.66161853364e-08,2.29129123307e-08
5.841e-06,54.7117751762,-409.547686808,-800,1,15,1.6e-08,5.2e-10,7.2e-10,-24.9178362856,27.3558875881,-52.2737238737,-767.38827506,-495.314813235,-164.148140236,-109.197518068,0.830774711863,-8.53570329229e-08,1.32923953898e-08
5.842e-06,-27.5733113841,-411.858527679,-800,1,15,1.6e-08,5.2e-10,7.2e-10,-32.5345551446,-13.786655692,-18.7478994525,-776.078663237,-492.695579613,-163.058148466,-108.318927273,0.0659826901141,-8.47902372022e-08,1.05572304183e-09
5.843e-06,-105.985808302,-414.104331315,-800,1,15,1.6e-08,5.2e-10,7.2e-10,-39.0093256368,-52.9929041512,13.9835785144,-792.319466817,-495.924032603,-163.512294447,-108.55548742,-0.755781763516,-8.50263931123e-08,-1.20925082162e-08
5.844e-06,-169.512913411,-416.284743076,-800,1,15,1.6e-08,5.2e-10,7.2e-10,-43.4017759172,-84.7564567053,41.3546807882,-814.366406048,-504.978791576,-165.50800458,-109.904048776,-1.5199872225,-8.60641623814e-08,-2.43197955601e-08
5.845e-06,-209.232433585,-418.39941865,-800,1,15,1.6e-08,5.2e-10,7.2e-10,-45.0637000249,-104.616216792,59.5525167676,-839.654270258,-519.011896075,-168.827822691,-112.206367133,-2.12019357722,-8.77904677996e-08,-3.39230972355e-08
5.846e-06,-219.565880254,-420.448024105,-800,1,15,1.6e-08,5.2e-10,7.2e-10,-43.7301011722,-109.782940127,66.0528389549,-865.157150994,-536.467835141,-173.069962977,-115.171340081,-2.47300109459,-8.99963807481e-08,-3.95680175134e-08
5.847e-06,-199.061951543,-422.430235944,-800,1,15,1.6e-08,5.2e-10,7.2e-10,-39.5564144871,-99.5309757713,59.9745612842,-887.813379613,-555.301951312,-177.704751208,-118.415902622,-2.52976352415,-9.2406470628e-08,-4.04762163864e-08
5.848e-06,-150.600363304,-424.345741152,-800,1,15,1.6e-08,5.2e-10,7.2e-10,-33.0966813832,-75.3001816521,42.2035002689,-904.955488125,-573.267545116,-182.149027206,-121.518838475,-2.28342017946,-9.4717494147e-08,-3.65347228714e-08
5.849e-06,-80.9874015907,-426.194237248,-800,1,15,1.6e-08,5.2e-10,7.2e-10,-25.2257409035,-40.4937007953,15.2679598918,-914.684806564,-588.23135709,-185.84805898,-124.079949424,-1.76948744951,-9.66409906696e-08,-2.83117991921e-08
5.85e-06,-1.422386311e-11,-427.975432333,-800,1,15,1.6e-08,5.2e-10,7.2e-10,-17.016366029,-7.11253278496e-12,-17.016366029,-916.138085801,-598.473118834,-188.353463917,-125.776272559,-1.06107048514,-9.79438012368e-08,-1.69771277622e-08
5.851e-06,80.9874015906,-429.689045136,-800,1,15,1.6e-08,5.2e-10,7.2e-10,-9.58860079517,40.4937007953,-50.0823015905,-909.608699436,-602.927102036,-189.386193233,-126.407449839,-0.258595654519,-9.84808204812e-08,-4.13753047231e-09
5.852e-06,150.600363304,-431.334805058,-800,1,15,1.6e-08,5.2e-10,7.2e-10,-3.95245836654,75.3001816522,-79.2526400187,-896.505402314,-601.33174065,-188.875733701,-125.923877991,0.524294186373,-9.82153815244e-08,8.38870698197e-09
5.853e-06,199.061951543,-432.912452214,-800,1,15,1.6e-08,5.2e-10,7.2e-10,-0.866072659044,99.5309757713,-100.39704843,-879.154437924,-594.266312241,-186.970020886,-124.433685137,1.17670064081,-9.7224410861e-08,1.88272102529e-08
5.854e-06,219.565880254,-434.421737475,-800,1,15,1.6e-08,5.2e-10,7.2e-10,-0.729225691202,109.782940127,-110.512165818,-860.472788118,-583.069526712,-184.014671608,-122.187554328,1.60604526829,-9.56876292362e-08,2.56967242926e-08
5.855e-06,209.232433585,-435.862422508,-800,1,15,1.6e-08,5.2e-10,7.2e-10,-3.52720443094,104.616216792,-108.143421223,-843.558456245,-569.651456406,-180.504452355,-119.543525461,1.7510720992,-9.38623152248e-08,2.80171535871e-08
5.856e-06,169.512913411,-437.234279812,-800,1,15,1.6e-08,5.2e-10,7.2e-10,-8.83287227635,84.7564567053,-93.5893289817,-831.25532724,-556.225221441,-177.013799784,-116.916719037,1.59045100257,-9.20471758875e-08,2.54472160411e-08
5.857e-06,105.985808302,-438.537092754,-800,1,15,1.6e-08,5.2e-10,7.2e-10,-15.8666642365,52.9929041512,-68.8595683876,-825.753718771,-544.99611428,-174.116151472,-114.721042931,1.14577358948,-9.05403987653e-08,1.83323774317e-08
5.858e-06,27.5733113841,-439.770655606,-800,1,15,1.6e-08,5.2e-10,7.2e-10,-23.6060796657,13.7866556921,-37.3927353578,-828.282724854,-537.851825092,-172.303416697,-113.311069248,0.478520886308,-8.95977766823e-08,7.65633418093e-09
5.859e-06,-54.7117751762,-440.934773573,-800,1,15,1.6e-08,5.2e-10,7.2e-10,-30.929294623,-27.3558875881,-3.57340703492,-838.937561363,-536.097274811,-171.916897315,-112.932244524,-0.318571340818,-8.93967866036e-08,-5.09714145308e-09
5.86e-06,-129.312755504,-442.029262828,-800,1,15,1.6e-08,5.2e-10,7.2e-10,-36.772723926,-64.6563777522,27.8836538262,-856.666162263,-540.271297836,-173.099360703,-113.68642607,-1.13453689596,-9.00116675654e-08,-1.81525903353e-08
5.861e-06,-185.75214361,-443.053950538,-800,1,15,1.6e-08,5.2e-10,7.2e-10,-40.2804037745,-92.8760718052,52.5956680307,-879.416909067,-550.070920734,-175.774995975,-115.517584788,-1.85576387205,-9.14029979072e-08,-2.96922219528e-08
5.862e-06,-216.10319516,-444.008674894,-800,1,15,1.6e-08,5.2e-10,7.2e-10,-40.9242146022,-108.05159758,67.127382978,-904.426745387,-564.393871786,-179.660068561,-118.21968246,-2.38195095094,-9.34232356517e-08,-3.8111215215e-08
5.863e-06,-216.10319516,-444.893285132,-800,1,15,1.6e-08,5.2e-10,7.2e-10,-38.5780592075,-108.05159758,69.4735383726,-928.60921172,-581.493351051,-184.302776734,-121.465617157,-2.64019426988,-9.58374439017e-08,-4.2243108318e-08
5.864e-06,-185.75214361,-445.707641563,-800,1,15,1.6e-08,5.2e-10,7.2e-10,-33.5355780695,-92.8760718052,59.3404937357,-948.987902168,-599.223323946,-189.146712374,-124.853171467,-2.59522639597,-9.83562904346e-08,-4.15236223355e-08
5.865e-06,-129.312755504,-446.451615592,-800,1,15,1.6e-08,5.2e-10,7.2e-10,-26.4689137819,-64.6563777522,38.1874639703,-963.11446537,-615.33988761,-193.609013069,-127.961510266,-2.25436937502,-1.00676686796e-07,-3.60699100003e-08
5.866e-06,-54.7117751763,-447.125089734,-800,1,15,1.6e-08,5.2e-10,7.2e-10,-18.3343160182,-27.3558875882,9.02157156996,-969.412442666,-627.81638403,-197.162229335,-130.410293067,-1.66650621388,-1.02524359254e-07,-2.66640994221e-08
5.867e-06,27.5733113842,-447.727957642,-800,1,15,1.6e-08,5.2e-10,7.2e-10,-10.2378445287,13.7866556921,-24.0245002208,-967.398652454,-635.128003249,-199.408408945,-131.913098804,-0.915215248547,-1.03692372651e-07,-1.46434439768e-08
5.868e-06,105.985808302,-448.260124114,-800,1,15,1.6e-08,5.2e-10,7.2e-10,-3.28003178456,52.9929041512,-56.2729359357,-957.751027963,-636.465904974,-200.134993435,-132.317659695,-0.107031655549,-1.04070196586e-07,-1.71250648878e-09
5.869e-06,169.512913411,-448.721505117,-800,1,15,1.6e-08,5.2e-10,7.2e-10,1.59867806404,84.7564567053,-83.1577786413,-942.213380829,-631.85078586,-199.344676297,-131.627253448,0.64351525735,-1.03659231675e-07,1.02962441176e-08
5.87e-06,209.232433585,-449.112027793,-800,1,15,1.6e-08,5.2e-10,7.2e-10,3.75000627466,104.616216792,-100.866210518,-923.350466156,-622.129942269,-197.255029358,-130.000249355,1.2299875132,-1.02572615266e-07,1.96798002111e-08
5.871e-06,219.565880254,-449.431630473,-800,1,15,1.6e-08,5.2e-10,7.2e-10,2.90888281316,109.782940127,-106.874057314,-904.187749455,-608.858241052,-194.267949816,-127.727872005,1.5689875252,-1.01019333904e-07,2.51038004032e-08
5.872e-06,199.061951543,-449.680262688,-800,1,15,1.6e-08,5.2e-10,7.2e-10,-0.769330893404,99.5309757713,-100.300306665,-887.786469102,-594.079715653,-190.913219014,-125.193305639,1.61187120244,-9.9274873887e-08,2.5789939239e-08
5.873e-06,150.600363304,-449.857885177,-800,1,15,1.6e-08,5.2e-10,7.2e-10,-6.73066757513,75.3001816522,-82.0308492273,-876.813675573,-580.040461715,-187.774099941,-122.817882833,1.35158003096,-9.76425319692e-08,2.16252804953e-08
5.874e-06,80.9874015906,-449.964469892,-800,1,15,1.6e-08,5.2e-10,7.2e-10,-14.1003627654,40.4937007953,-54.5940635608,-873.167634125,-568.873155154,-185.405423083,-121.001915119,0.823632584838,-9.64108200033e-08,1.31781213574e-08
5.875e-06,-3.67204141597e-12,-450,-800,1,15,1.6e-08,5.2e-10,7.2e-10,-21.8057184799,-1.83675297194e-12,-21.8057184799,-877.711202047,-562.2975012,-184.255665211,-120.068475738,0.101136212316,-9.58129459096e-08,1.61817939706e-09
5.876e-06,-80.9874015906,-449.964469892,-800,1,15,1.6e-08,5.2e-10,7.2e-10,-28.7267660897,-40.4937007953,11.7669347056,-890.150626825,-561.378685465,-184.603964908,-120.218030041,-0.715480509129,-9.59940617524e-08,-1.14476881461e-08
5.877e-06,-150.600363304,-449.857885177,-800,1,15,1.6e-08,5.2e-10,7.2e-10,-33.8535682349,-75.3001816522,41.4466134172,-909.076787681,-566.377751845,-186.520920833,-121.500285588,-1.51257250261,-9.6990878833e-08,-2.42011600417e-08
5.878e-06,-199.061951543,-449.680262688,-800,1,15,1.6e-08,5.2e-10,7.2e-10,-36.428067191,-99.5309757713,63.1029085803,-932.163088226,-576.714921265,-189.858678458,-123.807215487,-2.17923913921,-9.87265127981e-08,-3.48678262274e-08
5.879e-06,-219.565880254,-449.431630473,-800,1,15,1.6e-08,5.2e-10,7.2e-10,-36.0505575061,-109.782940127,73.732382621,-956.4922068,-591.051003027,-194.271697603,-126.888234851,-2.62289973534,-1.01021282753e-07,-4.19663957655e-08
5.88e-06,-209.232433585,-449.112027793,-800,1,15,1.6e-08,5.2e-10,7.2e-10,-32.7358291424,-104.616216792,71.8803876501,-978.965813376,-607.475464788,-199.265283994,-130.385398864,-2.78229606774,-1.03617947677e-07,-4.45167370839e-08
5.881e-06,-169.512913411,-448.721505117,-800,1,15,1.6e-08,5.2e-10,7.2e-10,-26.9110959838,-84.7564567053,57.8453607216,-996.739709526,-623.774747301,-204.265068759,-133.883678996,-2.63609574157,-1.06217835755e-07,-4.21775318651e-08
5.882e-06,-105.985808302,-448.260124114,-800,1,15,1.6e-08,5.2e-10,7.2e-10,-19.3560006434,-52.9929041512,33.6369035078,-1007.62327732,-637.743139907,-208.697677657,-136.969256231,-2.20588809413,-1.08522792382e-07,-3.52942095061e-08
5.883e-06,-27.5733113841,-447.727957642,-800,1,15,1.6e-08,5.2e-10,7.2e-10,-11.093121717,-13.7866556921,2.69353397504,-1010.38713576,-647.492555253,-212.071260285,-139.28764418,-1.55315186858,-1.10277055348e-07,-2.48504298973e-08
5.884e-06,54.7117751763,-447.125089734,-800,1,15,1.6e-08,5.2e-10,7.2e-10,-3.24436141218,27.3558875882,-30.6002490003,-1004.93579528,-651.717696288,-214.044569193,-140.593478874,-0.770620538624,-1.1130317598e-07,-1.2329928618e-08
5.885e-06,129.312755504,-446.451615592,-800,1,15,1.6e-08,5.2e-10,7.2e-10,3.1266165174,64.6563777522,-61.5297612348,-992.32106161,-649.879373629,-214.474886921,-140.784982403,0.0307420010039,-1.11526941199e-07,4.91872016062e-10
5.886e-06,185.75214361,-445.707641563,-800,1,15,1.6e-08,5.2e-10,7.2e-10,7.16376940924,92.8760718052,-85.712302396,-974.594306298,-642.280226913,-213.438069782,-139.918260081,0.737326152879,-1.10987796287e-07,1.17972184461e-08
5.887e-06,216.10319516,-444.893285132,-800,1,15,1.6e-08,5.2e-10,7.2e-10,8.33889855353,108.05159758,-99.7126990266,-954.518352232,-630.022215305,-211.217893267,-138.199423147,1.24883291656,-1.09833304499e-07,1.9981326665e-08
5.888e-06,216.10319516,-444.008674894,-800,1,15,1.6e-08,5.2e-10,7.2e-10,6.52582733794,108.05159758,-101.525770242,-935.179438867,-614.851847485,-208.266195507,-135.955643343,1.49236075474,-1.08298421664e-07,2.38777720758e-08
5.889e-06,185.75214361,-443.053950538,-800,1,15,1.6e-08,5.2e-10,7.2e-10,2.01811657502,92.8760718052,-90.8579552302,-919.55376555,-598.914888117,-205.139416507,-133.589204668,1.43264456725,-1.06672496584e-07,2.29223130761e-08
5.89e-06,129.312755504,-442.029262828,-800,1,15,1.6e-08,5.2e-10,7.2e-10,-4.51217105108,64.6563777522,-69.1685488033,-910.089490608,-584.45499153,-202.420446032,-131.521005597,1.07700873967,-1.05258631937e-07,1.72321398346e-08
5.891e-06,54.7117751763,-440.934773573,-800,1,15,1.6e-08,5.2e-10,7.2e-10,-12.1088660075,27.3558875881,-39.4647535957,-908.362893211,-573.498588626,-200.636756379,-130.131446722,0.474338625165,-1.04331113317e-07,7.58941800264e-09
5.892e-06,-27.5733113841,-439.770655606,-800,1,15,1.6e-08,5.2e-10,7.2e-10,-19.6659889027,-13.7866556921,-5.87933321063,-914.856989046,-567.57028372,-200.186318045,-129.707005952,-0.291785087699,-1.04096885383e-07,-4.66856140319e-09
5.893e-06,-105.985808302,-438.537092754,-800,1,15,1.6e-08,5.2e-10,7.2e-10,-26.0830878304,-52.9929041512,26.9098163208,-928.89369256,-567.478732954,-201.281703215,-130.400004643,-1.11482486396,-1.04666485672e-07,-1.78371978234e-08
5.894e-06,-169.512913411,-437.234279812,-800,1,15,1.6e-08,5.2e-10,7.2e-10,-30.4197993983,-84.7564567053,54.336657307,-948.729053411,-573.203077054,-203.920227559,-132.207215376,-1.88024903196,-1.06038518331e-07,-3.00839845114e-08
5.895e-06,-209.232433585,-435.862422508,-800,1,15,1.6e-08,5.2e-10,7.2e-10,-32.027925803,-104.616216792,72.5882909895,-971.798191416,-583.895878594,-207.884323856,-134.97031586,-2.48161724573,-1.08099848405e-07,-3.97058759317e-08
5.896e-06,-219.565880254,-434.421737475,-800,1,15,1.6e-08,5.2e-10,7.2e-10,-30.642478117,-109.782940127,79.1404620102,-995.07552964,-598.002151232,-212.772094948,-138.398125203,-2.83552954474,-1.10641489373e-07,-4.53684727159e-08
5.897e-06,-199.061951543,-432.912452214,-800,1,15,1.6e-08,5.2e-10,7.2e-10,-26.4188990297,-99.5309757713,73.1120767416,-1015.49973194,-613.477763638,-218.053754968,-142.107499549,-2.89333946,-1.13387952583e-07,-4.629343136e-08
5.898e-06,-150.600363304,-431.334805058,-800,1,15,1.6e-08,5.2e-10,7.2e-10,-19.9112372158,-75.3001816522,55.3889444364,-1030.40366375,-628.076543896,-223.146031831,-145.677143393,-2.6479860955,-1.16035936552e-07,-4.2367777528e-08
5.899e-06,-80.9874015906,-429.689045136,-800,1,15,1.6e-08,5.2e-10,7.2e-10,-11.9943386767,-40.4937007953,28.4993621186,-1037.88898941,-639.665761447,-227.49408139,-148.706778942,-2.13498563969,-1.18296922323e-07,-3.4159770235e-08
5.9e-06,2.1567945942e-11,-427.975432333,-800,1,15,1.6e-08,5.2e-10,7.2e-10,-3.74098304865,1.07840403274e-11,-3.74098304866,-1037.09279491,-646.525678053,-230.649408639,-150.873363361,-1.42744305196,-1.19937692492e-07,-2.28390888314e-08
5.901e-06,80.9874015907,-426.194237248,-800,1,15,1.6e-08,5.2e-10,7.2e-10,3.72877928349,40.4937007953,-36.7649215118,-1028.30878975,-647.591096744,-232.33285219,-151.976458362,-0.62578451816,-1.20813083139e-07,-1.00125522906e-08
5.902e-06,150.600363304,-424.345741152,-800,1,15,1.6e-08,5.2e-10,7.2e-10,9.40492911228,75.3001816521,-65.8952525399,-1012.9460654,-642.600983913,-232.473786013,-151.966380105,0.156347278922,-1.20886368727e-07,2.50155646275e-09
5.903e-06,199.061951543,-422.430235944,-800,1,15,1.6e-08,5.2e-10,7.2e-10,12.5293267876,99.5309757713,-87.0016489837,-993.331202633,-632.135150571,-231.22003269,-150.951175841,0.808054106507,-1.20234416999e-07,1.29288657041e-08
5.904e-06,219.565880254,-420.448024105,-800,1,15,1.6e-08,5.2e-10,7.2e-10,12.7021848659,109.782940127,-97.0807552612,-972.381521189,-617.532840997,-228.917095897,-149.181447461,1.2367576788,-1.19036889867e-07,1.97881228608e-08
5.905e-06,209.232433585,-418.39941865,-800,1,15,1.6e-08,5.2e-10,7.2e-10,9.93821126552,104.616216792,-94.6780055269,-953.19536288,-600.704662752,-226.059628836,-147.015153422,1.38120217161,-1.17551006995e-07,2.20992347458e-08
5.906e-06,169.512913411,-416.284743076,-800,1,15,1.6e-08,5.2e-10,7.2e-10,4.6645377866,84.7564567053,-80.0919189187,-938.616951609,-583.864271926,-223.221954749,-144.867332522,1.22005759006,-1.1607541647e-07,1.95209214409e-08
5.907e-06,105.985808302,-414.104331315,-800,1,15,1.6e-08,5.2e-10,7.2e-10,-2.33927506802,52.9929041512,-55.3321792192,-930.836944464,-569.217497634,-220.977397696,-143.15181068,0.774915671928,-1.14908246802e-07,1.23986507508e-08
5.908e-06,27.5733113842,-411.858527679,-800,1,15,1.6e-08,5.2e-10,7.2e-10,-10.0507308264,13.7866556921,-23.8373865185,-931.084775284,-558.652567277,-219.817753344,-142.223077806,0.107257560932,-1.14305231739e-07,1.71612097491e-09
5.909e-06,-54.7117751762,-409.547686808,-800,1,15,1.6e-08,5.2e-10,7.2e-10,-17.348009406,-27.3558875881,10.0078781821,-939.456000114,-553.474939528,-220.08420987,-142.326498016,-0.690180868908,-1.14443789132e-07,-1.10428939025e-08
5.91e-06,-129.312755504,-407.17217361,-800,1,15,1.6e-08,5.2e-10,7.2e-10,-23.1675291653,-64.6563777522,41.4888485868,-954.898893382,-554.223986942,-221.919420918,-143.563845987,-1.50643332322,-1.15398098878e-07,-2.41029331715e-08
5.911e-06,-185.75214361,-404.732363205,-800,1,15,1.6e-08,5.2e-10,7.2e-10,-26.6533295288,-92.8760718052,66.2227422764,-975.36217731,-560.597274572,-225.247461837,-145.879009791,-2.22788780598,-1.17128680155e-07,-3.56462048957e-08
5.912e-06,-216.10319516,-402.228640868,-800,1,15,1.6e-08,5.2e-10,7.2e-10,-27.2772938354,-108.05159758,80.7743037447,-998.083136399,-571.493069431,-229.784484271,-149.065868192,-2.75424291961,-1.19487931821e-07,-4.40678867137e-08
5.913e-06,-216.10319516,-399.661401966,-800,1,15,1.6e-08,5.2e-10,7.2e-10,-24.91332747,-108.05159758,83.1382701101,-1019.97565217,-585.165110472,-235.078572715,-152.797236067,-3.01259473145,-1.22240857812e-07,-4.82015157032e-08
5.914e-06,-185.75214361,-397.031051896,-800,1,15,1.6e-08,5.2e-10,7.2e-10,-19.8550731782,-92.8760718052,73.020998627,-1038.06365984,-599.467902078,-240.573205289,-156.670812658,-2.96767574825,-1.2509806675e-07,-4.74828119721e-08
5.915e-06,-129.312755504,-394.33800602,-800,1,15,1.6e-08,5.2e-10,7.2e-10,-12.7746754995,-64.6563777522,51.8817022527,-1049.89914917,-612.158080343,-245.685405858,-160.265679343,-2.62680796506,-1.27756411046e-07,-4.2028927441e-08
5.916e-06,-54.7117751763,-391.582689601,-800,1,15,1.6e-08,5.2e-10,7.2e-10,-4.62838573206,-27.3558875881,22.7275018561,-1053.9060026,-621.20952611,-249.887611277,-163.201412008,-2.03887434755,-1.29941557864e-07,-3.26219895607e-08
5.917e-06,27.5733113842,-388.765537737,-800,1,15,1.6e-08,5.2e-10,7.2e-10,3.47773507073,13.7866556921,-10.3089206213,-1049.60137955,-625.097968097,-252.781755729,-165.191505842,-1.28745320012,-1.31446512979e-07,-2.05992512019e-08
5.918e-06,105.985808302,-385.886995287,-800,1,15,1.6e-08,5.2e-10,7.2e-10,10.4431534572,52.9929041512,-42.549750694,-1037.66355413,-623.015104414,-254.155167256,-166.083609207,-0.479079677359,-1.32160686973e-07,-7.66527483775e-09
5.919e-06,169.512913411,-382.947516808,-800,1,15,1.6e-08,5.2e-10,7.2e-10,15.3274246188,84.7564567053,-69.4290320866,-1019.83667867,-614.982169762,-254.010425971,-165.880915871,0.27171692529,-1.32085421505e-07,4.34747080465e-09
5.92e-06,209.232433585,-379.947566476,-800,1,15,1.6e-08,5.2e-10,7.2e-10,17.4822694779,104.616216792,-87.1339473145,-998.685848716,-601.84699811,-252.564990449,-164.741711103,0.858498633564,-1.31333795033e-07,1.3735978137e-08
5.921e-06,219.565880254,-376.887618019,-800,1,15,1.6e-08,5.2e-10,7.2e-10,16.6426179885,109.782940127,-93.1403221386,-977.236869932,-585.164993387,-250.220644787,-162.957135405,1.19786785371,-1.30114735289e-07,1.91658856594e-08
5.922e-06,199.061951543,-373.768154638,-800,1,15,1.6e-08,5.2e-10,7.2e-10,12.9638318889,99.5309757713,-86.5671438823,-958.551320492,-566.9807255,-247.507057393,-160.910288881,1.2411804782,-1.28703669844e-07,1.98588876513e-08
5.923e-06,150.600363304,-370.589668933,-800,1,15,1.6e-08,5.2e-10,7.2e-10,6.99987908382,75.3001816522,-68.3003025683,-945.296590256,-549.540825855,-245.00737851,-159.022419931,0.981377966829,-1.27403836825e-07,1.57020474693e-08
5.924e-06,80.9874015906,-367.352662823,-800,1,15,1.6e-08,5.2e-10,7.2e-10,-0.374475001732,40.4937007953,-40.868175797,-939.371283415,-534.978505347,-243.27632608,-157.69375589,0.453978857752,-1.26503689562e-07,7.26366172404e-09
5.925e-06,6.05805667271e-11,-364.057647469,-800,1,15,1.6e-08,5.2e-10,7.2e-10,-8.08653110128,3.02904368255e-11,-8.08653110131,-941.638595669,-525.014003314,-242.762264552,-157.24728579,-0.267909546351,-1.26236377567e-07,-4.28655274161e-09
5.926e-06,-80.9874015907,-360.705143192,-800,1,15,1.6e-08,5.2e-10,7.2e-10,-15.0163189809,-40.4937007953,25.4773818145,-951.805112355,-520.713038517,-243.74422043,-157.883390777,-1.08385872321,-1.26746994624e-07,-1.73417395713e-08
5.927e-06,-150.600363304,-357.295679392,-800,1,15,1.6e-08,5.2e-10,7.2e-10,-20.1538993514,-75.3001816521,55.1462823008,-968.46204992,-522.337186961,-246.292680549,-159.651694223,-1.88022366077,-1.28072193886e-07,-3.00835785724e-08
5.928e-06,-199.061951543,-353.829794461,-800,1,15,1.6e-08,5.2e-10,7.2e-10,-22.7412122368,-99.5309757713,76.7897635345,-989.283148526,-529.307200552,-250.25967884,-162.44408508,-2.54610380462,-1.30135032997e-07,-4.07376608739e-08
5.929e-06,-219.565880254,-350.308035705,-800,1,15,1.6e-08,5.2e-10,7.2e-10,-22.3785496103,-109.782940127,87.4043905168,-1011.35142234,-540.28441836,-255.299563871,-166.009894348,-2.98891855525,-1.32755773213e-07,-4.7822696884e-08
5.93e-06,-209.232433585,-346.730959249,-800,1,15,1.6e-08,5.2e-10,7.2e-10,-19.080698537,-104.616216792,85.5355182555,-1031.56887636,-553.358836515,-260.917530435,-169.991093159,-3.14740978311,-1.35677115826e-07,-5.03585565297e-08
5.931e-06,-169.512913411,-343.099129955,-800,1,15,1.6e-08,5.2e-10,7.2e-10,-13.2748696813,-84.7564567053,71.481587024,-1047.09164639,-566.317422859,-266.539099054,-173.972568999,-3.00024519666,-1.38600331508e-07,-4.80039231465e-08
5.932e-06,-105.985808302,-339.413121331,-800,1,15,1.6e-08,5.2e-10,7.2e-10,-5.7407021157,-52.9929041512,47.2522020355,-1055.7294478,-576.954992355,-271.590785233,-177.540418957,-2.56901424611,-1.41227208321e-07,-4.11042279377e-08
5.933e-06,-27.5733113842,-335.673515441,-800,1,15,1.6e-08,5.2e-10,7.2e-10,2.4992294262,-13.7866556921,16.2858851183,-1056.25323197,-583.383981726,-275.580628682,-180.340072845,-1.91519579703,-1.43301926915e-07,-3.06431327525e-08
5.934e-06,54.7117751763,-331.880902811,-800,1,15,1.6e-08,5.2e-10,7.2e-10,10.3230269193,27.3558875881,-17.0328606688,-1048.56784073,-584.299616357,-278.167272448,-182.126083011,-1.13152345514,-1.44646981673e-07,-1.81043752822e-08
5.935e-06,129.312755504,-328.03588234,-800,1,15,1.6e-08,5.2e-10,7.2e-10,16.6670311124,64.6563777522,-47.9893466398,-1033.72541015,-579.163227588,-279.207889973,-182.796587987,-0.328961256665,-1.45188102786e-07,-5.26338010665e-09
5.936e-06,185.75214361,-324.1390612,-800,1,15,1.6e-08,5.2e-10,7.2e-10,20.675204164,92.8760718052,-72.2008676413,-1013.777641,-568.277973973,-278.778228892,-182.407609667,0.378881049958,-1.44964679024e-07,6.06209679933e-09
5.937e-06,216.10319516,-320.191054744,-800,1,15,1.6e-08,5.2e-10,7.2e-10,21.8193525041,108.05159758,-86.2322450761,-991.487684269,-552.746331714,-277.161956456,-181.165176027,0.891704303822,-1.44124217357e-07,1.42672688611e-08
5.938e-06,216.10319516,-316.192486409,-800,1,15,1.6e-08,5.2e-10,7.2e-10,19.9733049776,108.05159758,-88.0782926025,-969.942106301,-534.315324561,-274.810803013,-179.39637571,1.13660679768,-1.42901617567e-07,1.81857087629e-08
5.939e-06,185.75214361,-312.143987616,-800,1,15,1.6e-08,5.2e-10,7.2e-10,15.4306281708,92.8760718052,-77.4454436345,-952.117432072,-515.131230195,-272.281101258,-177.503409798,1.07832325207,-1.41586172654e-07,1.72531720331e-08
5.94e-06,129.312755504,-308.046197668,-800,1,15,1.6e-08,5.2e-10,7.2e-10,8.8633908568,64.6563777522,-55.7929868954,-940.462144237,-497.438213833,-270.155634138,-175.907094044,0.724177863814,-1.40480929752e-07,1.1586845821e-08
5.941e-06,54.7117751763,-303.899763654,-800,1,15,1.6e-08,5.2e-10,7.2e-10,1.22776897249,27.3558875881,-26.1281186156,-936.552844935,-483.263215054,-268.96176764,-174.987746521,0.123055788039,-1.39860119173e-07,1.96889260862e-09
5.942e-06,-27.5733113841,-299.705340345,-800,1,15,1.6e-08,5.2e-10,7.2e-10,-6.37025137319,-13.786655692,7.41640431885,-940.872871414,-474.131344552,-269.097366478,-175.031762844,-0.64146249409,-1.39930630569e-07,-1.02633999054e-08
5.943e-06,-105.985808302,-295.463590089,-800,1,15,1.6e-08,5.2e-10,7.2e-10,-12.8302112448,-52.9929041512,40.1626929064,-952.744458223,-470.851762476,-270.774897593,-176.191382307,-1.46283966427,-1.40802946749e-07,-2.34054346284e-08
5.944e-06,-169.512913411,-291.175182706,-800,1,15,1.6e-08,5.2e-10,7.2e-10,-17.2117399091,-84.7564567053,67.5447167963,-970.42397361,-473.404111102,-273.991571978,-178.463295678,-2.22654427675,-1.42475617428e-07,-3.56247084281e-08
5.945e-06,-209.232433585,-286.840795387,-800,1,15,1.6e-08,5.2e-10,7.2e-10,-18.8666319121,-104.616216792,85.7495848804,-991.346854425,-480.941452018,-278.529718305,-181.689099111,-2.82613622068,-1.44835453519e-07,-4.52181795309e-08
5.946e-06,-219.565880254,-282.461112581,-800,1,15,1.6e-08,5.2e-10,7.2e-10,-17.5298903673,-109.782940127,92.2530497598,-1012.48783915,-491.909295285,-283.987335908,-185.577530436,-3.17821577981,-1.47673414672e-07,-5.08514524769e-08
5.947e-06,-199.061951543,-278.036825891,-800,1,15,1.6e-08,5.2e-10,7.2e-10,-13.3569496979,-99.5309757713,86.1740260733,-1030.78590541,-504.264003277,-289.83453602,-189.745364804,-3.23413673851,-1.5071395873e-07,-5.17461878162e-08
5.948e-06,-150.600363304,-273.568633963,-800,1,15,1.6e-08,5.2e-10,7.2e-10,-6.9018500065,-75.3001816521,68.3983316456,-1043.57423069,-515.759895011,-295.487944286,-193.771226016,-2.98683846328,-1.53653731029e-07,-4.77894154126e-08
5.949e-06,-80.9874015907,-269.057242376,-800,1,15,1.6e-08,5.2e-10,7.2e-10,0.960571581661,-40.4937007953,41.454272377,-1048.95478961,-524.264728009,-300.39261493,-197.2547559,-2.47183741406,-1.56204159763e-07,-3.9549398625e-08
5.95e-06,5.73597549939e-11,-264.503363532,-800,1,15,1.6e-08,5.2e-10,7.2e-10,9.15754460975,2.86801693505e-11,9.15754460972,-1046.06497666,-528.059249188,-304.099951981,-199.872831569,-1.76223883073,-1.5813197503e-07,-2.81958212917e-08
5.951e-06,80.9874015906,-259.90771654,-800,1,15,1.6e-08,5.2e-10,7.2e-10,16.5690281727,40.4937007953,-23.9246726226,-1035.19880796,-526.078743727,-306.33069376,-201.424935021,-0.958469188539,-1.59291960755e-07,-1.53355070166e-08
5.952e-06,150.600363304,-255.271027107,-800,1,15,1.6e-08,5.2e-10,7.2e-10,22.1850128434,75.3001816522,-53.1151688088,-1017.76567971,-518.062657081,-307.014114642,-201.861303051,-0.174171468592,-1.59647339614e-07,-2.78674349747e-09
5.953e-06,199.061951543,-250.59402742,-800,1,15,1.6e-08,5.2e-10,7.2e-10,25.2473690488,99.5309757713,-74.2836067225,-996.092475428,-504.59127617,-306.297938322,-201.289903915,0.4797557892,-1.59274927928e-07,7.6760926272e-09
5.954e-06,219.565880254,-245.87745603,-800,1,15,1.6e-08,5.2e-10,7.2e-10,25.3563197196,109.782940127,-84.4266204075,-973.09681565,-487.004317942,-304.527570314,-199.961260883,0.910733983129,-1.58354336563e-07,1.45717437301e-08
5.955e-06,209.232433585,-241.122057741,-800,1,15,1.6e-08,5.2e-10,7.2e-10,22.5265834422,104.616216792,-82.0896333503,-951.877340901,-467.212859323,-302.197566399,-198.233254182,1.05750696436,-1.57142734528e-07,1.69201114298e-08
5.956e-06,169.512913411,-236.328583483,-800,1,15,1.6e-08,5.2e-10,7.2e-10,17.1853029774,84.7564567054,-67.5711537279,-935.27857171,-447.431022381,-299.882153158,-196.520844785,0.898744404707,-1.55938719642e-07,1.43799104753e-08
5.957e-06,105.985808302,-231.497790202,-800,1,15,1.6e-08,5.2e-10,7.2e-10,10.1120500795,52.9929041512,-42.8808540717,-925.491459652,-429.865098753,-298.154558759,-195.237781197,0.456037700039,-1.55040370554e-07,7.29660320062e-09
5.958e-06,27.5733113842,-226.630440736,-800,1,15,1.6e-08,5.2e-10,7.2e-10,2.32933276063,13.7866556921,-11.4573229314,-923.745730862,-416.403774828,-297.506483767,-194.738476348,-0.209132356408,-1.54703371559e-07,-3.34611770253e-09
5.959e-06,-54.7117751763,-221.727303697,-800,1,15,1.6e-08,5.2e-10,7.2e-10,-5.04101706964,-27.3558875881,22.3148705185,-930.137231449,-408.352964667,-298.27902206,-195.268217808,-1.00403024958,-1.55105091471e-07,-1.60644839932e-08
5.96e-06,-129.312755504,-216.789153346,-800,1,15,1.6e-08,5.2e-10,7.2e-10,-10.9354056582,-64.6563777522,53.720972094,-943.614523628,-406.252492534,-300.614733803,-196.928704164,-1.81769005249,-1.56319661578e-07,-2.90830408398e-08
5.961e-06,-185.75214361,-211.816769474,-800,1,15,1.6e-08,5.2e-10,7.2e-10,-14.4978600348,-92.8760718052,78.3782117704,-962.126615079,-409.800371445,-304.437601698,-199.663747862,-2.5365001449,-1.58307552883e-07,-4.05840023184e-08
5.962e-06,-216.10319516,-206.81093728,-800,1,15,1.6e-08,5.2e-10,7.2e-10,-15.2002508635,-108.05159758,92.8513467166,-982.911073397,-417.895312557,-309.463685594,-203.267152519,-3.06015951328,-1.60921116509e-07,-4.89625522126e-08
5.963e-06,-216.10319516,-201.772447241,-800,1,15,1.6e-08,5.2e-10,7.2e-10,-12.9164705754,-108.05159758,95.1351270047,-1002.88206078,-428.791495077,-315.24097905,-207.411658351,-3.31576461732,-1.63925309106e-07,-5.3052233877e-08
5.964e-06,-185.75214361,-196.702094993,-800,1,15,1.6e-08,5.2e-10,7.2e-10,-7.94014868609,-92.8760718052,84.9359231191,-1019.06379067,-440.343859687,-321.212870131,-211.694890442,-3.26804836422,-1.67030692468e-07,-5.22887738276e-08
5.965e-06,-129.312755504,-191.600681204,-800,1,15,1.6e-08,5.2e-10,7.2e-10,-0.94341623104,-64.6563777522,63.7129615211,-1029.00852854,-450.30947475,-326.796293543,-215.695856526,-2.92433315765,-1.69934072642e-07,-4.67893305223e-08
5.966e-06,-54.7117751762,-186.469011447,-800,1,15,1.6e-08,5.2e-10,7.2e-10,7.11748926748,-27.3558875881,34.4733768556,-1031.14043002,-456.662649285,-331.463597882,-219.034059368,-2.33350237989,-1.72361070899e-07,-3.73360380782e-08
5.967e-06,27.5733113842,-181.307896071,-800,1,15,1.6e-08,5.2e-10,7.2e-10,15.1365208015,13.7866556921,1.34986510943,-1024.97692511,-457.879536018,-334.81663,-221.422921573,-1.57913475996,-1.741046476e-07,-2.52661561594e-08
5.968e-06,105.985808302,-176.118150077,-800,1,15,1.6e-08,5.2e-10,7.2e-10,22.013159232,52.9929041512,-30.9797449192,-1011.19655588,-453.152252843,-336.642631542,-222.710019469,-0.76776588495,-1.75054168402e-07,-1.22842541592e-08
5.969e-06,169.512913411,-170.900592985,-800,1,15,1.6e-08,5.2e-10,7.2e-10,26.8069743282,84.7564567054,-57.9494823772,-991.543739958,-442.502449945,-336.944097169,-222.898475346,-0.0139254906169,-1.75210930528e-07,-2.2280784987e-10
5.97e-06,209.232433585,-165.656048708,-800,1,15,1.6e-08,5.2e-10,7.2e-10,28.8697018519,104.616216792,-75.7465149405,-968.583835468,-426.778372416,-335.938400972,-222.146503571,0.575948000691,-1.74687968505e-07,9.21516801106e-09
5.971e-06,219.565880254,-160.385345421,-800,1,15,1.6e-08,5.2e-10,7.2e-10,27.9362868571,109.782940127,-81.84665327,-945.342907892,-407.535830882,-334.02724354,-220.745174324,0.91845653947,-1.73694166641e-07,1.46953046315e-08
5.972e-06,199.061951543,-155.089315429,-800,1,15,1.6e-08,5.2e-10,7.2e-10,24.1621064394,99.5309757713,-75.3688693319,-924.882792439,-386.819797454,-331.740210762,-219.077517983,0.964955554822,-1.72504909596e-07,1.54392888772e-08
5.973e-06,150.600363304,-149.768795035,-800,1,15,1.6e-08,5.2e-10,7.2e-10,18.1011441156,75.3001816522,-57.1990375366,-909.871133168,-366.877301193,-329.660371367,-217.564713825,0.708386035656,-1.71423393111e-07,1.13341765705e-08
5.974e-06,80.9874015906,-144.424624413,-800,1,15,1.6e-08,5.2e-10,7.2e-10,10.6281811751,40.4937007953,-29.8655196202,-902.206785592,-349.841946026,-328.342362798,-216.606920678,0.184266041796,-1.70738028655e-07,2.94825666873e-09
5.975e-06,2.47887576751e-11,-139.057647469,-800,1,15,1.6e-08,5.2e-10,7.2e-10,2.81593299888,1.23943078023e-11,2.81593299887,-902.753193827,-337.434359649,-328.234470034,-216.527059697,-0.53429760979,-1.70681924418e-07,-8.54876175665e-09
5.976e-06,-80.9874015906,-133.66871171,-800,1,15,1.6e-08,5.2e-10,7.2e-10,-4.2156138178,-40.4937007953,36.2780869775,-911.217188667,-330.72064444,-329.615641154,-217.525444788,-1.34687688983,-1.714001334e-07,-2.15500302373e-08
5.977e-06,-150.600363304,-128.258668111,-800,1,15,1.6e-08,5.2e-10,7.2e-10,-9.45650338035,-75.3001816522,65.8436782718,-926.190229033,-329.96275522,-332.556285621,-219.65163273,-2.13982728649,-1.72929268523e-07,-3.42372365839e-08
5.978e-06,-199.061951543,-122.828370983,-800,1,15,1.6e-08,5.2e-10,7.2e-10,-12.1486588649,-99.5309757713,87.3823169064,-945.346294533,-334.581817854,-336.908361061,-222.797446544,-2.80224875269,-1.75192347752e-07,-4.48359800431e-08
5.979e-06,-219.565880254,-117.37867783,-800,1,15,1.6e-08,5.2e-10,7.2e-10,-11.8923551583,-109.782940127,97.8905849688,-965.768635707,-343.23954045,-342.326140818,-226.712151969,-3.24156120332,-1.78009593225e-07,-5.18649792532e-08
5.98e-06,-209.232433585,-111.910449224,-800,1,15,1.6e-08,5.2e-10,7.2e-10,-8.70236200298,-104.616216792,95.9138547895,-984.359490851,-354.026283202,-348.314745551,-231.037655553,-3.39650703019,-1.81123667686e-07,-5.4344112483e-08
5.981e-06,-169.512913411,-106.424548661,-800,1,15,1.6e-08,5.2e-10,7.2e-10,-3.00587250733,-84.7564567053,81.750584198,-998.275225888,-364.72937298,-354.299622754,-235.358780895,-3.24575446997,-1.84235803832e-07,-5.19320715196e-08
5.982e-06,-105.985808302,-100.921842427,-800,1,15,1.6e-08,5.2e-10,7.2e-10,4.41749204306,-52.9929041512,57.4103961942,-1005.32578317,-373.143978688,-359.707216017,-239.261561892,-2.81089350793,-1.87047752329e-07,-4.49742961269e-08
5.983e-06,-27.5733113841,-95.4031994649,-800,1,15,1.6e-08,5.2e-10,7.2e-10,12.5451749287,-13.7866556921,26.3318306207,-1004.28233784,-377.382885841,-364.045494262,-242.39136588,-2.15340355137,-1.89303657016e-07,-3.44544568219e-08
5.984e-06,54.7117751763,-89.8694912315,-800,1,15,1.6e-08,5.2e-10,7.2e-10,20.2552963637,27.3558875881,-7.10059122447,-995.049952252,-376.14166342,-366.973030888,-244.50268345,-1.36601875437,-1.90825976062e-07,-2.18563000698e-08
5.985e-06,129.312755504,-84.3215915636,-800,1,15,1.6e-08,5.2e-10,7.2e-10,26.4842155577,64.6563777522,-38.1721621945,-978.680979694,-368.881981102,-368.346930837,-245.493592107,-0.559703708049,-1.91540404035e-07,-8.95525932879e-09
5.986e-06,185.75214361,-78.7603765389,-800,1,15,1.6e-08,5.2e-10,7.2e-10,30.3759133493,92.8760718052,-62.500158456,-957.227334893,-355.907330477,-368.242874404,-245.420053463,0.151931277808,-1.9148629469e-07,2.43090044493e-09
5.987e-06,216.10319516,-73.1867243377,-800,1,15,1.6e-08,5.2e-10,7.2e-10,31.4022150641,108.05159758,-76.649382516,-933.452379414,-338.320515418,-366.944462672,-244.488035957,0.668586474596,-1.90811120589e-07,1.06973835935e-08
5.988e-06,216.10319516,-67.6015151043,-800,1,15,1.6e-08,5.2e-10,7.2e-10,29.4369686559,108.05159758,-78.6146289243,-910.442886811,-317.868881936,-364.903361004,-243.02456946,0.91735960111,-1.89749747722e-07,1.46777536178e-08
5.989e-06,185.75214361,-62.0056308081,-800,1,15,1.6e-08,5.2e-10,7.2e-10,24.773760029,92.8760718052,-68.1023117762,-891.175585864,-296.699024514,-362.675838299,-241.431797049,0.862984797739,-1.88591435916e-07,1.38077567638e-08
5.99e-06,129.312755504,-56.3999551039,-800,1,15,1.6e-08,5.2e-10,7.2e-10,18.0846774822,64.6563777522,-46.5717002699,-878.09915959,-277.055419659,-360.844614914,-240.13047725,0.512785675091,-1.87639199755e-07,8.20457080146e-09
5.991e-06,54.7117751762,-50.7853731931,-800,1,15,1.6e-08,5.2e-10,7.2e-10,10.325916681,27.3558875881,-17.0299709071,-872.790407019,-260.965312679,-359.936995456,-239.5008717,-0.0843532039131,-1.87167237637e-07,-1.34965126261e-09
5.992e-06,-27.5733113841,-45.162771683,-800,1,15,1.6e-08,5.2e-10,7.2e-10,2.60348366374,-13.7866556921,16.3901393558,-875.732858789,-249.954114389,-360.350784483,-239.829320373,-0.844851956216,-1.87382407931e-07,-1.35176312994e-08
5.993e-06,-105.985808302,-39.5330384478,-800,1,15,1.6e-08,5.2e-10,7.2e-10,-3.98214250748,-52.9929041512,49.0107616437,-886.248939307,-244.831279407,-362.298390013,-241.268007727,-1.66217386742,-1.88395162807e-07,-2.65947818788e-08
5.994e-06,-169.512913411,-33.8970624876,-800,1,15,1.6e-08,5.2e-10,7.2e-10,-8.49057077875,-84.7564567053,76.2658859266,-902.59520312,-245.576738774,-365.776965354,-243.813570509,-2.42178810138,-1.90204021984e-07,-3.87486096221e-08
5.995e-06,-209.232433585,-28.2557337882,-800,1,15,1.6e-08,5.2e-10,7.2e-10,-10.2735751842,-104.616216792,94.3426416082,-922.207269784,-251.343837098,-370.568782748,-247.307551677,-3.01725516247,-1.92695767029e-07,-4.82760825995e-08
5.996e-06,-219.565880254,-22.6099431809,-800,1,15,1.6e-08,5.2e-10,7.2e-10,-9.06613813817,-109.782940127,100.716801989,-942.060056875,-260.578361668,-376.271786356,-251.458636696,-3.36517595516,-1.95661328905e-07,-5.38428152826e-08
5.997e-06,-199.061951543,-16.9605822015,-800,1,15,1.6e-08,5.2e-10,7.2e-10,-5.02367317983,-99.5309757713,94.5073025914,-959.092717456,-271.236946254,-382.356033509,-255.883549191,-3.41690489,-1.98825137425e-07,-5.46704782399e-08
5.998e-06,-150.600363304,-11.3085429495,-800,1,15,1.6e-08,5.2e-10,7.2e-10,1.29980065291,-75.3001816522,76.5999823051,-970.638600787,-281.074175392,-388.238097226,-260.160862287,-3.16538196491,-2.01883810558e-07,-5.06461114385e-08
5.999e-06,-80.9874015907,-5.65471794751,-800,1,15,1.6e-08,5.2e-10,7.2e-10,9.02946747768,-40.4937007953,49.523168273,-974.79984957,-287.958066204,-393.362980391,-263.890167991,-2.64612427651,-2.04548749803e-07,-4.23379884242e-08
6e-06,-6.89285314912e-12,-1.32261854308e-12,-800,1,15,1.6e-08,5.2e-10,7.2e-10,17.0925782544,-3.44613226844e-12,17.0925782544,-970.714022636,-290.169619249,-397.28203699,-266.748294462,-1.9322377065,-2.06586659235e-07,-3.0915803304e-08
6.001e-06,80.9874015906,5.65471794751,-800,1,15,1.6e-08,5.2e-10,7.2e-10,24.3691136665,40.4937007953,-16.1245871288,-958.675296707,-286.644367347,-399.715956599,-268.534675613,-1.12414937692,-2.07852297432e-07,-1.79863900308e-08
6.002e-06,150.600363304,11.3085429495,-800,1,15,1.6e-08,5.2e-10,7.2e-10,29.8490860423,75.3001816522,-45.4510956099,-940.093224794,-277.121997561,-400.593966161,-269.199501037,-0.335502920615,-2.08308862404e-07,-5.36804672985e-09
6.003e-06,199.061951543,16.9605822015,-800,1,15,1.6e-08,5.2e-10,7.2e-10,32.774387729,99.5309757713,-66.7565880423,-917.294843464,-262.18303234,-400.063743257,-268.850692676,0.322802465979,-2.08033146494e-07,5.16483945566e-09
6.004e-06,219.565880254,22.6099431809,-800,1,15,1.6e-08,5.2e-10,7.2e-10,32.7452637381,109.782940127,-77.037676389,-893.197922437,-243.167418051,-398.470648612,-267.738728379,0.758187519904,-2.07204737278e-07,1.21310003185e-08
6.005e-06,209.232433585,28.2557337882,-800,1,15,1.6e-08,5.2e-10,7.2e-10,29.7764548941,104.616216792,-74.8397618984,-870.9012476,-221.986454888,-396.30919455,-266.221443855,0.909395426473,-2.06080781166e-07,1.45503268236e-08
6.006e-06,169.512913411,33.8970624876,-800,1,15,1.6e-08,5.2e-10,7.2e-10,24.2951263498,84.7564567053,-60.4613303556,-853.249480971,-200.854482008,-394.153565535,-264.71375647,0.755095187141,-2.04959854078e-07,1.20815229943e-08
6.007e-06,105.985808302,39.5330384478,-800,1,15,1.6e-08,5.2e-10,7.2e-10,17.0808724018,52.9929041512,-35.9120317494,-842.433711723,-181.978001917,-392.576948965,-263.629372037,0.316877523025,-2.04140013462e-07,5.07004036841e-09
6.008e-06,27.5733113841,45.162771683,-800,1,15,1.6e-08,5.2e-10,7.2e-10,9.15622375117,13.7866556921,-4.63043194089,-839.683799679,-167.245905625,-392.071005988,-263.322661717,-0.343777451681,-2.03876923114e-07,-5.50043922689e-09
6.009e-06,-54.7117751763,50.7853731931,-800,1,15,1.6e-08,5.2e-10,7.2e-10,1.64303514007,-27.3558875882,28.9989227282,-845.095720708,-157.964305529,-392.976792424,-264.038872244,-1.13413490515,-2.04347932061e-07,-1.81461584824e-08
6.01e-06,-129.312755504,56.3999551039,-800,1,15,1.6e-08,5.2e-10,7.2e-10,-4.39507670644,-64.6563777522,60.2613010457,-857.618162827,-154.673217919,-395.436831748,-265.879662304,-1.94322959772,-2.05627152509e-07,-3.10916735635e-08
6.011e-06,-185.75214361,62.0056308081,-800,1,15,1.6e-08,5.2e-10,7.2e-10,-8.1021157103,-92.8760718052,84.7739560949,-875.200255553,-157.070841489,-399.375071339,-268.788805386,-2.65745060042,-2.07675037096e-07,-4.25192096068e-08
6.012e-06,-216.10319516,67.6015151043,-800,1,15,1.6e-08,5.2e-10,7.2e-10,-8.94992929474,-108.05159758,99.1016682854,-895.079684327,-164.056066708,-404.507537104,-272.560067096,-3.17649759488,-2.10343919294e-07,-5.08239615181e-08
6.013e-06,-216.10319516,73.1867243377,-800,1,15,1.6e-08,5.2e-10,7.2e-10,-6.81238652178,-108.05159758,101.239211058,-914.170725191,-173.883245689,-410.382190045,-276.866150602,-3.42746773967,-2.13398738824e-07,-5.48394838348e-08
6.014e-06,-185.75214361,78.7603765389,-800,1,15,1.6e-08,5.2e-10,7.2e-10,-1.98309341246,-92.8760718052,90.8929783928,-929.497701385,-184.407485595,-416.442387055,-281.304644894,-3.37509464457,-2.16550041268e-07,-5.40015143132e-08
6.015e-06,-129.312755504,84.3215915636,-800,1,15,1.6e-08,5.2e-10,7.2e-10,4.86584261356,-64.6563777522,69.5222203658,-938.612984172,-193.386014813,-422.10503306,-285.454522584,-3.0267014193,-2.19494617191e-07,-4.84272227089e-08
6.016e-06,-54.7117751762,89.8694912315,-800,1,15,1.6e-08,5.2e-10,7.2e-10,12.778207768,-27.3558875881,40.1340953561,-939.940830885,-198.793295912,-426.842448279,-288.935252287,-2.43117215569,-2.21958073105e-07,-3.8898754491e-08
6.017e-06,27.5733113841,95.4031994649,-800,1,15,1.6e-08,5.2e-10,7.2e-10,20.6479788904,13.7866556921,6.86132319832,-932.998769173,-199.105628661,-430.256452588,-291.460223435,-1.67208629556,-2.23733355346e-07,-2.6753380729e-08
6.018e-06,105.985808302,100.921842427,-800,1,15,1.6e-08,5.2e-10,7.2e-10,27.3746608001,52.9929041512,-25.618243351,-918.465434662,-193.515271472,-432.134262063,-292.876980172,-0.855980142044,-2.24709816273e-07,-1.36956822727e-08
6.019e-06,169.512913411,106.424548661,-800,1,15,1.6e-08,5.2e-10,7.2e-10,32.0178473309,84.7564567053,-52.7386093745,-898.08533442,-182.044008501,-432.47834721,-293.188613588,-0.097384150029,-2.24888740549e-07,-1.55814640046e-09
6.02e-06,209.232433585,111.910449224,-800,1,15,1.6e-08,5.2e-10,7.2e-10,33.9292984124,104.616216792,-70.68691838,-874.423911915,-165.540212241,-431.506059378,-292.553307848,0.49726253603,-2.24383150877e-07,7.95620057647e-09
6.021e-06,219.565880254,117.37867783,-800,1,15,1.6e-08,5.2e-10,7.2e-10,32.8439833652,109.782940127,-76.9389567619,-850.507313835,-145.559814127,-429.619077836,-291.262103926,0.844561141649,-2.23401920474e-07,1.35129782664e-08
6.022e-06,199.061951543,122.828370983,-800,1,15,1.6e-08,5.2e-10,7.2e-10,28.9173036467,99.5309757713,-70.6136721246,-829.397452451,-124.147900478,-427.346968575,-289.698004001,0.895866368198,-2.22220423659e-07,1.43338618912e-08
6.023e-06,150.600363304,128.258668111,-800,1,15,1.6e-08,5.2e-10,7.2e-10,22.703267227,75.3001816522,-52.5969144251,-813.762044736,-103.551607929,-425.272781852,-288.282160158,0.64411847421,-2.21141846563e-07,1.03058955874e-08
6.024e-06,80.9874015906,133.66871171,-800,1,15,1.6e-08,5.2e-10,7.2e-10,15.0766799369,40.4937007953,-25.4170208584,-805.500014951,-85.9046413428,-423.95113807,-287.41470505,0.124834786607,-2.20454591796e-07,1.99735658571e-09
6.025e-06,-1.10030513769e-11,139.057647469,-800,1,15,1.6e-08,5.2e-10,7.2e-10,7.11028178181,-5.50137713162e-12,7.11028178182,-805.474871786,-72.9277226915,-423.8303066,-287.418534667,-0.588878612963,-2.20391759432e-07,-9.42205780741e-09
6.026e-06,-80.9874015907,144.424624413,-800,1,15,1.6e-08,5.2e-10,7.2e-10,-0.0759159379962,-40.4937007953,40.4177848573,-813.393506426,-65.687041954,-425.189221347,-288.493938779,-1.39659443284,-2.210983951e-07,-2.23455109255e-08
6.027e-06,-150.600363304,149.768795035,-800,1,15,1.6e-08,5.2e-10,7.2e-10,-5.47193254708,-75.3001816521,69.8282491051,-827.847433987,-64.444634867,-428.098279039,-290.690451049,-2.184668901,-2.226111051e-07,-3.4954702416e-08
6.028e-06,-199.061951543,155.089315429,-800,1,15,1.6e-08,5.2e-10,7.2e-10,-8.31966636871,-99.5309757713,91.2113094026,-846.510686073,-68.6217015085,-432.409426007,-293.899872417,-2.84220271222,-2.24852901523e-07,-4.54752433955e-08
6.029e-06,-219.565880254,160.385345421,-800,1,15,1.6e-08,5.2e-10,7.2e-10,-8.21936736818,-109.782940127,101.563572759,-866.46656101,-76.880017491,-437.776925742,-297.871447568,-3.27661652521,-2.27644001386e-07,-5.24258644034e-08
6.03e-06,-209.232433585,165.656048708,-800,1,15,1.6e-08,5.2e-10,7.2e-10,-5.18578030213,-104.616216792,99.4304364903,-884.617340664,-87.3100037862,-443.705890493,-302.247063037,-3.42665347743,-2.30727063057e-07,-5.4826455639e-08
6.031e-06,-169.512913411,170.900592985,-800,1,15,1.6e-08,5.2e-10,7.2e-10,0.353926767347,-84.7564567053,85.1103834727,-898.119430304,-97.6990413128,-449.621760793,-306.611523448,-3.27098255296,-2.33803315612e-07,-5.23357208474e-08
6.032e-06,-105.985808302,176.118150077,-800,1,15,1.6e-08,5.2e-10,7.2e-10,7.62015765745,-52.9929041512,60.6130618087,-904.782807406,-105.842346283,-454.950974711,-310.550844766,-2.83119448601,-2.3657450685e-07,-4.52991117761e-08
6.033e-06,-27.5733113841,181.307896071,-800,1,15,1.6e-08,5.2e-10,7.2e-10,15.5903808045,-13.7866556921,29.3770364966,-903.378677989,-109.852744771,-459.201497105,-313.710377442,-2.16876943435,-2.38784778495e-07,-3.47003109497e-08
6.034e-06,54.7117751762,186.469011447,-800,1,15,1.6e-08,5.2e-10,7.2e-10,23.1427416266,27.3558875881,-4.21314596149,-893.812131052,-108.425839563,-462.03189875,-315.844596229,-1.3764423039,-2.4025658735e-07,-2.20230768624e-08
6.035e-06,129.312755504,191.600681204,-800,1,15,1.6e-08,5.2e-10,7.2e-10,29.2136245827,64.6563777522,-35.4427531694,-877.135542296,-101.02332738,-463.29928342,-316.851563847,-0.565178438867,-2.40915627378e-07,-9.04285502188e-09
6.036e-06,185.75214361,196.702094993,-800,1,15,1.6e-08,5.2e-10,7.2e-10,32.9470358012,92.8760718052,-59.9290360041,-855.400844606,-87.9487200945,-463.079331687,-316.787228177,0.151411096767,-2.40801252477e-07,2.42257754827e-09
6.037e-06,216.10319516,201.772447241,-800,1,15,1.6e-08,5.2e-10,7.2e-10,33.8148259344,108.05159758,-74.2367716458,-831.371413456,-70.3048350918,-461.655646365,-315.857544984,0.673025819163,-2.4006093611e-07,1.07684131066e-08
6.038e-06,216.10319516,206.81093728,-800,1,15,1.6e-08,5.2e-10,7.2e-10,31.6908682954,108.05159758,-76.3607292847,-808.134032065,-49.839025129,-459.479895997,-314.389532522,0.926762690993,-2.38929545918e-07,1.48282030559e-08
6.039e-06,185.75214361,211.816769474,-800,1,15,1.6e-08,5.2e-10,7.2e-10,26.8687741775,92.8760718052,-66.0072976277,-788.665434624,-28.6978846625,-457.108354111,-312.78532331,0.877355095747,-2.37696344138e-07,1.40376815319e-08
6.04e-06,129.312755504,216.789153346,-800,1,15,1.6e-08,5.2e-10,7.2e-10,20.0206572925,64.6563777521,-44.6357204597,-775.414305311,-9.12588340165,-455.123747142,-311.465666384,0.532125886474,-2.36664348514e-07,8.51401418358e-09
6.041e-06,54.7117751763,221.727303697,-800,1,15,1.6e-08,5.2e-10,7.2e-10,12.1027387405,27.3558875881,-15.2531488477,-769.957440071,6.84974691046,-454.053387225,-310.81081495,-0.0600411320045,-2.36107761357e-07,-9.60658112073e-10
6.042e-06,-27.5733113841,226.630440736,-800,1,15,1.6e-08,5.2e-10,7.2e-10,4.22105001072,-13.7866556921,18.0077057028,-772.778362199,17.7036157921,-454.295087894,-311.107101618,-0.815566835148,-2.36233445705e-07,-1.30490693624e-08
6.043e-06,-105.985808302,231.497790202,-800,1,15,1.6e-08,5.2e-10,7.2e-10,-2.5239043701,-52.9929041512,50.4689997811,-783.199484519,22.6262957249,-456.061267587,-312.50670455,-1.62791526738,-2.37151859145e-07,-2.60466442781e-08
6.044e-06,-169.512913411,236.328583483,-800,1,15,1.6e-08,5.2e-10,7.2e-10,-7.19170787501,-84.7564567053,77.5647488303,-799.477345743,21.6378895238,-459.34909148,-315.006255265,-2.38255635156,-2.3886152757e-07,-3.8120901625e-08
6.045e-06,-209.232433585,241.122057741,-800,1,15,1.6e-08,5.2e-10,7.2e-10,-9.13410906027,-104.616216792,95.4821077322,-819.047545353,15.5850931943,-463.940845125,-318.447292561,-2.97305135112,-2.41249239465e-07,-4.75688216179e-08
6.046e-06,-219.565880254,245.87745603,-800,1,15,1.6e-08,5.2e-10,7.2e-10,-8.08606486094,-109.782940127,101.696875266,-838.88497661,6.02216680711,-469.434487436,-322.538498812,-3.31600192955,-2.44105933467e-07,-5.30560308728e-08
6.047e-06,-199.061951542,250.59402742,-800,1,15,1.6e-08,5.2e-10,7.2e-10,-4.20296334037,-99.5309757712,95.3280124309,-855.928764026,-5.00746930464,-475.300091935,-326.896595626,-3.36276325621,-2.47156047806e-07,-5.38042120994e-08
6.048e-06,-150.600363304,255.271027107,-800,1,15,1.6e-08,5.2e-10,7.2e-10,1.96120193239,-75.3001816522,77.2613835845,-867.512224081,-15.2583388429,-480.95424927,-331.100155179,-3.10627608759,-2.50096209621e-07,-4.97004174014e-08
6.049e-06,-80.9874015906,259.90771654,-800,1,15,1.6e-08,5.2e-10,7.2e-10,9.53164053275,-40.4937007953,50.0253413281,-871.737462472,-22.5983913738,-485.84198139,-334.748769604,-2.58205827842,-2.52637830323e-07,-4.13129324547e-08
6.05e-06,2.88989559029e-11,264.503363532,-800,1,15,1.6e-08,5.2e-10,7.2e-10,17.4356288633,1.44488865317e-11,17.4356288633,-867.741996806,-25.3085531853,-489.514662776,-337.519268253,-1.86321646798,-2.54547624643e-07,-2.98114634877e-08
6.051e-06,80.9874015906,269.057242376,-800,1,15,1.6e-08,5.2e-10,7.2e-10,24.553173031,40.4937007953,-15.9405277643,-855.819958372,-22.3242761286,-491.69300493,-339.211087307,-1.05017853526,-2.55680362564e-07,-1.68028565642e-08
6.052e-06,150.600363304,273.568633963,-800,1,15,1.6e-08,5.2e-10,7.2e-10,29.8743107649,75.3001816522,-45.4258708872,-837.380850539,-13.3851596081,-492.306258145,-339.774419699,-0.256588869266,-2.55999254236e-07,-4.10542190825e-09
6.053e-06,199.061951543,278.036825891,-800,1,15,1.6e-08,5.2e-10,7.2e-10,32.6409597854,99.5309757713,-66.8900159858,-814.751656041,0.928368259875,-491.502124778,-339.317191778,0.406652578294,-2.55581104884e-07,6.5064412527e-09
6.054e-06,219.565880254,282.461112581,-800,1,15,1.6e-08,5.2e-10,7.2e-10,32.4533904463,109.782940127,-77.3295496808,-790.850086576,19.276462098,-489.625991743,-338.089886875,0.846965790196,-2.54605515706e-07,1.35514526431e-08
6.055e-06,209.232433585,286.840795387,-800,1,15,1.6e-08,5.2e-10,7.2e-10,29.3263688793,104.616216792,-75.2898479132,-768.774865831,39.7479293479,-487.172398974,-336.450347249,1.00309319862,-2.53329647466e-07,1.60494911779e-08
6.056e-06,169.512913411,291.175182706,-800,1,15,1.6e-08,5.2e-10,7.2e-10,23.6870855054,84.7564567053,-61.0693712,-751.370589458,60.1285451131,-484.715559951,-334.813497885,0.85370305314,-2.52052091175e-07,1.36592488502e-08
6.057e-06,105.985808302,295.463590089,-800,1,15,1.6e-08,5.2e-10,7.2e-10,16.3151598462,52.9929041512,-36.677744305,-740.828276108,78.2119277592,-482.828692499,-333.593053283,0.42038532435,-2.51070920099e-07,6.7261651896e-09
6.058e-06,27.5733113842,299.705340345,-800,1,15,1.6e-08,5.2e-10,7.2e-10,8.23314778086,13.7866556921,-5.55350791123,-738.377710936,92.1093137333,-482.003489591,-333.14339436,-0.23538062259,-2.50641814587e-07,-3.76608996144e-09
6.059e-06,-54.7117751763,303.899763654,-800,1,15,1.6e-08,5.2e-10,7.2e-10,0.562929178298,-27.3558875882,27.9188167665,-744.114791011,100.514724668,-482.581040272,-333.709778668,-1.02086070328,-2.50942140942e-07,-1.63337712525e-08
6.06e-06,-129.312755504,308.046197668,-800,1,15,1.6e-08,5.2e-10,7.2e-10,-5.6318541641,-64.6563777522,59.0245235881,-756.98812143,102.888284851,-484.703902632,-335.393876779,-1.82509042377,-2.52046029369e-07,-2.92014467804e-08
6.061e-06,-185.75214361,312.143987616,-800,1,15,1.6e-08,5.2e-10,7.2e-10,-9.49518115529,-92.8760718052,83.3808906499,-774.946744686,99.5319426888,-488.296060055,-338.139475126,-2.53445959896,-2.53913951229e-07,-4.05513535834e-08
6.062e-06,-216.10319516,316.192486409,-800,1,15,1.6e-08,5.2e-10,7.2e-10,-10.4988742683,-108.05159758,97.5527233119,-795.2282551,91.5469613211,-493.073575832,-341.740353324,-3.04866865239,-2.56398259433e-07,-4.87786984382e-08
6.063e-06,-216.10319516,320.191054744,-800,1,15,1.6e-08,5.2e-10,7.2e-10,-8.51677768171,-108.05159758,99.5348198985,-814.746833519,80.6791487184,-498.584449724,-345.869229603,-3.29481548246,-2.59263913857e-07,-5.27170477194e-08
6.064e-06,-185.75214361,324.1390612,-800,1,15,1.6e-08,5.2e-10,7.2e-10,-3.84247260391,-92.8760718052,89.0335992013,-830.526703926,69.073564257,-504.272078757,-350.123709078,-3.23763443661,-2.62221480954e-07,-5.18021509858e-08
6.065e-06,-129.312755504,328.03588234,-800,1,15,1.6e-08,5.2e-10,7.2e-10,2.85195828337,-64.6563777522,67.5083360356,-840.120134279,58.973152514,-509.553409352,-354.082781533,-2.8844493599,-2.64967772863e-07,-4.61511897584e-08
6.066e-06,-54.7117751763,331.880902811,-800,1,15,1.6e-08,5.2e-10,7.2e-10,10.6103258512,-27.3558875881,37.9662134393,-841.951274581,52.4036302888,-513.90080458,-357.365933812,-2.28414507707,-2.67228418382e-07,-3.65463212331e-08
6.067e-06,27.5733113842,335.673515441,-800,1,15,1.6e-08,5.2e-10,7.2e-10,18.3266315163,13.7866556921,4.53997582422,-835.537541136,50.8888835479,-516.916128521,-359.686574622,-1.52030176032,-2.68796386831e-07,-2.43248281652e-08
6.068e-06,105.985808302,339.413121331,-800,1,15,1.6e-08,5.2e-10,7.2e-10,24.9004045884,52.9929041512,-28.0924995628,-821.557454231,55.2368459597,-518.386642799,-360.892268426,-0.699456440514,-2.69561054256e-07,-1.11913030482e-08
6.069e-06,169.512913411,343.099129955,-800,1,15,1.6e-08,5.2e-10,7.2e-10,29.3912633016,84.7564567054,-55.3651934038,-801.755401621,65.4259317609,-518.314864807,-360.986127682,0.0638597025201,-2.69523729699e-07,1.02175524032e-09
6.07e-06,209.232433585,346.730959249,-800,1,15,1.6e-08,5.2e-10,7.2e-10,31.150991892,104.616216792,-73.4652249005,-778.696703504,80.6079731331,-516.918194109,-360.126358953,0.663206802255,-2.68797460937e-07,1.06113088361e-08
6.071e-06,219.565880254,350.308035705,-800,1,15,1.6e-08,5.2e-10,7.2e-10,29.9145838882,109.782940127,-79.8683562389,-755.407379362,99.2272495605,-514.598359514,-358.604026658,1.01518536514,-2.67591146947e-07,1.62429658423e-08
6.072e-06,199.061951543,353.829794461,-800,1,15,1.6e-08,5.2e-10,7.2e-10,25.8374648545,99.5309757713,-73.6935109167,-734.949210347,119.238891864,-511.884977868,-356.802157445,1.07114937659,-2.66180188491e-07,1.71383900255e-08
6.073e-06,150.600363304,357.295679392,-800,1,15,1.6e-08,5.2e-10,7.2e-10,19.4736667621,75.3001816522,-55.82651489,-719.989778414,138.395986726,-509.361151591,-355.141928902,0.824038382415,-2.64867798828e-07,1.31846141186e-08
6.074e-06,80.9874015906,360.705143192,-800,1,15,1.6e-08,5.2e-10,7.2e-10,11.6980193333,40.4937007953,-28.795681462,-712.427868936,154.565058747,-507.581554549,-354.023500208,0.309369000138,-2.63942408365e-07,4.94990400221e-09
6.075e-06,5.32495567662e-11,364.057647469,-800,1,15,1.6e-08,5.2e-10,7.2e-10,3.58328635205,2.66247024427e-11,3.58328635202,-713.126847863,166.025621531,-506.994510865,-353.769794902,-0.399753394525,-2.6363714565e-07,-6.3960543124e-09
6.076e-06,-80.9874015907,367.352662823,-800,1,15,1.6e-08,5.2e-10,7.2e-10,-3.7504972198,-40.4937007953,36.7432035755,-721.793459814,171.711726744,-507.879010482,-354.581131317,-1.20290221229,-2.6409708545e-07,-1.92464353967e-08
6.077e-06,-150.600363304,370.589668933,-800,1,15,1.6e-08,5.2e-10,7.2e-10,-9.29332716557,-75.3001816521,66.0068544866,-737.019069533,171.361586331,-510.30550744,-356.507072697,-1.98643437984,-2.65358863869e-07,-3.17829500774e-08
6.078e-06,-199.061951543,373.768154638,-800,1,15,1.6e-08,5.2e-10,7.2e-10,-12.287078392,-99.5309757713,87.2438973793,-756.477554474,165.554253891,-514.126006646,-359.439450562,-2.63945128685,-2.67345523456e-07,-4.22312205895e-08
6.079e-06,-219.565880254,376.887618019,-800,1,15,1.6e-08,5.2e-10,7.2e-10,-12.3319775759,-109.782940127,97.4509625513,-777.252055056,155.628213441,-518.994831427,-363.127541192,-3.06937428307,-2.69877312342e-07,-4.91099885291e-08
6.08e-06,-209.232433585,379.947566476,-800,1,15,1.6e-08,5.2e-10,7.2e-10,-9.4427463169,-104.616216792,95.1734704756,-796.244691511,143.493309557,-524.417155114,-367.213263707,-3.21494719296,-2.72696920659e-07,-5.14391550874e-08
6.081e-06,-169.512913411,382.947516808,-800,1,15,1.6e-08,5.2e-10,7.2e-10,-4.04652965586,-84.7564567053,80.7099270495,-810.611703766,131.362432738,-529.818480556,-371.281456314,-3.05483968351,-2.75505609889e-07,-4.88774349362e-08
6.082e-06,-105.985808302,385.886995287,-800,1,15,1.6e-08,5.2e-10,7.2e-10,3.07709910682,-52.9929041512,56.070003258,-818.162900281,121.440644018,-534.625309375,-374.918169547,-2.61064316761,-2.78005160875e-07,-4.17702906818e-08
6.083e-06,-27.5733113842,388.765537737,-800,1,15,1.6e-08,5.2e-10,7.2e-10,10.9056311471,-13.7866556921,24.6922868391,-817.669314408,115.615400359,-538.345671192,-377.768789412,-1.94383847739,-2.7993974902e-07,-3.11014156383e-08
6.084e-06,54.7117751763,391.582689601,-800,1,15,1.6e-08,5.2e-10,7.2e-10,18.3172344766,27.3558875881,-9.03865311157,-809.035858855,115.191387747,-540.638202761,-379.587827193,-1.14716118867,-2.81131865436e-07,-1.83545790188e-08
6.085e-06,129.312755504,394.33800602,-800,1,15,1.6e-08,5.2e-10,7.2e-10,24.2483159976,64.6563777522,-40.4080617546,-793.314729439,120.70720393,-541.360075028,-380.273383115,-0.331577311044,-2.81507239015e-07,-5.3052369767e-09
6.086e-06,185.75214361,397.031051896,-800,1,15,1.6e-08,5.2e-10,7.2e-10,27.8429041286,92.8760718052,-65.0331676766,-772.557675596,131.859637157,-540.58703693,-379.881443529,0.389301430786,-2.81105259204e-07,6.22882289258e-09
6.087e-06,216.10319516,399.661401966,-800,1,15,1.6e-08,5.2e-10,7.2e-10,28.5728716553,108.05159758,-79.4787259248,-749.527885813,147.546175762,-538.60276082,-378.618003629,0.915173897004,-2.80073435627e-07,1.46427823521e-08
6.088e-06,216.10319516,402.228640868,-800,1,15,1.6e-08,5.2e-10,7.2e-10,26.3121138636,108.05159758,-81.7394837165,-727.311952816,166.01977826,-535.858985948,-376.810122058,1.17313639916,-2.78646672693e-07,1.87701823866e-08
6.089e-06,185.75214361,404.732363205,-800,1,15,1.6e-08,5.2e-10,7.2e-10,21.3542638555,92.8760718052,-71.5218079497,-708.88641683,185.134166974,-532.912057707,-374.859972669,1.12792167459,-2.77114270007e-07,1.80467467934e-08
6.09e-06,129.312755504,407.17217361,-800,1,15,1.6e-08,5.2e-10,7.2e-10,14.3714569843,64.6563777522,-50.2849207678,-696.699764621,202.645194426,-530.344775537,-373.188346772,0.786851935238,-2.75779283279e-07,1.25896309638e-08
6.091e-06,54.7117751763,409.547686808,-800,1,15,1.6e-08,5.2e-10,7.2e-10,6.31993582078,27.3558875881,-21.0359517673,-692.328591305,216.525956508,-528.684525719,-372.175540786,0.198810349993,-2.74915953374e-07,3.18096559989e-09
6.092e-06,-27.5733113842,411.858527679,-800,1,15,1.6e-08,5.2e-10,7.2e-10,-1.69424684916,-13.7866556921,12.0924088429,-696.256215973,225.251395724,-528.329197047,-372.107931461,-0.552624587277,-2.74731182464e-07,-8.84199339643e-09
6.093e-06,-105.985808302,414.104331315,-800,1,15,1.6e-08,5.2e-10,7.2e-10,-8.57056537991,-52.9929041512,44.4223387713,-707.804843893,228.01242284,-529.491284335,-373.137742024,-1.36091754631,-2.75335467854e-07,-2.17746807409e-08
6.094e-06,-169.512913411,416.284743076,-800,1,15,1.6e-08,5.2e-10,7.2e-10,-13.3685823064,-84.7564567053,71.3878743989,-725.230802908,224.829484204,-532.168030233,-375.26164997,-2.1115390698,-2.76727375721e-07,-3.37846251168e-08
6.095e-06,-209.232433585,418.39941865,-800,1,15,1.6e-08,5.2e-10,7.2e-10,-15.440025431,-104.616216792,89.1761913615,-745.969478347,216.54962454,-536.141798852,-378.321240983,-2.69805103547,-2.78793735403e-07,-4.31688165675e-08
6.096e-06,-219.565880254,420.448024105,-800,1,15,1.6e-08,5.2e-10,7.2e-10,-14.5198311225,-109.782940127,95.2631090046,-766.995546074,204.727457779,-541.010628739,-382.025245225,-3.03705571544,-2.81325526945e-07,-4.85928914471e-08
6.097e-06,-199.061951543,422.430235944,-800,1,15,1.6e-08,5.2e-10,7.2e-10,-10.7633670685,-99.5309757713,88.7676087028,-785.247909989,191.40676319,-546.244674114,-385.990432983,-3.07990888195,-2.84047230539e-07,-4.92785421112e-08
6.098e-06,-150.600363304,424.345741152,-800,1,15,1.6e-08,5.2e-10,7.2e-10,-4.72460665619,-75.3001816521,70.575574996,-798.059662786,178.833381034,-551.260607371,-389.795426,-2.8195518885,-2.86655515833e-07,-4.51128302159e-08
6.099e-06,-80.9874015906,426.194237248,-800,1,15,1.6e-08,5.2e-10,7.2e-10,2.72167967411,-40.4937007953,43.2153804694,-803.532683231,169.13973067,-555.503533241,-393.039866853,-2.29150318091,-2.88861837285e-07,-3.66640508945e-08
6.1e-06,-3.53536522402e-11,427.975432333,-800,1,15,1.6e-08,5.2e-10,7.2e-10,10.5027881092,-1.76765269089e-11,10.5027881093,-800.804258897,164.045259645,-558.524910012,-395.400636209,-1.56886998349,-2.90432953206e-07,-2.51019197359e-08
6.101e-06,80.9874015906,429.689045136,-800,1,15,1.6e-08,5.2e-10,7.2e-10,17.4987443372,40.4937007953,-22.9949564581,-790.168287969,164.614894792,-560.045534006,-396.677222426,-0.752080754159,-2.91223677683e-07,-1.20332920665e-08
6.102e-06,150.600363304,431.334805058,-800,1,15,1.6e-08,5.2e-10,7.2e-10,22.699605461,75.3001816522,-52.6005761911,-773.034037684,171.109420178,-559.99474133,-396.81987147,0.0452195454092,-2.91197265492e-07,7.23512726547e-10
6.103e-06,199.061951543,432.912452214,-800,1,15,1.6e-08,5.2e-10,7.2e-10,25.3473083659,99.5309757713,-74.1836674054,-751.728251648,182.948795887,-558.520321141,-395.936563566,0.712130397114,-2.90430566994e-07,1.13940863538e-08
6.104e-06,219.565880254,434.421737475,-800,1,15,1.6e-08,5.2e-10,7.2e-10,25.0421423575,109.782940127,-84.7407977696,-729.168399476,198.793569408,-555.967748128,-394.277836763,1.15607122376,-2.89103229027e-07,1.84971395802e-08
6.105e-06,209.232433585,435.862422508,-800,1,15,1.6e-08,5.2e-10,7.2e-10,21.7988923041,104.616216792,-82.8173244884,-708.452959856,216.732945655,-552.831650952,-392.201588865,1.31578390406,-2.87472458495e-07,2.10525424649e-08
6.106e-06,169.512913411,437.234279812,-800,1,15,1.6e-08,5.2e-10,7.2e-10,16.0447671443,84.7564567053,-68.711689561,-692.426280564,234.553101743,-549.686332768,-390.122801222,1.16993614066,-2.85836893039e-07,1.87189782505e-08
6.107e-06,105.985808302,438.537092754,-800,1,15,1.6e-08,5.2e-10,7.2e-10,8.55940469616,52.9929041512,-44.433499455,-683.279129536,250.048062532,-547.105102001,-388.455245513,0.740117363923,-2.8449465304e-07,1.18418778228e-08
6.108e-06,27.5733113841,439.770655606,-800,1,15,1.6e-08,5.2e-10,7.2e-10,0.36537891062,13.7866556921,-13.4212767815,-682.241038415,261.329475374,-545.579743145,-387.553360637,0.0878064055252,-2.83701466435e-07,1.4049024884e-09
6.109e-06,-54.7117751763,440.934773573,-800,1,15,1.6e-08,5.2e-10,7.2e-10,-7.4154124986,-27.3558875881,19.9404750895,-689.407647999,267.091777156,-545.451437664,-387.662462922,-0.694263176794,-2.83634747585e-07,-1.11082108287e-08
6.11e-06,-129.312755504,442.029262828,-800,1,15,1.6e-08,5.2e-10,7.2e-10,-13.7193101199,-64.6563777522,50.9370676323,-703.727304401,266.795511705,-546.862836955,-388.884282498,-1.49512740881,-2.84368675216e-07,-2.3922038541e-08
6.111e-06,-185.75214361,443.053950538,-800,1,15,1.6e-08,5.2e-10,7.2e-10,-17.6902754802,-92.8760718052,75.185796325,-723.148788451,260.743051185,-549.738018582,-391.162666138,-2.20117661817,-2.85863769663e-07,-3.52188258907e-08
6.112e-06,-216.10319516,444.008674894,-800,1,15,1.6e-08,5.2e-10,7.2e-10,-18.8001139066,-108.05159758,89.2514836736,-744.909430175,250.036086641,-553.793140873,-394.291454557,-2.71211173406,-2.87972433254e-07,-4.33937877449e-08
6.113e-06,-216.10319516,444.893285132,-800,1,15,1.6e-08,5.2e-10,7.2e-10,-16.9226526699,-108.05159758,91.1289449102,-765.923143533,236.420858033,-558.576299472,-397.943427849,-2.95503115338,-2.90459675726e-07,-4.72804984541e-08
6.114e-06,-185.75214361,445.707641563,-800,1,15,1.6e-08,5.2e-10,7.2e-10,-12.3514563118,-92.8760718052,80.5246154934,-783.213883075,222.042860742,-563.530988112,-401.716253732,-2.89466971482,-2.93036113818e-07,-4.63147154371e-08
6.115e-06,-129.312755504,446.451615592,-800,1,15,1.6e-08,5.2e-10,7.2e-10,-5.75859109062,-64.6563777522,58.8977866615,-794.333644817,209.145479293,-568.074250736,-405.188985339,-2.53835174737,-2.95398610383e-07,-4.06136279579e-08
6.116e-06,-54.7117751762,447.125089734,-800,1,15,1.6e-08,5.2e-10,7.2e-10,1.89977004147,-27.3558875881,29.2556576296,-797.706304359,199.754874312,-571.678548737,-407.981173584,-1.9349625523,-2.97272845343e-07,-3.09594008369e-08
6.117e-06,27.5733113841,447.727957642,-800,1,15,1.6e-08,5.2e-10,7.2e-10,9.51764442938,13.786655692,-4.26901126267,-792.849001182,195.395379397,-573.945845296,-409.806291966,-1.16808277092,-2.98451839554e-07,-1.86893243346e-08
6.118e-06,105.985808302,448.260124114,-800,1,15,1.6e-08,5.2e-10,7.2e-10,15.99457706,52.9929041512,-36.9983270912,-780.439976379,196.875379582,-574.663501908,-410.511970447,-0.34424989557,-2.98825020992e-07,-5.50799832912e-09
6.119e-06,169.512913411,448.721505117,-800,1,15,1.6e-08,5.2e-10,7.2e-10,20.3902015904,84.7564567053,-64.3662551149,-762.223336177,204.173744136,-573.834136588,-410.101387679,0.42200443998,-2.98393751026e-07,6.75207103967e-09
6.12e-06,209.232433585,449.112027793,-800,1,15,1.6e-08,5.2e-10,7.2e-10,22.0563174238,104.616216792,-82.5598993686,-740.764116962,216.442763863,-571.675250258,-408.732817112,1.02423992299,-2.97271130134e-07,1.63878387678e-08
6.121e-06,219.565880254,449.431630473,-800,1,15,1.6e-08,5.2e-10,7.2e-10,20.7279329973,109.782940127,-89.0550071298,-719.088052166,232.127180388,-568.588673805,-406.697390722,1.37905662145,-2.95666110379e-07,2.20649059432e-08
6.122e-06,199.061951543,449.680262688,-800,1,15,1.6e-08,5.2e-10,7.2e-10,16.5604885226,99.5309757713,-82.9704872487,-700.256634694,249.182590122,-565.104126859,-404.378203386,1.43780809014,-2.93854145967e-07,2.30049294422e-08
6.123e-06,150.600363304,449.857885177,-800,1,15,1.6e-08,5.2e-10,7.2e-10,10.1080303551,75.3001816521,-65.192151297,-686.937156108,265.362548709,-561.804815309,-402.196501575,1.19343345212,-2.92138503961e-07,1.90949352339e-08
6.124e-06,80.9874015907,449.964469892,-800,1,15,1.6e-08,5.2e-10,7.2e-10,2.24540233609,40.4937007953,-38.2482984592,-681.028109284,278.534053011,-559.245517164,-400.552513993,0.681448910155,-2.90807668925e-07,1.09031825625e-08
6.125e-06,1.74577477142e-11,450,-800,1,15,1.6e-08,5.2e-10,7.2e-10,-5.95461789964,8.72901750881e-12,-5.95461789965,-683.39256562,286.977092115,-557.874661347,-399.769234342,-0.025040566791,-2.900948239e-07,-4.00649068656e-10
6.126e-06,-80.9874015906,449.964469892,-800,1,15,1.6e-08,5.2e-10,7.2e-10,-13.3719818088,-40.4937007953,27.1217189865,-693.736973175,289.626196322,-557.97134324,-400.047051741,-0.82560878809,-2.90145098485e-07,-1.32097406094e-08
6.127e-06,-150.600363304,449.857885177,-800,1,15,1.6e-08,5.2e-10,7.2e-10,-18.9966718661,-75.3001816522,56.3035097861,-710.652398172,286.220059284,-559.606122945,-401.435600829,-1.60661307091,-2.90995183931e-07,-2.57058091346e-08
6.128e-06,-199.061951543,449.680262688,-800,1,15,1.6e-08,5.2e-10,7.2e-10,-22.0705499428,-99.5309757713,77.4604258284,-731.812417629,277.338219306,-562.631112037,-403.826785129,-2.25715518723,-2.92568178259e-07,-3.61144829956e-08
6.129e-06,-219.565880254,449.431630473,-800,1,15,1.6e-08,5.2e-10,7.2e-10,-22.1938299573,-109.782940127,87.5891101698,-754.299869665,264.31964803,-566.700741103,-406.969953505,-2.68465686078,-2.94684385373e-07,-4.29545097725e-08
6.13e-06,-209.232433585,449.112027793,-800,1,15,1.6e-08,5.2e-10,7.2e-10,-19.3812210287,-104.616216792,85.2349957637,-775.01657039,249.074680502,-571.320291304,-410.507098247,-2.8278622817,-2.97086551478e-07,-4.52457965073e-08
6.131e-06,-169.512913411,448.721505117,-800,1,15,1.6e-08,5.2e-10,7.2e-10,-14.0598559975,-84.7564567053,70.6966007079,-791.118453845,233.816700457,-575.91537388,-414.023131295,-2.66544147425,-2.99475994418e-07,-4.26470635879e-08
6.132e-06,-105.985808302,448.260124114,-800,1,15,1.6e-08,5.2e-10,7.2e-10,-7.00929624561,-52.9929041512,45.9836079056,-800.41502088,220.751264854,-579.91259938,-417.104177475,-2.21898620012,-3.01554551678e-07,-3.5503779202e-08
6.133e-06,-27.5733113841,447.727957642,-800,1,15,1.6e-08,5.2e-10,7.2e-10,0.747961036881,-13.7866556921,14.5346167289,-801.676995566,211.766329187,-582.820106877,-419.395697625,-1.54997763178,-3.03066455576e-07,-2.47996421086e-08
6.134e-06,54.7117751762,447.125089734,-800,1,15,1.6e-08,5.2e-10,7.2e-10,8.09009521015,27.3558875881,-19.265792378,-794.808979709,208.167080509,-584.29664308,-420.652278398,-0.751151676799,-3.03834254402e-07,-1.20184268288e-08
6.135e-06,129.312755504,446.451615592,-800,1,15,1.6e-08,5.2e-10,7.2e-10,13.9535242376,64.6563777522,-50.7028535146,-780.86285665,210.492620087,-584.199489382,-420.772095907,0.0665253320989,-3.03783734479e-07,1.06440531358e-09
6.136e-06,185.75214361,445.707641563,-800,1,15,1.6e-08,5.2e-10,7.2e-10,17.4822873089,92.8760718052,-75.3937844963,-761.890061823,218.440242058,-582.604505634,-419.811212897,0.78944135572,-3.0295434293e-07,1.26310616915e-08
6.137e-06,216.10319516,444.893285132,-800,1,15,1.6e-08,5.2e-10,7.2e-10,18.1482676905,108.05159758,-89.9033298896,-740.653468247,230.90794294,-579.795475561,-417.97570146,1.31729494848,-3.01493647292e-07,2.10767191757e-08
6.138e-06,216.10319516,444.008674894,-800,1,15,1.6e-08,5.2e-10,7.2e-10,15.825370856,108.05159758,-92.2262267242,-720.23935175,246.149191644,-576.224250218,-415.592697614,1.57718212494,-2.99636610113e-07,2.5234913999e-08
6.139e-06,185.75214361,443.053950538,-800,1,15,1.6e-08,5.2e-10,7.2e-10,10.8072398009,92.8760718052,-82.0688320043,-703.62393429,262.018223019,-572.447287224,-413.064453066,1.53383533422,-2.97672589356e-07,2.45413653474e-08
6.14e-06,129.312755504,442.029262828,-800,1,15,1.6e-08,5.2e-10,7.2e-10,3.76601947632,64.6563777522,-60.8903582758,-693.255383043,276.271404165,-569.047498648,-410.811837439,1.19457650892,-2.95904699297e-07,1.91132241427e-08
6.141e-06,54.7117751763,440.934773573,-800,1,15,1.6e-08,5.2e-10,7.2e-10,-4.34203824657,27.3558875882,-31.6979258347,-690.709972265,286.882347521,-566.55238378,-409.215225913,0.608288547486,-2.94607239565e-07,9.73261675978e-09
6.142e-06,-27.5733113842,439.770655606,-800,1,15,1.6e-08,5.2e-10,7.2e-10,-12.4108715806,-13.7866556921,1.37578411155,-696.470698967,292.326514028,-565.359944793,-408.561074436,-0.14145031772,-2.93987171292e-07,-2.26320508353e-09
6.143e-06,-105.985808302,438.537092754,-800,1,15,1.6e-08,5.2e-10,7.2e-10,-19.3399461784,-52.9929041512,33.6529579728,-709.859445167,291.795334692,-565.682790228,-409.001685856,-0.948105008964,-2.94155050919e-07,-1.51696801434e-08
6.144e-06,-169.512913411,437.234279812,-800,1,15,1.6e-08,5.2e-10,7.2e-10,-24.1888161756,-84.7564567053,60.5676405298,-729.132214341,285.309777825,-567.51827679,-410.533817702,-1.69714631245,-2.95109503931e-07,-2.71543409992e-08
6.145e-06,-209.232433585,435.862422508,-800,1,15,1.6e-08,5.2e-10,7.2e-10,-26.3092012774,-104.616216792,78.3070155151,-751.724066387,273.71741176,-570.648882963,-412.999136091,-2.28213634035,-2.96737419141e-07,-3.65141814455e-08
6.146e-06,-219.565880254,434.421737475,-800,1,15,1.6e-08,5.2e-10,7.2e-10,-25.4360300601,-109.782940127,84.346910067,-774.609350724,258.573375591,-574.672761959,-416.106452004,-2.61967759012,-2.98829836219e-07,-4.19148414419e-08
6.147e-06,-199.061951543,432.912452214,-800,1,15,1.6e-08,5.2e-10,7.2e-10,-21.7246627241,-99.5309757713,77.8063130472,-794.726643844,241.921975228,-579.06018294,-419.472616921,-2.66112605022,-3.01111295129e-07,-4.25780168036e-08
6.148e-06,-150.600363304,431.334805058,-800,1,15,1.6e-08,5.2e-10,7.2e-10,-15.729065476,-75.3001816522,59.5711161761,-809.408710122,226.009578966,-583.227933504,-422.67633414,-2.39942328122,-3.03278525422e-07,-3.83907724995e-08
6.149e-06,-80.9874015906,429.689045136,-800,1,15,1.6e-08,5.2e-10,7.2e-10,-8.32400188308,-40.4937007953,32.1696989122,-816.757099151,212.969135506,-586.621233825,-425.317328139,-1.87008792677,-3.05043041589e-07,-2.99214068284e-08
6.15e-06,4.38156811782e-13,427.975432333,-800,1,15,1.6e-08,5.2e-10,7.2e-10,-0.582169194246,2.1910251391e-13,-0.582169194246,-815.908768523,204.520622964,-588.79165786,-427.072561827,-1.14622739983,-3.06171662087e-07,-1.83396383973e-08
6.151e-06,80.9874015906,426.194237248,-800,1,15,1.6e-08,5.2e-10,7.2e-10,6.37646453265,40.4937007953,-34.1172362627,-807.157285692,201.729499882,-589.460117802,-427.741606122,-0.328270337658,-3.06519261257e-07,-5.25232540253e-09
6.152e-06,150.600363304,424.345741152,-800,1,15,1.6e-08,5.2e-10,7.2e-10,11.5419623441,75.3001816522,-63.758219308,-791.91158646,204.857083093,-588.556065821,-427.274789862,0.470138127987,-3.06049154227e-07,7.52221004779e-09
6.153e-06,199.061951543,422.430235944,-800,1,15,1.6e-08,5.2e-10,7.2e-10,14.1562667573,99.5309757713,-85.374709014,-772.498082353,213.323866424,-586.227407302,-425.780176442,1.13809731824,-3.04838251797e-07,1.82095570919e-08
6.154e-06,219.565880254,420.448024105,-800,1,15,1.6e-08,5.2e-10,7.2e-10,13.819672397,109.782940127,-95.9632677301,-751.833910313,225.790931993,-582.819733313,-423.508387363,1.5830265045,-3.03066261323e-07,2.53284240721e-08
6.155e-06,209.232433585,418.39941865,-800,1,15,1.6e-08,5.2e-10,7.2e-10,10.5469691372,104.616216792,-94.0692476553,-733.01721581,240.348020149,-578.827789031,-420.817404154,1.7436674234,-3.00990450296e-07,2.78986787745e-08
6.156e-06,169.512913411,416.284743076,-800,1,15,1.6e-08,5.2e-10,7.2e-10,4.7653706081,84.7564567053,-79.9910860972,-718.892012916,254.781844165,-574.825994238,-418.122292149,1.59868764494,-2.98909517004e-07,2.55790023191e-08
6.157e-06,105.985808302,414.104331315,-800,1,15,1.6e-08,5.2e-10,7.2e-10,-2.7454809958,52.9929041512,-55.738385147,-711.648735427,266.886965687,-571.387774084,-415.836907253,1.16967647621,-2.97121642524e-07,1.87148236194e-08
6.158e-06,27.5733113842,411.858527679,-800,1,15,1.6e-08,5.2e-10,7.2e-10,-10.9630076625,13.7866556921,-24.7496633546,-712.516580463,274.775569412,-569.005029867,-414.315772824,0.51811263505,-2.95882615531e-07,8.2898021608e-09
6.159e-06,-54.7117751763,409.547686808,-800,1,15,1.6e-08,5.2e-10,7.2e-10,-18.765307934,-27.3558875882,8.59057965411,-721.59085397,277.142630035,-568.019059913,-413.804289869,-0.263270425194,-2.95369911155e-07,-4.2123268031e-09
6.16e-06,-129.312755504,407.17217361,-800,1,15,1.6e-08,5.2e-10,7.2e-10,-25.0887189706,-64.6563777522,39.5676587815,-737.819566932,273.44922957,-568.572632523,-414.404273402,-1.06350882522,-2.95657768912e-07,-1.70161412036e-08
6.161e-06,-185.75214361,404.732363205,-800,1,15,1.6e-08,5.2e-10,7.2e-10,-29.0771991892,-92.8760718052,63.798872616,-759.15116483,263.998278666,-570.589942191,-416.05965527,-1.76899297814,-2.96706769939e-07,-2.83038876502e-08
6.162e-06,-216.10319516,402.228640868,-800,1,15,1.6e-08,5.2e-10,7.2e-10,-30.2025511243,-108.05159758,77.8490464558,-782.822642171,249.892007063,-573.787264179,-418.564361444,-2.27942388909,-2.98369377373e-07,-3.64707822254e-08
6.163e-06,-216.10319516,399.661401966,-800,1,15,1.6e-08,5.2e-10,7.2e-10,-28.3385995726,-108.05159758,79.7129980075,-805.747577278,232.877193543,-577.712811049,-421.591257437,-2.52190002144,-3.00410661746e-07,-4.0350400343e-08
6.164e-06,-185.75214361,397.031051896,-800,1,15,1.6e-08,5.2e-10,7.2e-10,-23.7789069203,-92.8760718052,69.0971648849,-824.949589002,215.099872349,-581.810193426,-424.738096541,-2.46115627082,-3.02541300581e-07,-3.93785003331e-08
6.165e-06,-129.312755504,394.33800602,-800,1,15,1.6e-08,5.2e-10,7.2e-10,-17.1955375896,-64.6563777522,47.4608401626,-837.980337655,198.803966823,-585.496572092,-427.584017598,-2.10451701365,-3.04458217488e-07,-3.36722722184e-08
6.166e-06,-54.7117751762,391.582689601,-800,1,15,1.6e-08,5.2e-10,7.2e-10,-9.54466301524,-27.3558875881,17.8112245729,-843.26336317,186.016176281,-588.244525213,-429.748657361,-1.50086758912,-3.05887153111e-07,-2.40138814259e-08
6.167e-06,27.5733113841,388.765537737,-800,1,15,1.6e-08,5.2e-10,7.2e-10,-1.93226465514,13.7866556921,-15.7189203472,-840.315469465,178.261372793,-589.656132657,-430.945575277,-0.733788666869,-3.06621188981e-07,-1.17406186699e-08
6.168e-06,105.985808302,385.886995287,-800,1,15,1.6e-08,5.2e-10,7.2e-10,4.5412033554,52.9929041512,-48.4517007958,-829.814562217,176.348479569,-589.5188725,-431.022487356,0.0901822419074,-3.065498137e-07,1.44291587052e-09
6.169e-06,169.512913411,382.947516808,-800,1,15,1.6e-08,5.2e-10,7.2e-10,8.93537523141,84.7564567053,-75.8210814739,-813.504412444,180.256903666,-587.835479216,-429.982658383,0.856513494174,-3.05674449192e-07,1.37042159068e-08
6.17e-06,209.232433585,379.947566476,-800,1,15,1.6e-08,5.2e-10,7.2e-10,10.6020506139,104.616216792,-94.0141661785,-793.949721579,189.139473207,-584.823570049,-427.984448012,1.45876477745,-3.04108256425e-07,2.33402364392e-08
6.171e-06,219.565880254,376.887618019,-800,1,15,1.6e-08,5.2e-10,7.2e-10,9.27623785799,109.782940127,-100.506702269,-774.175888411,201.441466586,-580.885092045,-425.319074482,1.81353616952,-3.02060247863e-07,2.90165787124e-08
6.172e-06,199.061951543,373.768154638,-800,1,15,1.6e-08,5.2e-10,7.2e-10,5.11337677325,99.5309757713,-94.417598998,-757.244071569,215.119016339,-576.549880817,-422.36971898,1.87218124453,-2.99805938025e-07,2.99548999125e-08
6.173e-06,150.600363304,370.589668933,-800,1,15,1.6e-08,5.2e-10,7.2e-10,-1.33248700677,75.3001816522,-76.6326686589,-745.821228753,227.926213512,-572.401258045,-419.557714313,1.62763915442,-2.97648654183e-07,2.60422264707e-08
6.174e-06,80.9874015906,367.352662823,-800,1,15,1.6e-08,5.2e-10,7.2e-10,-9.18651068269,40.4937007953,-49.680211478,-741.805519449,237.730589563,-568.994117312,-417.283375545,1.11542614037,-2.95876941002e-07,1.78468182458e-08
6.175e-06,-1.83340613378e-11,364.057647469,-800,1,15,1.6e-08,5.2e-10,7.2e-10,-17.3759179809,-9.16777764814e-12,-17.3759179809,-746.05968219,242.812667279,-566.777002887,-415.869782739,0.408647219292,-2.94724041501e-07,6.53835550867e-09
6.176e-06,-80.9874015907,360.705143192,-800,1,15,1.6e-08,5.2e-10,7.2e-10,-24.7806620389,-40.4937007953,15.7130387565,-758.289832741,242.107509688,-566.029125247,-415.517411366,-0.392271360703,-2.94335145128e-07,-6.27634177125e-09
6.177e-06,-150.600363304,357.295679392,-800,1,15,1.6e-08,5.2e-10,7.2e-10,-30.390727331,-75.3001816521,44.9094543211,-777.086705667,235.354342104,-566.821159322,-416.275982397,-1.1736868498,-2.94747002847e-07,-1.87789895969e-08
6.178e-06,-199.061951543,353.829794461,-800,1,15,1.6e-08,5.2e-10,7.2e-10,-33.4479780477,-99.5309757713,66.0829977235,-800.123547003,223.133233349,-569.005331233,-418.037485646,-1.8247009435,-2.95882772241e-07,-2.9195215096e-08
6.179e-06,-219.565880254,350.308035705,-800,1,15,1.6e-08,5.2e-10,7.2e-10,-33.5526307441,-109.782940127,76.230309383,-824.482864624,206.783684357,-572.236185804,-420.551356224,-2.25273527955,-2.97562816618e-07,-3.60437644728e-08
6.18e-06,-209.232433585,346.730959249,-800,1,15,1.6e-08,5.2e-10,7.2e-10,-30.7193974943,-104.616216792,73.8968192981,-847.066145183,188.216558148,-576.019118118,-423.459672602,-2.39653395265,-2.99529941422e-07,-3.83445432423e-08
6.181e-06,-169.512913411,343.099129955,-800,1,15,1.6e-08,5.2e-10,7.2e-10,-25.3754144116,-84.7564567053,59.3810422938,-865.028994099,169.645765039,-579.779852998,-426.347432825,-2.23476688212,-3.01485523559e-07,-3.57562701139e-08
6.182e-06,-105.985808302,339.413121331,-800,1,15,1.6e-08,5.2e-10,7.2e-10,-18.3002464675,-52.9929041512,34.6926576837,-876.180584497,153.277387092,-582.945114216,-428.800847734,-1.78902571532,-3.03131459392e-07,-2.86244114451e-08
6.183e-06,-27.5733113841,335.673515441,-800,1,15,1.6e-08,5.2e-10,7.2e-10,-10.5163947582,-13.786655692,3.27026093382,-879.291313664,140.999903338,-585.023153696,-430.465464081,-1.12079150092,-3.04212039922e-07,-1.79326640148e-08
6.184e-06,54.7117751762,331.880902811,-800,1,15,1.6e-08,5.2e-10,7.2e-10,-3.14568414545,27.3558875881,-30.5015717336,-874.265457617,134.119022728,-585.672830609,-431.095954312,-0.3228000133,-3.04549871917e-07,-5.16480021281e-09
6.185e-06,129.312755504,328.03588234,-800,1,15,1.6e-08,5.2e-10,7.2e-10,2.74829879709,64.6563777522,-61.9080789551,-862.154574955,133.174366695,-584.751538397,-430.590580205,0.493982557392,-3.04070799967e-07,7.90372091827e-09
6.186e-06,185.75214361,324.1390612,-800,1,15,1.6e-08,5.2e-10,7.2e-10,6.30958840788,92.8760718052,-86.5664833973,-845.009777474,137.863747735,-582.335248537,-429.005490029,1.21594432391,-3.02814329239e-07,1.94551091825e-08
6.187e-06,216.10319516,320.191054744,-800,1,15,1.6e-08,5.2e-10,7.2e-10,7.01006278798,108.05159758,-101.041534792,-825.593615699,147.085678833,-578.707855932,-426.546841239,1.74278400195,-3.00928085085e-07,2.78845440312e-08
6.188e-06,216.10319516,316.192486409,-800,1,15,1.6e-08,5.2e-10,7.2e-10,4.72362193303,108.05159758,-103.327975647,-806.992044171,159.094143396,-574.321322357,-423.541855047,2.00159777666,-2.98647087626e-07,3.20255644266e-08
6.189e-06,185.75214361,312.143987616,-800,1,15,1.6e-08,5.2e-10,7.2e-10,-0.256096951242,92.8760718052,-93.1321687565,-792.18096481,171.743888713,-569.732215671,-420.392868173,1.95711827706,-2.96260752149e-07,3.13138924329e-08
6.19e-06,129.312755504,308.046197668,-800,1,15,1.6e-08,5.2e-10,7.2e-10,-7.25695501478,64.6563777522,-71.913332767,-783.60822606,182.79179219,-565.523557687,-417.520835053,1.61666762489,-2.94072249997e-07,2.58666819983e-08
6.191e-06,54.7117751763,303.899763654,-800,1,15,1.6e-08,5.2e-10,7.2e-10,-15.3227067976,27.3558875881,-42.6785943857,-782.8497848,190.211974357,-562.222956927,-415.306215472,1.02912891698,-2.92355937602e-07,1.64660626717e-08
6.192e-06,-27.5733113841,299.705340345,-800,1,15,1.6e-08,5.2e-10,7.2e-10,-23.3472972322,-13.7866556921,-9.56064154017,-790.388322066,192.480401948,-560.228524265,-414.035549759,0.278080593251,-2.91318832618e-07,4.44928949201e-09
6.193e-06,-105.985808302,295.463590089,-800,1,15,1.6e-08,5.2e-10,7.2e-10,-30.230199,-52.9929041512,22.7627051512,-805.54540536,188.78900939,-559.752976396,-413.861224906,-0.529942051817,-2.91071547726e-07,-8.47907282907e-09
6.194e-06,-169.512913411,291.175182706,-800,1,15,1.6e-08,5.2e-10,7.2e-10,-35.0309735711,-84.7564567053,49.7254831343,-826.576725145,179.159265958,-560.793777615,-414.780082337,-1.28040957856,-2.9161276436e-07,-2.04865532569e-08
6.195e-06,-209.232433585,286.840795387,-800,1,15,1.6e-08,5.2e-10,7.2e-10,-37.1013482915,-104.616216792,67.5148685009,-850.917029862,164.439238416,-563.133513416,-416.633871802,-1.86688386417,-2.92829426976e-07,-2.98701418267e-08
6.196e-06,-219.565880254,282.461112581,-800,1,15,1.6e-08,5.2e-10,7.2e-10,-36.1762596829,-109.782940127,73.6066804442,-875.540359076,146.184561673,-566.370443423,-419.131487638,-2.2059671621,-2.9451263058e-07,-3.52954745936e-08
6.197e-06,-199.061951543,278.036825891,-800,1,15,1.6e-08,5.2e-10,7.2e-10,-32.411076194,-99.5309757713,67.1198995772,-897.38498108,126.440034768,-569.974942598,-421.889864394,-2.24901520775,-2.96386970151e-07,-3.59842433239e-08
6.198e-06,-150.600363304,273.568633963,-800,1,15,1.6e-08,5.2e-10,7.2e-10,-26.3597725819,-75.3001816522,48.9404090702,-913.783353754,107.452516348,-573.363903704,-424.487788134,-1.98896929964,-2.98149229926e-07,-3.18235087942e-08
6.199e-06,-80.9874015906,269.057242376,-800,1,15,1.6e-08,5.2e-10,7.2e-10,-18.8971212648,-40.4937007953,21.5965795305,-922.836721944,91.3554426284,-575.982651437,-426.525065788,-1.46134781049,-2.99510978747e-07,-2.33815649678e-08
6.2e-06,3.62299658638e-11,264.503363532,-800,1,15,1.6e-08,5.2e-10,7.2e-10,-11.0958286419,1.81152870482e-11,-11.0958286419,-923.681740299,79.8692763089,-577.382863612,-427.678742387,-0.739257873361,-3.00239089078e-07,-1.18281259738e-08
6.201e-06,80.9874015907,259.90771654,-800,1,15,1.6e-08,5.2e-10,7.2e-10,-4.07587221888,40.4937007953,-44.5695730142,-916.611675176,74.0599575179,-577.285555601,-427.748470635,0.0768721631907,-3.00188488913e-07,1.22995461105e-09
6.202e-06,150.600363304,255.271027107,-800,1,15,1.6e-08,5.2e-10,7.2e-10,1.1528013065,75.3001816521,-74.1473803456,-903.035163176,74.1892816003,-575.620282055,-426.684660798,0.873397464935,-2.99322546669e-07,1.3974359439e-08
6.203e-06,199.061951543,250.59402742,-800,1,15,1.6e-08,5.2e-10,7.2e-10,3.83212441271,99.5309757713,-95.6988513586,-885.27831857,79.6782177396,-572.535050131,-424.595457339,1.5394176593,-2.97718226068e-07,2.46306825488e-08
6.204e-06,219.565880254,245.87745603,-800,1,15,1.6e-08,5.2e-10,7.2e-10,3.5623813925,109.782940127,-106.220558735,-866.257983031,89.1883201868,-568.37555194,-421.731562444,1.98235233267,-2.95555287009e-07,3.17176373228e-08
6.205e-06,209.232433585,241.122057741,-800,1,15,1.6e-08,5.2e-10,7.2e-10,0.358351496285,104.616216792,-104.257865296,-849.072008806,100.809798121,-563.636632961,-418.451037936,2.14094354536,-2.9309104914e-07,3.42550967257e-08
6.206e-06,169.512913411,236.328583483,-800,1,15,1.6e-08,5.2e-10,7.2e-10,-5.35276255881,84.7564567053,-90.1092192641,-836.56411882,112.329830268,-558.892812516,-415.169029041,1.99385919963,-2.90624262508e-07,3.1901747194e-08
6.207e-06,105.985808302,231.497790202,-800,1,15,1.6e-08,5.2e-10,7.2e-10,-12.7913297795,52.9929041512,-65.7842339307,-830.924457858,121.543440284,-554.717614523,-412.299471141,1.56268894341,-2.88453159552e-07,2.50030230945e-08
6.208e-06,27.5733113842,226.630440736,-800,1,15,1.6e-08,5.2e-10,7.2e-10,-20.9347836418,13.7866556921,-34.7214393338,-833.381936206,126.563271347,-551.603038257,-410.19696664,0.908911843876,-2.86833579894e-07,1.4542589502e-08
6.209e-06,-54.7117751763,221.727303697,-800,1,15,1.6e-08,5.2e-10,7.2e-10,-28.6612344591,-27.3558875881,-1.30534687099,-844.031575195,126.084753042,-549.890479218,-409.106995151,0.125261712175,-2.85943049193e-07,2.0041873948e-09
6.21e-06,-129.312755504,216.789153346,-800,1,15,1.6e-08,5.2e-10,7.2e-10,-34.907031447,-64.6563777522,29.7493463052,-861.821103466,119.569418607,-549.722802059,-409.131449841,-0.677297206217,-2.8585585707e-07,-1.08367552995e-08
6.211e-06,-185.75214361,211.816769474,-800,1,15,1.6e-08,5.2e-10,7.2e-10,-38.8161453573,-92.8760718052,54.059926448,-884.698686467,107.320626178,-551.024296789,-410.214340245,-1.38515494987,-2.86532634331e-07,-2.21624791979e-08
6.212e-06,-216.10319516,206.81093728,-800,1,15,1.6e-08,5.2e-10,7.2e-10,-39.8603913387,-108.05159758,68.1912062414,-909.901041028,90.4410491734,-553.511333339,-412.149669544,-1.89801214114,-2.87825893336e-07,-3.03681942582e-08
6.213e-06,-216.10319516,201.772447241,-800,1,15,1.6e-08,5.2e-10,7.2e-10,-37.913607079,-108.05159758,70.1379905012,-934.341470202,70.6779061743,-556.732218074,-414.610379972,-2.14296685237,-2.89500753399e-07,-3.42874696379e-08
6.214e-06,-185.75214361,196.702094993,-800,1,15,1.6e-08,5.2e-10,7.2e-10,-33.2693681297,-92.8760718052,59.6067036755,-955.043320011,50.1776672754,-560.130654539,-417.194301039,-2.08475358002,-2.9126794036e-07,-3.33560572803e-08
6.215e-06,-129.312755504,191.600681204,-800,1,15,1.6e-08,5.2e-10,7.2e-10,-26.5997523512,-64.6563777522,38.0566254009,-969.557980425,31.1846876572,-563.123895547,-419.480647295,-1.73069629324,-2.92824425685e-07,-2.76911406919e-08
6.216e-06,-54.7117751763,186.469011447,-800,1,15,1.6e-08,5.2e-10,7.2e-10,-18.8609448873,-27.3558875881,8.49494270083,-976.308723573,15.7260943842,-565.184610383,-421.089130672,-1.12967991592,-2.93895997399e-07,-1.80748786548e-08
6.217e-06,27.5733113842,181.307896071,-800,1,15,1.6e-08,5.2e-10,7.2e-10,-11.1589411725,13.7866556921,-24.9455968646,-974.812088137,5.32718312721,-565.914969112,-421.733385262,-0.36528469445,-2.94275783938e-07,-5.84455511119e-09
6.218e-06,105.985808302,176.118150077,-800,1,15,1.6e-08,5.2e-10,7.2e-10,-4.59420958549,52.9929041512,-57.5871137367,-965.745717177,0.797296475731,-565.102539073,-421.261201169,0.455952291142,-2.93853320318e-07,7.29523665828e-09
6.219e-06,169.512913411,170.900592985,-800,1,15,1.6e-08,5.2e-10,7.2e-10,-0.107130418305,84.7564567053,-84.8635871236,-950.853121754,2.11625658122,-562.75014305,-419.675916714,1.2194998368,-2.92630074386e-07,1.95119973888e-08
6.22e-06,209.232433585,165.656048708,-800,1,15,1.6e-08,5.2e-10,7.2e-10,1.65408120169,104.616216792,-102.962135591,-932.698746042,8.43730231183,-559.075485633,-417.135964514,1.81891807679,-2.90719252529e-07,2.91026892287e-08
6.221e-06,219.565880254,160.385345421,-800,1,15,1.6e-08,5.2e-10,7.2e-10,0.42441860156,109.782940127,-109.358521526,-914.307734312,18.2061183879,-554.480600236,-413.932635189,2.17080754334,-2.88329912123e-07,3.47329206934e-08
6.222e-06,199.061951543,155.089315429,-800,1,15,1.6e-08,5.2e-10,7.2e-10,-3.64069369372,99.5309757713,-103.171669465,-898.740993455,29.3792391932,-549.49540785,-410.449181711,2.22652227262,-2.85737612082e-07,3.5624356362e-08
6.223e-06,150.600363304,149.768795035,-800,1,15,1.6e-08,5.2e-10,7.2e-10,-9.98722558972,75.3001816521,-85.2874072419,-888.665232257,39.7111530798,-544.703314527,-407.107008069,1.9790018862,-2.83245723554e-07,3.16640301791e-08
6.224e-06,80.9874015907,144.424624413,-800,1,15,1.6e-08,5.2e-10,7.2e-10,-17.7403500781,40.4937007953,-58.2340508734,-885.978364149,47.0697842024,-540.659297204,-404.306499889,1.4637631023,-2.81142834546e-07,2.34202096368e-08
6.225e-06,-5.41258703897e-11,139.057647469,-800,1,15,1.6e-08,5.2e-10,7.2e-10,-25.8273069261,-2.70627964483e-11,-25.827306926,-891.542884508,49.7360433799,-537.811982476,-402.370807173,0.753911422322,-2.79662230888e-07,1.20625827571e-08
6.226e-06,-80.9874015906,133.66871171,-800,1,15,1.6e-08,5.2e-10,7.2e-10,-33.1280655583,-40.4937007953,7.36563523697,-905.064668886,46.6453769393,-536.440662098,-401.500474689,-0.0501264138622,-2.78949144291e-07,-8.02022621796e-10
6.227e-06,-150.600363304,128.258668111,-800,1,15,1.6e-08,5.2e-10,7.2e-10,-38.6326269816,-75.3001816522,36.6675546706,-925.134214607,37.5373887064,-536.616091226,-401.745292055,-0.834707157409,-2.79040367438e-07,-1.33553145185e-08
6.228e-06,-199.061951543,122.828370983,-800,1,15,1.6e-08,5.2e-10,7.2e-10,-41.5828721595,-99.5309757713,57.9481036118,-949.424533485,22.9925211636,-538.190575135,-402.997317076,-1.48893199762,-2.7985909907e-07,-2.38229119619e-08
6.229e-06,-219.565880254,117.37867783,-800,1,15,1.6e-08,5.2e-10,7.2e-10,-41.57903466,-109.782940127,68.2039054671,-975.017902221,4.35064399684,-540.818736724,-405.006052181,-1.92022205899,-2.81225743096e-07,-3.07235529438e-08
6.23e-06,-209.232433585,111.910449224,-800,1,15,1.6e-08,5.2e-10,7.2e-10,-38.6358438068,-104.616216792,65.9803729857,-998.815579387,-16.4770159885,-544.006048057,-407.413642475,-2.06732091593,-2.8288314499e-07,-3.30771346549e-08
6.231e-06,-169.512913411,106.424548661,-800,1,15,1.6e-08,5.2e-10,7.2e-10,-33.1804531956,-84.7564567054,51.5760035098,-1017.97294545,-37.2761897159,-547.178309832,-409.805151951,-1.90889796057,-2.84532721113e-07,-3.05423673692e-08
6.232e-06,-105.985808302,100.921842427,-800,1,15,1.6e-08,5.2e-10,7.2e-10,-25.9924455118,-52.9929041512,27.0004586394,-1030.29895172,-55.840441445,-549.762320581,-411.766856693,-1.46654430626,-2.85876406702e-07,-2.34647089001e-08
6.233e-06,-27.5733113842,95.4031994649,-800,1,15,1.6e-08,5.2e-10,7.2e-10,-18.0943397936,-13.7866556921,-4.30768410147,-1034.56377691,-70.2809435999,-551.266405859,-412.944367984,-0.801740460856,-2.86658531047e-07,-1.28278473737e-08
6.234e-06,54.7117751763,89.8694912315,-800,1,15,1.6e-08,5.2e-10,7.2e-10,-10.6079790695,27.3558875881,-37.9638666577,-1030.67148166,-79.2916438822,-551.349497326,-413.09242208,-0.00722165129588,-2.86701738609e-07,-1.15546420734e-10
6.235e-06,129.312755504,84.3215915636,-800,1,15,1.6e-08,5.2e-10,7.2e-10,-4.59696830324,64.6563777522,-69.2533460554,-1019.67341246,-82.332582755,-549.869059763,-412.109343836,0.806046486301,-2.85931911077e-07,1.28967437808e-08
6.236e-06,185.75214361,78.7603765389,-800,1,15,1.6e-08,5.2e-10,7.2e-10,-0.9172917652,92.8760718052,-93.7933635704,-1003.6204723,-79.7056149172,-546.901134823,-410.051343858,1.52445262522,-2.84388590108e-07,2.43912420034e-08
6.237e-06,216.10319516,73.1867243377,-800,1,15,1.6e-08,5.2e-10,7.2e-10,-0.0970901797959,108.05159758,-108.14868776,-985.275006256,-72.5118999331,-542.729686414,-407.124641184,2.04769604808,-2.82219436935e-07,3.27631367694e-08
6.238e-06,216.10319516,67.6015151043,-800,1,15,1.6e-08,5.2e-10,7.2e-10,-2.26248259068,108.05159758,-110.314080171,-967.722766746,-62.4971323486,-537.806744129,-403.656517852,2.3028735133,-2.79659506947e-07,3.68459762128e-08
6.239e-06,185.75214361,62.0056308081,-800,1,15,1.6e-08,5.2e-10,7.2e-10,-7.11985104184,92.8760718052,-99.9959228471,-953.939456991,-51.8062482817,-532.688942452,-400.04937063,2.25471822936,-2.76998250075e-07,3.60754916698e-08
6.24e-06,129.312755504,56.3999551039,-800,1,15,1.6e-08,5.2e-10,7.2e-10,-13.9970761404,64.6563777522,-78.6534538926,-946.372730155,-42.6820592388,-527.959368615,-396.72421323,1.91055290363,-2.7453887168e-07,3.0568846458e-08
6.241e-06,54.7117751762,50.7853731931,-800,1,15,1.6e-08,5.2e-10,7.2e-10,-21.9379320881,27.3558875881,-49.2938196762,-946.598351303,-37.1501391565,-524.145695344,-394.06156392,1.31926122456,-2.72555761579e-07,2.11081795929e-08
6.242e-06,-27.5733113842,45.162771683,-800,1,15,1.6e-08,5.2e-10,7.2e-10,-29.8363836805,-13.7866556921,-16.0497279884,-955.098813145,-36.7342213691,-521.646096494,-392.348020713,0.564422229698,-2.71255970177e-07,9.03075567517e-09
6.243e-06,-105.985808302,39.5330384478,-800,1,15,1.6e-08,5.2e-10,7.2e-10,-36.5919236599,-52.9929041512,16.4009804912,-971.19549838,-42.2420771679,-520.673350503,-391.73602748,-0.247428183021,-2.70750142262e-07,-3.95885092834e-09
6.244e-06,-169.512913411,33.8970624876,-800,1,15,1.6e-08,5.2e-10,7.2e-10,-41.2641337531,-84.7564567054,43.4923229523,-993.143916218,-53.6519486928,-521.224982168,-392.222481709,-1.00175996472,-2.71036990727e-07,-1.60281594355e-08
6.245e-06,-209.232433585,28.2557337882,-800,1,15,1.6e-08,5.2e-10,7.2e-10,-43.2047617538,-104.616216792,61.4114550387,-1018.37863743,-70.1154863368,-523.083636228,-393.649188383,-1.59213437771,-2.72003490839e-07,-2.54741500433e-08
6.246e-06,-219.565880254,22.6099431809,-800,1,15,1.6e-08,5.2e-10,7.2e-10,-42.1487648202,-109.782940127,67.6341753069,-1043.8735275,-90.0767781325,-525.847630292,-395.725096246,-1.93515305499,-2.73440767752e-07,-3.09624488798e-08
6.247e-06,-199.061951543,16.9605822015,-800,1,15,1.6e-08,5.2e-10,7.2e-10,-38.2515322231,-99.5309757713,61.2794435482,-1066.56668432,-111.490753815,-528.98739603,-398.067193408,-1.98217110604,-2.75073445936e-07,-3.17147376967e-08
6.248e-06,-150.600363304,11.3085429495,-800,1,15,1.6e-08,5.2e-10,7.2e-10,-32.0670597234,-75.3001816522,43.2331219288,-1083.79039898,-132.110289383,-531.91988164,-400.254318643,-1.72612919811,-2.76598338453e-07,-2.76180671698e-08
6.249e-06,-80.9874015906,5.6547179475,-800,1,15,1.6e-08,5.2e-10,7.2e-10,-24.4701409218,-40.4937007953,16.0235598735,-1093.64575326,-149.801689182,-534.090465957,-401.886330736,-1.20254506736,-2.77727042298e-07,-1.92407210777e-08
6.25e-06,-2.80226422793e-11,-2.20993506419e-13,-800,1,15,1.6e-08,5.2e-10,7.2e-10,-16.5335035757,-1.40119027492e-11,-16.5335035757,-1095.26924244,-162.844237028,-535.05087964,-402.640325704,-0.484525205105,-2.78226457413e-07,-7.75240328168e-09
6.251e-06,80.9874015906,-5.65471794751,-800,1,15,1.6e-08,5.2e-10,7.2e-10,-9.37714672047,40.4937007953,-49.8708475158,-1088.95397727,-170.171745308,-534.522189599,-402.316006365,0.327502686884,-2.77951538591e-07,5.24004299015e-09
6.252e-06,150.600363304,-11.3085429495,-800,1,15,1.6e-08,5.2e-10,7.2e-10,-4.01103875234,75.3001816522,-79.3112204045,-1076.1084425,-171.522177223,-532.434000708,-400.863832213,1.11989442614,-2.76865680368e-07,1.79183108183e-08
6.253e-06,199.061951543,-16.9605822015,-800,1,15,1.6e-08,5.2e-10,7.2e-10,-1.19326905659,99.5309757713,-100.724244828,-1059.05860432,-167.474328211,-528.934369027,-398.391996053,1.78175029673,-2.75045871894e-07,2.85080047477e-08
6.254e-06,219.565880254,-22.6099431809,-800,1,15,1.6e-08,5.2e-10,7.2e-10,-1.32357536566,109.782940127,-111.106515493,-1040.72116017,-159.366414753,-524.369034242,-395.151247513,2.22049054642,-2.72671897806e-07,3.55278487427e-08
6.255e-06,209.232433585,-28.2557337882,-800,1,15,1.6e-08,5.2e-10,7.2e-10,-4.38720061254,104.616216792,-109.003417405,-1024.19382188,-149.108004549,-519.232888064,-391.499694955,2.37485790157,-2.70001101793e-07,3.79977264251e-08
6.256e-06,169.512913411,-33.8970624876,-800,1,15,1.6e-08,5.2e-10,7.2e-10,-9.95696441833,84.7564567053,-94.7134211236,-1012.32017582,-138.911701931,-514.100494712,-387.852529231,2.22352093504,-2.6733225725e-07,3.55763349606e-08
6.257e-06,105.985808302,-39.5330384478,-800,1,15,1.6e-08,5.2e-10,7.2e-10,-17.253258279,52.9929041512,-70.2461624302,-1007.29023411,-130.98227252,-509.545421645,-384.623730431,1.7880699698,-2.64963619255e-07,2.86091195168e-08
6.258e-06,27.5733113841,-45.162771683,-800,1,15,1.6e-08,5.2e-10,7.2e-10,-25.2535383072,13.7866556921,-39.0401939993,-1010.33277827,-127.206868664,-506.059710322,-382.16794474,1.12998475242,-2.63151049368e-07,1.80797560388e-08
6.259e-06,-54.7117751763,-50.7853731931,-800,1,15,1.6e-08,5.2e-10,7.2e-10,-32.8359375976,-27.3558875881,-5.48005000948,-1021.54270478,-128.889862586,-503.984797065,-380.73069462,0.341999777661,-2.62072094474e-07,5.47199644257e-09
6.26e-06,-129.312755504,-56.3999551039,-800,1,15,1.6e-08,5.2e-10,7.2e-10,-38.9368282866,-64.6563777521,25.7195494655,-1039.86762139,-136.569529165,-503.463585978,-380.413915147,-0.464920021271,-2.61801064709e-07,-7.43872034034e-09
6.261e-06,-185.75214361,-62.0056308081,-800,1,15,1.6e-08,5.2e-10,7.2e-10,-42.7002041846,-92.8760718052,50.1758676206,-1063.25557661,-149.942324731,-504.420405146,-381.16165682,-1.17716399119,-2.62298610676e-07,-1.8834623859e-08
6.262e-06,-216.10319516,-67.6015151043,-800,1,15,1.6e-08,5.2e-10,7.2e-10,-43.5979036312,-108.05159758,64.453693949,-1088.9431743,-167.905396703,-506.571661191,-382.767962832,-1.69443205878,-2.63417263819e-07,-2.71109129404e-08
6.263e-06,-216.10319516,-73.1867243377,-800,1,15,1.6e-08,5.2e-10,7.2e-10,-41.5037876347,-108.05159758,66.5478099455,-1113.84360858,-188.711353734,-509.465695784,-384.905814469,-1.94382159692,-2.64922161808e-07,-3.11011455508e-08
6.264e-06,-185.75214361,-78.7603765389,-800,1,15,1.6e-08,5.2e-10,7.2e-10,-36.7114551933,-92.8760718052,56.1646166119,-1134.98012051,-210.213559397,-512.546246383,-387.17307933,-1.89006639895,-2.66524048119e-07,-3.02410623831e-08
6.265e-06,-129.312755504,-84.3215915636,-800,1,15,1.6e-08,5.2e-10,7.2e-10,-29.8930077357,-64.6563777522,34.7633700164,-1149.90399916,-230.16749863,-515.230598315,-389.149009083,-1.54048972727,-2.67919911124e-07,-2.46478356363e-08
6.266e-06,-54.7117751762,-89.8694912315,-800,1,15,1.6e-08,5.2e-10,7.2e-10,-22.0046540927,-27.3558875881,5.35123349545,-1157.03841981,-246.545890969,-516.991451974,-390.453351801,-0.943975795588,-2.68835555026e-07,-1.51036127294e-08
6.267e-06,27.5733113841,-95.4031994649,-800,1,15,1.6e-08,5.2e-10,7.2e-10,-14.1524135002,13.7866556921,-27.9390691922,-1155.89982836,-257.823293847,-517.43100713,-390.799776739,-0.184104136756,-2.69064123707e-07,-2.94566618809e-09
6.268e-06,105.985808302,-100.921842427,-800,1,15,1.6e-08,5.2e-10,7.2e-10,-7.43677824898,52.9929041512,-60.4296824002,-1147.16577915,-263.190224304,-516.336859411,-390.036108171,0.632588885973,-2.68495166894e-07,1.01214221756e-08
6.269e-06,169.512913411,-106.424548661,-800,1,15,1.6e-08,5.2e-10,7.2e-10,-2.79815265064,84.7564567053,-87.554609356,-1132.57969862,-262.66672637,-513.711858475,-388.165717602,1.39157278846,-2.67130166407e-07,2.22651646153e-08
6.27e-06,209.232433585,-111.910449224,-800,1,15,1.6e-08,5.2e-10,7.2e-10,-0.884775955009,104.616216792,-105.500992747,-1114.70595046,-257.099433927,-509.773734364,-385.347069831,1.98640842787,-2.65082341869e-07,3.1782534846e-08
6.271e-06,219.565880254,-117.37867783,-800,1,15,1.6e-08,5.2e-10,7.2e-10,-1.961679057,109.782940127,-111.744619184,-1096.56960255,-248.042541596,-504.924544521,-381.871486658,2.33369706228,-2.62560763151e-07,3.73391529964e-08
6.272e-06,199.061951543,-122.828370983,-800,1,15,1.6e-08,5.2e-10,7.2e-10,-5.87346174922,99.5309757713,-105.40443752,-1081.23148953,-237.539400945,-499.694232535,-378.122251231,2.38479345645,-2.59841000918e-07,3.81566953032e-08
6.273e-06,150.600363304,-128.258668111,-800,1,15,1.6e-08,5.2e-10,7.2e-10,-12.0661183467,75.3001816521,-87.3662999989,-1071.35825208,-227.8354162,-494.666225627,-374.520796699,2.13263796322,-2.57226437326e-07,3.41222074114e-08
6.274e-06,80.9874015907,-133.66871171,-800,1,15,1.6e-08,5.2e-10,7.2e-10,-19.6648463383,40.4937007953,-60.1585471336,-1068.8477397,-221.06256243,-490.395520467,-371.467536835,1.61274803465,-2.55005670643e-07,2.58039685545e-08
6.275e-06,1.01267377533e-11,-139.057647469,-800,1,15,1.6e-08,5.2e-10,7.2e-10,-27.5969100723,5.06261699229e-12,-27.5969100723,-1074.56238797,-218.9398347,-487.330761943,-369.285648765,0.898229908411,-2.5341199621e-07,1.43716785346e-08
6.276e-06,-80.9874015906,-144.424624413,-800,1,15,1.6e-08,5.2e-10,7.2e-10,-34.7423036354,-40.4937007953,5.75139715996,-1088.20801685,-222.531699242,-485.751258666,-368.175703356,0.0895110629646,-2.52590654506e-07,1.43217700743e-09
6.277e-06,-150.600363304,-149.768795035,-800,1,15,1.6e-08,5.2e-10,7.2e-10,-40.0910527713,-75.3001816522,35.2091288808,-1108.37507225,-232.09847148,-485.7277812,-368.187515298,-0.699764512047,-2.52578446224e-07,-1.11962321927e-08
6.278e-06,-199.061951543,-155.089315429,-800,1,15,1.6e-08,5.2e-10,7.2e-10,-42.885063254,-99.5309757713,56.6459125172,-1132.73651876,-247.059634882,-487.112648788,-369.213166434,-1.35869726304,-2.5329857737e-07,-2.17391562086e-08
6.279e-06,-219.565880254,-160.385345421,-800,1,15,1.6e-08,5.2e-10,7.2e-10,-42.7245935299,-109.782940127,67.0583465972,-1158.37459006,-266.075252427,-489.560496845,-371.002182195,-1.79470756964,-2.5457145836e-07,-2.87153211142e-08
6.28e-06,-209.232433585,-165.656048708,-800,1,15,1.6e-08,5.2e-10,7.2e-10,-39.6243978652,-104.616216792,64.9918189273,-1182.19050591,-287.234036698,-492.576808506,-373.196729648,-1.94653825954,-2.56139940423e-07,-3.11446121526e-08
6.281e-06,-169.512913411,-170.900592985,-800,1,15,1.6e-08,5.2e-10,7.2e-10,-34.0116548592,-84.7564567053,50.7448018461,-1201.33961219,-308.321664741,-495.587394084,-375.381893704,-1.79285797643,-2.57705444924e-07,-2.86857276229e-08
6.282e-06,-105.985808302,-176.118150077,-800,1,15,1.6e-08,5.2e-10,7.2e-10,-26.6659722573,-52.9929041512,26.3269318939,-1213.63082984,-327.131653683,-498.019060278,-377.14397032,-1.35525708357,-2.58969911344e-07,-2.16841133372e-08
6.283e-06,-27.5733113841,-181.307896071,-800,1,15,1.6e-08,5.2e-10,7.2e-10,-18.60989421,-13.7866556921,-4.82323851798,-1217.8343114,-341.775135562,-499.380139353,-378.1285896,-0.695215337265,-2.59677672464e-07,-1.11234453962e-08
6.284e-06,54.7117751763,-186.469011447,-800,1,15,1.6e-08,5.2e-10,7.2e-10,-10.9652889073,27.3558875882,-38.3211764955,-1213.85409562,-350.946024451,-499.329568228,-378.090505573,0.0945327885256,-2.59651375478e-07,1.51252461641e-09
6.285e-06,129.312755504,-191.600681204,-800,1,15,1.6e-08,5.2e-10,7.2e-10,-4.79578651849,64.6563777522,-69.4521642707,-1202.7415113,-354.104333948,-497.724815485,-376.928059809,0.903022411895,-2.58816904052e-07,1.44483585903e-08
6.286e-06,185.75214361,-196.702094993,-800,1,15,1.6e-08,5.2e-10,7.2e-10,-0.95739656056,92.8760718052,-93.8334683658,-1186.547448,-351.55189865,-494.641925126,-374.697478569,1.61664296149,-2.57213801065e-07,2.58662873838e-08
6.287e-06,216.10319516,-201.772447241,-800,1,15,1.6e-08,5.2e-10,7.2e-10,0.0217149589273,108.05159758,-108.029882621,-1168.03424157,-344.389864791,-490.364861948,-371.604995492,2.13509447634,-2.54989728213e-07,3.41615116214e-08
6.288e-06,216.10319516,-206.81093728,-800,1,15,1.6e-08,5.2e-10,7.2e-10,-1.98459631947,108.05159758,-110.0361939,-1150.28763948,-334.363920354,-485.345654981,-367.97790615,2.38547447213,-2.5237974059e-07,3.81675915542e-08
6.289e-06,185.75214361,-211.816769474,-800,1,15,1.6e-08,5.2e-10,7.2e-10,-6.68273778433,92.8760718052,-99.5588095895,-1136.28334422,-323.619001671,-480.140936688,-364.218619784,2.33251691545,-2.49673287078e-07,3.73202706473e-08
6.29e-06,129.312755504,-216.789153346,-800,1,15,1.6e-08,5.2e-10,7.2e-10,-13.4006154119,64.6563777522,-78.0569931641,-1128.46901249,-314.397927232,-475.333790827,-360.74816151,1.98354527241,-2.4717357123e-07,3.17367243586e-08
6.291e-06,54.7117751763,-221.727303697,-800,1,15,1.6e-08,5.2e-10,7.2e-10,-21.1820287937,27.3558875882,-48.5379163818,-1128.42041712,-308.726284728,-471.451885194,-357.947059935,1.38744399077,-2.45154980301e-07,2.21991038523e-08
6.292e-06,-27.5733113841,-226.630440736,-800,1,15,1.6e-08,5.2e-10,7.2e-10,-28.9209681319,-13.7866556921,-15.1343124398,-1136.62006282,-308.127828018,-468.893387261,-356.101922341,0.627792867802,-2.43824561376e-07,1.00446858848e-08
6.293e-06,-105.985808302,-231.497790202,-800,1,15,1.6e-08,5.2e-10,7.2e-10,-35.5169515879,-52.9929041512,17.4759525633,-1152.38934854,-313.410355683,-467.871067633,-355.365200798,-0.188871438525,-2.43292955169e-07,-3.0219430164e-09
6.294e-06,-169.512913411,-236.328583483,-800,1,15,1.6e-08,5.2e-10,7.2e-10,-40.0295863159,-84.7564567053,44.7268703894,-1173.98380398,-324.552143913,-468.382441819,-355.733799919,-0.948018119103,-2.43558869746e-07,-1.51682899056e-08
6.295e-06,-209.232433585,-241.122057741,-800,1,15,1.6e-08,5.2e-10,7.2e-10,-41.8106455423,-104.616216792,62.8055712502,-1198.83802464,-340.704883911,-470.210143825,-357.049530742,-1.54320767595,-2.44509274789e-07,-2.46913228153e-08
6.296e-06,-219.565880254,-245.87745603,-800,1,15,1.6e-08,5.2e-10,7.2e-10,-40.5951118578,-109.782940127,69.1878282693,-1223.92590495,-360.312711263,-472.952479076,-359.02134699,-1.89104098183,-2.4593528912e-07,-3.02566557093e-08
6.297e-06,-199.061951543,-250.59402742,-800,1,15,1.6e-08,5.2e-10,7.2e-10,-36.5383999626,-99.5309757713,62.9925758086,-1246.18557597,-381.330610006,-476.079865617,-361.26624068,-1.94287238615,-2.47561530121e-07,-3.10859581784e-08
6.298e-06,-150.600363304,-255.271027107,-800,1,15,1.6e-08,5.2e-10,7.2e-10,-30.1945310396,-75.3001816522,45.1056506126,-1262.9493662,-401.511517169,-479.009236572,-363.363053418,-1.69164179637,-2.49084803017e-07,-2.70662687419e-08
6.299e-06,-80.9874015906,-259.90771654,-800,1,15,1.6e-08,5.2e-10,7.2e-10,-22.4383240998,-40.4937007953,18.0553766955,-1272.31839905,-418.721804855,-481.185954268,-364.911645743,-1.17286618927,-2.50216696219e-07,-1.87658590283e-08
6.3e-06,7.76916677268e-12,-264.503363532,-800,1,15,1.6e-08,5.2e-10,7.2e-10,-14.3425322953,3.88578058619e-12,-14.3425322953,-1273.42921563,-431.24083135,-482.161731413,-365.589114355,-0.459651297353,-2.50724100335e-07,-7.35442075764e-09
6.301e-06,80.9874015907,-269.057242376,-800,1,15,1.6e-08,5.2e-10,7.2e-10,-7.02718003693,40.4937007953,-47.5208808323,-1266.5749767,-438.002490211,-481.657615534,-365.195161676,0.34757593582,-2.50461960078e-07,5.56121497312e-09
6.302e-06,150.600363304,-273.568633963,-800,1,15,1.6e-08,5.2e-10,7.2e-10,-1.50226107271,75.3001816521,-76.8024427248,-1253.16422124,-438.7448325,-479.603190691,-363.680245733,1.1351720852,-2.49393659159e-07,1.81627533632e-08
6.303e-06,199.061951543,-278.036825891,-800,1,15,1.6e-08,5.2e-10,7.2e-10,1.47410988809,99.5309757713,-98.0568658832,-1235.52297387,-434.046748189,-476.146490699,-361.152556783,1.79223819137,-2.47596175163e-07,2.8675811062e-08
6.304e-06,219.565880254,-282.461112581,-800,1,15,1.6e-08,5.2e-10,7.2e-10,1.50216982036,109.782940127,-108.280770307,-1216.56799462,-425.246554953,-471.633231576,-357.862840838,2.22619525765,-2.45249280419e-07,3.56191241223e-08
6.305e-06,209.232433585,-286.840795387,-800,1,15,1.6e-08,5.2e-10,7.2e-10,-1.40334946598,104.616216792,-106.019566258,-1199.39706207,-414.253928329,-466.558279947,-354.169201568,2.37578676476,-2.42610305572e-07,3.80125882361e-08
6.306e-06,169.512913411,-291.175182706,-800,1,15,1.6e-08,5.2e-10,7.2e-10,-6.81529280943,84.7564567053,-91.5717495148,-1186.85383352,-403.281587117,-461.496173523,-350.48682406,2.21968203873,-2.39978010232e-07,3.55149126196e-08
6.307e-06,105.985808302,-295.463590089,-800,1,15,1.6e-08,5.2e-10,7.2e-10,-13.95407688,52.9929041512,-66.9469810312,-1181.12839615,-394.534418011,-457.020451847,-347.229681567,1.77947215432,-2.37650634961e-07,2.8471554469e-08
6.308e-06,27.5733113841,-299.705340345,-800,1,15,1.6e-08,5.2e-10,7.2e-10,-21.7971829167,13.7866556921,-35.5838386087,-1183.44961068,-389.899701022,-453.623127055,-344.752412368,1.11663760838,-2.35884026068e-07,1.78662017341e-08
6.309e-06,-54.7117751762,-303.899763654,-800,1,15,1.6e-08,5.2e-10,7.2e-10,-29.2227690888,-27.3558875881,-1.86688150073,-1193.91245693,-390.681942606,-451.645604739,-343.300529948,0.323913644372,-2.34855714464e-07,5.18261830995e-09
6.31e-06,-129.312755504,-308.046197668,-800,1,15,1.6e-08,5.2e-10,7.2e-10,-35.1672325527,-64.6563777522,29.4891451995,-1211.46463007,-397.419558424,-451.230756878,-342.97595934,-0.487734057505,-2.34639993577e-07,-7.80374492009e-09
6.311e-06,-185.75214361,-312.143987616,-800,1,15,1.6e-08,5.2e-10,7.2e-10,-38.7745920781,-92.8760718052,54.1014797271,-1234.05427014,-409.809152114,-452.30287804,-343.722739932,-1.20469409893,-2.35197496581e-07,-1.92751055828e-08
6.312e-06,-216.10319516,-316.192486409,-800,1,15,1.6e-08,5.2e-10,7.2e-10,-39.5167109017,-108.05159758,68.5348866784,-1258.91807663,-426.748024904,-454.57833994,-345.334902745,-1.72666566341,-2.36380736769e-07,-2.76266506145e-08
6.313e-06,-216.10319516,-320.191054744,-800,1,15,1.6e-08,5.2e-10,7.2e-10,-37.2674748609,-108.05159758,70.7841227192,-1282.96934333,-446.488945739,-457.605447963,-347.485415829,-1.98074538271,-2.37954832941e-07,-3.16919261233e-08
6.314e-06,-185.75214361,-324.1390612,-800,1,15,1.6e-08,5.2e-10,7.2e-10,-32.3205077121,-92.8760718052,60.5555640931,-1303.23141506,-466.88544493,-460.827901904,-349.772132486,-1.93166631122,-2.3963050899e-07,-3.09066609795e-08
6.315e-06,-129.312755504,-328.03588234,-800,1,15,1.6e-08,5.2e-10,7.2e-10,-25.3479355667,-64.6563777521,39.3084421854,-1317.25568864,-485.693180589,-463.662948057,-351.774289032,-1.58675097476,-2.4110473299e-07,-2.53880155962e-08
6.316e-06,-54.7117751763,-331.880902811,-800,1,15,1.6e-08,5.2e-10,7.2e-10,-17.3059918596,-27.3558875881,10.0498957286,-1323.46545115,-500.885051817,-465.583246422,-353.111617132,-0.994882852825,-2.4210328814e-07,-1.59181256452e-08
6.317e-06,27.5733113841,-335.673515441,-800,1,15,1.6e-08,5.2e-10,7.2e-10,-9.30072034719,13.7866556921,-23.0873760393,-1321.37726427,-510.935801989,-466.190955015,-353.49776858,-0.239640746606,-2.42419296608e-07,-3.83425194569e-09
6.318e-06,105.985808302,-339.413121331,-800,1,15,1.6e-08,5.2e-10,7.2e-10,-2.43263775479,52.9929041512,-55.425541906,-1311.66880213,-515.036140427,-465.273626362,-352.780549141,0.572439709646,-2.41942285708e-07,9.15903535433e-09
6.319e-06,169.512913411,-343.099129955,-800,1,15,1.6e-08,5.2e-10,7.2e-10,2.35782726299,84.7564567053,-82.3986294423,-1296.08361493,-513.206309754,-462.834065674,-350.963310762,1.32682875803,-2.40673714151e-07,2.12292601284e-08
6.32e-06,209.232433585,-346.730959249,-800,1,15,1.6e-08,5.2e-10,7.2e-10,4.42241120739,104.616216792,-100.193805585,-1277.18619402,-506.293148726,-459.089957213,-348.204497645,1.91708797907,-2.38726777751e-07,3.06734076651e-08
6.321e-06,219.565880254,-350.308035705,-800,1,15,1.6e-08,5.2e-10,7.2e-10,3.49605903295,109.782940127,-106.286881094,-1258.00173891,-495.851063087,-454.44331131,-344.795409951,2.25981935119,-2.36310521881e-07,3.6157109619e-08
6.322e-06,199.061951543,-353.829794461,-800,1,15,1.6e-08,5.2e-10,7.2e-10,-0.265853101148,99.5309757713,-99.7968288724,-1241.59121975,-483.923621739,-449.424023123,-341.119308149,2.30637835641,-2.33700492024e-07,3.69020537026e-08
6.323e-06,150.600363304,-357.295679392,-800,1,15,1.6e-08,5.2e-10,7.2e-10,-6.30934345211,75.3001816522,-81.6095251043,-1230.62141665,-472.756452425,-444.615470128,-337.597601683,2.04970606159,-2.31200044467e-07,3.27952969855e-08
6.324e-06,80.9874015906,-360.705143192,-800,1,15,1.6e-08,5.2e-10,7.2e-10,-13.7596333414,40.4937007953,-54.2533341367,-1226.99032235,-464.481759876,-440.572597945,-334.630679589,1.5253206295,-2.29097750931e-07,2.4405130072e-08
6.325e-06,-2.56650712987e-11,-364.057647469,-800,1,15,1.6e-08,5.2e-10,7.2e-10,-21.5440108362,-1.28324018078e-11,-21.5440108362,-1231.56051955,-460.818774926,-437.743999113,-332.54169323,0.806329005027,-2.27626879539e-07,1.29012640804e-08
6.326e-06,-80.9874015906,-367.352662823,-800,1,15,1.6e-08,5.2e-10,7.2e-10,-28.5424936245,-40.4937007953,11.9512071708,-1244.03797915,-462.832205649,-436.408928609,-331.531186691,-0.00684062967342,-2.26932642877e-07,-1.09450074775e-10
6.327e-06,-150.600363304,-370.589668933,-800,1,15,1.6e-08,5.2e-10,7.2e-10,-33.7451309312,-75.3001816522,41.555050721,-1263.01330175,-470.782615343,-436.638102081,-331.648946864,-0.800543584944,-2.27051813082e-07,-1.28086973591e-08
6.328e-06,-199.061951543,-373.768154638,-800,1,15,1.6e-08,5.2e-10,7.2e-10,-36.3938518854,-99.5309757713,63.1371238858,-1286.15961044,-484.089741345,-438.283782582,-332.787026781,-1.46387961096,-2.27907566943e-07,-2.34220737754e-08
6.329e-06,-219.565880254,-376.887618019,-800,1,15,1.6e-08,5.2e-10,7.2e-10,-36.0889381614,-109.782940127,73.6940019658,-1310.55930115,-501.413906456,-441.00054808,-334.694922055,-1.90426839502,-2.29320285001e-07,-3.04682943204e-08
6.33e-06,-209.232433585,-379.947566476,-800,1,15,1.6e-08,5.2e-10,7.2e-10,-32.8451671203,-104.616216792,71.7710496721,-1333.11375957,-520.844088995,-444.293823004,-337.014768935,-2.06045207647,-2.31032787962e-07,-3.29672332236e-08
6.331e-06,-169.512913411,-382.947516808,-800,1,15,1.6e-08,5.2e-10,7.2e-10,-27.0897403212,-84.7564567054,57.6667163842,-1350.97850123,-540.166237616,-447.589357722,-339.331620512,-1.91109861476,-2.32746466015e-07,-3.05775778362e-08
6.332e-06,-105.985808302,-385.886995287,-800,1,15,1.6e-08,5.2e-10,7.2e-10,-19.6022883292,-52.9929041512,33.390615822,-1361.96262039,-557.174146879,-450.313897751,-341.231739936,-1.47779769312,-2.3416322683e-07,-2.36447630899e-08
6.333e-06,-27.5733113842,-388.765537737,-800,1,15,1.6e-08,5.2e-10,7.2e-10,-11.4053779722,-13.7866556921,2.3812777199,-1364.83644655,-569.979232041,-451.975712952,-342.360723513,-0.822028392161,-2.35027370735e-07,-1.31524542746e-08
6.334e-06,54.7117751762,-391.582689601,-800,1,15,1.6e-08,5.2e-10,7.2e-10,-3.62089997031,27.3558875881,-30.9767875584,-1359.504199,-577.275696136,-452.233676623,-342.473290494,-0.0365245145794,-2.35161511844e-07,-5.84392233271e-10
6.335e-06,129.312755504,-394.33800602,-800,1,15,1.6e-08,5.2e-10,7.2e-10,2.68749312676,64.6563777522,-61.9688846254,-1347.01739071,-578.523847412,-450.945192524,-341.467746695,0.767749724456,-2.34491500112e-07,1.22839955913e-08
6.336e-06,185.75214361,-397.031051896,-800,1,15,1.6e-08,5.2e-10,7.2e-10,6.6637695755,92.8760718052,-86.2123022297,-1329.42709892,-574.025820768,-448.186238636,-339.400281654,1.47718441568,-2.3305684409e-07,2.3634950651e-08
6.337e-06,216.10319516,-399.661401966,-800,1,15,1.6e-08,5.2e-10,7.2e-10,7.77974129885,108.05159758,-100.271856281,-1309.49585071,-564.883068337,-444.240712557,-336.47709132,1.99148025549,-2.3100517053e-07,3.18636840878e-08
6.338e-06,216.10319516,-402.228640868,-800,1,15,1.6e-08,5.2e-10,7.2e-10,5.90924202885,108.05159758,-102.142355551,-1290.30958829,-552.841589557,-439.560574943,-333.025432618,2.23773541205,-2.2857149897e-07,3.58037665929e-08
6.339e-06,185.75214361,-404.732363205,-800,1,15,1.6e-08,5.2e-10,7.2e-10,1.34584263242,92.8760718052,-91.5302291728,-1274.84421234,-540.046637712,-434.702388721,-329.447675192,2.18068449951,-2.26045242135e-07,3.48909519922e-08
6.34e-06,129.312755504,-407.17217361,-800,1,15,1.6e-08,5.2e-10,7.2e-10,-5.23838444344,64.6563777522,-69.8947621956,-1265.54758115,-528.741353699,-430.249166964,-326.164803612,1.82765162648,-2.23729566821e-07,2.92424260237e-08
6.341e-06,54.7117751763,-409.547686808,-800,1,15,1.6e-08,5.2e-10,7.2e-10,-12.8872601962,27.3558875881,-40.2431477843,-1263.9956726,-520.951653019,-426.728505642,-323.557305002,1.22752187806,-2.21898822934e-07,1.9640350049e-08
6.342e-06,-27.5733113842,-411.858527679,-800,1,15,1.6e-08,5.2e-10,7.2e-10,-20.4947960593,-13.7866556921,-6.70814036722,-1270.67119978,-518.201622689,-424.538499274,-321.911744226,0.463875683617,-2.20760019623e-07,7.42201093788e-09
6.343e-06,-105.985808302,-414.104331315,-800,1,15,1.6e-08,5.2e-10,7.2e-10,-26.9605312477,-52.9929041512,26.0323729035,-1284.89577338,-521.299399746,-423.891844397,-321.380530014,-0.356749672152,-2.20423759086e-07,-5.70799475443e-09
6.344e-06,-169.512913411,-416.284743076,-800,1,15,1.6e-08,5.2e-10,7.2e-10,-31.3440937884,-84.7564567054,53.412362917,-1304.92513813,-530.223604082,-424.785981345,-321.960522715,-1.11982275885,-2.20888710299e-07,-1.79171641417e-08
6.345e-06,-209.232433585,-418.39941865,-800,1,15,1.6e-08,5.2e-10,7.2e-10,-32.9972775954,-104.616216792,71.618939197,-1328.19410782,-544.126275785,-427.003467858,-323.493488198,-1.71890346278,-2.22041803286e-07,-2.75024554045e-08
6.346e-06,-219.565880254,-420.448024105,-800,1,15,1.6e-08,5.2e-10,7.2e-10,-31.6550857603,-109.782940127,78.1278543668,-1351.67679844,-561.451904468,-430.142532016,-325.688334106,-2.0705920466,-2.23674116648e-07,-3.31294727456e-08
6.347e-06,-199.061951543,-422.430235944,-800,1,15,1.6e-08,5.2e-10,7.2e-10,-27.4729532926,-99.5309757713,72.0580224787,-1372.31156579,-580.15583327,-433.673513449,-328.162005482,-2.12624225539,-2.25510226993e-07,-3.40198760863e-08
6.348e-06,-150.600363304,-424.345741152,-800,1,15,1.6e-08,5.2e-10,7.2e-10,-21.0049214904,-75.3001816522,54.2952601617,-1387.43096627,-597.991363343,-437.013265812,-330.493296068,-1.87879339812,-2.27246898222e-07,-3.00606943699e-08
6.349e-06,-80.9874015906,-426.194237248,-800,1,15,1.6e-08,5.2e-10,7.2e-10,-13.125829283,-40.4937007953,27.3678715123,-1395.13635432,-612.82523588,-439.607070919,-332.282017658,-1.36376185898,-2.28595676878e-07,-2.18201897437e-08
6.35e-06,-5.64834413704e-11,-427.975432333,-800,1,15,1.6e-08,5.2e-10,7.2e-10,-4.90844954005,-2.82418533004e-11,-4.90844954002,-1394.56450519,-622.93718316,-441.006559938,-333.20521733,-0.654252783951,-2.29323411168e-07,-1.04680445432e-08
6.351e-06,80.9874015907,-429.689045136,-800,1,15,1.6e-08,5.2e-10,7.2e-10,2.52717381394,40.4937007953,-37.9665269814,-1386.00881684,-627.261477583,-440.932697834,-333.062547019,0.149307463831,-2.29285002874e-07,2.38891942129e-09
6.352e-06,150.600363304,-431.334805058,-800,1,15,1.6e-08,5.2e-10,7.2e-10,8.1710277234,75.3001816521,-67.1291539287,-1370.87806844,-625.536553839,-439.314985107,-331.804413407,0.933276033525,-2.28443792256e-07,1.49324165364e-08
6.353e-06,199.061951543,-432.912452214,-800,1,15,1.6e-08,5.2e-10,7.2e-10,11.2649783816,99.5309757713,-88.2659973897,-1351.49852781,-618.341690257,-436.301371018,-329.538954559,1.58675453363,-2.26876712929e-07,2.53880725381e-08
6.354e-06,219.565880254,-434.421737475,-800,1,15,1.6e-08,5.2e-10,7.2e-10,11.4092438785,109.782940127,-98.3736962486,-1330.7872011,-607.015597531,-432.237486055,-326.516863447,2.01716452897,-2.24763492748e-07,3.22746324635e-08
6.355e-06,209.232433585,-435.862422508,-800,1,15,1.6e-08,5.2e-10,7.2e-10,8.61853735514,104.616216792,-95.9976794373,-1311.84211595,-593.468348824,-427.618110348,-323.096189872,2.16325005531,-2.22361417381e-07,3.4612000885e-08
6.356e-06,169.512913411,-437.234279812,-800,1,15,1.6e-08,5.2e-10,7.2e-10,3.31999552255,84.7564567053,-81.4364611828,-1297.50718155,-579.913065098,-423.017694168,-319.692064227,2.00368098716,-2.19969200967e-07,3.20588957946e-08
6.357e-06,105.985808302,-438.537092754,-800,1,15,1.6e-08,5.2e-10,7.2e-10,-3.70681651793,52.9929041512,-56.6997206691,-1289.97273983,-568.555039691,-419.009688678,-316.718404255,1.56004894109,-2.17885038112e-07,2.49607830574e-08
6.358e-06,27.5733113841,-439.770655606,-800,1,15,1.6e-08,5.2e-10,7.2e-10,-11.4393980098,13.786655692,-25.2260537018,-1290.46790901,-561.281963667,-416.086016712,-314.529791915,0.893834949033,-2.1636472869e-07,1.43013591845e-08
6.359e-06,-54.7117751763,-440.934773573,-800,1,15,1.6e-08,5.2e-10,7.2e-10,-18.755924899,-27.3558875881,8.59996268917,-1299.08792918,-559.398758884,-414.587993656,-313.371683579,0.0977747827106,-2.15585756701e-07,1.56439652337e-09
6.36e-06,-129.312755504,-442.029262828,-800,1,15,1.6e-08,5.2e-10,7.2e-10,-24.5928118886,-64.6563777522,40.0635658636,-1314.78075848,-563.444260688,-414.658400389,-313.345946374,-0.71716535633,-2.15622368202e-07,-1.14746457013e-08
6.361e-06,-185.75214361,-443.053950538,-800,1,15,1.6e-08,5.2e-10,7.2e-10,-28.0940950623,-92.8760718052,64.7819767429,-1335.49480259,-573.115496618,-416.221439498,-314.396561005,-1.4373735554,-2.16435148539e-07,-2.29979768864e-08
6.362e-06,-216.10319516,-444.008674894,-800,1,15,1.6e-08,5.2e-10,7.2e-10,-28.7316547348,-108.05159758,79.3199428454,-1358.46702926,-587.31019595,-418.993389856,-316.317499036,-1.96254849071,-2.17876562725e-07,-3.14007758513e-08
6.363e-06,-216.10319516,-444.893285132,-800,1,15,1.6e-08,5.2e-10,7.2e-10,-26.3793935833,-108.05159758,81.6722039969,-1380.6110031,-604.28155976,-422.522463156,-318.781668302,-2.21978629388,-2.19711680841e-07,-3.55165807021e-08
6.364e-06,-185.75214361,-445.707641563,-800,1,15,1.6e-08,5.2e-10,7.2e-10,-21.3309519628,-92.8760718052,71.5451198425,-1398.9503423,-621.883554505,-426.252264665,-321.38686114,-2.17381952639,-2.21651177626e-07,-3.47811124222e-08
6.365e-06,-129.312755504,-446.451615592,-800,1,15,1.6e-08,5.2e-10,7.2e-10,-14.2584723398,-64.6563777522,50.3979054124,-1411.03671957,-637.872278383,-429.599945333,-323.712252156,-1.83197022843,-2.23391971573e-07,-2.93115236548e-08
6.366e-06,-54.7117751763,-447.125089734,-800,1,15,1.6e-08,5.2e-10,7.2e-10,-6.11820425766,-27.3558875881,21.2376833305,-1415.29370029,-650.22107446,-432.038069009,-325.377510574,-1.24312140126,-2.24659795885e-07,-1.98899424202e-08
6.367e-06,27.5733113842,-447.727957642,-800,1,15,1.6e-08,5.2e-10,7.2e-10,1.98379266685,13.7866556921,-11.8028630252,-1411.23812688,-657.405133879,-433.168696771,-326.096225026,-0.490851375315,-2.25247722321e-07,-7.85362200504e-09
6.368e-06,105.985808302,-448.260124114,-800,1,15,1.6e-08,5.2e-10,7.2e-10,8.94698610007,52.9929041512,-44.0459180511,-1399.54795655,-658.615617463,-432.779283434,-325.716137404,0.318304678411,-2.25045227385e-07,5.09287485458e-09
6.369e-06,169.512913411,-448.721505117,-800,1,15,1.6e-08,5.2e-10,7.2e-10,13.8309320325,84.7564567053,-70.9255246728,-1381.9670249,-653.873223002,-430.872535738,-324.240535079,1.06981745765,-2.24053718584e-07,1.71170793224e-08
6.37e-06,209.232433585,-449.112027793,-800,1,15,1.6e-08,5.2e-10,7.2e-10,15.9873518669,104.616216792,-88.6288649256,-1361.06011098,-644.025248006,-427.666038734,-321.827796985,1.65724899091,-2.22386340142e-07,2.65159838545e-08
6.371e-06,219.565880254,-449.431630473,-800,1,15,1.6e-08,5.2e-10,7.2e-10,15.1511757177,109.782940127,-94.6317644094,-1339.85270419,-630.626560493,-423.561702815,-318.769157335,1.99720169681,-2.20252085464e-07,3.19552271489e-08
6.372e-06,199.061951543,-449.680262688,-800,1,15,1.6e-08,5.2e-10,7.2e-10,11.4777651653,99.5309757713,-88.053210606,-1321.40606679,-615.721195086,-419.089322491,-315.447809982,2.04103148979,-2.17926447696e-07,3.26565038366e-08
6.373e-06,150.600363304,-449.857885177,-800,1,15,1.6e-08,5.2e-10,7.2e-10,5.52108763648,75.3001816521,-69.7790940157,-1308.3872731,-601.55524862,-414.832173894,-312.28509709,1.78167986121,-2.15712730425e-07,2.85068777794e-08
6.374e-06,80.9874015907,-449.964469892,-800,1,15,1.6e-08,5.2e-10,7.2e-10,-1.84409224012,40.4937007953,-42.3377930355,-1302.6946122,-590.261398214,-411.345100622,-309.681339768,1.25466539043,-2.13899452323e-07,2.00746462468e-08
6.375e-06,-6.14568803506e-11,-450,-800,1,15,1.6e-08,5.2e-10,7.2e-10,-9.54507631442,-3.07283087864e-11,-9.54507631439,-1305.19096514,-583.559350316,-409.076592532,-307.959620813,0.53309543087,-2.12719828117e-07,8.52952689391e-09
6.376e-06,-80.9874015906,-449.964469892,-800,1,15,1.6e-08,5.2e-10,7.2e-10,-16.4618957866,-40.4937007953,24.0318050087,-1315.58260318,-582.51429176,-408.30580127,-307.320415118,-0.282601434825,-2.1231901666e-07,-4.5216229572e-09
6.377e-06,-150.600363304,-449.857885177,-800,1,15,1.6e-08,5.2e-10,7.2e-10,-21.584613122,-75.3001816522,53.7155685301,-1332.46042925,-587.387267678,-409.103338525,-307.813439765,-1.07878012468,-2.12733736033e-07,-1.72604819948e-08
6.378e-06,-199.061951543,-449.680262688,-800,1,15,1.6e-08,5.2e-10,7.2e-10,-24.1551704163,-99.5309757713,75.375805355,-1353.49787063,-597.598500236,-411.32136278,-309.330677371,-1.74454000473,-2.13887108646e-07,-2.79126400758e-08
6.379e-06,-219.565880254,-449.431630473,-800,1,15,1.6e-08,5.2e-10,7.2e-10,-23.7738620331,-109.782940127,86.009078094,-1375.77762932,-611.808799986,-414.614346833,-311.62155254,-2.18730038644,-2.15599460353e-07,-3.4996806183e-08
6.38e-06,-209.232433585,-449.112027793,-800,1,15,1.6e-08,5.2e-10,7.2e-10,-20.4554777459,-104.616216792,84.1607390466,-1396.20139891,-628.107635839,-418.487609367,-314.328129929,-2.34580304159,-2.17613556871e-07,-3.75328486655e-08
6.381e-06,-169.512913411,-448.721505117,-800,1,15,1.6e-08,5.2e-10,7.2e-10,-14.6272312447,-84.7564567053,70.1292254606,-1411.92500453,-644.281449808,-422.366794437,-317.035390468,-2.19871557051,-2.19630733107e-07,-3.51794491281e-08
6.382e-06,-105.985808302,-448.260124114,-800,1,15,1.6e-08,5.2e-10,7.2e-10,-7.06876494449,-52.9929041512,45.9241392067,-1420.7578518,-658.124532497,-425.678540705,-319.329524581,-1.76762730569,-2.21352841167e-07,-2.82820368911e-08
6.383e-06,-27.5733113842,-447.727957642,-800,1,15,1.6e-08,5.2e-10,7.2e-10,1.19734276192,-13.7866556921,14.983998454,-1421.47058321,-667.748797819,-427.931010647,-320.856055306,-1.11401698554,-2.22524125537e-07,-1.78242717687e-08
6.384e-06,54.7117751763,-447.125089734,-800,1,15,1.6e-08,5.2e-10,7.2e-10,9.04918987456,27.3558875881,-18.3066977136,-1413.96773267,-671.848949994,-428.782969662,-321.369628082,-0.330618079082,-2.22967144224e-07,-5.28988926531e-09
6.385e-06,129.312755504,-446.451615592,-800,1,15,1.6e-08,5.2e-10,7.2e-10,15.423112852,64.6563777522,-49.2332649002,-1399.30112931,-669.885800905,-428.091713119,-320.768474394,0.471605523589,-2.22607690822e-07,7.54568837743e-09
6.386e-06,185.75214361,-445.707641563,-800,1,15,1.6e-08,5.2e-10,7.2e-10,19.4630692481,92.8760718052,-73.4130025571,-1379.52216807,-662.16199146,-425.933110129,-319.108708934,1.17904422963,-2.21485217267e-07,1.88647076741e-08
6.387e-06,216.10319516,-444.893285132,-800,1,15,1.6e-08,5.2e-10,7.2e-10,20.6408605745,108.05159758,-87.4107370056,-1357.39369518,-649.779482092,-422.590948961,-316.596452301,1.69139904314,-2.1974729346e-07,2.70623846903e-08
6.388e-06,216.10319516,-444.008674894,-800,1,15,1.6e-08,5.2e-10,7.2e-10,18.8303104445,108.05159758,-89.2212871356,-1336.00197339,-634.484782751,-418.517080497,-313.558885585,1.93576843128,-2.17628881858e-07,3.09722949005e-08
6.389e-06,185.75214361,-443.053950538,-800,1,15,1.6e-08,5.2e-10,7.2e-10,14.3249799007,92.8760718052,-78.5510919046,-1318.3232253,-618.423659363,-414.267957466,-310.398302115,1.87688729835,-2.15419337882e-07,3.00301967736e-08
6.39e-06,129.312755504,-442.029262828,-800,1,15,1.6e-08,5.2e-10,7.2e-10,7.79693186128,64.6563777522,-56.8594458909,-1306.80563245,-603.83976752,-410.426482334,-307.535609682,1.52208003429,-2.13421770814e-07,2.43532805486e-08
6.391e-06,54.7117751762,-440.934773573,-800,1,15,1.6e-08,5.2e-10,7.2e-10,0.202336097929,27.3558875881,-27.1535514902,-1303.02549719,-592.759539384,-407.520140076,-305.351218176,0.920231996655,-2.11910472839e-07,1.47237119465e-08
6.392e-06,-27.5733113842,-439.770655606,-800,1,15,1.6e-08,5.2e-10,7.2e-10,-7.35282775511,-13.7866556921,6.43382793698,-1307.46585831,-586.707580519,-405.94691384,-304.131614791,0.154923878314,-2.11092395197e-07,2.47878205302e-09
6.393e-06,-105.985808302,-438.537092754,-800,1,15,1.6e-08,5.2e-10,7.2e-10,-13.7681075448,-52.9929041512,39.2247966063,-1319.44865336,-586.492548318,-405.919388438,-304.029130152,-0.667306781483,-2.11078081988e-07,-1.06769085037e-08
6.394e-06,-169.512913411,-437.234279812,-800,1,15,1.6e-08,5.2e-10,7.2e-10,-18.1031396284,-84.7564567053,66.6533170769,-1337.22995501,-592.093584749,-407.434892143,-305.040546093,-1.43192830681,-2.11866143914e-07,-2.2910852909e-08
6.395e-06,-209.232433585,-435.862422508,-800,1,15,1.6e-08,5.2e-10,7.2e-10,-19.7097259477,-104.616216792,84.9064908448,-1358.24490609,-602.663253618,-410.275870313,-307.007549562,-2.03250034748,-2.13343452563e-07,-3.25200055597e-08
6.396e-06,-219.565880254,-434.421737475,-800,1,15,1.6e-08,5.2e-10,7.2e-10,-18.322877317,-109.782940127,91.4600628102,-1379.46795259,-616.646569816,-414.040438344,-309.638968889,-2.38562293876,-2.15301027939e-07,-3.81699670202e-08
6.397e-06,-199.061951543,-432.912452214,-800,1,15,1.6e-08,5.2e-10,7.2e-10,-14.0980361636,-99.5309757713,85.4329396077,-1397.83778127,-631.99940323,-418.198822899,-312.551669428,-2.44264960746,-2.17463387908e-07,-3.90823937193e-08
6.398e-06,-150.600363304,-431.334805058,-800,1,15,1.6e-08,5.2e-10,7.2e-10,-7.58925089676,-75.3001816521,67.7109307554,-1410.68728042,-646.475583157,-422.167764401,-315.324364866,-2.1965194534,-2.19527237488e-07,-3.51443112545e-08
6.399e-06,-80.9874015907,-429.689045136,-800,1,15,1.6e-08,5.2e-10,7.2e-10,0.328632750898,-40.4937007953,40.8223335462,-1416.11813717,-657.942380241,-425.392431181,-317.556786586,-1.68274866088,-2.21204064214e-07,-2.69239785741e-08
6.4e-06,-2.06916323184e-11,-427.975432333,-800,1,15,1.6e-08,5.2e-10,7.2e-10,8.58283541562,-1.03455022327e-11,8.58283541563,-1413.26746026,-664.680057438,-427.424340696,-318.925900918,-0.974442185144,-2.22260657162e-07,-1.55910749623e-08
6.401e-06,80.9874015906,-426.194237248,-800,1,15,1.6e-08,5.2e-10,7.2e-10,16.0533069879,40.4937007953,-24.4403938074,-1402.42898192,-665.623418962,-427.984343989,-319.231278723,-0.172026207872,-2.22551858874e-07,-2.75241932595e-09
6.402e-06,150.600363304,-424.345741152,-800,1,15,1.6e-08,5.2e-10,7.2e-10,21.7300285388,75.3001816522,-53.5701531134,-1385.01181624,-660.511432381,-427.00182744,-318.42324529,0.610856592278,-2.22040950269e-07,9.77370547645e-09
6.403e-06,199.061951543,-422.430235944,-800,1,15,1.6e-08,5.2e-10,7.2e-10,24.8548606995,99.5309757713,-74.6761150718,-1363.34256661,-649.923909868,-424.62462602,-316.609856992,1.26330798668,-2.2080480553e-07,2.02129277869e-08
6.404e-06,219.565880254,-420.448024105,-800,1,15,1.6e-08,5.2e-10,7.2e-10,25.0280163109,109.782940127,-84.7549238162,-1340.33857533,-635.200096857,-421.198255766,-314.041724821,1.6927496937,-2.19023092998e-07,2.70839950992e-08
6.405e-06,209.232433585,-418.39941865,-800,1,15,1.6e-08,5.2e-10,7.2e-10,22.2642035782,104.616216792,-82.3520132143,-1319.09820672,-618.250602047,-417.217382218,-311.076816321,1.83792589331,-2.16953038753e-07,2.94068142929e-08
6.406e-06,169.512913411,-416.284743076,-800,1,15,1.6e-08,5.2e-10,7.2e-10,16.9905545912,84.7564567053,-67.7659021142,-1302.46570714,-601.289082663,-413.256340934,-308.130179366,1.67750659481,-2.14893297286e-07,2.6840105517e-08
6.407e-06,105.985808302,-414.104331315,-800,1,15,1.6e-08,5.2e-10,7.2e-10,9.98663014463,52.9929041512,-43.0062740066,-1292.63175608,-586.521368936,-409.888468265,-305.61564893,1.2330835402,-2.13142003498e-07,1.97293366432e-08
6.408e-06,27.5733113841,-411.858527679,-800,1,15,1.6e-08,5.2e-10,7.2e-10,2.27492700471,13.7866556921,-11.5117286874,-1290.82580973,-575.835689376,-407.605572145,-303.887723969,0.566137877408,-2.11954897515e-07,9.05820603854e-09
6.409e-06,-54.7117751763,-409.547686808,-800,1,15,1.6e-08,5.2e-10,7.2e-10,-5.0227344492,-27.3558875881,22.333153139,-1297.14344644,-570.53750375,-406.748852994,-303.191777626,-0.230594515286,-2.11509403557e-07,-3.68951224458e-09
6.41e-06,-129.312755504,-407.17217361,-800,1,15,1.6e-08,5.2e-10,7.2e-10,-10.8427722772,-64.6563777522,53.813605475,-1310.53296288,-571.166185695,-407.460976677,-303.629593591,-1.04614733923,-2.11879707872e-07,-1.67383574276e-08
6.411e-06,-185.75214361,-404.732363205,-800,1,15,1.6e-08,5.2e-10,7.2e-10,-14.3292256029,-92.8760718052,78.5468462024,-1328.94310349,-577.419301337,-409.666030736,-305.145068934,-1.76690859408,-2.13026335983e-07,-2.82705375054e-08
6.412e-06,-216.10319516,-402.228640868,-800,1,15,1.6e-08,5.2e-10,7.2e-10,-14.9539774629,-108.05159758,93.0976201173,-1349.6111749,-588.195118746,-413.080178988,-307.532091402,-2.29257687791,-2.14801693074e-07,-3.66812300466e-08
6.413e-06,-216.10319516,-399.661401966,-800,1,15,1.6e-08,5.2e-10,7.2e-10,-12.5909329379,-108.05159758,95.4606646423,-1369.45108074,-601.747377922,-417.251518077,-310.463484842,-2.55024825367,-2.169707894e-07,-4.08039720588e-08
6.414e-06,-185.75214361,-397.031051896,-800,1,15,1.6e-08,5.2e-10,7.2e-10,-7.5337344675,-92.8760718052,85.3423373377,-1385.48677826,-615.930584282,-421.623538243,-313.536957446,-2.50465522367,-2.19244239886e-07,-4.00744835788e-08
6.415e-06,-129.312755504,-394.33800602,-800,1,15,1.6e-08,5.2e-10,7.2e-10,-0.45452628396,-64.6563777522,64.2018514682,-1395.27027921,-628.50137494,-425.613275454,-316.331599532,-2.16311977847,-2.21318903236e-07,-3.46099164555e-08
6.416e-06,-54.7117751763,-391.582689601,-800,1,15,1.6e-08,5.2e-10,7.2e-10,7.69044062327,-27.3558875882,35.0463282114,-1397.22548798,-637.433631751,-428.693178638,-318.466995908,-1.57452487919,-2.22920452892e-07,-2.51923980671e-08
6.417e-06,27.5733113842,-388.765537737,-800,1,15,1.6e-08,5.2e-10,7.2e-10,15.7951055112,13.7866556921,2.00844981905,-1390.86958587,-641.203084427,-430.46519403,-319.656650669,-0.822448825668,-2.23841900896e-07,-1.31591812107e-08
6.418e-06,105.985808302,-385.886995287,-800,1,15,1.6e-08,5.2e-10,7.2e-10,22.758935239,52.9929041512,-30.2339689122,-1376.88086882,-639.001432064,-430.7166617,-319.748221071,-0.0134267678345,-2.23972664084e-07,-2.14828285353e-10
6.419e-06,169.512913411,-382.947516808,-800,1,15,1.6e-08,5.2e-10,7.2e-10,27.6414853108,84.7564567053,-57.1149713945,-1357.00351094,-630.849910336,-429.45017376,-318.744909757,0.738012003576,-2.23314090355e-07,1.18081920572e-08
6.42e-06,209.232433585,-379.947566476,-800,1,15,1.6e-08,5.2e-10,7.2e-10,29.7944769625,104.616216792,-74.82173983,-1333.80262951,-617.596354171,-426.883200765,-316.805010857,1.32542951906,-2.21979264398e-07,2.1206872305e-08
6.421e-06,219.565880254,-376.887618019,-800,1,15,1.6e-08,5.2e-10,7.2e-10,28.9528404621,109.782940127,-80.830099665,-1310.30405186,-600.796168446,-423.417538764,-314.219673718,1.66542818971,-2.20177120157e-07,2.66468510354e-08
6.422e-06,199.061951543,-373.768154638,-800,1,15,1.6e-08,5.2e-10,7.2e-10,25.2719378631,99.5309757713,-74.2590379081,-1289.56937778,-582.493924007,-419.582868096,-311.372007275,1.70936391288,-2.1818309141e-07,2.73498226061e-08
6.423e-06,150.600363304,-370.589668933,-800,1,15,1.6e-08,5.2e-10,7.2e-10,19.3057373863,75.3001816522,-55.9944442659,-1274.26601871,-564.936253183,-415.962350906,-308.683268742,1.45017815333,-2.16300422471e-07,2.32028504533e-08
6.424e-06,80.9874015906,-367.352662823,-800,1,15,1.6e-08,5.2e-10,7.2e-10,11.929004773,40.4937007953,-28.5646960223,-1266.29260035,-550.256367782,-413.110717016,-306.553694253,0.923389454269,-2.14817572848e-07,1.47742312683e-08
6.425e-06,2.79572779241e-12,-364.057647469,-800,1,15,1.6e-08,5.2e-10,7.2e-10,4.21443960679,1.39799283261e-12,4.21443960679,-1266.51233985,-540.174508047,-411.476342727,-305.306281621,0.202105123478,-2.13967698218e-07,3.23368197565e-09
6.426e-06,-80.9874015906,-360.705143192,-800,1,15,1.6e-08,5.2e-10,7.2e-10,-2.71798756044,-40.4937007953,37.7757132349,-1274.63184397,-535.756393627,-411.338266373,-305.14142076,-0.613246311581,-2.13895898514e-07,-9.8119409853e-09
6.427e-06,-150.600363304,-357.295679392,-800,1,15,1.6e-08,5.2e-10,7.2e-10,-7.85833712196,-75.3001816522,67.4418445302,-1289.24235051,-537.263601409,-412.766986594,-306.108743791,-1.4090198336,-2.14638833029e-07,-2.25443173376e-08
6.428e-06,-199.061951543,-353.829794461,-800,1,15,1.6e-08,5.2e-10,7.2e-10,-10.4485487829,-99.5309757713,89.0824269883,-1308.01762092,-544.116884168,-415.614549098,-308.100148403,-2.07431488281,-2.16119565531e-07,-3.3189038125e-08
6.429e-06,-219.565880254,-350.308035705,-800,1,15,1.6e-08,5.2e-10,7.2e-10,-10.0889141982,-109.782940127,99.6940259289,-1328.04069062,-554.977581834,-419.535314207,-310.864974313,-2.5165508543,-2.18158363387e-07,-4.02648136688e-08
6.43e-06,-209.232433585,-346.730959249,-800,1,15,1.6e-08,5.2e-10,7.2e-10,-6.79422011359,-104.616216792,97.8219966789,-1346.21358582,-567.935691384,-424.034488439,-314.045201353,-2.674469613,-2.20497933988e-07,-4.2791513808e-08
6.431e-06,-169.512913411,-343.099129955,-800,1,15,1.6e-08,5.2e-10,7.2e-10,-0.991676874627,-84.7564567053,83.7647798307,-1359.69246344,-580.7781815,-428.537604022,-317.225725698,-2.52673886179,-2.22839554091e-07,-4.04278217886e-08
6.432e-06,-105.985808302,-339.413121331,-800,1,15,1.6e-08,5.2e-10,7.2e-10,6.53907676577,-52.9929041512,59.5319809169,-1366.28705996,-591.299867976,-432.471188132,-319.992653104,-2.09494804521,-2.24885017829e-07,-3.35191687233e-08
6.433e-06,-27.5733113842,-335.673515441,-800,1,15,1.6e-08,5.2e-10,7.2e-10,14.775466393,-13.7866556921,28.5621220852,-1364.76834777,-597.613188352,-435.343292133,-321.991422036,-1.44057602308,-2.26378511909e-07,-2.30492163693e-08
6.434e-06,54.7117751763,-331.880902811,-800,1,15,1.6e-08,5.2e-10,7.2e-10,22.5955943019,27.3558875882,-4.76029328622,-1355.04118971,-598.413368827,-436.812570693,-322.976593479,-0.656356395272,-2.27142536761e-07,-1.05017023244e-08
6.435e-06,129.312755504,-328.03588234,-800,1,15,1.6e-08,5.2e-10,7.2e-10,28.9358015601,64.6563777522,-35.720576192,-1338.15774275,-593.16174154,-436.736208855,-322.846314583,0.1467468079,-2.27102828604e-07,2.3479489264e-09
6.436e-06,185.75214361,-324.1390612,-800,1,15,1.6e-08,5.2e-10,7.2e-10,32.940050646,92.8760718052,-59.9360211592,-1316.16972856,-582.16146584,-435.189965821,-321.656615844,0.855123844021,-2.26298782227e-07,1.36819815043e-08
6.437e-06,216.10319516,-320.191054744,-800,1,15,1.6e-08,5.2e-10,7.2e-10,34.0801483088,108.05159758,-73.9714492713,-1291.84031894,-566.515018713,-432.457520391,-319.613533824,1.36847555828,-2.24877910603e-07,2.18956089325e-08
6.438e-06,216.10319516,-316.192486409,-800,1,15,1.6e-08,5.2e-10,7.2e-10,32.2299237126,108.05159758,-75.8216738675,-1268.256101,-547.969424685,-428.99061443,-317.044165734,1.61390024962,-2.23075119504e-07,2.58224039939e-08
6.439e-06,185.75214361,-312.143987616,-800,1,15,1.6e-08,5.2e-10,7.2e-10,27.6829437627,92.8760718052,-65.1931280425,-1248.39362043,-528.670962208,-425.345592124,-314.350721207,1.55613264484,-2.21179707905e-07,2.48981223174e-08
6.44e-06,129.312755504,-308.046197668,-800,1,15,1.6e-08,5.2e-10,7.2e-10,21.1112775515,64.6563777522,-43.5451002007,-1234.70138056,-510.86379726,-422.105247885,-311.954024528,1.20249694713,-2.194947289e-07,1.92399511541e-08
6.441e-06,54.7117751762,-303.899763654,-800,1,15,1.6e-08,5.2e-10,7.2e-10,13.4711013344,27.3558875881,-13.8847862537,-1228.75600414,-496.574870173,-419.796959138,-310.234402289,0.601878318077,-2.18294418752e-07,9.63005308924e-09
6.442e-06,-27.5733113841,-299.705340345,-800,1,15,1.6e-08,5.2e-10,7.2e-10,5.86840153917,-13.7866556921,19.6550572312,-1231.04084896,-487.32929239,-418.818602007,-309.478258602,-0.162142754628,-2.17785673044e-07,-2.59428407405e-09
6.443e-06,-105.985808302,-295.463590089,-800,1,15,1.6e-08,5.2e-10,7.2e-10,-0.596362580202,-52.9929041512,52.396541571,-1240.87817008,-483.936224799,-419.382654818,-309.837841244,-0.98302894606,-2.18078980505e-07,-1.5728463137e-08
6.444e-06,-169.512913411,-291.175182706,-800,1,15,1.6e-08,5.2e-10,7.2e-10,-4.98281997239,-84.7564567053,79.7736367329,-1256.52435621,-486.375310411,-421.486339917,-311.309849444,-1.74624880375,-2.19172896757e-07,-2.793998086e-08
6.445e-06,-209.232433585,-286.840795387,-800,1,15,1.6e-08,5.2e-10,7.2e-10,-6.64276486517,-104.616216792,97.9734519273,-1275.41486458,-493.799611543,-424.911997307,-313.735887803,-2.34536221004,-2.209542386e-07,-3.75257953607e-08
6.446e-06,-219.565880254,-282.461112581,-800,1,15,1.6e-08,5.2e-10,7.2e-10,-5.3112000544,-109.782940127,104.471740073,-1294.52445404,-504.654638976,-429.257637622,-316.824702579,-2.69696944181,-2.23213971564e-07,-4.3151511069e-08
6.447e-06,-199.061951543,-278.036825891,-800,1,15,1.6e-08,5.2e-10,7.2e-10,-1.14355964542,-99.5309757713,98.3874161259,-1310.79212248,-516.896755801,-433.993383368,-320.193077332,-2.75242427647,-2.25676559352e-07,-4.40387884235e-08
6.448e-06,-150.600363304,-273.568633963,-800,1,15,1.6e-08,5.2e-10,7.2e-10,5.30611657659,-75.3001816522,80.6062982287,-1321.55106765,-528.280281746,-438.535871435,-323.419644255,-2.50466607344,-2.28038653146e-07,-4.0074657175e-08
6.449e-06,-80.9874015906,-269.057242376,-800,1,15,1.6e-08,5.2e-10,7.2e-10,13.1629918037,-40.4937007953,53.656692599,-1324.90328435,-536.67297504,-442.330167264,-326.10405355,-1.98921128552,-2.30011686977e-07,-3.18273805683e-08
6.45e-06,1.51001767336e-11,-264.503363532,-800,1,15,1.6e-08,5.2e-10,7.2e-10,21.3542958958,7.54951656745e-12,21.3542958958,-1319.98618721,-540.3555833,-444.927686073,-327.923190684,-1.27916514538,-2.31362396758e-07,-2.04666423261e-08
6.451e-06,80.9874015907,-259.90771654,-800,1,15,1.6e-08,5.2e-10,7.2e-10,28.7599882652,40.4937007953,-11.7337125301,-1307.09381242,-538.2633924,-446.049177343,-328.676545992,-0.474954120951,-2.31945572218e-07,-7.59926593522e-09
6.452e-06,150.600363304,-255.271027107,-800,1,15,1.6e-08,5.2e-10,7.2e-10,34.3700598009,75.3001816521,-40.9301218512,-1287.63557621,-530.135848489,-445.623926581,-328.314364588,0.309778814044,-2.31724441822e-07,4.95646102471e-09
6.453e-06,199.061951543,-250.59402742,-800,1,15,1.6e-08,5.2e-10,7.2e-10,37.4263812469,99.5309757713,-62.1045945243,-1263.93838209,-516.553239171,-443.799668586,-326.944623027,0.964135127169,-2.30775827665e-07,1.54261620347e-08
6.454e-06,219.565880254,-245.87745603,-800,1,15,1.6e-08,5.2e-10,7.2e-10,37.5291758499,109.782940127,-72.2537642772,-1238.91987051,-498.855282081,-440.921819947,-324.81785286,1.39553622427,-2.29279346372e-07,2.23285795883e-08
6.455e-06,209.232433585,-241.122057741,-800,1,15,1.6e-08,5.2e-10,7.2e-10,34.6931625127,104.616216792,-69.9230542798,-1215.67870187,-478.95305482,-437.484947491,-322.291942578,1.54272596413,-2.27492172695e-07,2.46836154261e-08
6.456e-06,169.512913411,-236.328583483,-800,1,15,1.6e-08,5.2e-10,7.2e-10,29.3454843122,84.7564567053,-55.4109723932,-1197.05941651,-459.060680136,-434.063288816,-319.781861394,1.38437402629,-2.25712910184e-07,2.21499844206e-08
6.457e-06,105.985808302,-231.497790202,-800,1,15,1.6e-08,5.2e-10,7.2e-10,22.2657133187,52.9929041512,-30.7271908325,-1185.25298579,-441.384450335,-431.230083077,-317.70136604,0.942071814387,-2.242396432e-07,1.50731490302e-08
6.458e-06,27.5733113841,-226.630440736,-800,1,15,1.6e-08,5.2e-10,7.2e-10,14.4763578601,13.786655692,0.689702168008,-1181.48915554,-427.813052477,-429.477041801,-316.40487765,0.277300129527,-2.23328061736e-07,4.43680207244e-09
6.459e-06,-54.7117751762,-221.727303697,-800,1,15,1.6e-08,5.2e-10,7.2e-10,7.09925016211,-27.3558875881,34.4551377502,-1185.86379154,-419.652401286,-429.145269794,-316.13769198,-0.517205505298,-2.23155540293e-07,-8.27528808477e-09
6.46e-06,-129.312755504,-216.789153346,-800,1,15,1.6e-08,5.2e-10,7.2e-10,1.19798429349,-64.6563777522,65.8543620457,-1197.32547561,-417.442321691,-430.377338122,-317.001515786,-1.3304791551,-2.23796215823e-07,-2.12876664817e-08
6.461e-06,-185.75214361,-211.816769474,-800,1,15,1.6e-08,5.2e-10,7.2e-10,-2.37146645971,-92.8760718052,90.5046053455,-1213.823235,-420.880827365,-433.097240358,-318.940169661,-2.04890919156,-2.25210564986e-07,-3.27825470649e-08
6.462e-06,-216.10319516,-206.81093728,-800,1,15,1.6e-08,5.2e-10,7.2e-10,-3.08097244546,-108.05159758,104.970625135,-1232.59465678,-428.866630125,-437.021047191,-321.747465348,-2.572194593,-2.2725094454e-07,-4.11551134879e-08
6.463e-06,-216.10319516,-201.772447241,-800,1,15,1.6e-08,5.2e-10,7.2e-10,-0.804425779211,-108.05159758,107.247171801,-1250.55392263,-439.65390983,-441.696762996,-325.096151175,-2.82743181086,-2.29682316758e-07,-4.52389089737e-08
6.464e-06,-185.75214361,-196.702094993,-800,1,15,1.6e-08,5.2e-10,7.2e-10,4.16454433939,-92.8760718052,97.0406161446,-1264.72526537,-451.097607815,-446.567786617,-328.583860314,-2.77935374409,-2.32215249041e-07,-4.44696599054e-08
6.465e-06,-129.312755504,-191.600681204,-800,1,15,1.6e-08,5.2e-10,7.2e-10,11.153807191,-64.6563777521,75.8101849432,-1272.66096982,-460.954793091,-451.051063512,-331.789608568,-2.43528278796,-2.34546553026e-07,-3.89645246074e-08
6.466e-06,-54.7117751763,-186.469011447,-800,1,15,1.6e-08,5.2e-10,7.2e-10,19.2071255693,-27.3558875881,46.5630131574,-1272.78521091,-467.199775324,-454.618953002,-334.332906754,-1.84410231636,-2.36401855561e-07,-2.95056370618e-08
6.467e-06,27.5733113841,-181.307896071,-800,1,15,1.6e-08,5.2e-10,7.2e-10,27.2184527828,13.7866556921,13.4317970907,-1264.61543787,-468.308707887,-456.87331263,-335.927185505,-1.08939104982,-2.37574122568e-07,-1.74302567971e-08
6.468e-06,105.985808302,-176.118150077,-800,1,15,1.6e-08,5.2e-10,7.2e-10,34.0872700089,52.9929041512,-18.9056341423,-1248.83021197,-463.473709314,-457.601394704,-336.420029162,-0.277684566865,-2.37952725246e-07,-4.44295306984e-09
6.469e-06,169.512913411,-170.900592985,-800,1,15,1.6e-08,5.2e-10,7.2e-10,38.8731473331,84.7564567053,-45.8833093723,-1227.17396996,-452.716430433,-456.805704517,-335.814568005,0.476487405355,-2.37538966349e-07,7.62379848568e-09
6.47e-06,209.232433585,-165.656048708,-800,1,15,1.6e-08,5.2e-10,7.2e-10,40.9278208346,104.616216792,-63.6883959579,-1202.21208905,-436.885116972,-454.703626762,-334.269024371,1.06668645317,-2.36445885916e-07,1.70669832507e-08
6.471e-06,219.565880254,-160.385345421,-800,1,15,1.6e-08,5.2e-10,7.2e-10,39.9862358841,109.782940127,-69.796704243,-1176.97065374,-417.535580195,-451.6968726,-332.074476391,1.4095145358,-2.34882373752e-07,2.25522325728e-08
6.472e-06,199.061951543,-155.089315429,-800,1,15,1.6e-08,5.2e-10,7.2e-10,36.2037698946,99.5309757713,-63.3272058766,-1154.51151822,-396.712792849,-448.315038462,-329.613962374,1.45632709114,-2.3312382e-07,2.33012334583e-08
6.473e-06,150.600363304,-149.768795035,-800,1,15,1.6e-08,5.2e-10,7.2e-10,30.1344067007,75.3001816522,-45.1657749514,-1137.50234548,-376.663784625,-445.141203587,-327.308669507,1.20006511696,-2.31473425865e-07,1.92010418714e-08
6.474e-06,80.9874015906,-144.424624413,-800,1,15,1.6e-08,5.2e-10,7.2e-10,22.6529279099,40.4937007953,-17.8407728854,-1127.84200988,-359.522160083,-442.730015898,-325.55876451,0.676246681979,-2.30219608267e-07,1.08199469117e-08
6.475e-06,-3.29960812596e-11,-139.057647469,-800,1,15,1.6e-08,5.2e-10,7.2e-10,14.8320492211,-1.64979141459e-11,14.8320492211,-1126.39397436,-347.008547548,-441.529770826,-324.687176406,-0.0420213878768,-2.29595480829e-07,-6.7234220603e-10
6.476e-06,-80.9874015906,-133.66871171,-800,1,15,1.6e-08,5.2e-10,7.2e-10,7.79175754881,-40.4937007953,48.2854583441,-1132.86508848,-340.189050026,-441.819426867,-324.894226952,-0.854311054321,-2.29746101971e-07,-1.36689768691e-08
6.477e-06,-150.600363304,-128.258668111,-800,1,15,1.6e-08,5.2e-10,7.2e-10,2.54200910634,-75.3001816521,77.8421907585,-1145.84682986,-339.325622963,-443.669403873,-326.229480756,-1.64697779646,-2.30708090014e-07,-2.63516447433e-08
6.478e-06,-199.061951543,-122.828370983,-800,1,15,1.6e-08,5.2e-10,7.2e-10,-0.159118962773,-99.5309757713,99.3718568085,-1163.01319676,-343.839392848,-446.931669828,-328.584768649,-2.30912155808,-2.32404468311e-07,-3.69459449293e-08
6.479e-06,-219.565880254,-117.37867783,-800,1,15,1.6e-08,5.2e-10,7.2e-10,0.0880987745588,-109.782940127,109.871038902,-1181.44745832,-352.392068413,-451.260508403,-331.709364157,-2.74816224493,-2.34655464369e-07,-4.39705959189e-08
6.48e-06,-209.232433585,-111.910449224,-800,1,15,1.6e-08,5.2e-10,7.2e-10,3.26889289647,-104.616216792,107.885109689,-1198.05187139,-363.074010469,-456.161050552,-335.245181598,-2.90284223958,-2.37203746287e-07,-4.64454758332e-08
6.481e-06,-169.512913411,-106.424548661,-800,1,15,1.6e-08,5.2e-10,7.2e-10,8.95607061544,-84.7564567053,93.7125273208,-1209.98282038,-373.672546506,-461.058754036,-338.777052317,-2.75182976946,-2.39750552099e-07,-4.40292763114e-08
6.482e-06,-105.985808302,-100.921842427,-800,1,15,1.6e-08,5.2e-10,7.2e-10,16.3700109673,-52.9929041512,69.3629151185,-1215.05026608,-381.982846047,-465.380072675,-341.891017939,-2.31671481051,-2.41997637791e-07,-3.70674369682e-08
6.483e-06,-27.5733113842,-95.4031994649,-800,1,15,1.6e-08,5.2e-10,7.2e-10,24.4881575545,-13.7866556921,38.2748132466,-1212.02540201,-386.117695219,-468.632985599,-344.232453506,-1.65897676069,-2.43689152512e-07,-2.6543628171e-08
6.484e-06,54.7117751763,-89.8694912315,-800,1,15,1.6e-08,5.2e-10,7.2e-10,32.1886309138,27.3558875881,4.83274332571,-1200.81330886,-384.772663619,-470.476076375,-345.555857294,-0.87134976466,-2.44647559715e-07,-1.39415962346e-08
6.485e-06,129.312755504,-84.3215915636,-800,1,15,1.6e-08,5.2e-10,7.2e-10,38.407790578,64.6563777522,-26.2485871742,-1182.46635818,-377.409421533,-470.766460087,-345.759314475,-0.0647984041166,-2.44798559245e-07,-1.03677446587e-09
6.486e-06,185.75214361,-78.7603765389,-800,1,15,1.6e-08,5.2e-10,7.2e-10,42.2896177092,92.8760718052,-50.586454096,-1159.03648294,-364.331461161,-469.579827139,-344.898794303,0.647067020662,-2.44181510112e-07,1.03530723306e-08
6.487e-06,216.10319516,-73.1867243377,-800,1,15,1.6e-08,5.2e-10,7.2e-10,43.3059379575,108.05159758,-64.7456596227,-1133.28706285,-346.641586982,-467.199788694,-343.180272842,1.1639467906,-2.42943890121e-07,1.86231486496e-08
6.488e-06,216.10319516,-67.6015151043,-800,1,15,1.6e-08,5.2e-10,7.2e-10,41.3305996012,108.05159758,-66.7209979789,-1108.30488958,-326.087145615,-464.07802016,-340.930787564,1.41293863406,-2.41320570483e-07,2.26070181449e-08
6.489e-06,185.75214361,-62.0056308081,-800,1,15,1.6e-08,5.2e-10,7.2e-10,36.6571888707,92.8760718052,-56.2188829345,-1087.06670998,-304.814732146,-460.770800453,-338.552489128,1.35877670105,-2.39600816236e-07,2.17404272167e-08
6.49e-06,129.312755504,-56.3999551039,-800,1,15,1.6e-08,5.2e-10,7.2e-10,29.9577943905,64.6563777522,-34.6985833617,-1072.02122504,-285.06882368,-457.860859913,-336.466143623,1.00878461183,-2.38087647155e-07,1.61405537892e-08
6.491e-06,54.7117751763,-50.7853731931,-800,1,15,1.6e-08,5.2e-10,7.2e-10,22.1886121531,27.3558875881,-5.16727543499,-1064.74525176,-268.876666127,-455.875513101,-335.052020223,0.411846939012,-2.37055266813e-07,6.5895510242e-09
6.492e-06,-27.5733113842,-45.162771683,-800,1,15,1.6e-08,5.2e-10,7.2e-10,14.4556485243,-13.7866556921,28.2423042163,-1065.72233865,-257.763670897,-455.212574497,-334.596466421,-0.348456424605,-2.36710538739e-07,-5.57530279368e-09
6.493e-06,-105.985808302,-39.5330384478,-800,1,15,1.6e-08,5.2e-10,7.2e-10,7.85938289443,-52.9929041512,60.8522870456,-1074.27492797,-252.539293203,-456.084462008,-335.251674175,-1.16558875486,-2.37163920244e-07,-1.86494200777e-08
6.494e-06,-169.512913411,-33.8970624876,-800,1,15,1.6e-08,5.2e-10,7.2e-10,3.34020664635,-84.7564567053,88.0966633517,-1088.65959204,-253.183464677,-458.488338801,-337.014287708,-1.92501920579,-2.38413936176e-07,-3.08003072927e-08
6.495e-06,-209.232433585,-28.2557337882,-800,1,15,1.6e-08,5.2e-10,7.2e-10,1.54634607527,-104.616216792,106.162562868,-1106.31196813,-258.849530518,-462.206486945,-339.725857433,-2.52030827193,-2.40347373211e-07,-4.03249323508e-08
6.496e-06,-219.565880254,-22.6099431809,-800,1,15,1.6e-08,5.2e-10,7.2e-10,2.74281909727,-109.782940127,112.525759224,-1124.2069915,-267.983278602,-466.836860396,-343.095076249,-2.86805684787,-2.42755167406e-07,-4.58889095658e-08
6.497e-06,-199.061951543,-16.9605822015,-800,1,15,1.6e-08,5.2e-10,7.2e-10,6.77421250405,-99.5309757713,106.305188275,-1139.28383281,-278.541343282,-471.84952625,-346.738675196,-2.91961933422,-2.4536175365e-07,-4.67139093474e-08
6.498e-06,-150.600363304,-11.3085429495,-800,1,15,1.6e-08,5.2e-10,7.2e-10,13.0865075895,-75.3001816521,88.3866892416,-1148.87585889,-288.278309676,-476.661067258,-350.235234791,-2.66793571896,-2.47863754974e-07,-4.26869715034e-08
6.499e-06,-80.9874015906,-5.65471794751,-800,1,15,1.6e-08,5.2e-10,7.2e-10,20.8048888035,-40.4937007953,61.2985895988,-1151.08522993,-295.062195486,-480.716496004,-353.184354412,-2.14852308874,-2.49972577922e-07,-3.43763694198e-08
6.5e-06,5.08919857856e-11,1.76460555592e-12,-800,1,15,1.6e-08,5.2e-10,7.2e-10,28.8566074391,2.54463117244e-11,28.856607439,-1145.04952222,-297.174001847,-483.567176143,-355.262869568,-1.4344873152,-2.51454931595e-07,-2.29517970432e-08
6.501e-06,80.9874015906,5.65471794751,-800,1,15,1.6e-08,5.2e-10,7.2e-10,36.1216445135,40.4937007953,-4.3720562818,-1131.06292986,-293.549262152,-484.933806891,-356.2702215,-0.626255510338,-2.52165579583e-07,-1.00200881654e-08
6.502e-06,150.600363304,11.3085429495,-800,1,15,1.6e-08,5.2e-10,7.2e-10,41.5900126898,75.3001816522,-33.7101689624,-1110.53502319,-283.927664034,-484.745624793,-356.15660711,0.162528703105,-2.52067724892e-07,2.60045924968e-09
6.503e-06,199.061951543,16.9605822015,-800,1,15,1.6e-08,5.2e-10,7.2e-10,44.5036046504,99.5309757713,-55.0273711209,-1085.79285606,-268.889730509,-483.150317006,-355.029955624,0.820966138811,-2.51238164843e-07,1.3135458221e-08
6.504e-06,219.565880254,22.6099431809,-800,1,15,1.6e-08,5.2e-10,7.2e-10,44.4626657426,109.782940127,-65.3202743845,-1059.75421541,-249.77540851,-480.493253796,-353.140752157,1.25647754399,-2.49856491974e-07,2.01036407038e-08
6.505e-06,209.232433585,28.2557337882,-800,1,15,1.6e-08,5.2e-10,7.2e-10,41.4819371278,104.616216792,-63.1342796647,-1035.51790427,-228.495998792,-477.268956999,-350.846839662,1.40780611415,-2.48179857639e-07,2.25248978263e-08
6.506e-06,169.512913411,33.8970624876,-800,1,15,1.6e-08,5.2e-10,7.2e-10,35.9885842963,84.7564567054,-48.7678724091,-1015.92860179,-207.26584107,-474.051620556,-348.563142725,1.25362086097,-2.46506842689e-07,2.00579337755e-08
6.507e-06,105.985808302,39.5330384478,-800,1,15,1.6e-08,5.2e-10,7.2e-10,28.7622018827,52.9929041512,-24.2307022685,-1003.17741417,-188.291438403,-471.414441312,-346.703374362,0.815512515834,-2.45135509482e-07,1.30482002533e-08
6.508e-06,27.5733113842,45.162771683,-800,1,15,1.6e-08,5.2e-10,7.2e-10,20.8253209271,13.7866556921,7.03866523501,-998.494218229,-173.461682354,-469.84908983,-345.621912912,0.15496120323,-2.44321526712e-07,2.47937925169e-09
6.509e-06,-54.7117751763,50.7853731931,-800,1,15,1.6e-08,5.2e-10,7.2e-10,13.299796511,-27.3558875881,40.6556840992,-1001.97500677,-164.082685868,-469.696631313,-345.564012268,-0.635298234688,-2.44242248283e-07,-1.0164771755e-08
6.51e-06,-129.312755504,56.3999551039,-800,1,15,1.6e-08,5.2e-10,7.2e-10,7.24924569986,-64.6563777522,71.905623452,-1012.56848469,-160.694465777,-471.099598587,-346.631338251,-1.44430054789,-2.44971791265e-07,-2.31088087663e-08
6.511e-06,-185.75214361,62.0056308081,-800,1,15,1.6e-08,5.2e-10,7.2e-10,3.52966491283,-92.8760718052,96.405736718,-1028.22379832,-162.99522132,-473.981948351,-348.767671465,-2.15843479703,-2.46470613142e-07,-3.45349567524e-08
6.512e-06,-216.10319516,67.6015151043,-800,1,15,1.6e-08,5.2e-10,7.2e-10,2.66920706812,-108.05159758,110.720804648,-1046.17864986,-169.883843499,-478.059715798,-351.766784611,-2.67740065329,-2.48591052215e-07,-4.28384104526e-08
6.513e-06,-216.10319516,73.1867243377,-800,1,15,1.6e-08,5.2e-10,7.2e-10,4.79400344619,-108.05159758,112.845601026,-1063.34733206,-179.614684963,-482.880871185,-355.301387926,-2.92829526479,-2.51098053016e-07,-4.68527242367e-08
6.514e-06,-185.75214361,78.7603765389,-800,1,15,1.6e-08,5.2e-10,7.2e-10,9.61044836895,-92.8760718052,102.486520174,-1076.7541848,-190.042853404,-487.888780629,-358.969077453,-2.87585223083,-2.53702165927e-07,-4.60136356932e-08
6.515e-06,-129.312755504,84.3215915636,-800,1,15,1.6e-08,5.2e-10,7.2e-10,16.4464347605,-64.6563777522,81.1028125127,-1083.95159593,-198.925577736,-492.500358247,-362.348832831,-2.52739465059,-2.56100186289e-07,-4.04383144094e-08
6.516e-06,-54.7117751763,89.8694912315,-800,1,15,1.6e-08,5.2e-10,7.2e-10,24.3457491767,-27.3558875881,51.7016367648,-1083.36383932,-204.237321048,-496.187933419,-365.060129682,-1.93180660534,-2.58017725378e-07,-3.09089056855e-08
6.517e-06,27.5733113842,95.4031994649,-800,1,15,1.6e-08,5.2e-10,7.2e-10,32.2023688024,13.7866556921,18.4157131103,-1074.50845909,-204.454383629,-498.553335145,-366.816364425,-1.17266752634,-2.59247734275e-07,-1.87626804215e-08
6.518e-06,105.985808302,100.921842427,-800,1,15,1.6e-08,5.2e-10,7.2e-10,38.9157988022,52.9929041512,-14.077105349,-1058.06410728,-198.769024405,-499.383788597,-367.465088165,-0.356513706083,-2.59679570071e-07,-5.70421929733e-09
6.519e-06,169.512913411,106.424548661,-800,1,15,1.6e-08,5.2e-10,7.2e-10,43.5456333562,84.7564567053,-41.2108233491,-1035.7753073,-187.203028043,-498.681773345,-367.009398938,0.402124411196,-2.59314522139e-07,6.43399057914e-09
6.52e-06,209.232433585,111.910449224,-800,1,15,1.6e-08,5.2e-10,7.2e-10,45.4436327412,104.616216792,-59.1725840512,-1010.20751892,-170.60476754,-496.664649768,-365.607487825,0.996807691727,-2.58265617879e-07,1.59489230676e-08
6.521e-06,219.565880254,117.37867783,-800,1,15,1.6e-08,5.2e-10,7.2e-10,44.3447666248,109.782940127,-65.4381735023,-984.386905079,-150.530174835,-493.734106134,-363.550402702,1.34413737175,-2.5674173519e-07,2.15061979479e-08
6.522e-06,199.061951543,122.828370983,-800,1,15,1.6e-08,5.2e-10,7.2e-10,40.4044368127,99.5309757713,-59.1265389586,-961.375394215,-129.024336745,-490.419717401,-361.221152624,1.39546816337,-2.55018253049e-07,2.2327490614e-08
6.523e-06,150.600363304,128.258668111,-800,1,15,1.6e-08,5.2e-10,7.2e-10,34.1766516237,75.3001816522,-41.1235300285,-943.840719426,-108.334390397,-487.30454276,-359.040896532,1.14374033592,-2.53398362235e-07,1.82998453748e-08
6.524e-06,80.9874015906,133.66871171,-800,1,15,1.6e-08,5.2e-10,7.2e-10,26.5362172375,40.4937007953,-13.9574835578,-933.681821035,-90.5940411459,-484.943211516,-357.409773909,0.624471227141,-2.52170469988e-07,9.99153963425e-09
6.525e-06,3.12565268835e-11,139.057647469,-800,1,15,1.6e-08,5.2e-10,7.2e-10,18.5558740095,1.5628387473e-11,18.5558740095,-931.762223735,-77.5240114476,-483.78400191,-356.650687561,-0.0892330704792,-2.51567680993e-07,-1.42772912767e-09
6.526e-06,-80.9874015906,144.424624413,-800,1,15,1.6e-08,5.2e-10,7.2e-10,11.3556335903,-40.4937007953,51.8493343856,-937.788834656,-70.1904917626,-484.105856685,-356.963934044,-0.896945254396,-2.51735045476e-07,-1.43511240703e-08
6.527e-06,-150.600363304,149.768795035,-800,1,15,1.6e-08,5.2e-10,7.2e-10,5.94547700589,-75.3001816522,81.245658658,-950.3531848,-68.8555183043,-485.979181373,-358.399053793,-1.68502154166,-2.52709174314e-07,-2.69603446666e-08
6.528e-06,-199.061951542,155.089315429,-800,1,15,1.6e-08,5.2e-10,7.2e-10,3.08350628477,-99.5309757712,102.614482056,-967.129321597,-72.940291623,-489.25593108,-360.847854489,-2.34256261611,-2.54413084162e-07,-3.74810018577e-08
6.529e-06,-219.565880254,160.385345421,-800,1,15,1.6e-08,5.2e-10,7.2e-10,3.16947181309,-109.782940127,112.95241194,-985.200559143,-81.1065877994,-493.590378038,-364.059587545,-2.77698912547,-2.5666699658e-07,-4.44318260075e-08
6.53e-06,-209.232433585,165.656048708,-800,1,15,1.6e-08,5.2e-10,7.2e-10,6.18862918681,-104.616216792,110.804845979,-1001.46919501,-91.444828269,-498.487643203,-367.676146196,-2.92704419618,-2.59213574466e-07,-4.68327071389e-08
6.531e-06,-169.512913411,170.900592985,-800,1,15,1.6e-08,5.2e-10,7.2e-10,11.7138106966,-84.7564567053,96.4702674019,-1013.09165012,-101.74239441,-503.373175784,-371.282341746,-2.77139680126,-2.61754051408e-07,-4.43423488202e-08
6.532e-06,-105.985808302,176.118150077,-800,1,15,1.6e-08,5.2e-10,7.2e-10,18.965420513,-52.9929041512,71.9583246642,-1017.87791753,-109.794502889,-507.673422496,-374.464196821,-2.33163766386,-2.63990179698e-07,-3.73062026217e-08
6.533e-06,-27.5733113841,181.307896071,-800,1,15,1.6e-08,5.2e-10,7.2e-10,26.9209274259,-13.7866556921,40.7075831179,-1014.5992188,-113.71398023,-510.896356805,-376.867068504,-1.66924693062,-2.65666105539e-07,-2.670795089e-08
6.534e-06,54.7117751763,186.469011447,-800,1,15,1.6e-08,5.2e-10,7.2e-10,34.4584772078,27.3558875881,7.10258961965,-1003.1606584,-112.196429666,-512.700558067,-378.245438166,-0.876959496309,-2.66604290195e-07,-1.40313519409e-08
6.535e-06,129.312755504,191.600681204,-800,1,15,1.6e-08,5.2e-10,7.2e-10,40.514454672,64.6563777521,-24.1419230801,-984.614627432,-104.703548361,-512.943138602,-378.497375118,-0.0657406939474,-2.66730432073e-07,-1.05185110316e-09
6.536e-06,185.75214361,196.702094993,-800,1,15,1.6e-08,5.2e-10,7.2e-10,44.2328663022,92.8760718052,-48.643205503,-961.013074142,-91.5388486223,-511.699787497,-377.678833809,0.650798423698,-2.66083889498e-07,1.04127747792e-08
6.537e-06,216.10319516,201.772447241,-800,1,15,1.6e-08,5.2e-10,7.2e-10,45.0855631061,108.05159758,-62.9660344741,-935.119389296,-73.8051482687,-509.254116046,-375.995776554,1.17235738404,-2.64812140344e-07,1.87577181447e-08
6.538e-06,216.10319516,206.81093728,-800,1,15,1.6e-08,5.2e-10,7.2e-10,42.9464187526,108.05159758,-65.1051788276,-910.020371344,-53.2498004854,-506.057801241,-373.775228132,1.42603316104,-2.63150056645e-07,2.28165305767e-08
6.539e-06,185.75214361,211.816769474,-800,1,15,1.6e-08,5.2e-10,7.2e-10,38.109044891,92.8760718052,-54.7670269142,-888.692769651,-32.0194001526,-502.667125027,-371.419327567,1.37655914952,-2.61386905014e-07,2.20249463922e-08
6.54e-06,129.312755504,216.789153346,-800,1,15,1.6e-08,5.2e-10,7.2e-10,31.2455555899,64.6563777522,-33.4108221623,-873.58528351,-12.3584173987,-499.664822222,-369.348830374,1.03125821386,-2.59825707556e-07,1.65001314218e-08
6.541e-06,54.7117751762,221.727303697,-800,1,15,1.6e-08,5.2e-10,7.2e-10,23.3121723061,27.3558875881,-4.04371528202,-866.274723917,3.70591561857,-497.578213314,-367.94399622,0.43901417029,-2.58740670923e-07,7.02422672464e-09
6.542e-06,-27.5733113841,226.630440736,-800,1,15,1.6e-08,5.2e-10,7.2e-10,15.4149268864,-13.7866556921,29.2015825785,-867.244629163,14.6482080072,-496.805120153,-367.491164151,-0.316593845231,-2.5833866248e-07,-5.06550152369e-09
6.543e-06,-105.985808302,231.497790202,-800,1,15,1.6e-08,5.2e-10,7.2e-10,8.6543242148,-52.9929041512,61.647228366,-875.817427006,19.6590318429,-497.557969465,-368.142518745,-1.12902986567,-2.58730144122e-07,-1.80644778507e-08
6.544e-06,-169.512913411,236.328583483,-800,1,15,1.6e-08,5.2e-10,7.2e-10,3.97078117635,-84.7564567053,88.7272378817,-890.24967103,18.7584895394,-499.833934679,-369.894697913,-1.88376380239,-2.59913646033e-07,-3.01402208382e-08
6.545e-06,-209.232433585,241.122057741,-800,1,15,1.6e-08,5.2e-10,7.2e-10,2.01254957298,-104.616216792,106.628766365,-907.976975534,12.7932767053,-503.415309567,-372.589246823,-2.47435690729,-2.61775960975e-07,-3.95897105167e-08
6.546e-06,-219.565880254,245.87745603,-800,1,15,1.6e-08,5.2e-10,7.2e-10,3.04467282803,-109.782940127,112.827612955,-925.974248532,3.31765301898,-507.90006123,-375.934854197,-2.81741083231,-2.6410803184e-07,-4.5078573317e-08
6.547e-06,-199.061951543,250.59402742,-800,1,15,1.6e-08,5.2e-10,7.2e-10,6.91176323692,-99.5309757713,106.442739008,-941.18062923,-7.62496157452,-512.758271347,-379.548247968,-2.86428073522,-2.666343011e-07,-4.58284917635e-08
6.548e-06,-150.600363304,255.271027107,-800,1,15,1.6e-08,5.2e-10,7.2e-10,13.0598275899,-75.3001816521,88.3600092421,-950.929448742,-17.7890911607,-517.406538687,-383.008006617,-2.60790736085,-2.69051400117e-07,-4.17265177736e-08
6.549e-06,-80.9874015907,259.90771654,-800,1,15,1.6e-08,5.2e-10,7.2e-10,20.6140758214,-40.4937007953,61.1077766167,-953.322827339,-25.0426856849,-521.289893289,-385.913728555,-2.0838085523,-2.7107074451e-07,-3.33409368368e-08
6.55e-06,-1.33606223575e-11,264.503363532,-800,1,15,1.6e-08,5.2e-10,7.2e-10,28.5017846938,-6.68087807298e-12,28.5017846938,-947.498297143,-27.6666718098,-523.95971769,-387.942249395,-1.36509093713,-2.72459053199e-07,-2.1841454994e-08
6.551e-06,80.9874015906,269.057242376,-800,1,15,1.6e-08,5.2e-10,7.2e-10,35.6029606738,40.4937007953,-4.89074012148,-933.750003894,-24.596501757,-525.136731418,-388.893011552,-0.552182382601,-2.73071100337e-07,-8.83491812161e-09
6.552e-06,150.600363304,273.568633963,-800,1,15,1.6e-08,5.2e-10,7.2e-10,40.9076418504,75.3001816522,-34.3925398017,-913.487465357,-15.5717752971,-524.750192755,-388.716214172,0.241272734056,-2.72870100233e-07,3.86036374489e-09
6.553e-06,199.061951543,278.036825891,-800,1,15,1.6e-08,5.2e-10,7.2e-10,43.6577463045,99.5309757713,-55.8732294668,-889.037678598,-1.1729209081,-522.947812016,-387.519789797,0.904374472923,-2.71932862249e-07,1.44699915668e-08
6.554e-06,219.565880254,282.461112581,-800,1,15,1.6e-08,5.2e-10,7.2e-10,43.4535447502,109.782940127,-66.3293953769,-863.318369589,17.2602156753,-520.074984042,-385.554227925,1.34454282862,-2.70438991702e-07,2.15126852579e-08
6.555e-06,209.232433585,286.840795387,-800,1,15,1.6e-08,5.2e-10,7.2e-10,40.3098036799,104.616216792,-64.3064131126,-839.428276228,37.8164415416,-516.626256658,-383.177376962,1.50052024519,-2.68645653462e-07,2.40083239231e-08
6.556e-06,169.512913411,291.175182706,-800,1,15,1.6e-08,5.2e-10,7.2e-10,34.6537138756,84.7564567053,-50.1027428298,-820.21200832,58.2815314455,-513.175851205,-380.804168014,1.35097498412,-2.66851442626e-07,2.1615599746e-08
6.557e-06,105.985808302,295.463590089,-800,1,15,1.6e-08,5.2e-10,7.2e-10,27.2648952199,52.9929041512,-25.7280089313,-807.860598608,76.4491034079,-510.296993331,-378.848321684,0.917497027946,-2.65354436532e-07,1.46799524471e-08
6.558e-06,27.5733113841,299.705340345,-800,1,15,1.6e-08,5.2e-10,7.2e-10,19.1659039532,13.7866556921,5.37924826115,-803.603846279,90.4303935356,-508.481383805,-377.664224966,0.26156575379,-2.64410319579e-07,4.18505206065e-09
6.559e-06,-54.7117751762,303.899763654,-800,1,15,1.6e-08,5.2e-10,7.2e-10,11.4786203062,-27.3558875881,38.8345078943,-807.537662373,98.9194231248,-508.070119432,-377.497141468,-0.52408474194,-2.64196462105e-07,-8.38535587105e-09
6.56e-06,-129.312755504,308.046197668,-800,1,15,1.6e-08,5.2e-10,7.2e-10,5.26668643716,-64.6563777522,69.9230641894,-818.610665898,101.376316132,-509.205766029,-378.448747794,-1.32848995325,-2.64786998335e-07,-2.1255839252e-08
6.561e-06,-185.75214361,312.143987616,-800,1,15,1.6e-08,5.2e-10,7.2e-10,1.38612379958,-92.8760718052,94.2621956048,-834.771913197,98.1030206353,-511.812314674,-380.462836387,-2.03803968296,-2.66142403631e-07,-3.26086349274e-08
6.562e-06,-216.10319516,316.192486409,-800,1,15,1.6e-08,5.2e-10,7.2e-10,0.36511028201,-108.05159758,108.416707862,-853.259012381,90.2007994508,-515.605836319,-383.333192849,-2.55243434252,-2.68115034886e-07,-4.08389494803e-08
6.563e-06,-216.10319516,320.191054744,-800,1,15,1.6e-08,5.2e-10,7.2e-10,2.32980206798,-108.05159758,110.381399648,-870.986158026,79.4154602296,-520.134338354,-386.732541377,-2.79877181818,-2.70469855944e-07,-4.47803490909e-08
6.564e-06,-185.75214361,324.1390612,-800,1,15,1.6e-08,5.2e-10,7.2e-10,6.98661831129,-92.8760718052,99.8626901165,-884.977587786,67.8920620324,-524.841225398,-390.258493024,-2.74178644521,-2.72917437207e-07,-4.38685831233e-08
6.565e-06,-129.312755504,328.03588234,-800,1,15,1.6e-08,5.2e-10,7.2e-10,13.6634766927,-64.6563777522,78.3198544448,-892.785583226,57.8735491249,-529.143451436,-393.490043496,-2.38880205646,-2.75154594747e-07,-3.82208329033e-08
6.566e-06,-54.7117751763,331.880902811,-800,1,15,1.6e-08,5.2e-10,7.2e-10,21.4041884454,-27.3558875882,48.7600760336,-892.834307897,51.3856379994,-532.513387066,-396.046685532,-1.78870346442,-2.76906961274e-07,-2.86192554308e-08
6.567e-06,27.5733113842,335.673515441,-800,1,15,1.6e-08,5.2e-10,7.2e-10,29.1027553491,13.7866556921,15.316099657,-884.64119159,49.9522143189,-534.552903864,-397.641833713,-1.02507082906,-2.77967510009e-07,-1.64011332649e-08
6.568e-06,105.985808302,339.413121331,-800,1,15,1.6e-08,5.2e-10,7.2e-10,35.6587070758,52.9929041512,-17.3341970753,-868.88476802,54.3812114527,-535.049270915,-398.123058353,-0.204441168889,-2.78225620876e-07,-3.27105870223e-09
6.569e-06,169.512913411,343.099129955,-800,1,15,1.6e-08,5.2e-10,7.2e-10,40.1316622228,84.7564567053,-44.6247944825,-847.309438308,64.6510433419,-534.005013041,-397.493477735,0.558654348569,-2.77682606781e-07,8.9384695771e-09
6.57e-06,209.232433585,346.730959249,-800,1,15,1.6e-08,5.2e-10,7.2e-10,41.8734053889,104.616216792,-62.7428114036,-822.480535958,79.9135418768,-531.637537204,-395.911304231,1.15777586916,-2.76451519346e-07,1.85244139066e-08
6.571e-06,219.565880254,350.308035705,-800,1,15,1.6e-08,5.2e-10,7.2e-10,40.6189304658,109.782940127,-69.1640096613,-797.424093697,98.6129862543,-528.348579573,-393.667608038,1.50952391175,-2.74741261378e-07,2.41523825879e-08
6.572e-06,199.061951543,353.829794461,-800,1,15,1.6e-08,5.2e-10,7.2e-10,36.5236633809,99.5309757713,-63.0073123904,-775.20190586,118.704507011,-524.667764324,-391.145421565,1.56525247416,-2.72827237448e-07,2.50440395865e-08
6.573e-06,150.600363304,357.295679392,-800,1,15,1.6e-08,5.2e-10,7.2e-10,30.1416364685,75.3001816522,-45.1585451836,-758.481567528,137.941190551,-521.178201172,-388.765928137,1.31790111467,-2.7101266461e-07,2.10864178347e-08
6.574e-06,80.9874015906,360.705143192,-800,1,15,1.6e-08,5.2e-10,7.2e-10,22.3476798144,40.4937007953,-18.146020981,-749.161877137,154.189561199,-518.434571245,-386.929292643,0.802986463308,-2.69585977048e-07,1.28477834129e-08
6.575e-06,-4.53528216849e-12,364.057647469,-800,1,15,1.6e-08,5.2e-10,7.2e-10,14.2145575657,-2.26751950549e-12,14.2145575657,-748.10621364,165.729132285,-516.885205897,-385.958444314,0.0936139083056,-2.68780307066e-07,1.49782253289e-09
6.576e-06,-80.9874015906,367.352662823,-800,1,15,1.6e-08,5.2e-10,7.2e-10,6.86230504801,-40.4937007953,47.3560058433,-755.021334596,171.493955208,-516.809102266,-386.053707151,-0.709789948498,-2.68740733178e-07,-1.1356639176e-08
6.577e-06,-150.600363304,370.589668933,-800,1,15,1.6e-08,5.2e-10,7.2e-10,1.30092684123,-75.3001816522,76.6011084934,-768.498617634,171.22224165,-518.276721553,-387.264650039,-1.49358202119,-2.69503895207e-07,-2.3897312339e-08
6.578e-06,-199.061951543,373.768154638,-800,1,15,1.6e-08,5.2e-10,7.2e-10,-1.71145159742,-99.5309757713,97.8195241738,-786.211953025,165.493044947,-521.140075795,-389.483110122,-2.14686368684,-2.70992839414e-07,-3.43498189895e-08
6.579e-06,-219.565880254,376.887618019,-800,1,15,1.6e-08,5.2e-10,7.2e-10,-1.7750565813,-109.782940127,108.007883546,-805.244493951,155.644848861,-525.053495415,-392.458369276,-2.57705628255,-2.73027817616e-07,-4.12329005208e-08
6.58e-06,-209.232433585,379.947566476,-800,1,15,1.6e-08,5.2e-10,7.2e-10,1.09539065374,-104.616216792,105.711607446,-822.498373341,143.587497714,-529.522160804,-395.832352196,-2.72290362011,-2.75351523618e-07,-4.35664579218e-08
6.581e-06,-169.512913411,382.947516808,-800,1,15,1.6e-08,5.2e-10,7.2e-10,6.47274543078,-84.7564567053,91.2292021361,-835.129843762,131.533881756,-533.971581843,-399.189902641,-2.56307535379,-2.77665222558e-07,-4.10092056607e-08
6.582e-06,-105.985808302,385.886995287,-800,1,15,1.6e-08,5.2e-10,7.2e-10,13.5774348134,-52.9929041512,66.5703389645,-840.948726251,121.689061776,-537.828267146,-402.117076674,-2.11916288376,-2.79670698916e-07,-3.39066061402e-08
6.583e-06,-27.5733113841,388.765537737,-800,1,15,1.6e-08,5.2e-10,7.2e-10,21.3869503412,-13.7866556921,35.1736060332,-838.726066678,115.940494492,-540.600253298,-404.259265805,-1.45264702938,-2.81112131715e-07,-2.32423524701e-08
6.584e-06,54.7117751763,391.582689601,-800,1,15,1.6e-08,5.2e-10,7.2e-10,28.7794603901,27.3558875882,1.42357280191,-828.366790209,115.592865653,-541.946183979,-405.370986803,-0.656263353675,-2.81812015669e-07,-1.05002136588e-08
6.585e-06,129.312755504,394.33800602,-800,1,15,1.6e-08,5.2e-10,7.2e-10,34.6913722262,64.6563777522,-29.9650055259,-810.923105054,121.184772773,-541.723237032,-405.350345349,0.159022146581,-2.81696083257e-07,2.5443543453e-09
6.586e-06,185.75214361,397.031051896,-800,1,15,1.6e-08,5.2e-10,7.2e-10,38.2667146325,92.8760718052,-54.6093571727,-788.446772985,132.413003869,-540.007168254,-404.253333231,0.879597759528,-2.80803727492e-07,1.40735641524e-08
6.587e-06,216.10319516,399.661401966,-800,1,15,1.6e-08,5.2e-10,7.2e-10,38.9773607586,108.05159758,-69.0742368215,-763.700994765,148.175047046,-537.081656827,-402.285951058,1.40516235823,-2.7928246155e-07,2.24825977317e-08
6.588e-06,216.10319516,402.228640868,-800,1,15,1.6e-08,5.2e-10,7.2e-10,36.6972062547,108.05159758,-71.3543913255,-739.772375332,166.723860599,-533.398448793,-399.775262858,1.66281226714,-2.77367193373e-07,2.66049962743e-08
6.589e-06,185.75214361,404.732363205,-800,1,15,1.6e-08,5.2e-10,7.2e-10,31.719884587,92.8760718052,-61.1561872183,-719.637467064,185.913166628,-529.513896308,-397.123447854,1.61728023653,-2.7534722608e-07,2.58764837845e-08
6.59e-06,129.312755504,407.17217361,-800,1,15,1.6e-08,5.2e-10,7.2e-10,24.7175314733,64.6563777522,-39.9388462789,-705.744768819,203.498817438,-526.010805538,-394.751302697,1.2758884913,-2.7352561888e-07,2.04142158607e-08
6.591e-06,54.7117751763,409.547686808,-800,1,15,1.6e-08,5.2e-10,7.2e-10,16.6463898485,27.3558875881,-10.7094977397,-699.670887745,217.453908709,-523.416569458,-393.039129127,0.687520213317,-2.72176616118e-07,1.10003234131e-08
6.592e-06,-27.5733113841,411.858527679,-800,1,15,1.6e-08,5.2e-10,7.2e-10,8.61251286307,-13.7866556921,22.3991685551,-701.899154903,226.253382735,-522.129083522,-392.273309191,-0.0642460905292,-2.71507123431e-07,-1.02793744847e-09
6.593e-06,-105.985808302,414.104331315,-800,1,15,1.6e-08,5.2e-10,7.2e-10,1.71642652704,-52.9929041512,54.7093306782,-711.75178747,229.088150076,-522.360849171,-392.606071387,-0.872875076939,-2.71627641569e-07,-1.3966001231e-08
6.594e-06,-169.512913411,416.284743076,-800,1,15,1.6e-08,5.2e-10,7.2e-10,-3.10143133014,-84.7564567053,81.6550253752,-727.485125139,225.978656877,-524.109115647,-394.034098461,-1.62383727555,-2.72536740136e-07,-2.59813964088e-08
6.595e-06,-209.232433585,418.39941865,-800,1,15,1.6e-08,5.2e-10,7.2e-10,-5.19278814613,-104.616216792,99.4234286463,-746.534565028,217.771947665,-527.15625362,-396.398981324,-2.21069455099,-2.74121251883e-07,-3.53711128158e-08
6.596e-06,-219.565880254,420.448024105,-800,1,15,1.6e-08,5.2e-10,7.2e-10,-4.29257992522,-109.782940127,105.490360202,-765.874794727,206.022636173,-531.100308165,-399.409455341,-2.55004916226,-2.76172160246e-07,-4.08007865962e-08
6.597e-06,-199.061951543,422.430235944,-800,1,15,1.6e-08,5.2e-10,7.2e-10,-0.556173990531,-99.5309757713,98.9748017807,-782.444729804,192.774501479,-535.411439992,-402.682295978,-2.59325686847,-2.78413948796e-07,-4.14921098955e-08
6.598e-06,-150.600363304,424.345741152,-800,1,15,1.6e-08,5.2e-10,7.2e-10,5.46245663535,-75.3001816522,80.7626382875,-793.577474557,180.273383654,-539.506327954,-405.796130137,-2.33325900994,-2.80543290536e-07,-3.73321441591e-08
6.599e-06,-80.9874015906,426.194237248,-800,1,15,1.6e-08,5.2e-10,7.2e-10,12.8885418769,-40.4937007953,53.3822426722,-797.374919298,170.651701875,-542.830083208,-408.350605526,-1.80557401932,-2.82271643268e-07,-2.88891843091e-08
6.6e-06,2.24311866945e-11,427.975432333,-800,1,15,1.6e-08,5.2e-10,7.2e-10,20.6493782856,1.1215917084e-11,20.6493782856,-792.974363085,165.628903505,-544.934170432,-410.022607922,-1.08330910769,-2.83365768625e-07,-1.73329457231e-08
6.601e-06,80.9874015906,429.689045136,-800,1,15,1.6e-08,5.2e-10,7.2e-10,27.6249919139,40.4937007953,-12.8687088814,-780.669715526,166.2699152,-545.539392306,-410.61163077,-0.266892719732,-2.83680483999e-07,-4.27028351572e-09
6.602e-06,150.600363304,431.334805058,-800,1,15,1.6e-08,5.2e-10,7.2e-10,32.8054402299,75.3001816522,-42.4947414223,-761.870255219,172.835520851,-544.575091263,-410.067925099,0.530030196138,-2.83179047457e-07,8.4804831382e-09
6.603e-06,199.061951543,432.912452214,-800,1,15,1.6e-08,5.2e-10,7.2e-10,35.4326604832,99.5309757713,-64.0983152881,-738.902737074,184.745680372,-542.189062748,-408.499476175,1.19655913511,-2.81938312629e-07,1.91449461617e-08
6.604e-06,219.565880254,434.421737475,-800,1,15,1.6e-08,5.2e-10,7.2e-10,35.1069423445,109.782940127,-74.6759977826,-714.684641946,200.660941083,-538.726787708,-406.156827061,1.6401135333,-2.80137929608e-07,2.62418165327e-08
6.605e-06,209.232433585,435.862422508,-800,1,15,1.6e-08,5.2e-10,7.2e-10,31.8430710466,104.616216792,-72.7731457459,-692.314459705,218.670507734,-534.682901028,-403.397880555,1.79943528273,-2.78035108535e-07,2.87909645237e-08
6.606e-06,169.512913411,437.234279812,-800,1,15,1.6e-08,5.2e-10,7.2e-10,26.0682558931,84.7564567053,-58.6882008122,-674.636549243,236.56055728,-530.631712052,-400.637622976,1.65319209943,-2.75928490267e-07,2.64510735909e-08
6.607e-06,105.985808302,438.537092754,-800,1,15,1.6e-08,5.2e-10,7.2e-10,18.5621350667,52.9929041512,-34.4307690845,-663.841689557,252.125114423,-527.146535361,-398.289830951,1.22297342713,-2.74116198387e-07,1.95675748341e-08
6.608e-06,27.5733113842,439.770655606,-800,1,15,1.6e-08,5.2e-10,7.2e-10,10.3472828833,13.7866556921,-3.43937280877,-661.159423288,263.475826359,-524.719161571,-396.708948299,0.570258110909,-2.72853964017e-07,9.12412977455e-09
6.609e-06,-54.7117751762,440.934773573,-800,1,15,1.6e-08,5.2e-10,7.2e-10,2.54559742131,-27.3558875881,29.9014850094,-666.685402171,269.307129827,-523.690778236,-396.140296248,-0.212220278076,-2.72319204683e-07,-3.39552444922e-09
6.61e-06,-129.312755504,442.029262828,-800,1,15,1.6e-08,5.2e-10,7.2e-10,-3.77926154285,-64.6563777522,60.8771162093,-679.367983194,269.079568507,-524.204042808,-396.685609805,-1.01349775216,-2.7258610226e-07,-1.62159640345e-08
6.611e-06,-185.75214361,443.053950538,-800,1,15,1.6e-08,5.2e-10,7.2e-10,-7.77125517129,-92.8760718052,85.1048166339,-697.155958002,263.095514416,-526.183038872,-398.288740593,-1.71996462551,-2.73615180213e-07,-2.75194340081e-08
6.612e-06,-216.10319516,444.008674894,-800,1,15,1.6e-08,5.2e-10,7.2e-10,-8.90218842623,-108.05159758,99.1494091539,-717.286667378,252.456658461,-529.343930744,-400.743534158,-2.23132181384,-2.75258843987e-07,-3.57011490214e-08
6.613e-06,-216.10319516,444.893285132,-800,1,15,1.6e-08,5.2e-10,7.2e-10,-7.04588821371,-108.05159758,101.005709366,-736.674035974,238.909240465,-533.234820023,-403.722775398,-2.47466770054,-2.77282106412e-07,-3.95946832086e-08
6.614e-06,-185.75214361,445.707641563,-800,1,15,1.6e-08,5.2e-10,7.2e-10,-2.49591871046,-92.8760718052,90.3801530947,-752.342028973,224.598755673,-537.299206361,-406.824136813,-2.41473711076,-2.79395587308e-07,-3.86357937721e-08
6.615e-06,-129.312755504,446.451615592,-800,1,15,1.6e-08,5.2e-10,7.2e-10,4.07565418975,-64.6563777522,68.7320319419,-761.842652964,211.768588482,-540.954139591,-409.626676294,-2.05885435995,-2.81296152587e-07,-3.29416697592e-08
6.616e-06,-54.7117751763,447.125089734,-800,1,15,1.6e-08,5.2e-10,7.2e-10,11.7126578998,-27.3558875881,39.0685454879,-763.599794058,202.44489939,-543.672086958,-411.749949491,-1.45590473582,-2.82709485218e-07,-2.32944757731e-08
6.617e-06,27.5733113842,447.727957642,-800,1,15,1.6e-08,5.2e-10,7.2e-10,19.3091101293,13.7866556921,5.52245443721,-757.130602188,198.152021872,-545.055017463,-412.907434614,-0.689468866059,-2.83428609081e-07,-1.10315018569e-08
6.618e-06,105.985808302,448.260124114,-800,1,15,1.6e-08,5.2e-10,7.2e-10,25.7645562297,52.9929041512,-27.2283479215,-743.113328834,199.698340843,-544.890298387,-412.946766312,0.133915770567,-2.83342955161e-07,2.14265232907e-09
6.619e-06,169.512913411,448.721505117,-800,1,15,1.6e-08,5.2e-10,7.2e-10,30.1386302232,84.7564567053,-54.6178264821,-723.292090554,207.062725454,-543.180553498,-411.871127903,0.899717553938,-2.82453887819e-07,1.4395480863e-08
6.62e-06,209.232433585,449.112027793,-800,1,15,1.6e-08,5.2e-10,7.2e-10,31.7831318775,104.616216792,-72.833084915,-700.231934003,219.397466394,-540.143289438,-409.838797477,1.50149618496,-2.80874510508e-07,2.40239389594e-08
6.621e-06,219.565880254,449.431630473,-800,1,15,1.6e-08,5.2e-10,7.2e-10,30.4330699945,109.782940127,-79.3498701326,-676.95860282,235.147305182,-536.180342779,-407.140911627,1.85585174529,-2.78813778245e-07,2.96936279246e-08
6.622e-06,199.061951543,449.680262688,-800,1,15,1.6e-08,5.2e-10,7.2e-10,26.2438851504,99.5309757713,-73.2870906208,-656.533600055,252.26783812,-531.821438803,-404.160569824,1.91413780339,-2.76547148177e-07,3.06262048542e-08
6.623e-06,150.600363304,449.857885177,-800,1,15,1.6e-08,5.2e-10,7.2e-10,19.7696240656,75.3001816522,-55.5305575866,-641.624227358,268.512620749,-527.649789017,-401.31902311,1.66929349604,-2.74377890289e-07,2.67086959366e-08
6.624e-06,80.9874015906,449.964469892,-800,1,15,1.6e-08,5.2e-10,7.2e-10,11.8851309456,40.4937007953,-28.6085698497,-634.128987631,281.748649831,-524.220177016,-399.016504735,1.15683503972,-2.72594492048e-07,1.85093606355e-08
6.625e-06,5.97173259746e-11,450,-800,1,15,1.6e-08,5.2e-10,7.2e-10,3.66318379021,2.98587821135e-11,3.66318379018,-634.910962236,290.255914357,-521.981037274,-397.576012926,0.449867417137,-2.71430139382e-07,7.19787867419e-09
6.626e-06,-80.9874015907,449.964469892,-800,1,15,1.6e-08,5.2e-10,7.2e-10,-3.77616849322,-40.4937007953,36.7175323021,-643.676609135,292.968944537,-521.21147069,-397.1979413,-0.351183167316,-2.71029964759e-07,-5.61893067706e-09
6.627e-06,-150.600363304,449.857885177,-800,1,15,1.6e-08,5.2e-10,7.2e-10,-9.42290801438,-75.3001816521,65.8772736378,-659.017004395,289.626433931,-521.982042851,-397.931928974,-1.13267401703,-2.71430662283e-07,-1.81227842725e-08
6.628e-06,-199.061951543,449.680262688,-800,1,15,1.6e-08,5.2e-10,7.2e-10,-12.5188962806,-99.5309757713,87.0120794907,-678.605734816,280.807920758,-524.144870784,-399.669883922,-1.78370689018,-2.72555332808e-07,-2.85393102428e-08
6.629e-06,-219.565880254,449.431630473,-800,1,15,1.6e-08,5.2e-10,7.2e-10,-12.6643468455,-109.782940127,97.1185932816,-699.52564824,267.852376579,-527.354390491,-402.16115944,-2.21170349669,-2.74224283055e-07,-3.5387255947e-08
6.63e-06,-209.232433585,449.112027793,-800,1,15,1.6e-08,5.2e-10,7.2e-10,-9.87396846398,-104.616216792,94.7422483285,-718.678570437,252.670136359,-531.115888518,-405.04775222,-2.35540801286,-2.76180262029e-07,-3.76865282058e-08
6.631e-06,-169.512913411,448.721505117,-800,1,15,1.6e-08,5.2e-10,7.2e-10,-4.57489361208,-84.7564567053,80.1815630932,-733.220445049,237.474583756,-534.854981455,-407.914578587,-2.1934904491,-2.78124590357e-07,-3.50958471856e-08
6.632e-06,-105.985808302,448.260124114,-800,1,15,1.6e-08,5.2e-10,7.2e-10,2.45331669215,-52.9929041512,55.4462208434,-740.960782466,224.471275658,-537.998285168,-410.347767726,-1.74754255324,-2.79759108287e-07,-2.79606808519e-08
6.633e-06,-27.5733113841,447.727957642,-800,1,15,1.6e-08,5.2e-10,7.2e-10,10.1881656232,-13.786655692,23.9748213152,-740.670316238,215.548167489,-540.053944013,-411.992784809,-1.07904548387,-2.80828050887e-07,-1.72647277419e-08
6.634e-06,54.7117751763,447.125089734,-800,1,15,1.6e-08,5.2e-10,7.2e-10,17.507832905,27.3558875881,-9.84805468309,-732.253657591,212.010446238,-540.680709948,-412.604220801,-0.280735134634,-2.81153969173e-07,-4.49176215415e-09
6.635e-06,129.312755504,446.451615592,-800,1,15,1.6e-08,5.2e-10,7.2e-10,23.3487368651,64.6563777522,-41.3076408871,-716.762699222,214.397213106,-539.735869584,-412.080256103,0.536422175636,-2.80662652183e-07,8.58275481018e-09
6.636e-06,185.75214361,445.707641563,-800,1,15,1.6e-08,5.2e-10,7.2e-10,26.8549170573,92.8760718052,-66.0211547479,-696.248885864,222.405762174,-537.295287953,-410.476957726,1.25881442169,-2.79393549736e-07,2.0141030747e-08
6.637e-06,216.10319516,444.893285132,-800,1,15,1.6e-08,5.2e-10,7.2e-10,27.4982571117,108.05159758,-80.5533404684,-673.475099771,234.934089903,-533.642753932,-408.000402002,1.78614017189,-2.77494232045e-07,2.85782427503e-08
6.638e-06,216.10319516,444.008674894,-800,1,15,1.6e-08,5.2e-10,7.2e-10,25.1526628657,108.05159758,-82.8989347144,-651.52762595,250.235665152,-529.23012369,-404.977729166,2.04549545476,-2.75199664319e-07,3.27279272762e-08
6.639e-06,185.75214361,443.053950538,-800,1,15,1.6e-08,5.2e-10,7.2e-10,20.1117776787,92.8760718052,-72.7642941265,-633.382695473,266.164722719,-524.613859929,-401.811195121,2.00161273341,-2.72799207163e-07,3.20258037346e-08
6.64e-06,129.312755504,442.029262828,-800,1,15,1.6e-08,5.2e-10,7.2e-10,13.0477468652,64.6563777522,-51.6086308869,-621.488484572,280.477629661,-520.376879768,-398.921673659,1.66181395444,-2.70595977479e-07,2.6589023271e-08
6.641e-06,54.7117751763,440.934773573,-800,1,15,1.6e-08,5.2e-10,7.2e-10,4.91682265991,27.3558875881,-22.4390649282,-617.421276498,291.147998374,-517.046687512,-396.689544108,1.07498203029,-2.68864277506e-07,1.71997124847e-08
6.642e-06,-27.5733113842,439.770655606,-800,1,15,1.6e-08,5.2e-10,7.2e-10,-3.17493278632,-13.7866556921,10.6117229058,-621.664077196,296.651289759,-515.021290317,-395.401266539,0.324695207366,-2.67811070965e-07,5.19512331786e-09
6.643e-06,-105.985808302,438.537092754,-800,1,15,1.6e-08,5.2e-10,7.2e-10,-10.1269847633,-52.9929041512,42.8659193879,-633.538777557,296.178934787,-514.513301673,-395.209147901,-0.482511422562,-2.6754691687e-07,-7.72018276099e-09
6.644e-06,-169.512913411,437.234279812,-800,1,15,1.6e-08,5.2e-10,7.2e-10,-14.9988870429,-84.7564567053,69.7575696624,-651.301389873,289.751901739,-515.520083201,-396.1099498,-1.23210863164,-2.68070443265e-07,-1.97137381062e-08
6.645e-06,-209.232433585,435.862422508,-800,1,15,1.6e-08,5.2e-10,7.2e-10,-17.1423589678,-104.616216792,87.4738578247,-672.386982794,278.217758917,-517.824118267,-397.945342404,-1.81765851796,-2.69268541499e-07,-2.90825362874e-08
6.646e-06,-219.565880254,434.421737475,-800,1,15,1.6e-08,5.2e-10,7.2e-10,-16.2923287509,-109.782940127,93.4906113762,-693.76991443,263.131645391,-521.023564932,-400.424140726,-2.15576356491,-2.70932253765e-07,-3.44922170385e-08
6.647e-06,-199.061951543,432.912452214,-800,1,15,1.6e-08,5.2e-10,7.2e-10,-12.6041562299,-99.5309757713,86.9268195414,-712.388769907,246.53786705,-524.588697175,-403.16320025,-2.19777974683,-2.72786122531e-07,-3.51644759493e-08
6.648e-06,-150.600363304,431.334805058,-800,1,15,1.6e-08,5.2e-10,7.2e-10,-6.63180724867,-75.3001816521,68.6683744035,-725.576322173,230.682792167,-527.936307375,-405.741228259,-1.93664861018,-2.74526879835e-07,-3.09863777628e-08
6.649e-06,-80.9874015907,429.689045136,-800,1,15,1.6e-08,5.2e-10,7.2e-10,0.749954988066,-40.4937007953,41.2436557834,-731.43412933,217.69936943,-530.511620457,-407.75795319,-1.40788878448,-2.75866042638e-07,-2.25262205518e-08
6.65e-06,5.82229957465e-11,427.975432333,-800,1,15,1.6e-08,5.2e-10,7.2e-10,8.46843359407,2.91118240625e-11,8.46843359404,-729.099157424,209.307576943,-531.866215092,-408.890341885,-0.684607668549,-2.76570431848e-07,-1.09537226968e-08
6.651e-06,80.9874015906,426.194237248,-800,1,15,1.6e-08,5.2e-10,7.2e-10,15.4036608735,40.4937007953,-25.0900399218,-718.864982299,206.572873238,-531.721008158,-408.937969177,0.132766114518,-2.76494924242e-07,2.12425783228e-09
6.652e-06,150.600363304,424.345741152,-800,1,15,1.6e-08,5.2e-10,7.2e-10,20.5457002353,75.3001816522,-54.7544814169,-702.140548088,209.756575144,-530.005456473,-407.851167791,0.930587447128,-2.75602837366e-07,1.4889399154e-08
6.653e-06,199.061951543,422.430235944,-800,1,15,1.6e-08,5.2e-10,7.2e-10,23.1364945586,99.5309757713,-76.3944812127,-681.252274588,218.279176484,-526.867470039,-405.738004989,1.59795566461,-2.7397108442e-07,2.55672906337e-08
6.654e-06,219.565880254,420.448024105,-800,1,15,1.6e-08,5.2e-10,7.2e-10,22.7763388301,109.782940127,-87.0066012971,-659.117306951,230.801759379,-522.652644507,-402.849106112,2.04229005254,-2.71779375144e-07,3.26766408407e-08
6.655e-06,209.232433585,418.39941865,-800,1,15,1.6e-08,5.2e-10,7.2e-10,19.4800232853,104.616216792,-85.1361935071,-638.8337988,245.414064182,-517.855729604,-399.54245651,2.20233236178,-2.69284979394e-07,3.52373177885e-08
6.656e-06,169.512913411,416.284743076,-800,1,15,1.6e-08,5.2e-10,7.2e-10,13.6747619164,84.7564567054,-71.081694789,-623.245772294,259.902804173,-513.051149629,-396.233125309,2.05675017655,-2.66786597807e-07,3.29080028248e-08
6.657e-06,105.985808302,414.104331315,-800,1,15,1.6e-08,5.2e-10,7.2e-10,6.14019727892,52.9929041512,-46.8527068722,-614.54366926,272.062541012,-508.812334216,-393.334972187,1.62713281818,-2.64582413793e-07,2.60341250908e-08
6.658e-06,27.5733113842,411.858527679,-800,1,15,1.6e-08,5.2e-10,7.2e-10,-2.10109225367,13.7866556921,-15.8877479458,-613.95669479,280.005459407,-505.631189113,-391.202524251,0.974959018745,-2.62928218339e-07,1.55993442999e-08
6.659e-06,-54.7117751763,409.547686808,-800,1,15,1.6e-08,5.2e-10,7.2e-10,-9.92720486223,-27.3558875881,17.4286827259,-621.580162739,282.426534072,-503.849017064,-390.081186231,0.192962245869,-2.62001488873e-07,3.0873959339e-09
6.66e-06,-129.312755504,407.17217361,-800,1,15,1.6e-08,5.2e-10,7.2e-10,-16.2744773464,-64.6563777522,48.3819004058,-636.362091943,278.786847044,-503.608590754,-390.072776843,-0.607893606884,-2.61876467192e-07,-9.72629771015e-09
6.661e-06,-185.75214361,404.732363205,-800,1,15,1.6e-08,5.2e-10,7.2e-10,-20.2868677621,-92.8760718052,72.5892040431,-656.25093567,269.389308994,-504.834109029,-391.121231611,-1.31399893832,-2.62513736695e-07,-2.10239830131e-08
6.662e-06,-216.10319516,402.228640868,-800,1,15,1.6e-08,5.2e-10,7.2e-10,-21.4361782835,-108.05159758,86.6154192967,-678.483696159,255.336149691,-507.241851468,-393.020480162,-1.8250547393,-2.63765762763e-07,-2.92008758288e-08
6.663e-06,-216.10319516,399.661401966,-800,1,15,1.6e-08,5.2e-10,7.2e-10,-19.5962333468,-108.05159758,88.4553642334,-699.973959404,238.374147948,-510.38003492,-395.443391639,-2.06815945888,-2.65397618158e-07,-3.3090551342e-08
6.664e-06,-185.75214361,397.031051896,-800,1,15,1.6e-08,5.2e-10,7.2e-10,-15.0605949781,-92.8760718052,77.8154768272,-717.745351867,220.649338041,-513.692274261,-397.987722942,-2.00804797836,-2.67119982616e-07,-3.21287676537e-08
6.665e-06,-129.312755504,394.33800602,-800,1,15,1.6e-08,5.2e-10,7.2e-10,-8.50132723944,-64.6563777522,56.1550505127,-729.349541409,204.405643352,-516.595734493,-400.232616497,-1.65204465983,-2.68629781937e-07,-2.64327145573e-08
6.666e-06,-54.7117751762,391.582689601,-800,1,15,1.6e-08,5.2e-10,7.2e-10,-0.874601206222,-27.3558875881,26.4812863819,-733.210075456,191.669763234,-518.562997969,-401.797712618,-1.04903482813,-2.69652758944e-07,-1.67845572501e-08
6.667e-06,27.5733113842,388.765537737,-800,1,15,1.6e-08,5.2e-10,7.2e-10,6.71360202365,13.7866556921,-7.07305366845,-728.843765358,183.966569805,-519.196148708,-402.39657429,-0.282599138552,-2.69981997328e-07,-4.52158621684e-09
6.668e-06,105.985808302,385.886995287,-800,1,15,1.6e-08,5.2e-10,7.2e-10,13.1628286738,52.9929041512,-39.8300754773,-716.928524161,182.104986319,-518.282668909,-401.876921035,0.540724912077,-2.69506987833e-07,8.65159859323e-09
6.669e-06,169.512913411,382.947516808,-800,1,15,1.6e-08,5.2e-10,7.2e-10,17.5327133188,84.7564567053,-67.2237433865,-699.208130196,186.064419885,-515.825297133,-400.242021132,1.3064056951,-2.68229154509e-07,2.09024911216e-08
6.67e-06,209.232433585,379.947566476,-800,1,15,1.6e-08,5.2e-10,7.2e-10,19.1750559584,104.616216792,-85.441160834,-678.24729215,194.997698681,-512.041654678,-397.6502377,1.90800291243,-2.66261660432e-07,3.05280465988e-08
6.671e-06,219.565880254,376.887618019,-800,1,15,1.6e-08,5.2e-10,7.2e-10,17.8248653064,109.782940127,-91.9580748207,-657.071416003,207.350101156,-507.333692612,-394.392792424,2.26211665624,-2.63813520158e-07,3.61938664999e-08
6.672e-06,199.061951543,373.768154638,-800,1,15,1.6e-08,5.2e-10,7.2e-10,13.6375815309,99.5309757713,-85.8933942403,-638.741667518,221.077759906,-502.231250538,-390.852869909,2.32010051509,-2.6116025028e-07,3.71216082414e-08
6.673e-06,150.600363304,370.589668933,-800,1,15,1.6e-08,5.2e-10,7.2e-10,7.1672506238,75.3001816522,-68.1329310284,-625.925011469,233.934766042,-497.31765409,-387.451806362,2.07489365533,-2.58605180127e-07,3.31982984853e-08
6.674e-06,80.9874015906,367.352662823,-800,1,15,1.6e-08,5.2e-10,7.2e-10,-0.711284257761,40.4937007953,-41.204985053,-620.519614357,243.788651087,-493.147800777,-384.58992022,1.56201233259,-2.56436856404e-07,2.49921973214e-08
6.675e-06,2.39255169226e-11,364.057647469,-800,1,15,1.6e-08,5.2e-10,7.2e-10,-8.92524648201,1.19628751349e-11,-8.92524648202,-623.388221668,248.9199379,-490.170238758,-382.590294898,0.854561578212,-2.54888524154e-07,1.36729852514e-08
6.676e-06,-80.9874015906,360.705143192,-800,1,15,1.6e-08,5.2e-10,7.2e-10,-16.3545888292,-40.4937007953,24.1391119661,-634.236956065,248.263689579,-488.664182367,-381.653409193,0.0529676547487,-2.54105374831e-07,8.47482475979e-10
6.677e-06,-150.600363304,357.295679392,-800,1,15,1.6e-08,5.2e-10,7.2e-10,-21.9892954165,-75.3001816522,53.3108862357,-651.656558947,241.559131516,-488.700310359,-381.828987381,-0.729126673525,-2.54124161387e-07,-1.16660267764e-08
6.678e-06,-199.061951543,353.829794461,-800,1,15,1.6e-08,5.2e-10,7.2e-10,-25.0712300769,-99.5309757713,74.4597456944,-673.320283127,229.386332613,-490.130852648,-383.009022558,-1.38082308763,-2.54868043377e-07,-2.20931694021e-08
6.679e-06,-219.565880254,350.308035705,-800,1,15,1.6e-08,5.2e-10,7.2e-10,-25.2006090088,-109.782940127,84.5823311183,-696.310643199,213.084793885,-492.610357819,-384.942953091,-1.80954321085,-2.56157386066e-07,-2.89526913737e-08
6.68e-06,-209.232433585,346.730959249,-800,1,15,1.6e-08,5.2e-10,7.2e-10,-22.39214393,-104.616216792,82.2240728624,-717.529132472,194.565378439,-495.644224681,-387.272860686,-1.9540311234,-2.57734996834e-07,-3.12644979743e-08
6.681e-06,-169.512913411,343.099129955,-800,1,15,1.6e-08,5.2e-10,7.2e-10,-17.0729705973,-84.7564567053,67.683486108,-734.131362968,176.041996679,-498.658181751,-389.5837466,-1.79295673009,-2.5930225451e-07,-2.86873076815e-08
6.682e-06,-105.985808302,339.413121331,-800,1,15,1.6e-08,5.2e-10,7.2e-10,-10.0226536263,-52.9929041512,42.9702505249,-743.92651435,159.720730759,-501.078956463,-391.461824862,-1.3479116638,-2.60561057361e-07,-2.15665866208e-08
6.683e-06,-27.5733113841,335.673515441,-800,1,15,1.6e-08,5.2e-10,7.2e-10,-2.2636937574,-13.7866556921,11.5229619347,-745.684990386,147.490059808,-502.414804373,-392.552645388,-0.680376958669,-2.61255698274e-07,-1.08860313387e-08
6.684e-06,54.7117751763,331.880902811,-800,1,15,1.6e-08,5.2e-10,7.2e-10,5.08208450335,27.3558875881,-22.2738030848,-739.311073516,140.655692871,-502.324588245,-392.610883767,0.116911625442,-2.61208785887e-07,1.87058600707e-09
6.685e-06,129.312755504,328.03588234,-800,1,15,1.6e-08,5.2e-10,7.2e-10,10.9510949372,64.6563777522,-53.705282815,-725.856328704,139.757251485,-500.665705088,-391.534804894,0.932987912907,-2.60346166646e-07,1.49278066065e-08
6.686e-06,185.75214361,324.1390612,-800,1,15,1.6e-08,5.2e-10,7.2e-10,14.4873722376,92.8760718052,-78.3886995676,-707.371874049,144.492548251,-497.514129909,-389.380560135,1.65424003102,-2.58707347552e-07,2.64678404962e-08
6.687e-06,216.10319516,320.191054744,-800,1,15,1.6e-08,5.2e-10,7.2e-10,15.1627948604,108.05159758,-92.8888027198,-686.620266321,153.760096259,-493.153761112,-386.354310015,2.18036671001,-2.56439955778e-07,3.48858673602e-08
6.688e-06,216.10319516,316.192486409,-800,1,15,1.6e-08,5.2e-10,7.2e-10,12.8512631556,108.05159758,-95.2003344246,-666.687466249,165.813879028,-488.036563938,-382.783278797,2.4384641496,-2.53779013248e-07,3.90154263936e-08
6.689e-06,185.75214361,312.143987616,-800,1,15,1.6e-08,5.2e-10,7.2e-10,7.84641468287,92.8760718052,-85.0296571223,-650.549381881,178.50864396,-482.71910968,-379.069806225,2.39326499335,-2.51013937034e-07,3.82922398937e-08
6.69e-06,129.312755504,308.046197668,-800,1,15,1.6e-08,5.2e-10,7.2e-10,0.820388646233,64.6563777522,-63.8359891059,-640.65386773,189.601268578,-477.784423555,-375.634849739,2.05209137759,-2.48447900248e-07,3.28334620414e-08
6.691e-06,54.7117751762,303.899763654,-800,1,15,1.6e-08,5.2e-10,7.2e-10,-7.27056914088,27.3558875881,-34.626456729,-638.576886686,197.065873532,-473.760117452,-372.858872103,1.46382641369,-2.46355261075e-07,2.3421222619e-08
6.692e-06,-27.5733113841,299.705340345,-800,1,15,1.6e-08,5.2e-10,7.2e-10,-15.3204032577,-13.7866556921,-1.53374756568,-644.801125738,199.378425679,-471.044305584,-371.028416603,0.71204855617,-2.44943038904e-07,1.13927768987e-08
6.693e-06,-105.985808302,295.463590089,-800,1,15,1.6e-08,5.2e-10,7.2e-10,-22.2285860329,-52.9929041512,30.7643181183,-658.648158281,195.730859572,-469.849707951,-370.295873163,-0.096706885898,-2.44321848134e-07,-1.54731017437e-09
6.694e-06,-169.512913411,291.175182706,-800,1,15,1.6e-08,5.2e-10,7.2e-10,-27.0546785838,-84.7564567053,57.7017781215,-678.373680614,186.144644615,-470.173792121,-370.65808612,-0.847910458258,-2.44490371903e-07,-1.35665673321e-08
6.695e-06,-209.232433585,286.840795387,-800,1,15,1.6e-08,5.2e-10,7.2e-10,-29.1504079044,-104.616216792,75.4658088881,-701.412446954,171.467847702,-471.799146828,-371.95680811,-1.43512402351,-2.4533555635e-07,-2.29619843761e-08
6.696e-06,-219.565880254,282.461112581,-800,1,15,1.6e-08,5.2e-10,7.2e-10,-28.250710164,-109.782940127,81.5322299631,-724.738502584,153.256103879,-474.324034905,-373.900936333,-1.77494982048,-2.46648498151e-07,-2.83991971277e-08
6.697e-06,-199.061951543,278.036825891,-800,1,15,1.6e-08,5.2e-10,7.2e-10,-24.51095346,-99.5309757713,75.0200223113,-745.290121459,133.554212321,-477.218834489,-376.10740818,-1.81874356997,-2.48153793934e-07,-2.90998971196e-08
6.698e-06,-150.600363304,273.568633963,-800,1,15,1.6e-08,5.2e-10,7.2e-10,-18.485112198,-75.3001816522,56.8150694542,-760.399767059,114.609031819,-479.900441488,-378.155012534,-1.55944655589,-2.49548229574e-07,-2.49511448942e-08
6.699e-06,-80.9874015907,269.057242376,-800,1,15,1.6e-08,5.2e-10,7.2e-10,-11.0479584451,-40.4937007953,29.4457423502,-768.168689774,98.5539987292,-481.814183711,-379.643559119,-1.03257713631,-2.5054337553e-07,-1.6521234181e-08
6.7e-06,-6.0296123966e-12,264.503363532,-800,1,15,1.6e-08,5.2e-10,7.2e-10,-3.27219824989,-3.01469960107e-12,-3.27219824988,-767.73354974,87.1095758999,-482.51174205,-380.250095739,-0.311242429684,-2.50906105866e-07,-4.97987887494e-09
6.701e-06,80.9874015906,259.90771654,-800,1,15,1.6e-08,5.2e-10,7.2e-10,3.72219123233,40.4937007953,-36.771509563,-759.38761874,81.3417036089,-481.714134926,-379.774277848,0.504129230086,-2.50491350162e-07,8.06606768137e-09
6.702e-06,150.600363304,255.271027107,-800,1,15,1.6e-08,5.2e-10,7.2e-10,8.92526365394,75.3001816522,-66.3749179982,-744.539538745,81.5121773542,-479.350920006,-378.166518437,1.2998930234,-2.49262478403e-07,2.07982883745e-08
6.703e-06,199.061951543,250.59402742,-800,1,15,1.6e-08,5.2e-10,7.2e-10,11.5789518429,99.5309757713,-87.9520239284,-725.515429337,87.0419664747,-475.57010743,-375.534964673,1.96514859234,-2.47296455864e-07,3.14423774775e-08
6.704e-06,219.565880254,245.87745603,-800,1,15,1.6e-08,5.2e-10,7.2e-10,11.2835404415,109.782940127,-98.4993996856,-705.232137443,96.5926253804,-470.717392263,-372.130321421,2.40731553795,-2.44773043977e-07,3.85170486072e-08
6.705e-06,209.232433585,241.122057741,-800,1,15,1.6e-08,5.2e-10,7.2e-10,8.05380904925,104.616216792,-96.5624077432,-686.787520506,108.254363412,-465.2876229,-368.310653164,2.56513593517,-2.41949563908e-07,4.10421749628e-08
6.706e-06,169.512913411,236.328583483,-800,1,15,1.6e-08,5.2e-10,7.2e-10,2.31696073184,84.7564567053,-82.4394959735,-673.025306588,119.81435946,-459.855321553,-364.491107761,2.41727770095,-2.39124767208e-07,3.86764432152e-08
6.707e-06,105.985808302,231.497790202,-800,1,15,1.6e-08,5.2e-10,7.2e-10,-5.14737316919,52.9929041512,-58.1402773204,-666.135645554,129.067637348,-454.994014996,-361.085623207,1.98533049788,-2.36596887798e-07,3.17652879661e-08
6.708e-06,27.5733113841,226.630440736,-800,1,15,1.6e-08,5.2e-10,7.2e-10,-13.3166257815,13.7866556921,-27.1032814736,-667.347452713,134.126840424,-451.195705327,-358.448804493,1.3307734078,-2.3462176677e-07,2.12923745248e-08
6.709e-06,-54.7117751763,221.727303697,-800,1,15,1.6e-08,5.2e-10,7.2e-10,-21.0689070713,-27.3558875882,6.28698051687,-676.755754362,133.687398446,-448.801790839,-356.8261338,0.546340256528,-2.33376931236e-07,8.74144410445e-09
6.71e-06,-129.312755504,216.789153346,-800,1,15,1.6e-08,5.2e-10,7.2e-10,-27.3405659064,-64.6563777522,37.3158118458,-693.308284048,127.210844831,-447.955138946,-356.319506837,-0.257004695777,-2.32936672252e-07,-4.11207513244e-09
6.711e-06,-185.75214361,211.816769474,-800,1,15,1.6e-08,5.2e-10,7.2e-10,-31.2755726921,-92.8760718052,61.6004991132,-714.953212069,115.000537891,-448.580042385,-356.87293566,-0.965651473006,-2.3326162204e-07,-1.54504235681e-08
6.712e-06,-216.10319516,206.81093728,-800,1,15,1.6e-08,5.2e-10,7.2e-10,-32.3457422304,-108.05159758,75.7058553498,-738.927260049,98.1591512266,-450.392873784,-358.280425948,-1.47930068283,-2.34204294368e-07,-2.36688109253e-08
6.713e-06,-216.10319516,201.772447241,-800,1,15,1.6e-08,5.2e-10,7.2e-10,-30.4249118627,-108.05159758,77.6266857175,-762.143735773,78.4339036052,-452.941942174,-360.21492241,-1.72505038291,-2.3552980993e-07,-2.76008061265e-08
6.714e-06,-185.75214361,196.702094993,-800,1,15,1.6e-08,5.2e-10,7.2e-10,-25.8066567949,-92.8760718052,67.0694150103,-781.625989943,57.9712653085,-455.670953733,-362.274257008,-1.667635055,-2.36948895941e-07,-2.66821608801e-08
6.715e-06,-129.312755504,191.600681204,-800,1,15,1.6e-08,5.2e-10,7.2e-10,-19.1630545419,-64.6563777522,45.4933232103,-794.92541715,39.0155917075,-457.997163877,-364.037646721,-1.31437865358,-2.38158525216e-07,-2.10300584573e-08
6.716e-06,-54.7117751762,186.469011447,-800,1,15,1.6e-08,5.2e-10,7.2e-10,-11.4502899021,-27.3558875881,15.905597686,-800.465294084,23.5940100603,-459.39324446,-365.124805888,-0.714166087819,-2.38884487119e-07,-1.14266574051e-08
6.717e-06,27.5733113841,181.307896071,-800,1,15,1.6e-08,5.2e-10,7.2e-10,-3.7743579658,13.7866556921,-17.5610136579,-797.762163936,13.2318162337,-459.461368087,-365.249370986,0.0494224105866,-2.38919911405e-07,7.90758569385e-10
6.718e-06,105.985808302,176.118150077,-800,1,15,1.6e-08,5.2e-10,7.2e-10,2.76427323302,52.9929041512,-50.2286309182,-787.493674215,8.73835301635,-457.989104605,-364.259134479,0.869849776302,-2.38154334395e-07,1.39175964208e-08
6.719e-06,169.512913411,170.900592985,-800,1,15,1.6e-08,5.2e-10,7.2e-10,7.2252237463,84.7564567053,-77.531232959,-771.403340372,10.0934427615,-454.979279273,-362.157437027,1.63258481998,-2.36589225222e-07,2.61213571197e-08
6.72e-06,209.232433585,165.656048708,-800,1,15,1.6e-08,5.2e-10,7.2e-10,8.96027879002,104.616216792,-95.6559380024,-752.055610918,16.450324542,-450.649599125,-359.102713564,2.2311876906,-2.34337791545e-07,3.56990030496e-08
6.721e-06,219.565880254,160.385345421,-800,1,15,1.6e-08,5.2e-10,7.2e-10,7.70443203464,109.782940127,-102.078508092,-732.475634402,26.2546832856,-445.40209999,-355.386257002,2.58225893508,-2.31609091995e-07,4.13161429613e-08
6.722e-06,199.061951543,155.089315429,-800,1,15,1.6e-08,5.2e-10,7.2e-10,3.61310834788,99.5309757713,-95.9178674234,-715.724321938,37.4630535864,-439.766705241,-351.391322586,2.63715260433,-2.28678686725e-07,4.21944416692e-08
6.723e-06,150.600363304,149.768795035,-800,1,15,1.6e-08,5.2e-10,7.2e-10,-2.75966183345,75.3001816522,-78.0598434856,-704.468386475,47.8299240094,-434.326823278,-347.539316551,2.38880833459,-2.25849948104e-07,3.82209333535e-08
6.724e-06,80.9874015906,144.424624413,-800,1,15,1.6e-08,5.2e-10,7.2e-10,-10.5390511591,40.4937007953,-51.0327519544,-700.605745555,55.2232189252,-429.637433359,-344.230626752,1.87274285884,-2.23411465347e-07,2.99638857414e-08
6.725e-06,-1.18662921294e-11,139.057647469,-800,1,15,1.6e-08,5.2e-10,7.2e-10,-18.6522990543,-5.9330318436e-12,-18.6522990543,-704.998898606,57.9238493712,-426.147164367,-341.788405391,1.16206169316,-2.21596525471e-07,1.85929870906e-08
6.726e-06,-80.9874015907,133.66871171,-800,1,15,1.6e-08,5.2e-10,7.2e-10,-25.979374603,-40.4937007953,14.5143261923,-717.353725174,54.8672618957,-424.135310313,-340.413199418,0.357191592159,-2.20550361363e-07,5.71506547455e-09
6.727e-06,-150.600363304,128.258668111,-800,1,15,1.6e-08,5.2e-10,7.2e-10,-31.5102784707,-75.3001816521,43.7899031814,-736.260726524,45.7930605487,-423.672628578,-340.15480061,-0.428224180611,-2.20309766861e-07,-6.85158688978e-09
6.728e-06,-199.061951543,122.828370983,-800,1,15,1.6e-08,5.2e-10,7.2e-10,-34.486891281,-99.5309757713,65.0440844903,-759.392918351,31.2816880393,-424.611426633,-340.905268907,-1.08328679973,-2.20797941849e-07,-1.73325887957e-08
6.729e-06,-219.565880254,117.37867783,-800,1,15,1.6e-08,5.2e-10,7.2e-10,-34.5094462617,-109.782940127,75.2734938654,-783.832581184,12.673014283,-426.60632954,-342.414108851,-1.51541737498,-2.21835291361e-07,-2.42466779998e-08
6.73e-06,-209.232433585,111.910449224,-800,1,15,1.6e-08,5.2e-10,7.2e-10,-31.5926723967,-104.616216792,73.0235443958,-806.480977364,-8.12173368243,-429.162811495,-344.323467639,-1.66335946605,-2.23164661977e-07,-2.66137514569e-08
6.731e-06,-169.512913411,106.424548661,-800,1,15,1.6e-08,5.2e-10,7.2e-10,-26.1637229428,-84.7564567053,58.5927337625,-824.493491068,-28.8882865456,-431.706675297,-346.218411332,-1.50578245036,-2.24487471154e-07,-2.40925192058e-08
6.732e-06,-105.985808302,100.921842427,-800,1,15,1.6e-08,5.2e-10,7.2e-10,-19.0021802468,-52.9929041512,33.9907239045,-835.679077281,-47.4202083285,-433.664721548,-347.68521806,-1.06427742652,-2.25505655205e-07,-1.70284388244e-08
6.733e-06,-27.5733113841,95.4031994649,-800,1,15,1.6e-08,5.2e-10,7.2e-10,-11.130563008,-13.7866556921,2.65609268408,-838.807918294,-61.8286712146,-434.545277843,-348.369501129,-0.400324887695,-2.25963544478e-07,-6.40519820312e-09
6.734e-06,54.7117751762,89.8694912315,-800,1,15,1.6e-08,5.2e-10,7.2e-10,-3.67071391768,27.3558875881,-31.0266015058,-833.784078302,-70.8076226627,-434.00727785,-348.025998799,0.393339953919,-2.25683784482e-07,6.2934392627e-09
6.735e-06,129.312755504,84.3215915636,-800,1,15,1.6e-08,5.2e-10,7.2e-10,2.3137623984,64.6563777522,-62.3426153538,-821.658907293,-73.8171028898,-431.908188328,-346.553037903,1.20575147691,-2.24592257931e-07,1.92920236306e-08
6.736e-06,185.75214361,78.7603765389,-800,1,15,1.6e-08,5.2e-10,7.2e-10,5.96688200677,92.8760718052,-86.9091897985,-804.483311693,-71.1589663467,-428.324052877,-344.006831003,1.92329836928,-2.22728507496e-07,3.07727739085e-08
6.737e-06,216.10319516,73.1867243377,-800,1,15,1.6e-08,5.2e-10,7.2e-10,6.7605045195,108.05159758,-101.291093061,-785.019639937,-63.9343723464,-423.53883732,-340.593599072,2.44567992839,-2.20240195406e-07,3.91308788542e-08
6.738e-06,216.10319516,67.6015151043,-800,1,15,1.6e-08,5.2e-10,7.2e-10,4.56851122926,108.05159758,-103.483086351,-766.353647785,-53.8890151808,-418.004573136,-336.640626059,2.69999292733,-2.17362378031e-07,4.31998868374e-08
6.739e-06,185.75214361,62.0056308081,-800,1,15,1.6e-08,5.2e-10,7.2e-10,-0.315479572186,92.8760718052,-93.1915513774,-751.461041717,-43.1678307119,-412.277896663,-332.550310626,2.65097058933,-2.14384506265e-07,4.24155294293e-08
6.74e-06,129.312755504,56.3999551039,-800,1,15,1.6e-08,5.2e-10,7.2e-10,-7.21934815681,64.6563777521,-71.875725909,-742.789478114,-34.0136301868,-406.941896958,-328.74366835,2.30593563646,-2.11609786418e-07,3.68949701833e-08
6.741e-06,54.7117751763,50.7853731931,-800,1,15,1.6e-08,5.2e-10,7.2e-10,-15.1868683912,27.3558875881,-42.5427559793,-741.914725193,-28.4519872804,-402.524248539,-325.601219345,1.71377177189,-2.0931260924e-07,2.74203483502e-08
6.742e-06,-27.5733113841,45.162771683,-800,1,15,1.6e-08,5.2e-10,7.2e-10,-23.1120047367,-13.7866556921,-9.32534904465,-749.319278769,-28.0066350626,-399.423127024,-323.409563449,0.958058047871,-2.07700026052e-07,1.53289287659e-08
6.743e-06,-105.985808302,39.5330384478,-800,1,15,1.6e-08,5.2e-10,7.2e-10,-29.8942496017,-52.9929041512,23.0986545494,-764.324524585,-33.4853445577,-397.851312584,-322.321146334,0.145330377052,-2.06882682543e-07,2.32528603283e-09
6.744e-06,-169.512913411,33.8970624876,-800,1,15,1.6e-08,5.2e-10,7.2e-10,-34.5931843791,-84.7564567053,50.1632723262,-785.185974843,-44.8663576362,-397.806331716,-322.332867265,-0.60988117698,-2.06859292492e-07,-9.75809883168e-09
6.745e-06,-209.232433585,28.2557337882,-800,1,15,1.6e-08,5.2e-10,7.2e-10,-36.5605565301,-104.616216792,68.0556602623,-809.338203246,-61.3013244189,-399.070830832,-323.286532987,-1.20113786184,-2.07516832033e-07,-1.92182057894e-08
6.746e-06,-219.565880254,22.6099431809,-800,1,15,1.6e-08,5.2e-10,7.2e-10,-35.5313228799,-109.782940127,74.2516172472,-833.755078174,-81.2343326634,-401.24312918,-324.891093976,-1.54504129581,-2.08646427174e-07,-2.47206607329e-08
6.747e-06,-199.061951542,16.9605822015,-800,1,15,1.6e-08,5.2e-10,7.2e-10,-31.6608723671,-99.5309757712,67.8701034041,-855.374700318,-102.620311828,-403.793660043,-326.763540055,-1.59294657368,-2.09972703223e-07,-2.54871451789e-08
6.748e-06,-150.600363304,11.3085429495,-800,1,15,1.6e-08,5.2e-10,7.2e-10,-25.5032004211,-75.3001816522,49.796981231,-871.529363562,-123.21213763,-406.139373197,-328.482711692,-1.337794348,-2.11192474063e-07,-2.1404709568e-08
6.749e-06,-80.9874015906,5.65471794751,-800,1,15,1.6e-08,5.2e-10,7.2e-10,-17.9331003114,-40.4937007953,22.5606004839,-880.320152394,-140.876114134,-407.725649029,-329.64846934,-0.815102340222,-2.12017337495e-07,-1.30416374435e-08
6.75e-06,2.97621966554e-11,-3.30821760542e-12,-800,1,15,1.6e-08,5.2e-10,7.2e-10,-10.0232994643,1.48814294221e-11,-10.0232994643,-880.883564763,-153.891524871,-408.104219715,-329.937910662,-0.0979770269878,-2.12214194252e-07,-1.5676324318e-09
6.751e-06,80.9874015906,-5.65471794751,-800,1,15,1.6e-08,5.2e-10,7.2e-10,-2.89379658527,40.4937007953,-43.3874973806,-873.512714013,-161.192181939,-406.996153656,-329.150740103,0.713153904636,-2.11637999901e-07,1.14104624742e-08
6.752e-06,150.600363304,-11.3085429495,-800,1,15,1.6e-08,5.2e-10,7.2e-10,2.44544025963,75.3001816522,-72.8547413925,-859.616087445,-162.516048249,-404.331057186,-327.237418761,1.50464628687,-2.10252149737e-07,2.40743405899e-08
6.753e-06,199.061951543,-16.9605822015,-800,1,15,1.6e-08,5.2e-10,7.2e-10,5.23632201418,99.5309757713,-94.2946537571,-841.519653766,-158.441918948,-400.256987793,-324.306141022,2.16560041845,-2.08133633652e-07,3.46496066952e-08
6.754e-06,219.565880254,-22.6099431809,-800,1,15,1.6e-08,5.2e-10,7.2e-10,5.07911127502,109.782940127,-104.703828852,-822.140112844,-150.30801022,-395.119686562,-320.607658073,2.60343656184,-2.05462237012e-07,4.16549849895e-08
6.755e-06,209.232433585,-28.2557337882,-800,1,15,1.6e-08,5.2e-10,7.2e-10,1.98856543747,104.616216792,-102.627651355,-804.575178903,-140.023889467,-389.414046575,-316.500079816,2.75689745807,-2.02495304219e-07,4.41103593291e-08
6.756e-06,169.512913411,-33.8970624876,-800,1,15,1.6e-08,5.2e-10,7.2e-10,-3.60813479159,84.7564567053,-88.3645914969,-791.668440654,-129.802160721,-383.714633389,-312.398598619,2.60465169467,-1.99531609362e-07,4.16744271148e-08
6.757e-06,105.985808302,-39.5330384478,-800,1,15,1.6e-08,5.2e-10,7.2e-10,-10.9313805808,52.9929041512,-63.924284732,-785.60991249,-121.847589302,-378.595015772,-308.717196065,2.1682896093,-1.96869408201e-07,3.46926337487e-08
6.758e-06,27.5733113842,-45.162771683,-800,1,15,1.6e-08,5.2e-10,7.2e-10,-18.9586277158,13.7866556921,-32.7452834079,-787.628378158,-118.047327251,-374.547236463,-305.810519813,1.50929096316,-1.94764562961e-07,2.41486554106e-08
6.759e-06,-54.7117751762,-50.7853731931,-800,1,15,1.6e-08,5.2e-10,7.2e-10,-26.5680089648,-27.3558875881,0.787878623365,-797.81873632,-119.705746482,-371.912733034,-303.924093775,0.72039026569,-1.93394621177e-07,1.1526244251e-08
6.76e-06,-129.312755504,-56.3999551039,-800,1,15,1.6e-08,5.2e-10,7.2e-10,-32.6958961383,-64.6563777522,31.9604816138,-815.128596834,-127.361121566,-370.834410808,-303.159854459,-0.087447535245,-1.9283389362e-07,-1.39916056392e-09
6.761e-06,-185.75214361,-62.0056308081,-800,1,15,1.6e-08,5.2e-10,7.2e-10,-36.486282721,-92.8760718052,56.3897890842,-837.506010275,-140.70990852,-371.236599061,-303.461853769,-0.800611771804,-1.93043031512e-07,-1.28097883489e-08
6.762e-06,-216.10319516,-67.6015151043,-800,1,15,1.6e-08,5.2e-10,7.2e-10,-37.4110067279,-108.05159758,70.6405908523,-862.187582531,-158.649254445,-372.835705575,-304.624136286,-1.31880235604,-1.93874566899e-07,-2.11008376966e-08
6.763e-06,-216.10319516,-73.1867243377,-800,1,15,1.6e-08,5.2e-10,7.2e-10,-35.3439288425,-108.05159758,72.7076687376,-886.086509655,-179.43176768,-375.180073152,-306.319684659,-1.56911664618,-1.95093638039e-07,-2.51058663389e-08
6.764e-06,-185.75214361,-78.7603765389,-800,1,15,1.6e-08,5.2e-10,7.2e-10,-30.5786477392,-92.8760718052,62.297424066,-906.226034635,-200.910811476,-377.713440351,-308.146367831,-1.51628842091,-1.96410988982e-07,-2.42606147345e-08
6.765e-06,-129.312755504,-84.3215915636,-800,1,15,1.6e-08,5.2e-10,7.2e-10,-23.7872645234,-64.6563777522,40.8691132288,-920.157448387,-220.841870448,-379.85309357,-309.683438792,-1.16764092802,-1.97523608656e-07,-1.86822548483e-08
6.766e-06,-54.7117751763,-89.8694912315,-800,1,15,1.6e-08,5.2e-10,7.2e-10,-15.9259877026,-27.3558875881,11.4298998856,-926.303927982,-237.197663808,-381.071734248,-310.550646915,-0.572058366586,-1.98157301809e-07,-9.15293386538e-09
6.767e-06,27.5733113842,-95.4031994649,-800,1,15,1.6e-08,5.2e-10,7.2e-10,-8.10083619027,13.7866556921,-21.8874918823,-924.181921061,-248.45274866,-380.971563165,-310.461662731,0.186879745168,-1.98105212846e-07,2.99007592269e-09
6.768e-06,105.985808302,-100.921842427,-800,1,15,1.6e-08,5.2e-10,7.2e-10,-1.41230195564,52.9929041512,-54.4052061068,-914.468983664,-253.797641717,-379.340176933,-309.264311775,1.0026370586,-1.97256892005e-07,1.60421929376e-08
6.769e-06,169.512913411,-106.424548661,-800,1,15,1.6e-08,5.2e-10,7.2e-10,3.19921101154,84.7564567054,-81.5572456938,-898.908543878,-253.252386673,-376.180426165,-306.961966784,1.76068310418,-1.95613821606e-07,2.81709296669e-08
6.77e-06,209.232433585,-111.910449224,-800,1,15,1.6e-08,5.2e-10,7.2e-10,5.08546378204,104.616216792,-99.5307530104,-880.064966958,-247.663617078,-371.710041827,-303.713093774,2.3545787537,-1.9328922175e-07,3.76732600592e-08
6.771e-06,219.565880254,-117.37867783,-800,1,15,1.6e-08,5.2e-10,7.2e-10,3.98142578149,109.782940127,-105.801514346,-860.963322325,-238.585527215,-366.331082258,-299.809015737,2.7009252798,-1.90492162774e-07,4.32148044768e-08
6.772e-06,199.061951543,-122.828370983,-800,1,15,1.6e-08,5.2e-10,7.2e-10,0.0424975370619,99.5309757713,-99.4884782342,-844.664446101,-228.061468313,-360.573491914,-295.633016991,2.75107746186,-1.87498215795e-07,4.40172393898e-08
6.773e-06,150.600363304,-128.258668111,-800,1,15,1.6e-08,5.2e-10,7.2e-10,-6.17731494685,75.3001816522,-81.477496599,-833.834980396,-218.336844254,-355.02069885,-291.606531838,2.49797566729,-1.84610763402e-07,3.99676106767e-08
6.774e-06,80.9874015906,-133.66871171,-800,1,15,1.6e-08,5.2e-10,7.2e-10,-13.8032088404,40.4937007953,-54.2969096357,-830.372776071,-211.543629766,-350.227700548,-288.129975179,1.97713736275,-1.82118404285e-07,3.16341978041e-08
6.775e-06,5.23863160137e-11,-139.057647469,-800,1,15,1.6e-08,5.2e-10,7.2e-10,-21.7624481736,2.6192381597e-11,-21.7624481736,-835.140270045,-209.400819565,-346.643142672,-285.526525246,1.26166880047,-1.80254434189e-07,2.01867008075e-08
6.776e-06,-80.9874015906,-144.424624413,-800,1,15,1.6e-08,5.2e-10,7.2e-10,-28.9350267152,-40.4937007953,11.5586740801,-847.843283537,-212.972879535,-344.546334584,-283.996753995,0.45199747347,-1.79164093984e-07,7.23195957552e-09
6.777e-06,-150.600363304,-149.768795035,-800,1,15,1.6e-08,5.2e-10,7.2e-10,-34.3109698921,-75.3001816521,40.9892117601,-867.072263672,-222.520124748,-344.00804757,-283.590477181,-0.338232614032,-1.78884184737e-07,-5.41172182452e-09
6.778e-06,-199.061951543,-155.089315429,-800,1,15,1.6e-08,5.2e-10,7.2e-10,-37.1321831613,-99.5309757713,62.39879261,-890.500176208,-237.462038319,-344.880601564,-284.199777691,-0.998121893902,-1.79337912813e-07,-1.59699503024e-08
6.779e-06,-219.565880254,-160.385345421,-800,1,15,1.6e-08,5.2e-10,7.2e-10,-36.9989246531,-109.782940127,72.784015474,-915.209255939,-256.458682871,-346.818632646,-285.574181977,-1.43509073123,-1.80345688976e-07,-2.29614516996e-08
6.78e-06,-209.232433585,-165.656048708,-800,1,15,1.6e-08,5.2e-10,7.2e-10,-33.9259483182,-104.616216792,70.6902684742,-938.100723687,-277.598770628,-349.327624583,-287.355858112,-1.58788193916,-1.81650364783e-07,-2.54061110266e-08
6.781e-06,-169.512913411,-170.900592985,-800,1,15,1.6e-08,5.2e-10,7.2e-10,-28.3404324409,-84.7564567053,56.4160242645,-956.329926328,-298.667978278,-351.833388296,-289.129891985,-1.43516414686,-1.82953361914e-07,-2.29626263498e-08
6.782e-06,-105.985808302,-176.118150077,-800,1,15,1.6e-08,5.2e-10,7.2e-10,-21.0219844521,-52.9929041512,31.9709196991,-967.705785774,-317.459822581,-353.762731059,-290.482580514,-0.998527703058,-1.83956620151e-07,-1.59764432489e-08
6.783e-06,-27.5733113842,-181.307896071,-800,1,15,1.6e-08,5.2e-10,7.2e-10,-12.9931481882,-13.7866556921,0.79350750391,-970.998455469,-332.085435212,-354.623985687,-291.059554742,-0.33945234954,-1.84404472557e-07,-5.43123759264e-09
6.784e-06,54.7117751763,-186.469011447,-800,1,15,1.6e-08,5.2e-10,7.2e-10,-5.37579152585,27.3558875881,-32.731679114,-966.111975003,-341.238729877,-354.076089618,-290.615569616,0.449327454231,-1.84119566602e-07,7.18923926769e-09
6.785e-06,129.312755504,-191.600681204,-800,1,15,1.6e-08,5.2e-10,7.2e-10,0.76645567842,64.6563777522,-63.8899220738,-954.09767399,-344.379719803,-351.976511927,-289.048967603,1.25684684085,-1.83027786202e-07,2.01095494536e-08
6.786e-06,185.75214361,-196.702094993,-800,1,15,1.6e-08,5.2e-10,7.2e-10,4.57758421998,92.8760718052,-88.2984875852,-937.006442729,-341.810239215,-348.401297077,-286.415975841,1.96949525346,-1.8116867448e-07,3.15119240554e-08
6.787e-06,216.10319516,-201.772447241,-800,1,15,1.6e-08,5.2e-10,7.2e-10,5.52942840284,108.05159758,-102.522169177,-917.60061777,-334.631433973,-343.6344103,-282.922828823,2.48697274557,-1.78689893356e-07,3.97915639292e-08
6.788e-06,216.10319516,-206.81093728,-800,1,15,1.6e-08,5.2e-10,7.2e-10,3.49584417884,108.05159758,-104.555753401,-898.965947235,-324.588991685,-338.127881031,-278.896822956,2.73637684735,-1.75826498136e-07,4.37820295577e-08
6.789e-06,185.75214361,-211.816769474,-800,1,15,1.6e-08,5.2e-10,7.2e-10,-1.22957553,92.8760718052,-94.1056473352,-884.078134214,-313.827848302,-332.438342112,-274.740368296,2.68244153984,-1.72867937898e-07,4.29190646375e-08
6.79e-06,129.312755504,-216.789153346,-800,1,15,1.6e-08,5.2e-10,7.2e-10,-7.97473638995,64.6563777522,-72.6311141421,-875.384835942,-304.590821934,-327.14887765,-270.87449075,2.33249030362,-1.70117416378e-07,3.73198448579e-08
6.791e-06,54.7117751763,-221.727303697,-800,1,15,1.6e-08,5.2e-10,7.2e-10,-15.7834376831,27.3558875881,-43.1393252712,-874.461825742,-298.903499888,-322.787155762,-267.679719699,1.73540760089,-1.67849320996e-07,2.77665216143e-08
6.792e-06,-27.5733113842,-226.630440736,-800,1,15,1.6e-08,5.2e-10,7.2e-10,-23.5496693026,-13.7866556921,-9.76301361048,-881.791608776,-298.289635638,-319.751344214,-265.442663176,0.974773243369,-1.66270698991e-07,1.55963718939e-08
6.793e-06,-105.985808302,-231.497790202,-800,1,15,1.6e-08,5.2e-10,7.2e-10,-30.1729491015,-52.9929041512,22.8199550497,-896.695584383,-303.557027377,-318.254213874,-264.315773981,0.157123903451,-1.65492191214e-07,2.51398245522e-09
6.794e-06,-169.512913411,-236.328583483,-800,1,15,1.6e-08,5.2e-10,7.2e-10,-34.7128839264,-84.7564567053,50.0435727789,-917.429282601,-314.683950906,-318.293280489,-264.295957438,-0.603009595331,-1.65512505855e-07,-9.64815352529e-09
6.795e-06,-209.232433585,-241.122057741,-800,1,15,1.6e-08,5.2e-10,7.2e-10,-36.5212466965,-104.616216792,68.094970096,-941.42729921,-330.822097034,-319.651178274,-265.225025275,-1.19918774059,-1.66218612702e-07,-1.91870038494e-08
6.796e-06,-219.565880254,-245.87745603,-800,1,15,1.6e-08,5.2e-10,7.2e-10,-35.3330196959,-109.782940127,74.4499204312,-965.663528902,-350.415600956,-321.926212834,-266.811931884,-1.54801139067,-1.67401630674e-07,-2.47681822508e-08
6.797e-06,-199.061951543,-250.59402742,-800,1,15,1.6e-08,5.2e-10,7.2e-10,-31.3036173188,-99.5309757713,68.2273584525,-987.07610291,-371.419446309,-324.588802367,-268.67366993,-1.60083488061,-1.68786177231e-07,-2.56133580897e-08
6.798e-06,-150.600363304,-255.271027107,-800,1,15,1.6e-08,5.2e-10,7.2e-10,-24.9870604425,-75.3001816521,50.3131212096,-1002.99734989,-391.586569725,-327.055880123,-270.389081647,-1.35059810346,-1.70069057664e-07,-2.16095696554e-08
6.799e-06,-80.9874015906,-259.90771654,-800,1,15,1.6e-08,5.2e-10,7.2e-10,-17.2581677735,-40.4937007953,23.2355330218,-1011.52839332,-408.783342907,-328.772808526,-271.558028184,-0.832818021655,-1.70961860434e-07,-1.33250883465e-08
6.8e-06,-3.44904114877e-11,-264.503363532,-800,1,15,1.6e-08,5.2e-10,7.2e-10,-9.18969215952,-1.72448721969e-11,-9.1896921595,-1011.80577435,-421.289123737,-329.291300353,-271.857606825,-0.120600353317,-1.71231476184e-07,-1.92960565307e-09
6.801e-06,80.9874015906,-269.057242376,-800,1,15,1.6e-08,5.2e-10,7.2e-10,-1.90165770764,40.4937007953,-42.3953585029,-1004.12265374,-428.037805367,-328.332403173,-271.08752056,0.685627972339,-1.7073284965e-07,1.09700475574e-08
6.802e-06,150.600363304,-273.568633963,-800,1,15,1.6e-08,5.2e-10,7.2e-10,3.59594213724,75.3001816522,-71.7042395149,-989.887570412,-428.767438451,-325.82570106,-269.198227962,1.47222354461,-1.69429364551e-07,2.35555767137e-08
6.803e-06,199.061951543,-278.036825891,-800,1,15,1.6e-08,5.2e-10,7.2e-10,6.54499296811,99.5309757713,-92.9859828032,-971.426548867,-424.056912553,-321.919227817,-266.297919816,2.12828741841,-1.67397998465e-07,3.40525986945e-08
6.804e-06,219.565880254,-282.461112581,-800,1,15,1.6e-08,5.2e-10,7.2e-10,6.54573206182,109.782940127,-103.237208065,-951.656348966,-415.244544937,-316.958699421,-262.637342638,2.56124061136,-1.64818523699e-07,4.09798497818e-08
6.805e-06,209.232433585,-286.840795387,-800,1,15,1.6e-08,5.2e-10,7.2e-10,3.61289152959,104.616216792,-101.003325263,-933.674749092,-404.240010726,-311.438982426,-258.574600585,2.70982661853,-1.61948270862e-07,4.33572258965e-08
6.806e-06,169.512913411,-291.175182706,-800,1,15,1.6e-08,5.2e-10,7.2e-10,-1.82637316641,84.7564567053,-86.5828298718,-920.325406279,-393.256028303,-305.934614451,-254.524879208,2.55271478022,-1.59085999515e-07,4.08434364835e-08
6.807e-06,105.985808302,-295.463590089,-800,1,15,1.6e-08,5.2e-10,7.2e-10,-8.99247839616,52.9929041512,-61.9853825474,-913.798407397,-384.497483946,-301.019134914,-250.902152206,2.11149618548,-1.56529950155e-07,3.37839389678e-08
6.808e-06,27.5733113841,-299.705340345,-800,1,15,1.6e-08,5.2e-10,7.2e-10,-16.8629050992,13.7866556921,-30.6495607912,-915.322612809,-379.851657245,-297.184555801,-248.061058282,1.44765134546,-1.54535969016e-07,2.31624215273e-08
6.809e-06,-54.7117751763,-303.899763654,-800,1,15,1.6e-08,5.2e-10,7.2e-10,-24.315811146,-27.3558875881,3.0400764421,-924.993001921,-380.623054234,-294.772282526,-246.247111327,0.653915517858,-1.53281586913e-07,1.04626482857e-08
6.81e-06,-129.312755504,-308.046197668,-800,1,15,1.6e-08,5.2e-10,7.2e-10,-30.2875933945,-64.6563777521,34.3687843577,-941.757269449,-387.350090151,-293.925186864,-245.56223676,-0.158745602859,-1.52841097169e-07,-2.53992964574e-09
6.811e-06,-185.75214361,-312.143987616,-800,1,15,1.6e-08,5.2e-10,7.2e-10,-33.9222703171,-92.8760718052,58.9538014881,-963.563554932,-399.729368208,-294.56756315,-245.950474333,-0.876720604125,-1.53175132838e-07,-1.4027529666e-08
6.812e-06,-216.10319516,-316.192486409,-800,1,15,1.6e-08,5.2e-10,7.2e-10,-34.6917048532,-108.05159758,73.359892727,-987.648557304,-416.658189205,-296.415782842,-247.20585541,-1.39970865522,-1.54136207078e-07,-2.23953384835e-08
6.813e-06,-216.10319516,-320.191054744,-800,1,15,1.6e-08,5.2e-10,7.2e-10,-32.4697825439,-108.05159758,75.5818150362,-1010.92556974,-436.389321656,-299.018151038,-249.001348367,-1.65480637369,-1.5548943854e-07,-2.64769019791e-08
6.814e-06,-185.75214361,-324.1390612,-800,1,15,1.6e-08,5.2e-10,7.2e-10,-27.5501268498,-92.8760718052,65.3259449554,-1030.41793641,-456.776295442,-301.818367219,-250.934806813,-1.60674679972,-1.56945550954e-07,-2.57079487956e-08
6.815e-06,-129.312755504,-328.03588234,-800,1,15,1.6e-08,5.2e-10,7.2e-10,-20.6048635873,-64.6563777522,44.0515141649,-1043.67705344,-475.574768237,-304.233677341,-252.585467347,-1.26285244494,-1.58201512217e-07,-2.0205639119e-08
6.816e-06,-54.7117751762,-331.880902811,-800,1,15,1.6e-08,5.2e-10,7.2e-10,-12.5902258963,-27.3558875881,14.7656616918,-1049.12620716,-490.75763871,-305.736741036,-253.5730619,-0.672006774641,-1.58983105339e-07,-1.07521083942e-08
6.817e-06,27.5733113841,-335.673515441,-800,1,15,1.6e-08,5.2e-10,7.2e-10,-4.61225723995,13.786655692,-18.398912932,-1046.28195844,-500.799649796,-305.929715927,-253.611242509,0.0822114241396,-1.59083452282e-07,1.31538278623e-09
6.818e-06,105.985808302,-339.413121331,-800,1,15,1.6e-08,5.2e-10,7.2e-10,2.22852595032,52.9929041512,-50.7643782009,-1035.82198059,-504.891510377,-304.600154121,-252.547815169,0.893266531311,-1.58392080143e-07,1.4292264501e-08
6.819e-06,169.512913411,-343.099129955,-800,1,15,1.6e-08,5.2e-10,7.2e-10,6.99169531222,84.7564567053,-77.7647613931,-1019.48982288,-503.053462634,-301.750860381,-250.38613203,1.64662880311,-1.56910447398e-07,2.63460608498e-08
6.82e-06,209.232433585,-346.730959249,-800,1,15,1.6e-08,5.2e-10,7.2e-10,9.02898763909,104.616216792,-95.5872291534,-999.849975734,-496.13234488,-297.599518496,-247.284637481,2.23585983422,-1.54751749618e-07,3.57737573476e-08
6.821e-06,219.565880254,-350.308035705,-800,1,15,1.6e-08,5.2e-10,7.2e-10,8.07534817697,109.782940127,-101.70759195,-979.92763767,-485.68256241,-292.548138297,-243.534631848,2.57756161716,-1.52125031914e-07,4.12409858745e-08
6.822e-06,199.061951543,-353.829794461,-800,1,15,1.6e-08,5.2e-10,7.2e-10,4.28615337576,99.5309757713,-95.2448223955,-962.783777809,-473.747683681,-287.126614416,-239.519375749,2.62308964806,-1.49305839497e-07,4.1969434369e-08
6.823e-06,150.600363304,-357.295679392,-800,1,15,1.6e-08,5.2e-10,7.2e-10,-1.7846147317,75.3001816521,-77.0847963838,-951.085175154,-462.573335986,-281.918323776,-235.660278755,2.36538500788,-1.46597528363e-07,3.78461601261e-08
6.824e-06,80.9874015907,-360.705143192,-800,1,15,1.6e-08,5.2e-10,7.2e-10,-9.26217717718,40.4937007953,-49.7558779725,-946.729821323,-454.291723602,-277.478211417,-232.357730008,1.83996587346,-1.44288669937e-07,2.94394539754e-08
6.825e-06,1.65945069617e-11,-364.057647469,-800,1,15,1.6e-08,5.2e-10,7.2e-10,-17.0738217392,8.29736279684e-12,-17.0738217392,-950.580297842,-450.622076911,-274.254869274,-229.934880961,1.11993920377,-1.42612532023e-07,1.79190272603e-08
6.826e-06,-80.9874015906,-367.352662823,-800,1,15,1.6e-08,5.2e-10,7.2e-10,-24.0995658176,-40.4937007953,16.3941349778,-962.342574357,-452.629103531,-272.527551691,-228.592275767,0.305733195002,-1.4171432688e-07,4.89173112003e-09
6.827e-06,-150.600363304,-370.589668933,-800,1,15,1.6e-08,5.2e-10,7.2e-10,-29.3294583493,-75.3001816522,45.9707233029,-980.607250218,-460.573366303,-272.366973659,-228.379701368,-0.489007449137,-1.41630826303e-07,-7.8241191862e-09
6.828e-06,-199.061951543,-373.768154638,-800,1,15,1.6e-08,5.2e-10,7.2e-10,-32.005428177,-99.5309757713,67.5255475942,-1003.04744718,-473.874602102,-273.625397546,-229.189210825,-1.1533824648,-1.42285206724e-07,-1.84541194369e-08
6.829e-06,-219.565880254,-376.887618019,-800,1,15,1.6e-08,5.2e-10,7.2e-10,-31.7277566883,-109.782940127,78.0551834388,-1026.74555979,-491.193133271,-275.957400611,-230.770299761,-1.59481152528,-1.43497848318e-07,-2.55169844044e-08
6.83e-06,-209.232433585,-379.947566476,-800,1,15,1.6e-08,5.2e-10,7.2e-10,-28.5112209591,-104.616216792,76.1049958334,-1048.60297235,-510.617937663,-278.868406547,-232.765104418,-1.75203675591,-1.45011571404e-07,-2.80325880945e-08
6.831e-06,-169.512913411,-382.947516808,-800,1,15,1.6e-08,5.2e-10,7.2e-10,-22.783022263,-84.7564567053,61.9734344423,-1065.7751989,-529.934963469,-281.784164958,-234.758677858,-1.60372610216,-1.46527765778e-07,-2.56596176345e-08
6.832e-06,-105.985808302,-385.886995287,-800,1,15,1.6e-08,5.2e-10,7.2e-10,-15.3227908812,-52.9929041512,37.6701132699,-1076.0713322,-546.938004779,-284.131420575,-236.337283183,-1.1714692333,-1.47748338699e-07,-1.87435077327e-08
6.833e-06,-27.5733113841,-388.765537737,-800,1,15,1.6e-08,5.2e-10,7.2e-10,-7.15309335768,-13.7866556921,6.63356233439,-1078.26170017,-559.738476385,-285.418442445,-237.146516635,-0.516745215975,-1.48417590071e-07,-8.2679234556e-09
6.834e-06,54.7117751762,-391.582689601,-800,1,15,1.6e-08,5.2e-10,7.2e-10,0.6041798702,27.3558875881,-26.7517077179,-1072.25052053,-567.030580848,-285.304103025,-236.941097376,0.267712161048,-1.48358133573e-07,4.28339457677e-09
6.835e-06,129.312755504,-394.33800602,-800,1,15,1.6e-08,5.2e-10,7.2e-10,6.88537653545,64.6563777522,-57.7710012167,-1059.08930457,-568.274625944,-283.645805211,-235.619331119,1.07093869653,-1.4749581871e-07,1.71350191445e-08
6.836e-06,185.75214361,-397.031051896,-800,1,15,1.6e-08,5.2e-10,7.2e-10,10.8344651759,92.8760718052,-82.0416066293,-1040.82912786,-563.772746097,-280.519526093,-233.237407278,1.77932449513,-1.45870153569e-07,2.8469191922e-08
6.837e-06,216.10319516,-399.661401966,-800,1,15,1.6e-08,5.2e-10,7.2e-10,11.9232579958,108.05159758,-96.1283395844,-1020.23251571,-554.626392964,-276.209162354,-230.001521659,2.29257026711,-1.43628764424e-07,3.66811242737e-08
6.838e-06,216.10319516,-402.228640868,-800,1,15,1.6e-08,5.2e-10,7.2e-10,10.0255890074,108.05159758,-98.0260085728,-1000.38540856,-542.581565506,-271.166673705,-226.238931024,2.53777419455,-1.41006670326e-07,4.06043871127e-08
6.839e-06,185.75214361,-404.732363205,-800,1,15,1.6e-08,5.2e-10,7.2e-10,5.43502935741,92.8760718052,-87.4410424478,-984.263705224,-529.783516525,-265.948622107,-222.352004838,2.47967090544,-1.38293283496e-07,3.96747344871e-08
6.84e-06,129.312755504,-407.17217361,-800,1,15,1.6e-08,5.2e-10,7.2e-10,-1.17634822824,64.6563777522,-65.8327259804,-974.315262149,-518.475386439,-261.138019641,-218.76172747,2.12558452225,-1.35791770213e-07,3.40093523561e-08
6.841e-06,54.7117751763,-409.547686808,-800,1,15,1.6e-08,5.2e-10,7.2e-10,-8.85236446842,27.3558875882,-36.2082520566,-972.116055257,-510.683090265,-257.262461258,-215.848585824,1.52440014393,-1.33776479854e-07,2.43904023028e-08
6.842e-06,-27.5733113842,-411.858527679,-800,1,15,1.6e-08,5.2e-10,7.2e-10,-16.4870305192,-13.7866556921,-2.70037482708,-978.148795687,-507.930714534,-254.720040435,-213.89914453,0.759698213639,-1.32454421026e-07,1.21551714182e-08
6.843e-06,-105.985808302,-414.104331315,-800,1,15,1.6e-08,5.2e-10,7.2e-10,-22.9798853182,-52.9929041512,30.013018833,-991.735092096,-511.026395796,-253.723452637,-213.065812057,-0.0619839701035,-1.31936195371e-07,-9.91743521656e-10
6.844e-06,-169.512913411,-416.284743076,-800,1,15,1.6e-08,5.2e-10,7.2e-10,-27.3905566161,-84.7564567053,57.3659000892,-1011.13068715,-519.948753454,-254.270137108,-213.345448483,-0.82611496312,-1.32220471296e-07,-1.32178394099e-08
6.845e-06,-209.232433585,-418.39941865,-800,1,15,1.6e-08,5.2e-10,7.2e-10,-29.0708380515,-104.616216792,75.545378741,-1033.77039254,-533.849827108,-256.142650466,-214.57981938,-1.42625463793,-1.33194178243e-07,-2.28200742069e-08
6.846e-06,-219.565880254,-420.448024105,-800,1,15,1.6e-08,5.2e-10,7.2e-10,-27.7557324407,-109.782940127,82.0272076864,-1056.62832209,-551.174105877,-258.93921965,-216.477832081,-1.77900324345,-1.34648394218e-07,-2.84640518952e-08
6.847e-06,-199.061951543,-422.430235944,-800,1,15,1.6e-08,5.2e-10,7.2e-10,-23.6006745189,-99.5309757713,75.9303012523,-1076.6428294,-569.876932405,-262.130183119,-218.656431295,-1.83571451101,-1.36307695222e-07,-2.93714321761e-08
6.848e-06,-150.600363304,-424.345741152,-800,1,15,1.6e-08,5.2e-10,7.2e-10,-17.1597053108,-75.3001816522,58.1404763414,-1091.14646864,-587.71160735,-265.132393335,-220.694410416,-1.58932773585,-1.37868844534e-07,-2.54292437736e-08
6.849e-06,-80.9874015906,-426.194237248,-800,1,15,1.6e-08,5.2e-10,7.2e-10,-9.30766347248,-40.4937007953,31.1860373228,-1098.24059195,-602.544871407,-267.391130895,-222.19158087,-1.07535928847,-1.39043388065e-07,-1.72057486155e-08
6.85e-06,1.3013975643e-12,-427.975432333,-800,1,15,1.6e-08,5.2e-10,7.2e-10,-1.11732160122,6.50701714733e-13,-1.11732160122,-1097.06197224,-612.656456358,-268.45802572,-222.824989346,-0.366914301148,-1.39598173374e-07,-5.87062881837e-09
6.851e-06,80.9874015906,-429.689045136,-800,1,15,1.6e-08,5.2e-10,7.2e-10,6.29127664967,40.4937007953,-34.2024241457,-1087.9040051,-616.980634098,-268.054041511,-222.394287376,0.435580876651,-1.39388101586e-07,6.96929402642e-09
6.852e-06,150.600363304,-431.334805058,-800,1,15,1.6e-08,5.2e-10,7.2e-10,11.9081184959,75.3001816522,-63.3920631562,-1072.17546727,-615.255838819,-266.108677472,-220.849881217,1.21848340775,-1.38376512286e-07,1.9495734524e-08
6.853e-06,199.061951543,-432.912452214,-800,1,15,1.6e-08,5.2e-10,7.2e-10,14.9750704008,99.5309757713,-84.5559053705,-1052.20262411,-608.061348343,-262.769881549,-218.299908491,1.87089491428,-1.36640338406e-07,2.99343186284e-08
6.854e-06,219.565880254,-434.421737475,-800,1,15,1.6e-08,5.2e-10,7.2e-10,15.0923507239,109.782940127,-94.6905894032,-1030.90247926,-596.73587286,-258.383282888,-214.995061711,2.30023697469,-1.34359307102e-07,3.6803791595e-08
6.855e-06,209.232433585,-435.862422508,-800,1,15,1.6e-08,5.2e-10,7.2e-10,12.2746728751,104.616216792,-92.3415439174,-1011.37305779,-583.189485024,-253.443660253,-211.293390199,2.44525363836,-1.31790703332e-07,3.91240582138e-08
6.856e-06,169.512913411,-437.234279812,-800,1,15,1.6e-08,5.2e-10,7.2e-10,6.94917383351,84.7564567053,-77.8072828718,-996.458266298,-569.63530529,-248.525462522,-207.610023849,2.28461479338,-1.29233240512e-07,3.65538366941e-08
6.857e-06,105.985808302,-438.537092754,-800,1,15,1.6e-08,5.2e-10,7.2e-10,-0.104581032091,52.9929041512,-53.0974851833,-988.348444062,-558.278626483,-244.202139446,-204.35887989,1.8399120699,-1.26985112512e-07,2.94385931184e-08
6.858e-06,27.5733113842,-439.770655606,-800,1,15,1.6e-08,5.2e-10,7.2e-10,-7.86409069807,13.7866556921,-21.6507463902,-988.272706627,-551.007139156,-240.965612419,-201.894539747,1.17262651341,-1.25302118458e-07,1.87620242146e-08
6.859e-06,-54.7117751763,-440.934773573,-800,1,15,1.6e-08,5.2e-10,7.2e-10,-15.207530845,-27.3558875882,12.1483567431,-996.326291343,-549.125764653,-239.157195362,-200.462459241,0.375493909167,-1.24361741588e-07,6.00790254667e-09
6.86e-06,-129.312755504,-442.029262828,-800,1,15,1.6e-08,5.2e-10,7.2e-10,-21.07131591,-64.6563777522,43.5850618422,-1011.45715358,-553.173337805,-238.919667669,-200.164504929,-0.440519527767,-1.24238227188e-07,-7.04831244427e-09
6.861e-06,-185.75214361,-443.053950538,-800,1,15,1.6e-08,5.2e-10,7.2e-10,-24.5994817124,-92.8760718052,68.2765900928,-1031.61369619,-562.846885632,-240.177230414,-200.944656927,-1.16180187119,-1.24892159815e-07,-1.85888299391e-08
6.862e-06,-216.10319516,-444.008674894,-800,1,15,1.6e-08,5.2e-10,7.2e-10,-25.2639083028,-108.05159758,82.7876892773,-1054.03288406,-577.044136893,-242.646160935,-202.596886194,-1.68805178385,-1.26176003686e-07,-2.70088285415e-08
6.863e-06,-216.10319516,-444.893285132,-800,1,15,1.6e-08,5.2e-10,7.2e-10,-22.9384980952,-108.05159758,85.113099485,-1075.62827891,-594.018292143,-245.874669365,-204.794099941,-1.94636538388,-1.2785482807e-07,-3.1141846142e-08
6.864e-06,-185.75214361,-445.707641563,-800,1,15,1.6e-08,5.2e-10,7.2e-10,-17.916891182,-92.8760718052,74.9591806233,-1093.42349597,-611.623317316,-249.306359389,-207.134089862,-1.90147521931,-1.29639306882e-07,-3.04236035089e-08
6.865e-06,-129.312755504,-446.451615592,-800,1,15,1.6e-08,5.2e-10,7.2e-10,-10.871229768,-64.6563777522,53.7851479842,-1104.97020496,-627.615310088,-252.358380348,-209.196029905,-1.56070331691,-1.31226357781e-07,-2.49712530705e-08
6.866e-06,-54.7117751762,-447.125089734,-800,1,15,1.6e-08,5.2e-10,7.2e-10,-2.75776313511,-27.3558875881,24.598124453,-1108.69196823,-639.967613,-254.503294462,-210.599588617,-0.972932664531,-1.3234171312e-07,-1.55669226325e-08
6.867e-06,27.5733113841,-447.727957642,-800,1,15,1.6e-08,5.2e-10,7.2e-10,5.31744935994,13.7866556921,-8.46920633213,-1104.10562512,-647.155416666,-255.343161153,-211.058353932,-0.221741579202,-1.32778443799e-07,-3.54786526723e-09
6.868e-06,105.985808302,-448.260124114,-800,1,15,1.6e-08,5.2e-10,7.2e-10,12.2538756435,52.9929041512,-40.7390285077,-1091.88912971,-648.369881385,-254.665433557,-210.420067031,0.586334781449,-1.3242602545e-07,9.38135650319e-09
6.869e-06,169.512913411,-448.721505117,-800,1,15,1.6e-08,5.2e-10,7.2e-10,17.1110719651,84.7564567053,-67.6453847403,-1073.78631446,-643.631704413,-252.472816716,-208.688014553,1.33676712851,-1.31285864692e-07,2.13882740562e-08
6.87e-06,209.232433585,-449.112027793,-800,1,15,1.6e-08,5.2e-10,7.2e-10,19.2407599855,104.616216792,-85.375456807,-1052.36195519,-633.788182731,-248.982893952,-206.020574685,1.92311750383,-1.29471104855e-07,3.07698800613e-08
6.871e-06,219.565880254,-449.431630473,-800,1,15,1.6e-08,5.2e-10,7.2e-10,18.377870077,109.782940127,-91.4050700501,-1030.64153807,-620.394183825,-244.597573912,-202.708980873,2.26198833935,-1.27190738434e-07,3.61918134296e-08
6.872e-06,199.061951543,-449.680262688,-800,1,15,1.6e-08,5.2e-10,7.2e-10,14.6777640766,99.5309757713,-84.8532116947,-1011.68632207,-605.493741782,-239.846649333,-199.136426186,2.3047355628,-1.24720257653e-07,3.68757690049e-08
6.873e-06,150.600363304,-449.857885177,-800,1,15,1.6e-08,5.2e-10,7.2e-10,8.69440966755,75.3001816522,-66.6057719846,-998.163378176,-591.332952901,-235.313394552,-195.724251987,2.04430067884,-1.22362965167e-07,3.27088108615e-08
6.874e-06,80.9874015906,-449.964469892,-800,1,15,1.6e-08,5.2e-10,7.2e-10,1.30257173359,40.4937007953,-39.1911290617,-991.970992086,-580.044493765,-231.552651348,-192.872778566,1.51620228006,-1.20407378701e-07,2.4259236481e-08
6.875e-06,-1.91973020903e-11,-450,-800,1,15,1.6e-08,5.2e-10,7.2e-10,-6.42505132013,-9.59810009249e-12,-6.42505132012,-993.972041457,-573.348070284,-229.012907739,-190.905087884,0.793547733156,-1.19086712024e-07,1.26967637305e-08
6.876e-06,-80.9874015907,-449.964469892,-800,1,15,1.6e-08,5.2e-10,7.2e-10,-13.3684904403,-40.4937007953,27.1252103551,-1003.87279407,-572.30886875,-227.973313503,-190.02165398,-0.0232343660254,-1.18546123021e-07,-3.71749856406e-10
6.877e-06,-150.600363304,-449.857885177,-800,1,15,1.6e-08,5.2e-10,7.2e-10,-18.5178078384,-75.3001816521,56.7823738138,-1020.26414936,-577.187933754,-228.504478444,-190.272193067,-0.820498922296,-1.18822328791e-07,-1.31279827567e-08
6.878e-06,-199.061951543,-449.680262688,-800,1,15,1.6e-08,5.2e-10,7.2e-10,-21.1149453579,-99.5309757713,78.4160304133,-1040.81953109,-587.40548692,-230.458559133,-191.548686871,-1.48734528853,-1.19838450749e-07,-2.37975246164e-08
6.879e-06,-219.565880254,-449.431630473,-800,1,15,1.6e-08,5.2e-10,7.2e-10,-20.7601971107,-109.782940127,89.0227430164,-1062.62163766,-601.622338254,-233.490026435,-193.600559092,-1.93119276298,-1.21414813746e-07,-3.08990842077e-08
6.88e-06,-209.232433585,-449.112027793,-800,1,15,1.6e-08,5.2e-10,7.2e-10,-17.468352619,-104.616216792,87.1478641735,-1082.57215903,-617.927956122,-237.104197077,-196.069873464,-2.09078310434,-1.2329418248e-07,-3.34525296694e-08
6.881e-06,-169.512913411,-448.721505117,-800,1,15,1.6e-08,5.2e-10,7.2e-10,-11.6666253225,-84.7564567053,73.0898313828,-1097.82691669,-634.108781988,-240.726713136,-198.541609977,-1.94478389976,-1.25177890831e-07,-3.11165423962e-08
6.882e-06,-105.985808302,-448.260124114,-800,1,15,1.6e-08,5.2e-10,7.2e-10,-4.13465738662,-52.9929041512,48.8582467646,-1106.19531255,-647.959105908,-243.784211271,-200.601958097,-1.51478446867,-1.26767789861e-07,-2.42365514988e-08
6.883e-06,-27.5733113841,-447.727957642,-800,1,15,1.6e-08,5.2e-10,7.2e-10,4.10497304479,-13.786655692,17.8916287368,-1106.44798534,-657.590841246,-245.784851934,-201.896439889,-0.862263536377,-1.27808123005e-07,-1.3796216582e-08
6.884e-06,54.7117751762,-447.125089734,-800,1,15,1.6e-08,5.2e-10,7.2e-10,11.9303642198,27.3558875881,-15.4255233683,-1098.48946519,-661.698691668,-246.387398477,-202.179699801,-0.079954558836,-1.28121447208e-07,-1.27927294138e-09
6.885e-06,129.312755504,-446.451615592,-800,1,15,1.6e-08,5.2e-10,7.2e-10,18.2778528446,64.6563777522,-46.3785249075,-1083.37157742,-659.743468507,-245.449144201,-201.349968309,0.721178586895,-1.27633554985e-07,1.15388573903e-08
6.886e-06,185.75214361,-445.707641563,-800,1,15,1.6e-08,5.2e-10,7.2e-10,22.2913967198,92.8760718052,-70.5846750854,-1063.1457131,-652.027812114,-243.045956125,-199.463359078,1.427526321,-1.26383897185e-07,2.2840421136e-08
6.887e-06,216.10319516,-444.893285132,-800,1,15,1.6e-08,5.2e-10,7.2e-10,23.4427976029,108.05159758,-84.6087999773,-1040.57471454,-639.653682367,-239.461620404,-196.725991669,1.93878966058,-1.2452004261e-07,3.10206345693e-08
6.888e-06,216.10319516,-444.008674894,-800,1,15,1.6e-08,5.2e-10,7.2e-10,21.6058793523,108.05159758,-86.4457182279,-1018.74484054,-624.367588659,-235.147985783,-193.46504611,2.18206708577,-1.22276952607e-07,3.49130733724e-08
6.889e-06,185.75214361,-443.053950538,-800,1,15,1.6e-08,5.2e-10,7.2e-10,17.0742032551,92.8760718052,-75.8018685501,-1000.63230974,-608.315296358,-230.661502834,-190.082814655,2.12209351385,-1.19943981474e-07,3.39534962215e-08
6.89e-06,129.312755504,-442.029262828,-800,1,15,1.6e-08,5.2e-10,7.2e-10,10.5198324735,64.6563777522,-54.1365452787,-988.685299625,-593.740460494,-226.585071842,-187.000204002,1.76619334768,-1.17824237358e-07,2.82590935629e-08
6.891e-06,54.7117751763,-440.934773573,-800,1,15,1.6e-08,5.2e-10,7.2e-10,2.89893702199,27.3558875881,-24.4569505662,-984.480108486,-582.66951267,-223.446175579,-184.597622932,1.16325195775,-1.16192011301e-07,1.86120313239e-08
6.892e-06,-27.5733113842,-439.770655606,-800,1,15,1.6e-08,5.2e-10,7.2e-10,-4.6825032229,-13.7866556921,9.10415246918,-988.499771022,-576.627057887,-221.642794969,-183.161557513,0.396850049811,-1.15254253384e-07,6.34960079698e-09
6.893e-06,-105.985808302,-438.537092754,-800,1,15,1.6e-08,5.2e-10,7.2e-10,-11.1240358667,-52.9929041512,41.8688682845,-1000.06622062,-576.421752973,-221.387512577,-182.844337227,-0.426474823994,-1.1512150654e-07,-6.8235971839e-09
6.894e-06,-169.512913411,-437.234279812,-800,1,15,1.6e-08,5.2e-10,7.2e-10,-15.4852970257,-84.7564567053,69.2711596797,-1017.43552578,-582.032739332,-222.677654409,-183.64274275,-1.19219097489,-1.15792380293e-07,-1.90750555983e-08
6.895e-06,-209.232433585,-435.862422508,-800,1,15,1.6e-08,5.2e-10,7.2e-10,-17.1180884016,-104.616216792,87.4981283909,-1038.04282508,-592.612580205,-225.295663532,-185.398459852,-1.79385803985,-1.17153745036e-07,-2.87017286377e-08
6.896e-06,-219.565880254,-434.421737475,-800,1,15,1.6e-08,5.2e-10,7.2e-10,-15.7574205696,-109.782940127,94.0255195575,-1058.86256028,-606.606289912,-228.839653029,-187.820315673,-2.14807604134,-1.18996619575e-07,-3.43692166614e-08
6.897e-06,-199.061951543,-432.912452214,-800,1,15,1.6e-08,5.2e-10,7.2e-10,-11.5587357185,-99.5309757713,87.9722400527,-1076.83341382,-621.969737772,-232.779847232,-190.525174357,-2.20619849336,-1.21045520561e-07,-3.52991758937e-08
6.898e-06,-150.600363304,-431.334805058,-800,1,15,1.6e-08,5.2e-10,7.2e-10,-5.07608201967,-75.3001816522,70.2240996325,-1089.28826964,-636.456752513,-236.532984206,-193.091748365,-1.96116448298,-1.22997151787e-07,-3.13786317276e-08
6.899e-06,-80.9874015906,-429.689045136,-800,1,15,1.6e-08,5.2e-10,7.2e-10,2.81569503146,-40.4937007953,43.3093958268,-1094.3288105,-647.934604205,-239.544229909,-195.119767841,-1.44849018173,-1.24562999553e-07,-2.31758429077e-08
6.9e-06,3.70932066163e-11,-427.975432333,-800,1,15,1.6e-08,5.2e-10,7.2e-10,11.0438163072,1.85469417602e-11,11.0438163072,-1091.09214073,-654.683555233,-241.365099397,-196.286197855,-0.741280532142,-1.25509851687e-07,-1.18604885143e-08
6.901e-06,80.9874015907,-426.194237248,-800,1,15,1.6e-08,5.2e-10,7.2e-10,18.4882319337,40.4937007953,-22.0054688617,-1079.87198808,-655.638409238,-241.716441296,-196.390607993,0.060038296811,-1.25692549474e-07,9.60612748977e-10
6.902e-06,150.600363304,-424.345741152,-800,1,15,1.6e-08,5.2e-10,7.2e-10,24.1389232167,75.3001816521,-51.1612584355,-1062.07746217,-650.538133209,-240.527639544,-195.383322257,0.841823639154,-1.25074372563e-07,1.34691782265e-08
6.903e-06,199.061951543,-422.430235944,-800,1,15,1.6e-08,5.2e-10,7.2e-10,27.2377510215,99.5309757713,-72.2932247497,-1040.03516183,-639.962538746,-237.946526651,-193.372395711,1.49317727892,-1.23732193858e-07,2.38908364628e-08
6.904e-06,219.565880254,-420.448024105,-800,1,15,1.6e-08,5.2e-10,7.2e-10,27.3849284224,109.782940127,-82.3980117047,-1016.66242481,-625.250870703,-234.318616169,-190.608438024,1.92152094712,-1.21845680408e-07,3.07443351539e-08
6.905e-06,209.232433585,-418.39941865,-800,1,15,1.6e-08,5.2e-10,7.2e-10,24.595163857,104.616216792,-80.0210529355,-995.057610806,-608.313737202,-230.138571137,-187.449415404,2.06559883634,-1.19672056991e-07,3.30495813814e-08
6.906e-06,169.512913411,-416.284743076,-800,1,15,1.6e-08,5.2e-10,7.2e-10,19.2955896467,84.7564567053,-65.4608670586,-978.064961526,-591.364794885,-225.980724586,-184.310374367,1.90408096847,-1.17509976785e-07,3.04652954955e-08
6.907e-06,105.985808302,-414.104331315,-800,1,15,1.6e-08,5.2e-10,7.2e-10,12.2657668177,52.9929041512,-40.7271373335,-967.875151779,-576.609873403,-222.418410321,-181.605148518,1.45855909808,-1.15657573367e-07,2.33369455692e-08
6.908e-06,27.5733113842,-411.858527679,-800,1,15,1.6e-08,5.2e-10,7.2e-10,4.52819236601,13.7866556921,-9.25846332608,-965.717633032,-565.937200683,-219.94343371,-179.688235426,0.790514385651,-1.14370585529e-07,1.26482301704e-08
6.909e-06,-54.7117751763,-409.547686808,-800,1,15,1.6e-08,5.2e-10,7.2e-10,-2.79531309933,-27.3558875881,24.5605744888,-971.687978871,-560.652235909,-218.896992584,-178.805006831,-0.00731727801287,-1.13826436144e-07,-1.17076448206e-10
6.91e-06,-129.312755504,-407.17217361,-800,1,15,1.6e-08,5.2e-10,7.2e-10,-8.64116740969,-64.6563777522,56.0152103425,-984.734481177,-561.294352133,-219.421750201,-179.057245005,-0.823969581752,-1.14099310104e-07,-1.3183513308e-08
6.911e-06,-185.75214361,-404.732363205,-800,1,15,1.6e-08,5.2e-10,7.2e-10,-12.1534094608,-92.8760718052,80.7226623444,-1002.80587953,-567.561114893,-221.441791473,-180.388845584,-1.54583051276,-1.15149731566e-07,-2.47332882041e-08
6.912e-06,-216.10319516,-402.228640868,-800,1,15,1.6e-08,5.2e-10,7.2e-10,-12.8039220619,-108.05159758,95.2476755182,-1023.13947572,-578.350791674,-224.673277568,-182.593694864,-2.07259865663,-1.16830104335e-07,-3.3161578506e-08
6.913e-06,-216.10319516,-399.661401966,-800,1,15,1.6e-08,5.2e-10,7.2e-10,-10.4666100674,-108.05159758,97.5849875128,-1042.64916843,-591.917121886,-228.664302457,-185.344615227,-2.33137006388,-1.18905437278e-07,-3.73019210221e-08
6.914e-06,-185.75214361,-397.031051896,-800,1,15,1.6e-08,5.2e-10,7.2e-10,-5.43511569115,-92.8760718052,87.4409561141,-1058.35890999,-606.114610358,-232.858353694,-188.239313384,-2.28687722442,-1.21086343921e-07,-3.65900355907e-08
6.915e-06,-129.312755504,-394.33800602,-800,1,15,1.6e-08,5.2e-10,7.2e-10,1.61841705951,-64.6563777522,66.2747948117,-1067.82070716,-618.699893612,-236.672464532,-190.856878156,-1.94644211641,-1.23069681557e-07,-3.11430738626e-08
6.916e-06,-54.7117751763,-391.582689601,-800,1,15,1.6e-08,5.2e-10,7.2e-10,9.73773741936,-27.3558875881,37.0936250075,-1069.4584593,-627.646852911,-239.579081169,-192.816892837,-1.35894768863,-1.24581122208e-07,-2.1743163018e-08
6.917e-06,27.5733113841,-388.765537737,-800,1,15,1.6e-08,5.2e-10,7.2e-10,17.8167848683,13.786655692,4.0301291763,-1062.78934265,-631.431217375,-241.180147089,-193.832859996,-0.607972228544,-1.25413676486e-07,-9.72755565671e-09
6.918e-06,105.985808302,-385.886995287,-800,1,15,1.6e-08,5.2e-10,7.2e-10,24.755026489,52.9929041512,-28.2378776622,-1048.49164808,-629.244685505,-241.262999589,-193.752435344,0.199949126214,-1.25456759786e-07,3.19918601943e-09
6.919e-06,169.512913411,-382.947516808,-800,1,15,1.6e-08,5.2e-10,7.2e-10,29.6120180067,84.7564567053,-55.1444386987,-1028.30954454,-621.108492381,-239.83022799,-192.578819965,0.950287097212,-1.24711718555e-07,1.52045935554e-08
6.92e-06,209.232433585,-379.947566476,-800,1,15,1.6e-08,5.2e-10,7.2e-10,31.7394808785,104.616216792,-72.876735914,-1004.80814417,-607.870472334,-237.099300034,-190.470306416,1.53660372722,-1.23291636018e-07,2.45856596355e-08
6.921e-06,219.565880254,-376.887618019,-800,1,15,1.6e-08,5.2e-10,7.2e-10,30.8723455928,109.782940127,-78.9105945343,-981.013269074,-591.086029644,-233.472008941,-187.718042453,1.87550143956,-1.21405444649e-07,3.0008023033e-08
6.922e-06,199.061951543,-373.768154638,-800,1,15,1.6e-08,5.2e-10,7.2e-10,27.1659744227,99.5309757713,-72.3650013485,-959.986513824,-572.799734558,-229.478032194,-184.705135407,1.91833614383,-1.19328576741e-07,3.06933783013e-08
6.923e-06,150.600363304,-370.589668933,-800,1,15,1.6e-08,5.2e-10,7.2e-10,21.1743358075,75.3001816521,-54.1258458447,-944.395284573,-555.258218806,-225.70052907,-181.852840872,1.65804931698,-1.17364275116e-07,2.65287890717e-08
6.924e-06,80.9874015907,-367.352662823,-800,1,15,1.6e-08,5.2e-10,7.2e-10,13.7721957068,40.4937007953,-26.7215050886,-936.138201714,-540.594693596,-222.694226496,-179.561393345,1.1301595144,-1.15800997778e-07,1.80825522303e-08
6.925e-06,-5.49891111423e-11,-364.057647469,-800,1,15,1.6e-08,5.2e-10,7.2e-10,6.03225392097,-2.74944511602e-11,6.032253921,-936.078477065,-530.529398569,-220.907497866,-178.15378899,0.407774056009,-1.1487189889e-07,6.52438489615e-09
6.926e-06,-80.9874015906,-360.705143192,-800,1,15,1.6e-08,5.2e-10,7.2e-10,-0.925518781199,-40.4937007953,39.5681820141,-943.92271199,-526.128052771,-220.619378582,-177.830416056,-0.40867851859,-1.14722076863e-07,-6.53885629745e-09
6.927e-06,-150.600363304,-357.295679392,-800,1,15,1.6e-08,5.2e-10,7.2e-10,-6.09118257766,-75.3001816522,69.2089990745,-958.262138874,-527.652232486,-221.900364332,-178.640904983,-1.20555317999,-1.15388189453e-07,-1.92888508799e-08
6.928e-06,-199.061951543,-353.829794461,-800,1,15,1.6e-08,5.2e-10,7.2e-10,-8.70667695866,-99.5309757713,90.8242988126,-976.770513731,-534.522689885,-224.602497857,-180.477151762,-1.87194935635,-1.16793298885e-07,-2.99511897016e-08
6.929e-06,-219.565880254,-350.308035705,-800,1,15,1.6e-08,5.2e-10,7.2e-10,-8.37229336476,-109.782940127,101.410646762,-996.530866485,-545.400764291,-228.380136488,-183.088494404,-2.3152864307,-1.18757670974e-07,-3.70445828911e-08
6.93e-06,-209.232433585,-346.730959249,-800,1,15,1.6e-08,5.2e-10,7.2e-10,-5.10281832869,-104.616216792,99.5133984638,-1014.44521782,-558.376452076,-232.738483736,-186.116911012,-2.47430625593,-1.21024011543e-07,-3.95889000949e-08
6.931e-06,-169.512913411,-343.099129955,-800,1,15,1.6e-08,5.2e-10,7.2e-10,0.674538016622,-84.7564567054,85.430994722,-1027.66971912,-571.236721313,-237.103068801,-189.147296023,-2.32767652294,-1.23293595776e-07,-3.7242824367e-08
6.932e-06,-105.985808302,-339.413121331,-800,1,15,1.6e-08,5.2e-10,7.2e-10,8.18013713016,-52.9929041512,61.1730412813,-1034.01410125,-581.776387188,-240.900415813,-191.765753437,-1.89698666426,-1.25268216223e-07,-3.03517866282e-08
6.933e-06,-27.5733113842,-335.673515441,-800,1,15,1.6e-08,5.2e-10,7.2e-10,16.3914048082,-13.7866556921,30.1780605002,-1032.249331,-588.107886631,-243.638573069,-193.61771995,-1.24371552778,-1.26692057996e-07,-1.98994484446e-08
6.934e-06,54.7117751763,-331.880902811,-800,1,15,1.6e-08,5.2e-10,7.2e-10,24.1864435555,27.3558875881,-3.16944403263,-1022.28026553,-588.926445231,-244.976192153,-194.457754761,-0.460596701435,-1.2738761992e-07,-7.36954722296e-09
6.935e-06,129.312755504,-328.03588234,-800,1,15,1.6e-08,5.2e-10,7.2e-10,30.5015946496,64.6563777522,-34.1547831026,-1005.15905614,-583.693394516,-244.770455004,-194.184003222,0.341405796376,-1.27280636602e-07,5.46249274201e-09
6.936e-06,185.75214361,-324.1390612,-800,1,15,1.6e-08,5.2e-10,7.2e-10,34.4808207771,92.8760718052,-58.3952510281,-982.937418757,-572.711893222,-243.097117702,-192.852494016,1.04868223511,-1.26410501205e-07,1.67789157618e-08
6.937e-06,216.10319516,-320.191054744,-800,1,15,1.6e-08,5.2e-10,7.2e-10,35.5959288954,108.05159758,-72.4556686848,-958.378519425,-557.084417722,-240.239855904,-190.669261876,1.56093347182,-1.2492472507e-07,2.49749355491e-08
6.938e-06,216.10319516,-316.192486409,-800,1,15,1.6e-08,5.2e-10,7.2e-10,33.7207483753,108.05159758,-74.3308492048,-934.568939464,-538.557991927,-236.650408316,-187.96140217,1.80525781727,-1.23058212324e-07,2.88841250764e-08
6.939e-06,185.75214361,-312.143987616,-800,1,15,1.6e-08,5.2e-10,7.2e-10,29.1488463287,92.8760718052,-63.7272254766,-914.485218738,-519.278893675,-232.885115945,-185.131122674,1.74639001007,-1.21100260291e-07,2.79422401612e-08
6.94e-06,129.312755504,-308.046197668,-800,1,15,1.6e-08,5.2e-10,7.2e-10,22.5522920532,64.6563777522,-42.104085699,-900.575854705,-501.491288326,-229.526770005,-182.599245803,1.3916542652,-1.19353920403e-07,2.22664682432e-08
6.941e-06,54.7117751762,-303.899763654,-800,1,15,1.6e-08,5.2e-10,7.2e-10,14.8872620091,27.3558875881,-12.468625579,-894.417464218,-487.222115598,-227.102744706,-180.746096261,0.789935755978,-1.18093427247e-07,1.26389720956e-08
6.942e-06,-27.5733113842,-299.705340345,-800,1,15,1.6e-08,5.2e-10,7.2e-10,7.259742828,-13.7866556921,21.0463985201,-896.493399155,-477.996486313,-226.010912937,-179.858076261,0.024814981839,-1.17525674727e-07,3.97039709424e-10
6.943e-06,-105.985808302,-295.463590089,-800,1,15,1.6e-08,5.2e-10,7.2e-10,0.770193967166,-52.9929041512,53.7630981183,-906.125908609,-474.623560742,-226.463749771,-180.087431665,-0.797170720589,-1.17761149881e-07,-1.27547315294e-08
6.944e-06,-169.512913411,-291.175182706,-800,1,15,1.6e-08,5.2e-10,7.2e-10,-3.64101332005,-84.7564567054,81.1154433853,-921.571375285,-477.082981276,-228.458474284,-181.430859775,-1.56148988716,-1.18798406628e-07,-2.49838381946e-08
6.945e-06,-209.232433585,-286.840795387,-800,1,15,1.6e-08,5.2e-10,7.2e-10,-5.3256730596,-104.616216792,99.2905437329,-940.265250404,-484.527809611,-231.777423189,-183.729963247,-2.16170238857,-1.20524260058e-07,-3.45872382171e-08
6.946e-06,-219.565880254,-282.461112581,-800,1,15,1.6e-08,5.2e-10,7.2e-10,-4.01878784668,-109.782940127,105.76415228,-959.182286737,-495.403555907,-236.018603812,-186.693486383,-2.51440849006,-1.22729673982e-07,-4.0230535841e-08
6.947e-06,-199.061951543,-278.036825891,-800,1,15,1.6e-08,5.2e-10,7.2e-10,0.124208413348,-99.5309757713,99.6551841846,-975.261476103,-507.666582633,-240.652135334,-189.938210772,-2.57096195745,-1.25139110374e-07,-4.11353913192e-08
6.948e-06,-150.600363304,-273.568633963,-800,1,15,1.6e-08,5.2e-10,7.2e-10,6.54927613436,-75.3001816522,81.8494577865,-985.836010106,-519.071208894,-245.094651301,-193.042766623,-2.32430213858,-1.27449218677e-07,-3.71888342172e-08
6.949e-06,-80.9874015906,-269.057242376,-800,1,15,1.6e-08,5.2e-10,7.2e-10,14.3815787071,-40.4937007953,54.8752795023,-989.007877404,-527.485192295,-248.791213793,-195.606802138,-1.8099454747,-1.29371431172e-07,-2.89591275952e-08
6.95e-06,-2.71594015268e-11,-264.503363532,-800,1,15,1.6e-08,5.2e-10,7.2e-10,22.5483461886,-1.35802480372e-11,22.5483461887,-983.914486424,-531.189279827,-251.293234648,-197.307200773,-1.10099718696,-1.30672482017e-07,-1.76159549914e-08
6.951e-06,80.9874015906,-259.90771654,-800,1,15,1.6e-08,5.2e-10,7.2e-10,29.9295381884,40.4937007953,-10.5641626069,-970.849867154,-529.11875674,-252.321459951,-197.943450834,-0.297883731803,-1.31207159175e-07,-4.76613970885e-09
6.952e-06,150.600363304,-255.271027107,-800,1,15,1.6e-08,5.2e-10,7.2e-10,35.5151457914,75.3001816522,-39.7850358608,-951.223429553,-521.013068556,-251.805171794,-197.465795396,0.485751928534,-1.30938689333e-07,7.77203085654e-09
6.953e-06,199.061951543,-250.59402742,-800,1,15,1.6e-08,5.2e-10,7.2e-10,38.5470399366,99.5309757713,-60.9839358347,-927.362070858,-507.452502252,-249.892101543,-195.982208959,1.13901127305,-1.29943892802e-07,1.82241803688e-08
6.954e-06,219.565880254,-245.87745603,-800,1,15,1.6e-08,5.2e-10,7.2e-10,38.6254440653,109.782940127,-71.1574960618,-902.183425195,-489.776774835,-246.927662336,-193.743221008,1.56931571901,-1.28402384414e-07,2.51090515041e-08
6.955e-06,209.232433585,-241.122057741,-800,1,15,1.6e-08,5.2e-10,7.2e-10,35.7650772739,104.616216792,-68.8511395186,-878.786146617,-469.896963278,-243.406417533,-191.10671795,1.71540913659,-1.26571337117e-07,2.74465461855e-08
6.956e-06,169.512913411,-236.328583483,-800,1,15,1.6e-08,5.2e-10,7.2e-10,30.393082832,84.7564567053,-54.3633738733,-860.014769092,-450.027189698,-239.902601248,-188.487666906,1.55596121669,-1.24749352649e-07,2.48953794671e-08
6.957e-06,105.985808302,-231.497790202,-800,1,15,1.6e-08,5.2e-10,7.2e-10,23.2890330022,52.9929041512,-29.703871149,-848.060257552,-432.373745771,-236.989449134,-186.299822496,1.1125633743,-1.2323451355e-07,1.78010139888e-08
6.958e-06,27.5733113841,-226.630440736,-800,1,15,1.6e-08,5.2e-10,7.2e-10,15.4754363034,13.7866556921,1.68878061132,-844.152351402,-418.825317927,-235.158669196,-184.897603733,0.446696421821,-1.22282507982e-07,7.14714274914e-09
6.959e-06,-54.7117751763,-221.727303697,-800,1,15,1.6e-08,5.2e-10,7.2e-10,8.07412515173,-27.3558875881,35.4300127399,-848.386909943,-410.687820259,-234.751362705,-184.52630424,-0.348904106464,-1.22070708607e-07,-5.58246570343e-09
6.96e-06,-129.312755504,-216.789153346,-800,1,15,1.6e-08,5.2e-10,7.2e-10,2.14869380583,-64.6563777521,66.805071558,-859.712508491,-408.50107706,-235.910097173,-185.28762862,-1.16327226431,-1.2267325053e-07,-1.8612356229e-08
6.961e-06,-185.75214361,-211.816769474,-800,1,15,1.6e-08,5.2e-10,7.2e-10,-1.44488425972,-92.8760718052,91.4311875455,-876.07816775,-411.963101373,-238.558862601,-187.125395306,-1.88279641216,-1.24050608552e-07,-3.01247425946e-08
6.962e-06,-216.10319516,-206.81093728,-800,1,15,1.6e-08,5.2e-10,7.2e-10,-2.17847920461,-108.05159758,105.873118376,-894.721468253,-419.972604379,-242.413726091,-189.833413865,-2.40717551714,-1.26055137567e-07,-3.85148082743e-08
6.963e-06,-216.10319516,-201.772447241,-800,1,15,1.6e-08,5.2e-10,7.2e-10,0.074017042803,-108.05159758,108.125614623,-912.556585056,-430.783765304,-247.022688412,-193.084430436,-2.66350601952,-1.28451797974e-07,-4.26160963123e-08
6.964e-06,-185.75214361,-196.702094993,-800,1,15,1.6e-08,5.2e-10,7.2e-10,5.01897546943,-92.8760718052,97.8950472746,-926.60774436,-442.251524846,-251.829144788,-196.476075989,-2.61652080708,-1.3095115529e-07,-4.18643329133e-08
6.965e-06,-129.312755504,-191.600681204,-800,1,15,1.6e-08,5.2e-10,7.2e-10,11.9842655414,-64.6563777522,76.6406432936,-934.427224343,-452.132951382,-256.250037037,-199.587364113,-2.27354226399,-1.33250019259e-07,-3.63766762238e-08
6.966e-06,-54.7117751762,-186.469011447,-800,1,15,1.6e-08,5.2e-10,7.2e-10,20.0136502375,-27.3558875881,47.3695378256,-934.439193229,-458.402353939,-259.757720825,-202.037803394,-1.68345375303,-1.35074014829e-07,-2.69352600485e-08
6.967e-06,27.5733113841,-181.307896071,-800,1,15,1.6e-08,5.2e-10,7.2e-10,28.0010830499,13.7866556921,14.2144273579,-926.16109355,-459.535885253,-261.954050023,-203.540822226,-0.929833983654,-1.36216106012e-07,-1.48773437385e-08
6.968e-06,105.985808302,-176.118150077,-800,1,15,1.6e-08,5.2e-10,7.2e-10,34.8460453396,52.9929041512,-18.1468588116,-910.271479816,-454.725663221,-262.626273251,-203.944002695,-0.119218523358,-1.36565662091e-07,-1.90749637373e-09
6.969e-06,169.512913411,-170.900592985,-800,1,15,1.6e-08,5.2e-10,7.2e-10,39.6081073744,84.7564567053,-45.1483493309,-888.514782005,-443.993338031,-261.776892098,-203.250472813,0.633862911723,-1.36123983891e-07,1.01418065876e-08
6.97e-06,209.232433585,-165.656048708,-800,1,15,1.6e-08,5.2e-10,7.2e-10,41.6390054152,104.616216792,-62.9772113773,-863.456370521,-428.187154772,-259.623287535,-201.618452639,1.2229719189,-1.35004109518e-07,1.95675507024e-08
6.971e-06,219.565880254,-160.385345421,-800,1,15,1.6e-08,5.2e-10,7.2e-10,40.6736850134,109.782940127,-69.1092551137,-838.12232304,-408.862924068,-256.567166986,-199.339018008,1.56471046837,-1.33414926833e-07,2.50353674939e-08
6.972e-06,199.061951543,-155.089315429,-800,1,15,1.6e-08,5.2e-10,7.2e-10,36.8675237621,99.5309757713,-62.6634520091,-815.574486879,-388.065618025,-253.138123127,-196.795204925,1.61043400895,-1.31631824026e-07,2.57669441431e-08
6.973e-06,150.600363304,-149.768795035,-800,1,15,1.6e-08,5.2e-10,7.2e-10,30.7745056751,75.3001816521,-44.525675977,-798.480518125,-368.042265692,-249.919231428,-194.408198258,1.3530835493,-1.29958000343e-07,2.16493367887e-08
6.974e-06,80.9874015907,-144.424624413,-800,1,15,1.6e-08,5.2e-10,7.2e-10,23.2694125385,40.4937007953,-17.2242882569,-788.739284238,-350.926470989,-247.465136026,-192.578162397,0.828177169022,-1.28681870734e-07,1.32508347044e-08
6.975e-06,9.26349700079e-12,-139.057647469,-800,1,15,1.6e-08,5.2e-10,7.2e-10,15.4249602285,4.63185045874e-12,15.4249602285,-787.214241195,-338.438861597,-246.224128549,-191.628024019,0.1088217049,-1.28036546845e-07,1.74114727839e-09
6.976e-06,-80.9874015906,-133.66871171,-800,1,15,1.6e-08,5.2e-10,7.2e-10,8.36113583656,-40.4937007953,48.8548366319,-793.612231573,-331.645539878,-246.475163676,-191.758102526,-0.704554793966,-1.28167085111e-07,-1.12728767035e-08
6.977e-06,-150.600363304,-128.258668111,-800,1,15,1.6e-08,5.2e-10,7.2e-10,3.08789575214,-75.3001816522,78.3880774043,-806.524725991,-330.808460635,-248.288657425,-193.017960158,-1.49830779589,-1.29110101861e-07,-2.39729247342e-08
6.978e-06,-199.061951543,-122.828370983,-800,1,15,1.6e-08,5.2e-10,7.2e-10,0.363317293901,-99.5309757713,99.8942930652,-823.625715671,-335.348749713,-251.51657393,-195.299425361,-2.1615372339,-1.30788618443e-07,-3.45845957424e-08
6.979e-06,-219.565880254,-117.37867783,-800,1,15,1.6e-08,5.2e-10,7.2e-10,0.587126069321,-109.782940127,110.370066196,-841.998462692,-343.928115197,-255.813192996,-198.351769272,-2.60166300299,-1.33022860358e-07,-4.16266080479e-08
6.98e-06,-209.232433585,-111.910449224,-800,1,15,1.6e-08,5.2e-10,7.2e-10,3.74455283009,-104.616216792,108.360769623,-858.5452168,-354.636917256,-260.683641697,-201.816903798,-2.75742747504,-1.35555493683e-07,-4.41188396007e-08
6.981e-06,-169.512913411,-106.424548661,-800,1,15,1.6e-08,5.2e-10,7.2e-10,9.4084049615,-84.7564567053,94.1648616668,-870.422355287,-365.262482731,-265.553373897,-205.279657869,-2.60749886681,-1.38087754426e-07,-4.17199818689e-08
6.982e-06,-105.985808302,-100.921842427,-800,1,15,1.6e-08,5.2e-10,7.2e-10,16.7990616714,-52.9929041512,69.7919658226,-875.4398318,-373.599980498,-269.848839504,-208.326070678,-2.17346714356,-1.40321396542e-07,-3.47754742969e-08
6.983e-06,-27.5733113841,-95.4031994649,-800,1,15,1.6e-08,5.2e-10,7.2e-10,24.8939667335,-13.7866556921,38.6806224255,-872.36883268,-377.762196039,-273.078013719,-210.601514823,-1.51681169264,-1.42000567134e-07,-2.42689870822e-08
6.984e-06,54.7117751763,-89.8694912315,-800,1,15,1.6e-08,5.2e-10,7.2e-10,32.5712408548,27.3558875882,5.2153532666,-861.114431404,-376.444698301,-274.899476168,-211.860486126,-0.730266648117,-1.42947727607e-07,-1.16842663699e-08
6.985e-06,129.312755504,-84.3215915636,-800,1,15,1.6e-08,5.2e-10,7.2e-10,38.7672437375,64.6563777522,-25.8891340147,-842.72899231,-369.109156923,-275.170337976,-212.001067291,0.0752034188813,-1.43088575748e-07,1.2032547021e-09
6.986e-06,185.75214361,-78.7603765389,-800,1,15,1.6e-08,5.2e-10,7.2e-10,42.6259567128,92.8760718052,-50.2501150925,-819.264441085,-356.059063456,-273.966285574,-211.079225092,0.785988218613,-1.42462468498e-07,1.25758114978e-08
6.987e-06,216.10319516,-73.1867243377,-800,1,15,1.6e-08,5.2e-10,7.2e-10,43.6192055986,108.05159758,-64.4323919816,-793.48415017,-338.397221731,-271.570926135,-209.300933103,1.30178804251,-1.4121688159e-07,2.08286086802e-08
6.988e-06,216.10319516,-67.6015151043,-800,1,15,1.6e-08,5.2e-10,7.2e-10,41.6208388404,108.05159758,-66.4307587398,-768.474903917,-317.870977714,-268.435931064,-206.993226292,1.54970062942,-1.39586684153e-07,2.47952100708e-08
6.989e-06,185.75214361,-62.0056308081,-800,1,15,1.6e-08,5.2e-10,7.2e-10,36.9244428347,92.8760718052,-55.9516289705,-747.21344182,-296.626925841,-265.11757526,-204.558252802,1.49446013981,-1.37861139135e-07,2.39113622369e-08
6.99e-06,129.312755504,-56.3999551039,-800,1,15,1.6e-08,5.2e-10,7.2e-10,30.2021063719,64.6563777522,-34.4542713803,-732.148457529,-276.909542569,-262.198585027,-202.416776195,1.14339020435,-1.36343264214e-07,1.82942432696e-08
6.991e-06,54.7117751763,-50.7853731931,-800,1,15,1.6e-08,5.2e-10,7.2e-10,22.4100256091,27.3558875882,-4.94586197908,-724.856760628,-260.746073154,-260.20627088,-200.949063106,0.545375406055,-1.35307260857e-07,8.72600649688e-09
6.992e-06,-27.5733113841,-45.1627716831,-800,1,15,1.6e-08,5.2e-10,7.2e-10,14.6542070757,-13.7866556921,28.4408627678,-725.821892221,-249.661928356,-259.538443233,-200.441458478,-0.216004351913,-1.34959990481e-07,-3.45606963061e-09
6.993e-06,-105.985808302,-39.5330384478,-800,1,15,1.6e-08,5.2e-10,7.2e-10,8.03513032558,-52.9929041512,61.0280344768,-734.366287106,-244.466562734,-260.407515917,-201.046151706,-1.03421233505,-1.35411908277e-07,-1.65473973609e-08
6.994e-06,-169.512913411,-33.8970624876,-800,1,15,1.6e-08,5.2e-10,7.2e-10,3.49318690357,-84.7564567053,88.2496436089,-748.746510134,-245.139907269,-262.810648007,-202.759784439,-1.7947176871,-1.36661536963e-07,-2.87154829936e-08
6.995e-06,-209.232433585,-28.2557337882,-800,1,15,1.6e-08,5.2e-10,7.2e-10,1.67660326658,-104.616216792,106.292820059,-766.398191087,-250.835306505,-266.530117464,-205.423904503,-2.3910808923,-1.38595661081e-07,-3.82572942768e-08
6.996e-06,-219.565880254,-22.6099431809,-800,1,15,1.6e-08,5.2e-10,7.2e-10,2.85039749128,-109.782940127,112.633337618,-784.296257682,-259.998547665,-271.163874124,-208.747202202,-2.739902835,-1.41005214544e-07,-4.383844536e-08
6.997e-06,-199.061951543,-16.9605822015,-800,1,15,1.6e-08,5.2e-10,7.2e-10,6.85915652921,-99.5309757713,106.3901323,-799.379873044,-270.586264448,-276.181980945,-212.346405965,-2.79253790558,-1.43614630091e-07,-4.46806064893e-08
6.998e-06,-150.600363304,-11.3085429495,-800,1,15,1.6e-08,5.2e-10,7.2e-10,13.1488618333,-75.3001816522,88.4490434855,-808.982396412,-280.353041318,-281.001016528,-215.800093689,-2.54192608185,-1.46120528595e-07,-4.06708173096e-08
6.999e-06,-80.9874015906,-5.65471794751,-800,1,15,1.6e-08,5.2e-10,7.2e-10,20.8446980118,-40.4937007953,61.3383988071,-811.205980384,-287.166895322,-285.065989296,-218.707862122,-2.02358444027,-1.48234314434e-07,-3.23773510443e-08
7e-06,8.6324075252e-12,-1.54305496693e-12,-800,1,15,1.6e-08,5.2e-10,7.2e-10,28.8739165152,4.31832347658e-12,28.8739165151,-805.188193609,-289.308826938,-287.928258721,-220.746544128,-1.31061884236,-1.49722694535e-07,-2.09699014778e-08
7.001e-06,80.9874015907,5.65471794751,-800,0.9975,15.05,1.60475e-08,5.1935e-10,7.191e-10,36.1077780675,40.4937007953,-4.38592272782,-791.290142839,-285.670899979,-289.658706334,-221.984509372,-0.488920222104,-1.50434249135e-07,-7.84594726422e-09
7.002e-06,150.600363304,11.3085429495,-800,0.995,15.1,1.6095e-08,5.187e-10,7.182e-10,41.4850392745,75.3001816521,-33.8151423776,-771.030013707,-275.918613155,-289.804623643,-222.080150839,0.31289439152,-1.50321658284e-07,5.03603523152e-09
7.003e-06,199.061951543,16.9605822015,-800,0.9925,15.15,1.61425e-08,5.1805e-10,7.173e-10,44.227110109,99.5309757713,-55.3038656622,-746.62140236,-260.695396929,-288.525071637,-221.149644716,0.971889569634,-1.49470413361e-07,1.56887273778e-08
7.004e-06,219.565880254,22.6099431809,-800,0.99,15.2,1.619e-08,5.174e-10,7.164e-10,43.9804779877,109.782940127,-65.8024621394,-720.860140494,-241.411918044,-286.180648892,-219.454494077,1.40260643933,-1.48069867737e-07,2.27081982528e-08
7.005e-06,209.232433585,28.2557337882,-800,0.9875,15.25,1.62375e-08,5.1675e-10,7.155e-10,40.8136658489,104.616216792,-63.8025509435,-696.838799026,-219.983607197,-283.265847378,-217.352534146,1.55278977848,-1.46377626633e-07,2.52134240281e-08
7.006e-06,169.512913411,33.8970624876,-800,0.985,15.3,1.6285e-08,5.161e-10,7.146e-10,35.1692266165,84.7564567053,-49.5872300889,-677.468978458,-198.587007677,-280.346579551,-215.252726997,1.40345309002,-1.44686869706e-07,2.28552335709e-08
7.007e-06,105.985808302,39.5330384478,-800,0.9825,15.35,1.63325e-08,5.1545e-10,7.137e-10,27.8069895927,52.9929041512,-25.1859145585,-665.002502953,-179.394361026,-277.991543076,-213.565560998,0.973640190549,-1.43290740879e-07,1.59019784121e-08
7.008e-06,27.5733113841,45.162771683,-800,0.98,15.4,1.638e-08,5.148e-10,7.128e-10,19.721211647,13.7866556921,5.93455595494,-660.689714416,-164.282671569,-276.695974821,-212.648015548,0.32177362062,-1.42443087838e-07,5.27065190575e-09
7.009e-06,-54.7117751762,50.7853731931,-800,0.9775,15.45,1.64275e-08,5.1415e-10,7.119e-10,12.0168819125,-27.3558875881,39.3727695006,-664.615345673,-154.563458007,-276.809924206,-212.751853152,-0.461057486913,-1.42321822531e-07,-7.57402186626e-09
7.01e-06,-129.312755504,56.3999551039,-800,0.975,15.5,1.6475e-08,5.135e-10,7.11e-10,5.75720201718,-64.6563777522,70.4135797693,-675.702773049,-150.790173276,-278.486285612,-213.986234525,-1.26460154778,-1.43002707662e-07,-2.08343104996e-08
7.011e-06,-185.75214361,62.0056308081,-800,0.9725,15.55,1.65225e-08,5.1285e-10,7.101e-10,1.8110545464,-92.8760718052,94.6871263516,-691.870179125,-152.679150212,-281.658338508,-216.301675983,-1.97590969933,-1.44448478904e-07,-3.26469680072e-08
7.012e-06,-216.10319516,67.6015151043,-800,0.97,15.6,1.657e-08,5.122e-10,7.092e-10,0.728477146927,-108.05159758,108.780074727,-710.320066305,-159.152695772,-286.04936069,-219.497175467,-2.49545319591,-1.46514482545e-07,-4.13496594563e-08
7.013e-06,-216.10319516,73.1867243377,-800,0.9675,15.65,1.66175e-08,5.1155e-10,7.083e-10,2.6627677754,-108.05159758,110.714365356,-727.929625409,-168.493256305,-291.211680697,-223.248578781,-2.7508127535,-1.48969335261e-07,-4.57116309313e-08
7.014e-06,-185.75214361,78.7603765389,-800,0.965,15.7,1.6665e-08,5.109e-10,7.074e-10,7.34842705565,-92.8760718052,100.224498861,-741.690496508,-178.58498125,-296.589201546,-227.153853498,-2.70652553818,-1.5152742307e-07,-4.51042480938e-08
7.015e-06,-129.312755504,84.3215915636,-800,0.9625,15.75,1.67125e-08,5.1025e-10,7.065e-10,14.1367852793,-64.6563777521,78.7931630315,-749.134753383,-187.209575028,-301.594883505,-230.789106642,-2.36894359387,-1.53888789308e-07,-3.95909698125e-08
7.016e-06,-54.7117751763,89.8694912315,-800,0.96,15.8,1.676e-08,5.096e-10,7.056e-10,22.0844972387,-27.3558875881,49.4403848269,-748.684909534,-192.356257384,-305.692700774,-233.767765501,-1.78536872716,-1.55781000314e-07,-2.99227798672e-08
7.017e-06,27.5733113841,95.4031994649,-800,0.9575,15.85,1.68075e-08,5.0895e-10,7.047e-10,30.0833293379,13.7866556921,16.2966736459,-739.877709276,-192.502925188,-308.472728624,-235.794730336,-1.03746505094,-1.56997195233e-07,-1.74371938436e-08
7.018e-06,105.985808302,100.921842427,-800,0.955,15.9,1.6855e-08,5.083e-10,7.038e-10,37.0136753296,52.9929041512,-15.9792288216,-723.430371811,-186.829009148,-309.708778915,-236.707867012,-0.22982422439,-1.57424972322e-07,-3.87368730209e-09
7.019e-06,169.512913411,106.424548661,-800,0.9525,15.95,1.69025e-08,5.0765e-10,7.029e-10,41.900486142,84.7564567053,-42.8559705633,-701.140330748,-175.330015771,-309.390402719,-236.500949355,0.524695404124,-1.5706203794e-07,8.8686640682e-09
7.02e-06,209.232433585,111.910449224,-800,0.95,16,1.695e-08,5.07e-10,7.02e-10,44.0497212616,104.616216792,-60.5664955309,-675.632653204,-158.817723453,-307.724709293,-235.324788474,1.12077235925,-1.56016427612e-07,1.89970914893e-08
7.021e-06,219.565880254,117.37867783,-800,0.9475,16.05,1.69975e-08,5.0635e-10,7.011e-10,43.146110704,109.782940127,-66.6368294231,-649.990551633,-138.806160792,-305.107711255,-233.466365303,1.47534641423,-1.54491289594e-07,2.50772006759e-08
7.022e-06,199.061951543,122.828370983,-800,0.945,16.1,1.7045e-08,5.057e-10,7.002e-10,39.2984328055,99.5309757713,-60.2325429657,-627.320895356,-117.299478837,-302.06917494,-231.308864204,1.53921118463,-1.52756381767e-07,2.6235854642e-08
7.023e-06,150.600363304,128.258668111,-800,0.9425,16.15,1.70925e-08,5.0505e-10,6.993e-10,33.0258215383,75.3001816522,-42.2743601138,-610.315932771,-96.51147967,-299.198655971,-229.278173407,1.30386420811,-1.51110281198e-07,2.22862989772e-08
7.024e-06,80.9874015906,133.66871171,-800,0.94,16.2,1.714e-08,5.044e-10,6.984e-10,25.1868096502,40.4937007953,-15.3068911451,-600.873088303,-78.5560579829,-297.063036987,-227.783314784,0.802663058552,-1.49838595856e-07,1.37576448236e-08
7.025e-06,-2.65283120512e-11,139.057647469,-800,0.9375,16.25,1.71875e-08,5.0375e-10,6.975e-10,16.8607906723,-1.32640565198e-11,16.8607906724,-599.82656315,-65.1518462206,-296.127091767,-227.159128055,0.106128921194,-1.49174022478e-07,1.82409083302e-09
7.026e-06,-80.9874015906,144.424624413,-800,0.935,16.3,1.7235e-08,5.031e-10,6.966e-10,9.19825178264,-40.4937007953,49.6919525779,-606.828718833,-57.3823472766,-296.688200595,-227.619236498,-0.687942942255,-1.49263833719e-07,-1.18566966098e-08
7.027e-06,-150.600363304,149.768795035,-800,0.9325,16.35,1.72825e-08,5.0245e-10,6.957e-10,3.26055252687,-75.3001816522,78.5607341791,-620.398107453,-55.5450565663,-298.834383075,-229.225898058,-1.46817949583,-1.50149335776e-07,-2.53738121368e-08
7.028e-06,-199.061951543,155.089315429,-800,0.93,16.4,1.733e-08,5.018e-10,6.948e-10,-0.128434421105,-99.5309757713,99.4025413502,-638.127515021,-59.110605806,-302.431566797,-231.880993813,-2.12521447407,-1.51760160219e-07,-3.68299668356e-08
7.029e-06,-219.565880254,160.385345421,-800,0.9275,16.45,1.73775e-08,5.0115e-10,6.939e-10,-0.498075977742,-109.782940127,109.284864149,-657.022808627,-66.7975563985,-307.141927085,-235.339453628,-2.56698001957,-1.53924176759e-07,-4.46076952901e-08
7.03e-06,-209.232433585,165.656048708,-800,0.925,16.5,1.7425e-08,5.005e-10,6.93e-10,2.20214383565,-104.616216792,106.818360628,-673.924901734,-76.752292179,-312.470785961,-239.243279604,-2.7315672484,-1.56391628374e-07,-4.75975593034e-08
7.031e-06,-169.512913411,170.900592985,-800,0.9225,16.55,1.74725e-08,4.9985e-10,6.921e-10,7.59412710866,-84.7564567054,92.350583814,-685.95538283,-86.8087732288,-317.835555703,-243.171441052,-2.59585942644,-1.58870102518e-07,-4.53561538284e-08
7.032e-06,-105.985808302,176.118150077,-800,0.92,16.6,1.752e-08,4.992e-10,6.912e-10,14.9224380952,-52.9929041512,67.9153422463,-690.922959169,-94.7917659452,-322.647114725,-246.698684394,-2.17873399329,-1.6106543967e-07,-3.81714195624e-08
7.033e-06,-27.5733113842,181.307896071,-800,0.9175,16.65,1.75675e-08,4.9855e-10,6.903e-10,23.1584079751,-13.7866556921,36.9450636672,-687.63333764,-98.8211142898,-326.392245761,-249.455040862,-1.53838999226,-1.62722854124e-07,-2.7025666189e-08
7.034e-06,54.7117751762,186.469011447,-800,0.915,16.7,1.7615e-08,4.979e-10,6.894e-10,31.1427273668,27.3558875881,3.78683977868,-676.058735318,-97.5745049755,-328.705597028,-251.177702308,-0.764179226509,-1.6366251676e-07,-1.3461017075e-08
7.035e-06,129.312755504,191.600681204,-800,0.9125,16.75,1.76625e-08,4.9725e-10,6.885e-10,37.7467637497,64.6563777522,-26.9096140025,-657.34297537,-90.4720166744,-329.42107285,-251.747988748,0.035912267694,-1.63804628475e-07,6.34300428145e-10
7.036e-06,185.75214361,196.702094993,-800,0.91,16.8,1.771e-08,4.966e-10,6.876e-10,42.0301579805,92.8760718052,-50.8459138247,-633.641296681,-77.7567095078,-328.595421703,-251.208205142,0.75037848079,-1.63180486418e-07,1.32892028948e-08
7.037e-06,216.10319516,201.772447241,-800,0.9075,16.85,1.77575e-08,4.9595e-10,6.867e-10,43.3726944138,108.05159758,-64.6789031664,-607.817321977,-60.4600686665,-326.500668881,-249.755990968,1.27978786288,-1.61928006732e-07,2.27258329752e-08
7.038e-06,216.10319516,206.81093728,-800,0.905,16.9,1.7805e-08,4.953e-10,6.858e-10,41.5619524846,108.05159758,-66.4896450956,-583.039800484,-40.2572264176,-323.586396637,-247.716912775,1.55067689212,-1.60272342254e-07,2.76098020641e-08
7.039e-06,185.75214361,211.816769474,-800,0.9025,16.95,1.78525e-08,4.9465e-10,6.849e-10,36.8243544075,92.8760718052,-56.0517173977,-562.335919156,-19.2322958079,-320.417097876,-245.499097277,1.52580131395,-1.58494317464e-07,2.72393679573e-08
7.04e-06,129.312755504,216.789153346,-800,0.9,17,1.79e-08,4.94e-10,6.84e-10,29.7950805517,64.6563777522,-34.8612972005,-548.164155943,0.413297164185,-317.593328761,-243.53622379,1.20931446352,-1.56891104408e-07,2.16467288969e-08
7.041e-06,54.7117751763,221.727303697,-800,0.8975,17.05,1.79475e-08,4.9335e-10,6.831e-10,21.4308404431,27.3558875881,-5.92504714506,-542.066950521,16.6686514933,-315.667669655,-242.22683605,0.64615260738,-1.55734644824e-07,1.15968239209e-08
7.042e-06,-27.5733113842,226.630440736,-800,0.895,17.1,1.7995e-08,4.927e-10,6.822e-10,12.87747672,-13.7866556921,26.6641324121,-544.45226484,27.9943393102,-315.067250795,-241.878463277,-0.0842821033016,-1.55233634467e-07,-1.51665644891e-09
7.043e-06,-105.985808302,231.497790202,-800,0.8925,17.15,1.80425e-08,4.9205e-10,6.813e-10,5.31072462231,-52.9929041512,58.3036287735,-554.534970356,33.5371990583,-316.03370147,-242.664382543,-0.879253130324,-1.55504382808e-07,-1.58639246039e-08
7.044e-06,-169.512913411,236.328583483,-800,0.89,17.2,1.809e-08,4.914e-10,6.804e-10,-0.227740731737,-84.7564567054,84.5287159736,-570.446482609,33.2489911155,-318.588961964,-244.599098993,-1.62707501517,-1.56554615909e-07,-2.94337870244e-08
7.045e-06,-209.232433585,241.122057741,-800,0.8875,17.25,1.81375e-08,4.9075e-10,6.795e-10,-2.97610355209,-104.616216792,101.64011324,-589.497338931,27.8924012144,-322.531792049,-247.536011016,-2.22273854497,-1.58282476948e-07,-4.03149203595e-08
7.046e-06,-219.565880254,245.87745603,-800,0.885,17.3,1.8185e-08,4.901e-10,6.786e-10,-2.55964307516,-109.782940127,107.223297052,-608.555826783,18.9336436024,-327.46552097,-251.18762781,-2.58258960181,-1.60490851827e-07,-4.69643919089e-08
7.047e-06,-199.061951543,250.59402742,-800,0.8825,17.35,1.82325e-08,4.8945e-10,6.777e-10,0.955691117141,-99.5309757713,100.486666888,-624.489365604,8.33677441879,-332.85321083,-255.165549956,-2.65600977048,-1.62915004041e-07,-4.84256981403e-08
7.048e-06,-150.600363304,255.271027107,-800,0.88,17.4,1.828e-08,4.888e-10,6.768e-10,7.07102242306,-75.3001816522,82.3712040752,-634.606442659,-1.71144154551,-338.092560178,-259.034651599,-2.4324677132,-1.65259643415e-07,-4.44655097972e-08
7.049e-06,-80.9874015906,259.90771654,-800,0.8775,17.45,1.83275e-08,4.8815e-10,6.759e-10,14.922734534,-40.4937007953,55.4164353293,-637.036765872,-9.10757944025,-342.60009671,-262.373904203,-1.94295900053,-1.67240237209e-07,-3.56095810823e-08
7.05e-06,-5.56202006178e-11,264.503363532,-800,0.875,17.5,1.8375e-08,4.875e-10,6.75e-10,23.4017883144,-2.78106426777e-11,23.4017883144,-630.995951542,-12.1256951228,-345.892888185,-264.835338152,-1.25563762009,-1.6862278299e-07,-2.30723412692e-08
7.051e-06,80.9874015907,269.057242376,-792,0.8725,17.55,1.84225e-08,4.8685e-10,6.741e-10,31.3076939602,40.4937007953,-9.18600683511,-616.897227828,-9.65843385516,-347.656326141,-266.192883194,-0.466253995064,-1.69256482382e-07,-8.58956422407e-09
7.052e-06,150.600363304,273.568633963,-784,0.87,17.6,1.847e-08,4.862e-10,6.732e-10,37.5158195391,75.3001816521,-37.7843621131,-596.29420792,-1.37141089643,-347.788459618,-266.374226149,0.315263405251,-1.69094749066e-07,5.82291509498e-09
7.053e-06,199.061951543,278.036825891,-776,0.8675,17.65,1.85175e-08,4.8555e-10,6.723e-10,41.1346017584,99.5309757713,-58.3963740129,-571.663201799,12.2506507823,-346.414629007,-265.47119456,0.980188955859,-1.68201623114e-07,1.81506489901e-08
7.054e-06,219.565880254,282.461112581,-768,0.865,17.7,1.8565e-08,4.849e-10,6.714e-10,41.6306694596,109.782940127,-68.1522706675,-546.054912342,29.972313131,-343.870317871,-263.727188419,1.43619538547,-1.66742717136e-07,2.66629673312e-08
7.055e-06,209.232433585,286.840795387,-760,0.8625,17.75,1.86125e-08,4.8425e-10,6.705e-10,38.9044395095,104.616216792,-65.7117772829,-522.664647874,49.9807179336,-340.654556198,-261.503370913,1.62025237979,-1.64961968839e-07,3.01569474188e-08
7.056e-06,169.512913411,291.175182706,-752,0.86,17.8,1.866e-08,4.836e-10,6.696e-10,33.3054530175,84.7564567053,-51.4510036878,-504.381747114,70.1395088489,-337.360331657,-259.228303137,1.50742052846,-1.63147456389e-07,2.8128467061e-08
7.057e-06,105.985808302,295.463590089,-744,0.8575,17.85,1.87075e-08,4.8295e-10,6.687e-10,25.585078882,52.9929041512,-27.4078252692,-493.381752066,88.2878049748,-334.591709534,-257.338043836,1.11430921835,-1.61591066119e-07,2.08459397022e-08
7.058e-06,27.5733113842,299.705340345,-736,0.855,17.9,1.8755e-08,4.823e-10,6.678e-10,16.7929677153,13.7866556921,3.00631202318,-490.818862001,102.54236012,-332.879246615,-256.215087301,0.496718769319,-1.60547660642e-07,9.31596051857e-09
7.059e-06,-54.7117751763,303.899763654,-728,0.8525,17.95,1.88025e-08,4.8165e-10,6.669e-10,8.13152941845,-27.3558875881,35.4874170066,-496.662122572,111.560636717,-332.605543039,-256.134689626,-0.258197024952,-1.60199459805e-07,-4.85474956166e-09
7.06e-06,-129.312755504,308.046197668,-720,0.85,18,1.885e-08,4.81e-10,6.66e-10,0.788617729569,-64.6563777522,65.4449954817,-509.698594085,114.728035754,-333.951375464,-257.226112599,-1.04414606185,-1.60630611598e-07,-1.96821532659e-08
7.061e-06,-185.75214361,312.143987616,-712,0.8475,18.05,1.88975e-08,4.8035e-10,6.651e-10,-4.22829093473,-92.8760718052,88.6477808705,-527.703225733,112.243166813,-336.869990943,-259.454238614,-1.75057864915,-1.6181550015e-07,-3.30815600222e-08
7.062e-06,-216.10319516,316.192486409,-704,0.845,18.1,1.8945e-08,4.797e-10,6.642e-10,-6.23327393114,-108.05159758,101.818323649,-547.751650342,105.089322274,-341.093212282,-262.624168044,-2.27815084614,-1.63622413932e-07,-4.31595677801e-08
7.063e-06,-216.10319516,320.191054744,-696,0.8425,18.15,1.89925e-08,4.7905e-10,6.633e-10,-4.95871010768,-108.05159758,103.092887472,-566.631930001,94.8962413539,-346.168558932,-266.408197931,-2.55260772286,-1.65832048157e-07,-4.84804021765e-08
7.064e-06,-185.75214361,324.1390612,-688,0.84,18.2,1.904e-08,4.784e-10,6.624e-10,-0.593952185813,-92.8760718052,92.2821196194,-581.297281666,83.7115877678,-351.522243656,-270.391446245,-2.53514637092,-1.68168241365e-07,-4.82691869023e-08
7.065e-06,-129.312755504,328.03588234,-680,0.8375,18.25,1.90875e-08,4.7775e-10,6.615e-10,6.23966040362,-64.6563777522,70.8960381558,-589.295974731,73.7141751669,-356.539272413,-274.129768199,-2.22781227906,-1.70336637395e-07,-4.25233668765e-08
7.066e-06,-54.7117751763,331.880902811,-672,0.835,18.3,1.9135e-08,4.771e-10,6.606e-10,14.574163731,-27.3558875881,41.9300513191,-589.117749181,66.9090948768,-360.649463515,-277.211877964,-1.67317848308,-1.72065859043e-07,-3.20162702737e-08
7.067e-06,27.5733113842,335.673515441,-664,0.8325,18.35,1.91825e-08,4.7645e-10,6.597e-10,23.2289829471,13.7866556921,9.44232725504,-580.407815465,64.8473980187,-363.407352215,-279.316985068,-0.948357153856,-1.73145432963e-07,-1.81918611038e-08
7.068e-06,105.985808302,339.413121331,-656,0.83,18.4,1.923e-08,4.758e-10,6.588e-10,30.9750440419,52.9929041512,-22.0178601093,-564.01812219,68.4095141476,-364.554780519,-280.259866486,-0.154185916696,-1.73455164571e-07,-2.96499517806e-09
7.069e-06,169.512913411,343.099129955,-648,0.8275,18.45,1.92775e-08,4.7515e-10,6.579e-10,36.7061697233,84.7564567053,-48.050286982,-541.888495648,77.6826415264,-364.057375515,-280.017039639,0.598894670001,-1.72981861976e-07,1.1545192001e-08
7.07e-06,209.232433585,346.730959249,-640,0.825,18.5,1.9325e-08,4.745e-10,6.57e-10,39.5938562638,104.616216792,-65.0223605287,-516.774239015,91.9491761346,-362.109759292,-278.73033593,1.20629457669,-1.71821080784e-07,2.33116426946e-08
7.071e-06,219.565880254,350.308035705,-632,0.8225,18.55,1.93725e-08,4.7385e-10,6.561e-10,39.203772932,109.782940127,-70.5791671951,-491.858447708,109.787702737,-359.108702205,-276.687332007,1.58389634253,-1.7016365854e-07,3.06840318958e-08
7.072e-06,199.061951543,353.829794461,-624,0.82,18.6,1.942e-08,4.732e-10,6.552e-10,35.5576013764,99.5309757713,-63.9733743948,-470.30359317,129.272327672,-355.597918582,-274.281335436,1.67980143866,-1.68268935073e-07,3.26217439387e-08
7.073e-06,150.600363304,357.295679392,-616,0.8175,18.65,1.94675e-08,4.7255e-10,6.543e-10,29.1314119992,75.3001816521,-46.1687696529,-454.805546859,148.242391484,-352.192181728,-271.956489469,1.48156061173,-1.66428415476e-07,2.88422812089e-08
7.074e-06,80.9874015907,360.705143192,-608,0.815,18.7,1.9515e-08,4.719e-10,6.534e-10,20.7906069198,40.4937007953,-19.7030938755,-447.212936498,164.604780323,-349.491345508,-270.145655835,1.01788085339,-1.64924965945e-07,1.98639448539e-08
7.075e-06,3.77242960919e-11,364.057647469,-600,0.8125,18.75,1.95625e-08,4.7125e-10,6.525e-10,11.6703152204,1.88622450992e-11,11.6703152204,-448.265578224,176.626528128,-347.99629315,-269.209760236,0.354574985993,-1.63993253147e-07,6.93637316349e-09
7.076e-06,-80.9874015906,367.352662823,-592,0.81,18.8,1.961e-08,4.706e-10,6.516e-10,3.01776928436,-40.4937007953,43.5114700797,-457.488992377,183.176795786,-348.03858679,-269.387096858,-0.414674722671,-1.63786958943e-07,-8.13177131157e-09
7.077e-06,-150.600363304,370.589668933,-584,0.8075,18.85,1.96575e-08,4.6995e-10,6.507e-10,-3.98144986612,-75.3001816522,71.318731786,-473.260039528,183.884428582,-349.733695041,-270.759709696,-1.18144268172,-1.64357349985e-07,-2.3224209516e-08
7.078e-06,-199.061951543,373.768154638,-576,0.805,18.9,1.9705e-08,4.693e-10,6.498e-10,-8.36909068959,-99.5309757713,91.1618850817,-493.03459972,179.189129474,-352.964392958,-273.241590761,-1.83773668907,-1.65646189615e-07,-3.62126014582e-08
7.079e-06,-219.565880254,376.887618019,-568,0.8025,18.95,1.97525e-08,4.6865e-10,6.489e-10,-9.54867834285,-109.782940127,100.234261784,-513.70535963,170.279183484,-357.396716109,-276.590389125,-2.29110086173,-1.67493971004e-07,-4.52549697713e-08
7.08e-06,-209.232433585,379.947566476,-560,0.8,19,1.98e-08,4.68e-10,6.48e-10,-7.3698660331,-104.616216792,97.2463507594,-532.039393766,158.92454161,-362.526296388,-280.441035733,-2.47753255363,-1.69662306709e-07,-4.90551445618e-08
7.081e-06,-169.512913411,382.947516808,-552,0.7975,19.05,1.98475e-08,4.6735e-10,6.471e-10,-2.15076218704,-84.7564567053,82.6056945183,-545.133922659,147.22870013,-367.748648526,-284.356616924,-2.3704085846,-1.71867330889e-07,-4.70466843828e-08
7.082e-06,-105.985808302,385.886995287,-544,0.795,19.1,1.9895e-08,4.667e-10,6.462e-10,5.36507145378,-52.9929041512,58.357975605,-550.826004235,137.334148322,-372.443610111,-287.889405296,-1.98417580558,-1.73819432839e-07,-3.9475177652e-08
7.083e-06,-27.5733113842,388.765537737,-536,0.7925,19.15,1.99425e-08,4.6605e-10,6.453e-10,14.1111444854,-13.7866556921,27.8978001775,-547.998343126,131.122621443,-376.062137203,-290.643520647,-1.37229437655,-1.75263759044e-07,-2.73669806044e-08
7.084e-06,54.7117751763,391.582689601,-528,0.79,19.2,1.999e-08,4.654e-10,6.444e-10,22.8459507151,27.3558875881,-4.509936873,-536.737989623,129.952086551,-378.203305274,-292.330449189,-0.619726414167,-1.76015818275e-07,-1.23883310192e-08
7.085e-06,129.312755504,394.33800602,-520,0.7875,19.25,2.00375e-08,4.6475e-10,6.435e-10,30.325754891,64.6563777522,-34.3306228612,-518.325396686,134.467214625,-378.670713561,-292.809632532,0.168974676466,-1.75987214127e-07,3.38583007968e-09
7.086e-06,185.75214361,397.031051896,-512,0.785,19.3,2.0085e-08,4.641e-10,6.426e-10,35.4782042713,92.8760718052,-57.397867534,-495.055198349,144.509782332,-377.500354592,-292.108413875,0.884304474456,-1.75197914566e-07,1.77612553695e-08
7.087e-06,216.10319516,399.661401966,-504,0.7825,19.35,2.01325e-08,4.6345e-10,6.417e-10,37.5525287711,108.05159758,-70.499068809,-469.913800167,159.14144699,-374.955991437,-290.418508636,1.42712737976,-1.73773354231e-07,2.87316419731e-08
7.088e-06,216.10319516,402.228640868,-496,0.78,19.4,2.018e-08,4.628e-10,6.408e-10,36.2252898373,108.05159758,-71.8263077429,-446.159086747,176.775610318,-371.492627853,-288.069448849,1.72253270842,-1.7192678817e-07,3.47607100559e-08
7.089e-06,185.75214361,404.732363205,-488,0.7775,19.45,2.02275e-08,4.6215e-10,6.399e-10,31.6467821107,92.8760718052,-61.2292896945,-426.86139943,195.399831578,-367.693125952,-285.48267612,1.7302903385,-1.69929378159e-07,3.4999447822e-08
7.09e-06,129.312755504,407.17217361,-480,0.775,19.5,2.0275e-08,4.615e-10,6.39e-10,24.4214342093,64.6563777522,-40.2349435429,-414.470459783,212.857602214,-364.18679621,-283.11267498,1.45044650373,-1.68072206451e-07,2.94078028631e-08
7.091e-06,54.7117751762,409.547686808,-472,0.7725,19.55,2.03225e-08,4.6085e-10,6.381e-10,15.5247508641,27.3558875881,-11.8311367241,-410.46932485,227.150018789,-361.561326264,-281.383365698,0.923281348856,-1.66625537209e-07,1.87633852121e-08
7.092e-06,-27.5733113841,411.858527679,-464,0.77,19.6,2.037e-08,4.602e-10,6.372e-10,6.16820683526,-13.786655692,19.9548625273,-415.164254566,236.715142705,-360.280369741,-280.628655309,0.223639159016,-1.65801026155e-07,4.55552966915e-09
7.093e-06,-105.985808302,414.104331315,-456,0.7675,19.65,2.04175e-08,4.5955e-10,6.363e-10,-2.36919590761,-52.9929041512,50.6237082436,-427.640262317,240.645993427,-360.61834747,-281.045480472,-0.549570740805,-1.6572216158e-07,-1.12208606004e-08
7.094e-06,-169.512913411,416.284743076,-448,0.765,19.7,2.0465e-08,4.589e-10,6.354e-10,-8.91928655847,-84.7564567053,75.8371701469,-445.888793163,238.816739761,-362.621625235,-282.66594248,-1.28722964099,-1.6640706382e-07,-2.63431546028e-08
7.095e-06,-209.232433585,418.39941865,-440,0.7625,19.75,2.05125e-08,4.5825e-10,6.345e-10,-12.5881252623,-104.616216792,92.0280915302,-467.089714726,231.899521087,-366.101556035,-285.352473704,-1.88528069422,-1.67766038053e-07,-3.86718202401e-08
7.096e-06,-219.565880254,420.448024105,-432,0.76,19.8,2.056e-08,4.576e-10,6.336e-10,-12.8815864551,-109.782940127,96.9013536721,-488.008032306,221.269643705,-370.660422893,-288.816756957,-2.25927850286,-1.69614209516e-07,-4.64507660187e-08
7.097e-06,-199.061951543,422.430235944,-424,0.7575,19.85,2.06075e-08,4.5695e-10,6.327e-10,-9.77548201414,-99.5309757713,89.7554937571,-505.449524292,208.812512558,-375.746712606,-292.659794109,-2.35618262549,-1.71697460325e-07,-4.85550334547e-08
7.098e-06,-150.600363304,424.345741152,-416,0.755,19.9,2.0655e-08,4.563e-10,6.318e-10,-3.72027362148,-75.3001816521,71.5799080307,-516.711128132,196.65939117,-380.732036138,-296.427553324,-2.16174788514,-1.7372802809e-07,-4.46509025676e-08
7.099e-06,-80.9874015907,426.194237248,-408,0.7525,19.95,2.07025e-08,4.5565e-10,6.309e-10,4.42047124287,-40.4937007953,44.9141720382,-519.962578578,186.889013389,-384.998964781,-299.674431692,-1.70248171536,-1.75424778303e-07,-3.52456277122e-08
7.1e-06,-1.98283915659e-11,427.975432333,-400,0.75,20,2.075e-08,4.55e-10,6.3e-10,13.4894758367,-9.91473569911e-12,13.4894758368,-514.505423235,181.236813854,-388.027501575,-302.025660349,-1.04189962835,-1.76552513217e-07,-2.16194172883e-08
7.101e-06,80.9874015906,429.689045136,-392,0.7475,20.05,2.07975e-08,4.5435e-10,6.291e-10,22.1964968747,40.4937007953,-18.2972039207,-500.872768622,180.852440955,-389.468074655,-303.229910028,-0.271607679911,-1.7695481972e-07,-5.64876072294e-09
7.102e-06,150.600363304,431.334805058,-384,0.745,20.1,2.0845e-08,4.537e-10,6.282e-10,29.2980863872,75.3001816522,-46.002095265,-480.755522315,186.139426104,-389.190803208,-303.194710313,0.501536088026,-1.76575867416e-07,1.04545197549e-08
7.103e-06,199.061951543,432.912452214,-376,0.7425,20.15,2.08925e-08,4.5305e-10,6.273e-10,33.7713262638,99.5309757713,-65.7596495075,-456.765339416,196.699360974,-387.304089774,-301.999688469,1.17038190647,-1.75468117872e-07,2.4452203981e-08
7.104e-06,219.565880254,434.421737475,-368,0.74,20.2,2.094e-08,4.524e-10,6.264e-10,34.9572595897,109.782940127,-74.8256805374,-432.067511376,211.388296119,-384.139875034,-299.885730355,1.64247575258,-1.73784879465e-07,3.43934422589e-08
7.105e-06,209.232433585,435.862422508,-360,0.7375,20.25,2.09875e-08,4.5175e-10,6.255e-10,32.6539057988,104.616216792,-71.9623109936,-409.935404254,228.47737023,-380.2075551,-297.221534455,1.85297762105,-1.71758763016e-07,3.88893678218e-08
7.106e-06,169.512913411,437.234279812,-352,0.735,20.3,2.1035e-08,4.511e-10,6.246e-10,27.1457301956,84.7564567053,-57.6107265097,-393.289167699,245.895107075,-376.122954238,-294.452199125,1.77370549826,-1.69669064657e-07,3.7309895156e-08
7.107e-06,105.985808302,438.537092754,-344,0.7325,20.35,2.10825e-08,4.5045e-10,6.237e-10,19.1652752376,52.9929041512,-33.8276289136,-384.283721071,261.517414021,-372.522252219,-292.037008668,1.41704350116,-1.67802648512e-07,2.98748196133e-08
7.108e-06,27.5733113841,439.770655606,-336,0.73,20.4,2.113e-08,4.498e-10,6.228e-10,9.79212218553,13.7866556921,-3.99453350654,-384.004147632,273.464674502,-369.972892146,-290.385110696,0.834172180393,-1.66413806887e-07,1.76260581717e-08
7.109e-06,-54.7117751762,440.934773573,-328,0.7275,20.45,2.11775e-08,4.4915e-10,6.219e-10,0.303117695842,-27.3558875881,27.6590052839,-392.311551181,280.364371363,-368.893941228,-289.798089693,0.107873694998,-1.65688713703e-07,2.28449517583e-09
7.11e-06,-129.312755504,442.029262828,-320,0.725,20.5,2.1225e-08,4.485e-10,6.21e-10,-8.00535559784,-64.6563777522,56.6510221544,-407.861268099,281.542537416,-369.497077586,-290.427493612,-0.659076789117,-1.65719439297e-07,-1.3988904849e-08
7.111e-06,-185.75214361,443.053950538,-312,0.7225,20.55,2.12725e-08,4.4785e-10,6.201e-10,-13.9983238201,-92.8760718052,78.8777479851,-428.291057792,277.117318718,-371.756509332,-292.253291888,-1.35830563393,-1.66491152704e-07,-2.88945565977e-08
7.112e-06,-216.10319516,444.008674894,-304,0.72,20.6,2.132e-08,4.472e-10,6.192e-10,-16.8611237655,-108.05159758,91.1904738147,-450.552933473,267.981653104,-375.412096297,-295.086323427,-1.89100512842,-1.67884289464e-07,-4.0316229338e-08
7.113e-06,-216.10319516,444.893285132,-296,0.7175,20.65,2.13675e-08,4.4655e-10,6.183e-10,-16.2140124545,-108.05159758,91.8375851256,-471.34202051,255.677589169,-380.005302767,-298.594439107,-2.18174582549,-1.69691367951e-07,-4.66184539261e-08
7.114e-06,-185.75214361,445.707641563,-288,0.715,20.7,2.1415e-08,4.459e-10,6.174e-10,-12.1663590823,-92.8760718052,80.7097127229,-487.562102897,242.179926225,-384.943010459,-302.348724024,-2.18900595438,-1.71646088364e-07,-4.68775625131e-08
7.115e-06,-129.312755504,446.451615592,-280,0.7125,20.75,2.14625e-08,4.4525e-10,6.165e-10,-5.30268729491,-64.6563777522,59.3536904572,-496.76228129,229.619524007,-389.580308816,-305.883365103,-1.91094803918,-1.734606325e-07,-4.1013722291e-08
7.116e-06,-54.7117751763,447.125089734,-272,0.71,20.8,2.151e-08,4.446e-10,6.156e-10,3.39766816874,-27.3558875882,30.7535557569,-497.483165755,219.985042202,-393.310704047,-308.760805688,-1.38563904298,-1.7486593902e-07,-2.98050958146e-08
7.117e-06,27.5733113842,447.727957642,-264,0.7075,20.85,2.15575e-08,4.4395e-10,6.147e-10,12.6962507117,13.7866556921,-1.09040498038,-489.463709136,214.844851533,-395.651126152,-310.633071545,-0.685688366368,-1.75649317455e-07,-1.4781726958e-08
7.118e-06,105.985808302,448.260124114,-256,0.705,20.9,2.1605e-08,4.433e-10,6.138e-10,21.2677180412,52.9929041512,-31.72518611,-473.679374476,215.127997827,-396.309816679,-311.290670816,0.0919410798257,-1.75684141734e-07,1.98638702963e-09
7.119e-06,169.512913411,448.721505117,-248,0.7025,20.95,2.16525e-08,4.4265e-10,6.129e-10,27.8846715453,84.7564567053,-56.8717851601,-452.206069211,220.994803889,-395.22755405,-310.692193784,0.839518975307,-1.749474768e-07,1.81776846128e-08
7.12e-06,209.232433585,449.112027793,-240,0.7,21,2.17e-08,4.42e-10,6.12e-10,31.5893018918,104.616216792,-73.0269149007,-427.928828573,231.815126492,-392.58638877,-308.9704279,1.45362720415,-1.73523183836e-07,3.15437103301e-08
7.121e-06,219.565880254,449.431630473,-232,0.6975,21.05,2.17475e-08,4.4135e-10,6.111e-10,31.8278457971,109.782940127,-77.95509433,-404.136131865,246.257209445,-388.78460009,-306.414084644,1.84962215014,-1.7159008325e-07,4.02246577102e-08
7.122e-06,199.061951543,449.680262688,-224,0.695,21.1,2.1795e-08,4.407e-10,6.102e-10,28.5289782931,99.5309757713,-71.0019974782,-384.056898627,262.474599898,-384.381314494,-303.427649024,1.97345714751,-1.69396845297e-07,4.30114985299e-08
7.123e-06,150.600363304,449.857885177,-216,0.6925,21.15,2.18425e-08,4.4005e-10,6.093e-10,22.1150442612,75.3001816522,-53.185137391,-370.405353004,278.364888711,-380.018482808,-300.474931928,1.80921371998,-1.6722713336e-07,3.95177506786e-08
7.124e-06,80.9874015906,449.964469892,-208,0.69,21.2,2.189e-08,4.394e-10,6.084e-10,13.4443830373,40.4937007953,-27.0493177581,-364.997908005,291.864012746,-376.331099646,-298.01419955,1.38129207229,-1.65359885184e-07,3.02364834625e-08
7.125e-06,1.93248703989e-12,450,-200,0.6875,21.25,2.19375e-08,4.3875e-10,6.075e-10,3.69261873804,9.66338120634e-13,3.69261873804,-368.496142817,301.234916044,-373.858217737,-296.433949748,0.750959397999,-1.64030293032e-07,1.64741717936e-08
7.126e-06,-80.9874015906,449.964469892,-192,0.685,21.3,2.1985e-08,4.381e-10,6.066e-10,-5.81066618498,-40.4937007953,34.6830346103,-380.31223651,305.310194535,-372.967223633,-295.998332861,0.00774414568059,-1.63396940674e-07,1.70255042788e-10
7.127e-06,-150.600363304,449.857885177,-184,0.6825,21.35,2.20325e-08,4.3745e-10,6.057e-10,-13.7671821921,-75.3001816522,61.5329994601,-398.690367714,303.654824113,-373.802008855,-296.809881735,-0.743115054479,-1.63519688774e-07,-1.63726824378e-08
7.128e-06,-199.061951543,449.680262688,-176,0.68,21.4,2.208e-08,4.368e-10,6.048e-10,-19.0912950854,-99.5309757713,80.4396806859,-420.952807183,296.626283465,-376.262344829,-298.79480657,-1.39540630081,-1.64351392221e-07,-3.0810571122e-08
7.129e-06,-219.565880254,449.431630473,-168,0.6775,21.45,2.21275e-08,4.3615e-10,6.039e-10,-21.0621615564,-109.782940127,88.7207785707,-443.876208825,285.323758167,-380.017413794,-301.712960051,-1.85680352143,-1.65744595026e-07,-4.10864199204e-08
7.13e-06,-209.232433585,449.112027793,-160,0.675,21.5,2.2175e-08,4.355e-10,6.03e-10,-19.4253155925,-104.616216792,85.1909012,-464.145218759,271.433637254,-384.551669336,-305.191126742,-2.06176895808,-1.67472251996e-07,-4.57197266455e-08
7.131e-06,-169.512913411,448.721505117,-152,0.6725,21.55,2.22225e-08,4.3485e-10,6.021e-10,-14.4293879223,-84.7564567053,70.327068783,-478.819567392,256.993014805,-389.236667756,-308.775020743,-1.98069589541,-1.69259564974e-07,-4.40160145358e-08
7.132e-06,-105.985808302,448.260124114,-144,0.67,21.6,2.227e-08,4.342e-10,6.012e-10,-6.79266318743,-52.9929041512,46.2002409638,-485.748838242,244.104359279,-393.418860596,-311.992745627,-1.62401616776,-1.70822469271e-07,-3.61668400559e-08
7.133e-06,-27.5733113842,447.727957642,-136,0.6675,21.65,2.23175e-08,4.3355e-10,6.003e-10,2.39603491189,-13.7866556921,16.182690604,-483.876406708,234.641313386,-396.511082354,-314.420850235,-1.04070258952,-1.71907379755e-07,-2.32258800416e-08
7.134e-06,54.7117751763,447.125089734,-128,0.665,21.7,2.2365e-08,4.329e-10,5.994e-10,11.8284565266,27.3558875882,-15.5274310615,-473.389593915,229.986790199,-398.074924855,-315.743732275,-0.311381130727,-1.7232663497e-07,-6.96403898871e-09
7.135e-06,129.312755504,446.451615592,-120,0.6625,21.75,2.24125e-08,4.3225e-10,5.985e-10,20.159065148,64.6563777522,-44.4973126041,-455.694702684,230.839973944,-397.882440185,-315.798054596,0.462978453184,-1.7198468477e-07,1.0376504582e-08
7.136e-06,185.75214361,445.707641563,-112,0.66,21.8,2.246e-08,4.316e-10,5.976e-10,26.192845145,92.8760718052,-66.6832266602,-433.220254549,237.119159414,-395.948486267,-314.595921475,1.17520717192,-1.70891366673e-07,2.63951530814e-08
7.137e-06,216.10319516,444.893285132,-104,0.6575,21.85,2.25075e-08,4.3095e-10,5.967e-10,29.0525625024,108.05159758,-78.9990350778,-409.075958362,247.973930569,-392.529123855,-312.323524863,1.726935025,-1.69160425925e-07,3.88689900753e-08
7.138e-06,216.10319516,444.008674894,-96,0.655,21.9,2.2555e-08,4.303e-10,5.958e-10,28.3020670511,108.05159758,-79.749530529,-386.615300281,261.90486945,-388.086220123,-309.315400045,2.04234384319,-1.66993500519e-07,4.60650653831e-08
7.139e-06,185.75214361,443.053950538,-88,0.6525,21.95,2.26025e-08,4.2965e-10,5.949e-10,24.0083048504,92.8760718052,-68.8677669548,-368.963279057,276.973944727,-383.223148284,-306.007847273,2.07875191392,-1.6465182566e-07,4.69849901343e-08
7.14e-06,129.312755504,442.029262828,-80,0.65,22,2.265e-08,4.29e-10,5.94e-10,16.733226016,64.6563777522,-47.9231517362,-358.575790918,291.076059128,-378.60053191,-302.878001824,1.83255262792,-1.62419628189e-07,4.15073170225e-08
7.141e-06,54.7117751762,440.934773573,-72,0.6475,22.05,2.26975e-08,4.2835e-10,5.931e-10,7.45654270481,27.3558875881,-19.8993448833,-356.892783853,302.233707056,-374.843796497,-300.377058717,1.33968077913,-1.60564340229e-07,3.04074044843e-08
7.142e-06,-27.5733113841,439.770655606,-64,0.645,22.1,2.2745e-08,4.277e-10,5.922e-10,-2.56004734126,-13.7866556921,11.2266083508,-364.134159072,308.873497095,-372.455462846,-298.866994792,0.670546540951,-1.59299201459e-07,1.52515810739e-08
7.143e-06,-105.985808302,438.537092754,-56,0.6425,22.15,2.27925e-08,4.2705e-10,5.913e-10,-11.9483540844,-52.9929041512,41.0445500668,-379.267339969,310.045870918,-371.744479205,-298.569660125,-0.0798488029038,-1.58753479845e-07,-1.81995384019e-09
7.144e-06,-169.512913411,437.234279812,-48,0.64,22.2,2.284e-08,4.264e-10,5.904e-10,-19.4244934281,-84.7564567053,65.3319632772,-400.151274233,305.557334479,-372.78252757,-299.535396321,-0.8052278804,-1.58954469756e-07,-1.83914047883e-08
7.145e-06,-209.232433585,435.862422508,-40,0.6375,22.25,2.28875e-08,4.2575e-10,5.895e-10,-23.9683801919,-104.616216792,80.6478366006,-423.836781705,295.996786943,-375.393481189,-301.635618436,-1.40291686039,-1.59823774616e-07,-3.21092596421e-08
7.146e-06,-219.565880254,434.421737475,-32,0.635,22.3,2.2935e-08,4.251e-10,5.886e-10,-24.9668188054,-109.782940127,84.8161213217,-446.981109804,282.652366923,-379.177558871,-304.580449367,-1.78820643655,-1.61188380276e-07,-4.10125146224e-08
7.147e-06,-199.061951543,432.912452214,-24,0.6325,22.35,2.29825e-08,4.2445e-10,5.877e-10,-22.3001173009,-99.5309757713,77.2308584704,-466.318419801,267.330556446,-383.566864003,-307.958988108,-1.9061854801,-1.62804955426e-07,-4.38089077965e-08
7.148e-06,-150.600363304,431.334805058,-16,0.63,22.4,2.303e-08,4.238e-10,5.868e-10,-16.3599892779,-75.3001816521,58.9401923742,-479.11998106,252.102946479,-387.904592454,-311.296617326,-1.73939420508,-1.64393966282e-07,-4.00582485431e-08
7.149e-06,-80.9874015906,429.689045136,-8,0.6275,22.45,2.30775e-08,4.2315e-10,5.859e-10,-7.99607601699,-40.4937007953,32.4976247783,-483.57922527,239.016163927,-391.53686151,-314.121356943,-1.31023017396,-1.65678822948e-07,-3.02368368396e-08
7.15e-06,1.59634174861e-11,427.975432333,-3.41060513165e-12,0.625,22.5,2.3125e-08,4.225e-10,5.85e-10,1.60161543536,7.98183741324e-12,1.60161543535,-479.06732526,229.805579486,-393.904320759,-316.029986399,-0.677775631214,-1.66424575521e-07,-1.56735614718e-08
7.151e-06,80.9874015907,426.194237248,0,0.6225,22.55,2.31725e-08,4.2185e-10,5.841e-10,11.0680852475,40.4937007953,-29.4256155479,-466.223214513,225.652846203,-394.620709886,-316.74467154,0.0705038671381,-1.66470746465e-07,1.63375086126e-09
7.152e-06,150.600363304,424.345741152,0,0.62,22.6,2.322e-08,4.212e-10,5.832e-10,19.0534851248,75.3001816521,-56.2466965274,-446.865222206,227.021129718,-393.527336031,-316.152147173,0.831019490681,-1.65753713936e-07,1.92962725736e-08
7.153e-06,199.061951543,422.430235944,0,0.6175,22.65,2.32675e-08,4.2055e-10,5.823e-10,24.411659794,99.5309757713,-75.1193159772,-423.736000078,233.591006218,-390.715788028,-314.319929326,1.49856971051,-1.64315524655e-07,3.48679707393e-08
7.154e-06,219.565880254,420.448024105,0,0.615,22.7,2.3315e-08,4.199e-10,5.814e-10,26.3607682183,109.782940127,-83.4221719088,-400.117160193,244.305956415,-386.515618993,-311.487223557,1.98106622129,-1.62297908415e-07,4.61885589495e-08
7.155e-06,209.232433585,418.39941865,0,0.6125,22.75,2.33625e-08,4.1925e-10,5.805e-10,24.5933580992,104.616216792,-80.0228586933,-379.367649873,257.52096358,-381.44865567,-308.03175445,2.21240448075,-1.5992234889e-07,5.16872996816e-08
7.156e-06,169.512913411,416.284743076,0,0.61,22.8,2.341e-08,4.186e-10,5.796e-10,19.3204086008,84.7564567053,-65.4360481045,-364.450670738,271.233288921,-376.156277295,-304.417121273,2.16168345261,-1.57459017676e-07,5.06050096256e-08
7.157e-06,105.985808302,414.104331315,0,0.6075,22.85,2.34575e-08,4.1795e-10,5.787e-10,11.2430614559,52.9929041512,-41.7498426952,-357.515760865,283.36304911,-371.30979781,-301.128016016,1.83749153968,-1.55188929995e-07,4.31029577921e-08
7.158e-06,27.5733113841,411.858527679,0,0.605,22.9,2.3505e-08,4.173e-10,5.778e-10,1.45583369462,13.786655692,-12.3308219974,-359.594992567,292.044299667,-367.516468936,-298.602352406,1.28666478764,-1.53364622487e-07,3.02430558335e-08
7.159e-06,-54.7117751762,409.547686808,0,0.6025,22.95,2.35525e-08,4.1665e-10,5.769e-10,-8.70532869443,-27.3558875881,18.6505588937,-370.456231975,295.88589686,-365.234261604,-297.169806433,0.587695936686,-1.52174855097e-07,1.38417085488e-08
7.16e-06,-129.312755504,407.17217361,0,0.6,23,2.36e-08,4.16e-10,5.76e-10,-17.8490667072,-64.6563777522,46.807311045,-388.63432096,294.165673628,-364.707383112,-297.005392106,-0.160279051,-1.51718271375e-07,-3.7825856036e-09
7.161e-06,-185.75214361,404.732363205,0,0.5975,23.05,2.36475e-08,4.1535e-10,5.751e-10,-24.7227955298,-92.8760718052,68.1532762755,-411.635994043,286.930826995,-365.93160907,-298.104609056,-0.851372058982,-1.51989693827e-07,-2.01328207648e-08
7.162e-06,-216.10319516,402.228640868,0,0.595,23.1,2.3695e-08,4.147e-10,5.742e-10,-28.3879600278,-108.05159758,79.6636375524,-436.289862024,274.990562562,-368.654351531,-300.283690378,-1.38776502589,-1.5288095958e-07,-3.28830922885e-08
7.163e-06,-216.10319516,399.661401966,0,0.5925,23.15,2.37425e-08,4.1405e-10,5.733e-10,-28.3518348797,-108.05159758,79.6997627005,-459.192327499,259.802131527,-372.409528063,-303.204969661,-1.6933883126,-1.54196165094e-07,-4.02052720119e-08
7.164e-06,-185.75214361,397.031051896,0,0.59,23.2,2.379e-08,4.134e-10,5.724e-10,-24.6373582975,-92.8760718052,68.2387135078,-477.186729814,243.266312092,-376.58242018,-306.423866429,-1.72454237139,-1.55679172502e-07,-4.10268630153e-08
7.165e-06,-129.312755504,394.33800602,0,0.5875,23.25,2.38375e-08,4.1275e-10,5.715e-10,-17.7811015805,-64.6563777521,46.8752761717,-487.808265438,227.461042328,-380.495497189,-309.450952595,-1.47597953958,-1.57049516465e-07,-3.51836622747e-08
7.166e-06,-54.7117751763,391.582689601,0,0.585,23.3,2.3885e-08,4.121e-10,5.706e-10,-8.75949284043,-27.3558875881,18.5963947477,-489.631973376,214.350536886,-383.503224619,-311.820435474,-0.981599536843,-1.58041678866e-07,-2.34455049375e-08
7.167e-06,27.5733113841,388.765537737,0,0.5825,23.35,2.39325e-08,4.1145e-10,5.697e-10,1.14656424783,13.7866556921,-12.6400914442,-482.474656902,205.510612823,-385.082591922,-313.155475357,-0.309666763586,-1.58442232446e-07,-7.41109981952e-09
7.168e-06,105.985808302,385.886995287,0,0.58,23.4,2.398e-08,4.108e-10,5.688e-10,10.5299070094,52.9929041512,-42.4629971418,-467.422130175,201.908640833,-384.906665538,-313.22117863,0.446775893973,-1.58119658203e-07,1.07136859375e-08
7.169e-06,169.512913411,382.947516808,0,0.5775,23.45,2.40275e-08,4.1015e-10,5.679e-10,18.0533694756,84.7564567053,-66.7030872297,-446.677748959,203.768856277,-382.890824628,-311.957814679,1.18295060624,-1.57042671721e-07,2.84233456915e-08
7.17e-06,209.232433585,379.947566476,0,0.575,23.5,2.4075e-08,4.095e-10,5.67e-10,22.6367046592,104.616216792,-81.9795121333,-423.253352696,210.541789636,-379.205142176,-309.489559708,1.79701692278,-1.55284505721e-07,4.3263182416e-08
7.171e-06,219.565880254,376.887618019,0,0.5725,23.55,2.41225e-08,4.0885e-10,5.661e-10,23.6080423834,109.782940127,-86.1748977437,-400.545965977,220.981988301,-374.251103773,-306.107489678,2.20431822399,-1.53012563778e-07,5.31736663583e-08
7.172e-06,199.061951543,373.768154638,0,0.57,23.6,2.417e-08,4.082e-10,5.652e-10,20.7986464727,99.5309757713,-78.7323292985,-381.85974808,233.323044663,-368.605849537,-302.229149952,2.3492092938,-1.50464907781e-07,5.6780388631e-08
7.173e-06,150.600363304,370.589668933,0,0.5675,23.65,2.42175e-08,4.0755e-10,5.643e-10,14.5676077383,75.3001816522,-60.7325739139,-369.940459366,245.525340836,-362.941682213,-298.340316408,2.21281246742,-1.47916882586e-07,5.35887859297e-08
7.174e-06,80.9874015906,367.352662823,0,0.565,23.7,2.4265e-08,4.069e-10,5.634e-10,5.75286652995,40.4937007953,-34.7408342654,-366.588027803,255.561770097,-357.932067065,-294.927070265,1.81562117411,-1.45642558089e-07,4.40560477898e-08
7.175e-06,-3.38593220121e-11,364.057647469,0,0.5625,23.75,2.43125e-08,4.0625e-10,5.625e-10,-4.4447582162,-1.69295688579e-11,-4.44475821618,-372.401874481,261.701416272,-354.157266333,-292.407683779,1.2145917816,-1.43876389448e-07,2.95297626902e-08
7.176e-06,-80.9874015906,360.705143192,0,0.56,23.8,2.436e-08,4.056e-10,5.616e-10,-14.6284830031,-40.4937007953,25.8652177922,-386.695021811,262.751498591,-352.022830804,-291.073861089,0.495136263449,-1.42780460174e-07,1.20615193776e-08
7.177e-06,-150.600363304,357.295679392,0,0.5575,23.85,2.44075e-08,4.0495e-10,5.607e-10,-23.4002142077,-75.3001816521,51.8999674444,-407.589278177,258.223769709,-351.702398162,-291.04958837,-0.24085867273,-1.42421886136e-07,-5.87875805466e-09
7.178e-06,-199.061951543,353.829794461,0,0.555,23.9,2.4455e-08,4.043e-10,5.598e-10,-29.5558135257,-99.5309757713,69.9751622455,-432.278304288,248.402160283,-353.11286673,-292.273397896,-0.889305470399,-1.42763532019e-07,-2.17479652786e-08
7.179e-06,-219.565880254,350.308035705,0,0.5525,23.95,2.45025e-08,4.0365e-10,5.589e-10,-32.2536996104,-109.782940127,77.5292405167,-457.421707285,234.30230584,-355.925494074,-294.506582392,-1.35848292885,-1.43669325683e-07,-3.32862279643e-08
7.18e-06,-209.232433585,346.730959249,0,0.55,24,2.455e-08,4.03e-10,5.58e-10,-31.1331757321,-104.616216792,73.4830410604,-479.614812688,217.528730362,-359.611443585,-297.366265184,-1.5818580135,-1.44923411765e-07,-3.88346142315e-08
7.181e-06,-169.512913411,343.099129955,0,0.5475,24.05,2.45975e-08,4.0235e-10,5.571e-10,-26.3658444629,-84.7564567053,58.3906122425,-495.868042386,200.049776344,-363.515471682,-300.378746266,-1.52736986526,-1.46260450031e-07,-3.75694802608e-08
7.182e-06,-105.985808302,339.413121331,0,0.545,24.1,2.4645e-08,4.017e-10,5.562e-10,-18.6327814589,-52.9929041512,34.3601226922,-504.02839776,183.921860587,-366.947491066,-303.045693054,-1.20188048508,-1.47402807161e-07,-2.96203445548e-08
7.183e-06,-27.5733113842,335.673515441,0,0.5425,24.15,2.46925e-08,4.0105e-10,5.553e-10,-9.03049567025,-13.7866556921,4.75616002184,-503.083622406,171.001693738,-369.279217852,-304.913928334,-0.650174242286,-1.4809943032e-07,-1.60544274777e-08
7.184e-06,54.7117751763,331.880902811,0,0.54,24.2,2.474e-08,4.004e-10,5.544e-10,1.08134172738,27.3558875881,-26.2745458607,-493.306072449,162.686746266,-370.032369842,-305.639043475,0.0513481960162,-1.48160960885e-07,1.27035436944e-09
7.185e-06,129.312755504,328.03588234,0,0.5375,24.25,2.47875e-08,3.9975e-10,5.535e-10,10.2692544158,64.6563777522,-54.3871233364,-476.215846304,159.720249463,-368.946037336,-305.033908709,0.805393616955,-1.47486178425e-07,1.99636942803e-08
7.186e-06,185.75214361,324.1390612,0,0.535,24.3,2.4835e-08,3.991e-10,5.526e-10,17.2260322093,92.8760718052,-75.6500395959,-454.368155077,162.087951884,-366.013739247,-303.095249045,1.50741250221,-1.46076083333e-07,3.74365894925e-08
7.187e-06,216.10319516,320.191054744,0,0.5325,24.35,2.48825e-08,3.9845e-10,5.517e-10,20.9535911405,108.05159758,-87.0980064396,-430.994671681,169.020983513,-361.484904486,-300.004513017,2.060236533,-1.44033660193e-07,5.12638355323e-08
7.188e-06,216.10319516,316.192486409,0,0.53,24.4,2.493e-08,3.978e-10,5.508e-10,20.9030414575,108.05159758,-87.1485561226,-409.549194221,179.104316536,-355.830492352,-296.102855709,2.38766797762,-1.41549369858e-07,5.95245626821e-08
7.189e-06,185.75214361,312.143987616,0,0.5275,24.45,2.49775e-08,3.9715e-10,5.499e-10,17.0523059989,92.8760718052,-75.8237658063,-393.221491994,190.475534963,-349.677490538,-291.843684605,2.4451203575,-1.38874415367e-07,6.10729937295e-08
7.19e-06,129.312755504,308.046197668,0,0.525,24.5,2.5025e-08,3.965e-10,5.49e-10,9.91031379326,64.6563777522,-54.7460639589,-384.487756811,201.086003303,-343.721401454,-287.729368881,2.22582438945,-1.36285535676e-07,5.57012553461e-08
7.191e-06,54.7117751763,303.899763654,0,0.5225,24.55,2.50725e-08,3.9585e-10,5.481e-10,0.447027961602,27.3558875881,-26.9088596265,-384.761006907,208.987821211,-338.628932566,-284.240946748,1.76173533799,-1.34046262956e-07,4.41711092617e-08
7.192e-06,-27.5733113842,299.705340345,0,0.52,24.6,2.512e-08,3.952e-10,5.472e-10,-10.0410734845,-13.7866556921,3.74558220757,-394.190789095,212.606380477,-334.944506584,-281.77066646,1.11902030357,-1.32370069002e-07,2.81097900256e-08
7.193e-06,-105.985808302,295.463590089,0,0.5175,24.65,2.51675e-08,3.9455e-10,5.463e-10,-20.1114076988,-52.9929041512,32.8814964524,-411.640558694,210.960397387,-333.013702394,-280.566821439,0.388762604303,-1.3139055628e-07,9.78418284379e-09
7.194e-06,-169.512913411,291.175182706,0,0.515,24.7,2.5215e-08,3.939e-10,5.454e-10,-28.376481383,-84.7564567053,56.3799753223,-434.846130319,203.798683638,-332.934394243,-280.698638208,-0.325810907,-1.31142857892e-07,-8.21532202e-09
7.195e-06,-209.232433585,286.840795387,0,0.5125,24.75,2.52625e-08,3.9325e-10,5.445e-10,-33.6978067682,-104.616216792,70.9184100243,-460.733099877,191.634603104,-334.54249899,-282.046182918,-0.923788500072,-1.31558837728e-07,-2.33372069831e-08
7.196e-06,-219.565880254,282.461112581,0,0.51,24.8,2.531e-08,3.926e-10,5.436e-10,-35.3454347398,-109.782940127,74.4375053873,-485.848727841,175.673500007,-337.434406555,-284.31675715,-1.32069301963,-1.32476748013e-07,-3.34267403269e-08
7.197e-06,-199.061951543,278.036825891,0,0.5075,24.85,2.53575e-08,3.9195e-10,5.427e-10,-33.1007477336,-99.5309757713,66.4302280376,-506.847605357,157.643367289,-341.023032239,-287.085544566,-1.46028652816,-1.33663977486e-07,-3.70292156378e-08
7.198e-06,-150.600363304,273.568633963,0,0.505,24.9,2.5405e-08,3.913e-10,5.418e-10,-27.2880355839,-75.3001816521,48.0121460683,-520.962781427,139.552554501,-344.619710609,-289.854866245,-1.32241054283,-1.34849692761e-07,-3.35958398407e-08
7.199e-06,-80.9874015906,269.057242376,0,0.5025,24.95,2.54525e-08,3.9065e-10,5.409e-10,-18.7302970075,-40.4937007953,21.7634037878,-526.395997421,123.408500217,-347.53051135,-292.123781784,-0.925768804217,-1.35762794259e-07,-2.35631304893e-08
7.2e-06,5.17552265381e-11,264.503363532,0,0.5,25,2.55e-08,3.9e-10,5.4e-10,-8.63528612446,2.58779664364e-11,-8.63528612449,-522.571988122,110.936892892,-349.153510387,-293.458304596,-0.325268447412,-1.36169869051e-07,-8.29434540901e-09
7.201e-06,80.9874015906,259.90771654,0,0.4975,25.05,2.55475e-08,3.8935e-10,5.391e-10,1.57241906513,40.4937007953,-38.9212817302,-510.220884271,103.340562657,-349.063385203,-293.552391713,0.395702595774,-1.35907829029e-07,1.01092120655e-08
7.202e-06,150.600363304,255.271027107,0,0.495,25.1,2.5595e-08,3.887e-10,5.382e-10,10.4499760329,75.3001816522,-64.8502056193,-491.276913063,101.131804744,-347.071448885,-292.271139051,1.13697584712,-1.34906672182e-07,2.91008968071e-08
7.203e-06,199.061951543,250.59402742,0,0.4925,25.15,2.56425e-08,3.8805e-10,5.373e-10,16.737788259,99.5309757713,-82.7931875123,-468.607444164,104.06152281,-343.252652832,-289.670087588,1.79563852347,-1.33199191931e-07,4.60446608382e-08
7.204e-06,219.565880254,245.87745603,0,0.49,25.2,2.569e-08,3.874e-10,5.364e-10,19.5358218945,109.782940127,-90.2471182326,-445.610331787,111.155005534,-337.935698308,-285.987880217,2.28043890076,-1.30916289525e-07,5.85844753605e-08
7.205e-06,209.232433585,241.122057741,0,0.4875,25.25,2.57375e-08,3.8675e-10,5.355e-10,18.4300464035,104.616216792,-86.1861703889,-425.736090505,120.849215762,-331.657558831,-281.613237813,2.52454433877,-1.28268560878e-07,6.4975459919e-08
7.206e-06,169.512913411,236.328583483,0,0.485,25.3,2.5785e-08,3.861e-10,5.346e-10,13.5512354384,84.7564567054,-71.205221267,-412.002090957,131.212269821,-325.088706471,-277.030824608,2.4948681809,-1.25516749568e-07,6.43301760446e-08
7.207e-06,105.985808302,231.497790202,0,0.4825,25.35,2.58325e-08,3.8545e-10,5.337e-10,5.5577784186,52.9929041512,-47.4351257326,-406.567162988,140.214302185,-318.93945571,-272.753542313,2.19666383023,-1.22935213204e-07,5.67453183944e-08
7.208e-06,27.5733113842,226.630440736,0,0.48,25.4,2.588e-08,3.848e-10,5.328e-10,-4.45524702054,13.7866556921,-18.2419027126,-410.426568423,146.011751731,-313.860508991,-269.250711832,1.67274806883,-1.2077352386e-07,4.32907200212e-08
7.209e-06,-54.7117751763,221.727303697,0,0.4775,25.45,2.59275e-08,3.8415e-10,5.319e-10,-15.108185026,-27.3558875881,12.2477025621,-423.270428584,147.205267797,-310.351630824,-266.882199564,0.997468041385,-1.19221578981e-07,2.5861852643e-08
7.21e-06,-129.312755504,216.789153346,0,0.475,25.5,2.5975e-08,3.835e-10,5.31e-10,-24.9289645903,-64.6563777522,39.7274131618,-443.525729545,143.035168819,-308.691270085,-265.847735221,0.266261873004,-1.18383102078e-07,6.91615215129e-09
7.211e-06,-185.75214361,211.816769474,0,0.4725,25.55,2.60225e-08,3.8285e-10,5.301e-10,-32.5585487149,-92.8760718052,60.3175230903,-468.576206514,133.487164869,-308.897043469,-266.158560119,-0.417721296965,-1.18261233092e-07,-1.08701524503e-08
7.212e-06,-216.10319516,206.81093728,0,0.47,25.6,2.607e-08,3.822e-10,5.292e-10,-36.9409937781,-108.05159758,71.1106038021,-495.129359845,119.293644019,-310.7226903,-267.635431449,-0.958066073766,-1.18758212232e-07,-2.49767825431e-08
7.213e-06,-216.10319516,201.772447241,0,0.4675,25.65,2.61175e-08,3.8155e-10,5.283e-10,-37.4715370578,-108.05159758,70.5800605223,-519.679106113,101.830455151,-313.692009757,-269.933323126,-1.27857753239,-1.19689186323e-07,-3.33932487021e-08
7.214e-06,-185.75214361,196.702094993,0,0.465,25.7,2.6165e-08,3.809e-10,5.274e-10,-34.0819423219,-92.8760718052,58.7941294834,-538.999044542,82.9237463331,-317.165109045,-272.589422646,-1.33392332523,-1.20808190035e-07,-3.49021038046e-08
7.215e-06,-129.312755504,191.600681204,0,0.4625,25.75,2.62125e-08,3.8025e-10,5.265e-10,-27.2510587097,-64.6563777522,37.4053190425,-550.596933655,64.5939910855,-320.427751109,-275.087750104,-1.11594474215,-1.21842652359e-07,-2.92517015536e-08
7.216e-06,-54.7117751763,186.469011447,0,0.46,25.8,2.626e-08,3.796e-10,5.256e-10,-17.9389733536,-27.3558875882,9.41691423456,-553.066353243,48.7730970373,-322.791331245,-276.931380095,-0.654758071218,-1.22531589341e-07,-1.71939469502e-08
7.217e-06,27.5733113842,181.307896071,0,0.4575,25.85,2.63075e-08,3.7895e-10,5.247e-10,-7.45380994919,13.7866556921,-21.2404656413,-546.285926151,37.0342203304,-323.689492955,-277.712160475,-0.0144977236254,-1.22662133355e-07,-3.81398864274e-10
7.218e-06,105.985808302,176.118150077,0,0.455,25.9,2.6355e-08,3.783e-10,5.238e-10,2.73034685067,52.9929041512,-50.2625573005,-531.437876336,30.3720880059,-322.757831861,-277.168149265,0.715697284612,-1.22099287793e-07,1.8862201936e-08
7.219e-06,169.512913411,170.900592985,0,0.4525,25.95,2.64025e-08,3.7765e-10,5.229e-10,11.1790575147,84.7564567054,-73.5773991907,-510.843099156,29.0645203912,-319.885475384,-275.220689651,1.43418677496,-1.20804749779e-07,3.78661163258e-08
7.22e-06,209.232433585,165.656048708,0,0.45,26,2.645e-08,3.77e-10,5.22e-10,16.6979844776,104.616216792,-87.9182323148,-487.635746134,32.6344470019,-315.231241966,-271.98587835,2.04106893767,-1.18842178221e-07,5.39862734013e-08
7.221e-06,219.565880254,160.385345421,0,0.4475,26.05,2.64975e-08,3.7635e-10,5.211e-10,18.5001848241,109.782940127,-91.282755303,-465.32294433,39.917622733,-309.202031595,-267.758759684,2.45216100597,-1.16368184591e-07,6.49761362558e-08
7.222e-06,199.061951543,155.089315429,0,0.445,26.1,2.6545e-08,3.757e-10,5.202e-10,16.3168041938,99.5309757713,-83.2141715775,-447.291492528,49.2264507479,-302.396388233,-262.972397034,2.6107645084,-1.13610323059e-07,6.93027438754e-08
7.223e-06,150.600363304,149.768795035,0,0.4425,26.15,2.65925e-08,3.7505e-10,5.193e-10,10.4356006439,75.3001816522,-64.8645810083,-436.33091196,58.5868769027,-295.521063838,-258.137500023,2.49557073882,-1.10835174993e-07,6.63634648721e-08
7.224e-06,80.9874015906,144.424624413,0,0.44,26.2,2.664e-08,3.744e-10,5.184e-10,1.66178108123,40.4937007953,-38.8319197141,-434.240007549,66.0151177571,-289.29221683,-253.771024887,2.12360411945,-1.08311005981e-07,5.6572813742e-08
7.225e-06,3.0393286131e-11,139.057647469,0,0.4375,26.25,2.66875e-08,3.7375e-10,5.175e-10,-8.79352336622,1.51967327611e-11,-8.79352336624,-441.572418442,69.7954448908,-284.335059312,-250.323731125,1.54779688168,-1.06270228418e-07,4.13068292799e-08
7.226e-06,-80.9874015906,133.66871171,0,0.435,26.3,2.6735e-08,3.731e-10,5.166e-10,-19.4816967542,-40.4937007953,21.0120040411,-457.55713672,68.7201427113,-281.096017586,-248.116847508,0.849540401892,-1.04876924161e-07,2.27124626446e-08
7.227e-06,-150.600363304,128.258668111,0,0.4325,26.35,2.67825e-08,3.7245e-10,5.157e-10,-28.91856554,-75.3001816522,46.3816161122,-480.205386692,62.2580941305,-279.779749691,-247.29674763,0.127261292179,-1.04203967773e-07,3.40837555779e-09
7.228e-06,-199.061951543,122.828370983,0,0.43,26.4,2.683e-08,3.718e-10,5.148e-10,-35.7916643862,-99.5309757713,63.7393113851,-506.589038807,50.6284754514,-280.319908499,-247.814031722,-0.517374357651,-1.0422294198e-07,-1.38811540158e-08
7.229e-06,-219.565880254,117.37867783,0,0.4275,26.45,2.68775e-08,3.7115e-10,5.139e-10,-39.1438933771,-109.782940127,70.63904675,-533.251570728,34.7693499236,-282.387829358,-249.430005285,-0.99369493422,-1.04808242866e-07,-2.67080355945e-08
7.23e-06,-209.232433585,111.910449224,0,0.425,26.5,2.6925e-08,3.705e-10,5.13e-10,-38.5078646666,-104.616216792,66.1083521259,-556.69388647,16.2056722874,-285.438014743,-251.749711582,-1.23470256813,-1.05754784462e-07,-3.3244366647e-08
7.231e-06,-169.512913411,106.424548661,0,0.4225,26.55,2.69725e-08,3.6985e-10,5.121e-10,-33.9720789305,-84.7564567053,50.7843777748,-573.866701294,-3.16470820133,-288.784127066,-254.276950476,-1.20642462907,-1.06806809396e-07,-3.25402883075e-08
7.232e-06,-105.985808302,100.921842427,0,0.42,26.6,2.702e-08,3.692e-10,5.112e-10,-26.1695620797,-52.9929041512,26.8233420715,-582.600196873,-21.337000844,-291.694908836,-256.483622915,-0.912632117895,-1.07693760342e-07,-2.46593198255e-08
7.233e-06,-27.5733113841,95.4031994649,0,0.4175,26.65,2.70675e-08,3.6855e-10,5.103e-10,-16.1904092871,-13.7866556921,-2.40375359501,-581.91040015,-36.48009763,-293.496630243,-257.883713661,-0.394269594291,-1.08168183076e-07,-1.06718922435e-08
7.234e-06,54.7117751763,89.8694912315,0,0.415,26.7,2.7115e-08,3.679e-10,5.094e-10,-5.43031752435,27.3558875881,-32.7862051125,-572.139020019,-47.1925708989,-293.667716969,-258.10155132,0.276317720836,-1.08040353073e-07,7.49235500047e-09
7.235e-06,129.312755504,84.3215915636,0,0.4125,26.75,2.71625e-08,3.6725e-10,5.085e-10,4.60384679416,64.6563777521,-60.052530958,-554.906865948,-52.6982376907,-291.912272671,-256.924762017,1.00554582334,-1.07204782138e-07,2.73131384265e-08
7.236e-06,185.75214361,78.7603765389,0,0.41,26.8,2.721e-08,3.666e-10,5.076e-10,12.5043575793,92.8760718052,-80.371714226,-532.887186835,-52.9539831379,-288.202137433,-254.334455804,1.69171545378,-1.05654903583e-07,4.60315774974e-08
7.237e-06,216.10319516,73.1867243377,0,0.4075,26.85,2.72575e-08,3.6595e-10,5.067e-10,17.1594618083,108.05159758,-90.8921357718,-509.430620556,-48.6548477352,-282.78150953,-250.508358703,2.23925693432,-1.03483893413e-07,6.10365458873e-08
7.238e-06,216.10319516,67.6015151043,0,0.405,26.9,2.7305e-08,3.653e-10,5.058e-10,17.9092113595,108.05159758,-90.1423862206,-488.094365656,-41.1357813321,-276.133391965,-245.796385798,2.5721010369,-1.00871528085e-07,7.02312188125e-08
7.239e-06,185.75214361,62.0056308081,0,0.4025,26.95,2.73525e-08,3.6465e-10,5.049e-10,14.6384496839,92.8760718052,-78.2376221213,-472.141727168,-32.1839324078,-268.912475545,-240.672013299,2.64430515077,-9.80589342075e-08,7.23283566364e-08
7.24e-06,129.312755504,56.3999551039,0,0.4,27,2.74e-08,3.64e-10,5.04e-10,7.79385103876,64.6563777522,-56.8625267134,-464.082434411,-23.7878494892,-261.853787153,-235.666208625,2.44645030661,-9.53147785237e-08,6.70327384012e-08
7.241e-06,54.7117751762,50.7853731931,0,0.3975,27.05,2.74475e-08,3.6335e-10,5.031e-10,-1.67750177465,27.3558875881,-29.0333893628,-465.318471899,-17.8587735961,-255.669852336,-231.293139392,2.00691828416,-9.28976408464e-08,5.50848896044e-08
7.242e-06,-27.5733113841,45.1627716831,0,0.395,27.1,2.7495e-08,3.627e-10,5.022e-10,-12.4595570004,-13.7866556921,1.32709869168,-475.94538999,-15.9630681982,-250.950762835,-227.978057343,1.38787574624,-9.10198416802e-08,3.81596436428e-08
7.243e-06,-105.985808302,39.5330384478,0,0.3925,27.15,2.75425e-08,3.6205e-10,5.013e-10,-23.0505090397,-52.9929041512,29.9423951115,-494.737238514,-19.1032303761,-248.081167601,-225.997473754,0.676533493349,-8.98177867299e-08,1.86334237406e-08
7.244e-06,-169.512913411,33.8970624876,0,0.39,27.2,2.759e-08,3.614e-10,5.004e-10,-31.9722813339,-84.7564567053,52.7841753714,-519.317457721,-27.5780840826,-247.185867453,-225.440044342,-0.0270902622958,-8.93329724975e-08,-7.4742033674e-10
7.245e-06,-209.232433585,28.2557337882,0,0.3875,27.25,2.76375e-08,3.6075e-10,4.995e-10,-37.9770547735,-104.616216792,66.639162019,-546.491893915,-40.9416373558,-248.111711791,-226.193698794,-0.624185666626,-8.95063000288e-08,-1.72509313614e-08
7.246e-06,-219.565880254,22.6099431809,0,0.385,27.3,2.7685e-08,3.601e-10,4.986e-10,-40.2219815813,-109.782940127,69.5609585458,-572.69726424,-58.0662513627,-250.44842488,-227.960883988,-1.03098196362,-9.01864777992e-08,-2.85427356629e-08
7.247e-06,-199.061951543,16.9605822015,0,0.3825,27.35,2.77325e-08,3.5945e-10,4.977e-10,-38.3876200108,-99.5309757713,61.1433557605,-594.50209452,-77.3011599608,-253.585537384,-230.299852813,-1.19045722804,-9.11513214127e-08,-3.30143550765e-08
7.248e-06,-150.600363304,11.3085429495,0,0.38,27.4,2.778e-08,3.588e-10,4.968e-10,-32.7234465756,-75.3001816521,42.5767350766,-609.089697218,-96.7040401436,-256.797529524,-232.686273546,-1.08029020742,-9.21389535932e-08,-3.0010461962e-08
7.249e-06,-80.9874015907,5.65471794751,0,0.3775,27.45,2.78275e-08,3.5815e-10,4.959e-10,-24.0139629035,-40.4937007953,16.4797378918,-614.655202764,-114.313132203,-259.345317016,-234.586571404,-0.715945309629,-9.28845252894e-08,-1.99229681037e-08
7.25e-06,-1.2497381605e-11,-5.5708257293e-16,0,0.375,27.5,2.7875e-08,3.575e-10,4.95e-10,-13.4699979233,-6.24833518259e-12,-13.4699979233,-610.660673665,-128.421768402,-260.579890077,-235.532747608,-0.148464356154,-9.31573107026e-08,-4.13844392779e-09
7.251e-06,80.9874015906,-5.65471794751,0,0.3725,27.55,2.79225e-08,3.5685e-10,4.941e-10,-2.56026577661,40.4937007953,-43.0539665719,-597.912236905,-137.816874948,-260.033578563,-235.188188593,0.542719762423,-9.27929825101e-08,1.51540925662e-08
7.252e-06,150.600363304,-11.3085429495,0,0.37,27.6,2.797e-08,3.562e-10,4.932e-10,7.19338708453,75.3001816522,-68.1067945676,-578.448173845,-141.948099209,-257.486115175,-233.395215255,1.26093582311,-9.17165542253e-08,3.52683749724e-08
7.253e-06,199.061951543,-16.9605822015,0,0.3675,27.65,2.80175e-08,3.5555e-10,4.923e-10,14.4284992504,99.5309757713,-85.1024765209,-555.253495513,-141.003964354,-252.996170395,-230.197659315,1.90582754255,-8.99527883839e-08,5.33965231733e-08
7.254e-06,219.565880254,-22.6099431809,0,0.365,27.7,2.8065e-08,3.549e-10,4.914e-10,18.1325970428,109.782940127,-91.6503430843,-531.840965099,-135.884496431,-246.893850999,-225.835238779,2.38740721916,-8.76226277197e-08,6.70025836058e-08
7.255e-06,209.232433585,-28.2557337882,0,0.3625,27.75,2.81125e-08,3.5425e-10,4.905e-10,17.7852158307,104.616216792,-86.8310009617,-511.757368135,-128.074274832,-239.735116426,-220.710450653,2.63864167471,-8.4926164994e-08,7.41788140802e-08
7.256e-06,169.512913411,-33.8970624876,0,0.36,27.8,2.816e-08,3.536e-10,4.896e-10,13.4314168339,84.7564567053,-71.3250398715,-498.084416928,-119.433793386,-232.224409592,-215.332554506,2.62481013225,-8.21145512316e-08,7.39146533242e-08
7.257e-06,105.985808302,-39.5330384478,0,0.3575,27.85,2.82075e-08,3.5295e-10,4.887e-10,5.67641494067,52.9929041512,-47.3164892105,-493.004510611,-111.938435616,-225.116271674,-210.246444356,2.34832760098,-7.94547880875e-08,6.62404508045e-08
7.258e-06,27.5733113841,-45.1627716831,0,0.355,27.9,2.8255e-08,3.523e-10,4.878e-10,-4.39806142855,13.7866556921,-18.1847171206,-497.492527116,-107.40166836,-219.109684484,-205.956344979,1.84836366769,-7.71923418437e-08,5.22255154306e-08
7.259e-06,-54.7117751762,-50.7853731931,0,0.3525,27.95,2.83025e-08,3.5165e-10,4.869e-10,-15.3841204814,-27.3558875881,11.9717671067,-511.177160053,-107.221225541,-214.749938534,-202.855019611,1.19531602594,-7.55168158853e-08,3.38304318242e-08
7.26e-06,-129.312755504,-56.3999551039,0,0.35,28,2.835e-08,3.51e-10,4.86e-10,-25.7438694072,-64.6563777522,38.912508345,-532.391507575,-112.183790718,-212.351807082,-201.168430185,0.480918373754,-7.45354842858e-08,1.36340358959e-08
7.261e-06,-185.75214361,-62.0056308081,0,0.3475,28.05,2.83975e-08,3.5035e-10,4.851e-10,-34.0240559706,-92.8760718052,58.8520158347,-558.406014459,-122.355456028,-211.954853648,-200.923649636,-0.194627357984,-7.42583829755e-08,-5.52693039836e-09
7.262e-06,-216.10319516,-67.6015151043,0,0.345,28.1,2.8445e-08,3.497e-10,4.842e-10,-39.0592300287,-108.05159758,68.9923675515,-585.811203215,-137.073194524,-213.317221952,-201.944584991,-0.73668945305,-7.45970325165e-08,-2.0955131492e-08
7.263e-06,-216.10319516,-73.1867243377,0,0.3425,28.15,2.84925e-08,3.4905e-10,4.833e-10,-40.1350212615,-108.05159758,67.9165763186,-610.996517309,-155.038422611,-215.948876961,-203.8761817,-1.06944869745,-7.53769555033e-08,-3.0471267012e-08
7.264e-06,-185.75214361,-78.7603765389,0,0.34,28.2,2.854e-08,3.484e-10,4.824e-10,-37.0886564215,-92.8760718052,55.7874153837,-630.658015174,-174.499434512,-219.179735859,-206.233787417,-1.14649139272,-7.63622199732e-08,-3.27208643481e-08
7.265e-06,-129.312755504,-84.3215915636,0,0.3375,28.25,2.85875e-08,3.4775e-10,4.815e-10,-30.3325719068,-64.6563777522,34.3238058453,-642.263517409,-193.497062957,-222.253223333,-208.470816768,-0.957273032738,-7.7288558414e-08,-2.73660428234e-08
7.266e-06,-54.7117751763,-89.8694912315,0,0.335,28.3,2.8635e-08,3.471e-10,4.806e-10,-20.7977003641,-27.3558875882,6.55818722403,-644.409713955,-210.139097549,-224.432195957,-210.05527468,-0.528552438222,-7.79004152167e-08,-1.51350990685e-08
7.267e-06,27.5733113841,-95.4031994649,0,0.3325,28.35,2.86825e-08,3.4645e-10,4.797e-10,-9.80422811603,13.7866556921,-23.5908838081,-637.020863682,-222.865005778,-225.102412298,-210.544429301,0.0793986195382,-7.79867307405e-08,2.2773509049e-09
7.268e-06,105.985808302,-100.921842427,0,0.33,28.4,2.873e-08,3.458e-10,4.788e-10,1.12223331109,52.9929041512,-51.8706708401,-621.360948,-230.663903981,-223.859031444,-209.647157506,0.781273543443,-7.74104530732e-08,2.24459889031e-08
7.269e-06,169.512913411,-106.424548661,0,0.3275,28.45,2.87775e-08,3.4515e-10,4.779e-10,10.4634629813,84.7564567053,-74.292993724,-599.85735326,-233.215314305,-220.56396532,-207.265187742,1.47870428372,-7.61276526303e-08,4.25534125248e-08
7.27e-06,209.232433585,-111.910449224,0,0.325,28.5,2.8825e-08,3.445e-10,4.77e-10,16.9207446397,104.616216792,-87.6954721528,-575.76067045,-230.933090285,-215.365966183,-203.507401721,2.07404944392,-7.419357535e-08,5.97844752211e-08
7.271e-06,219.565880254,-117.37867783,0,0.3225,28.55,2.88725e-08,3.4385e-10,4.761e-10,19.5966417112,109.782940127,-90.1862984159,-552.688285102,-224.906474525,-208.680535789,-198.675119603,2.48406445292,-7.1754802231e-08,7.1721150917e-08
7.272e-06,199.061951543,-122.828370983,0,0.32,28.6,2.892e-08,3.432e-10,4.752e-10,18.1209888272,99.5309757713,-81.409986944,-534.115833879,-216.746662315,-201.132369953,-193.220357275,2.65153988672,-6.90286293677e-08,7.6682533524e-08
7.273e-06,150.600363304,-128.258668111,0,0.3175,28.65,2.89675e-08,3.4255e-10,4.743e-10,12.703410436,75.3001816522,-62.5967712162,-522.888011847,-208.360466165,-193.468313459,-187.682839955,2.55328074173,-6.62725707754e-08,7.39621598862e-08
7.274e-06,80.9874015906,-133.66871171,0,0.315,28.7,2.9015e-08,3.419e-10,4.734e-10,4.10491579635,40.4937007953,-36.388784999,-520.817573631,-201.682858281,-186.452956927,-182.61455079,2.20331369299,-6.37482659734e-08,6.3929146802e-08
7.275e-06,-5.39852292101e-12,-139.057647469,0,0.3125,28.75,2.90625e-08,3.4125e-10,4.725e-10,-6.46758468665,-2.69917421747e-12,-6.46758468665,-528.429042917,-198.405888716,-180.761473295,-178.502364121,1.65087885044,-6.16848527618e-08,4.79786665908e-08
7.276e-06,-80.9874015906,-144.424624413,0,0.31,28.8,2.911e-08,3.406e-10,4.716e-10,-17.5292210728,-40.4937007953,22.9644797225,-544.883351605,-199.741940416,-176.884716926,-175.699609381,0.973493331951,-6.02469345849e-08,2.83383908931e-08
7.277e-06,-150.600363304,-149.768795035,0,0.3075,28.85,2.91575e-08,3.3995e-10,4.707e-10,-27.5241934703,-75.3001816522,47.7759881818,-568.094218221,-206.25442981,-175.059927871,-174.37618743,0.266063699595,-5.95116224797e-08,7.75775232094e-09
7.278e-06,-199.061951543,-155.089315429,0,0.305,28.9,2.9205e-08,3.393e-10,4.698e-10,-35.0430225696,-99.5309757713,64.4879532017,-595.020114277,-217.779578639,-175.236827668,-174.494284463,-0.372423577846,-5.94578556276e-08,-1.0876630591e-08
7.279e-06,-219.565880254,-160.385345421,0,0.3025,28.95,2.92525e-08,3.3865e-10,4.689e-10,-39.0196823778,-109.782940127,70.7632577493,-622.09094794,-233.450102623,-177.083955029,-175.813157022,-0.852767122379,-5.99694813706e-08,-2.49455702474e-08
7.28e-06,-209.232433585,-165.656048708,0,0.3,29,2.93e-08,3.38e-10,4.68e-10,-38.8810417689,-104.616216792,65.7351750236,-645.70959673,-251.817378718,-180.034458702,-177.922393506,-1.10802899749,-6.08516470413e-08,-3.24652496263e-08
7.281e-06,-169.512913411,-170.900592985,0,0.2975,29.05,2.93475e-08,3.3735e-10,4.671e-10,-34.6276638885,-84.7564567053,50.1287928168,-662.757823716,-271.054867143,-183.365028567,-180.299062001,-1.10288075282,-6.1858192387e-08,-3.23667928934e-08
7.282e-06,-105.985808302,-176.118150077,0,0.295,29.1,2.9395e-08,3.367e-10,4.662e-10,-26.8345723307,-52.9929041512,26.1583318205,-671.035415013,-289.214206704,-186.296981414,-182.380791923,-0.838512168831,-6.27261936419e-08,-2.46480652028e-08
7.283e-06,-27.5733113841,-181.307896071,0,0.2925,29.15,2.94425e-08,3.3605e-10,4.653e-10,-16.571758835,-13.7866556921,-2.78510314291,-669.570689256,-304.498060097,-188.105381264,-183.644580991,-0.352420599022,-6.32128133738e-08,-1.03761434867e-08
7.284e-06,54.7117751762,-186.469011447,0,0.29,29.2,2.949e-08,3.354e-10,4.644e-10,-5.25542113624,27.3558875881,-32.6113087243,-658.758553335,-315.511482945,-188.220909614,-183.680288871,0.286883511594,-6.31292930844e-08,8.46019475692e-09
7.285e-06,129.312755504,-191.600681204,0,0.2875,29.25,2.95375e-08,3.3475e-10,4.635e-10,5.54938542745,64.6563777522,-59.1069923247,-640.30648734,-321.456643177,-186.310177143,-182.248494675,0.989507494603,-6.23673317986e-08,2.92275776218e-08
7.286e-06,185.75214361,-196.702094993,0,0.285,29.3,2.9585e-08,3.341e-10,4.626e-10,14.3471798849,92.8760718052,-78.5288919203,-616.995836927,-322.243692029,-182.323154118,-179.314561066,1.65678991884,-6.09141657909e-08,4.9016129749e-08
7.287e-06,216.10319516,-201.772447241,0,0.2825,29.35,2.96325e-08,3.3345e-10,4.617e-10,19.9210825042,108.05159758,-88.1305150759,-592.29177907,-318.502361984,-176.500978491,-175.05406325,2.19512678497,-5.88542512778e-08,6.50470944557e-08
7.288e-06,216.10319516,-206.81093728,0,0.28,29.4,2.968e-08,3.328e-10,4.608e-10,21.5032177923,108.05159758,-86.5483797879,-569.856650726,-311.492787111,-169.342940337,-169.828744647,2.52907286647,-5.63573305441e-08,7.50628826768e-08
7.289e-06,185.75214361,-211.816769474,0,0.2775,29.45,2.97275e-08,3.3215e-10,4.599e-10,18.8826294175,92.8760718052,-73.9934423877,-553.034984779,-302.928155528,-161.537164312,-164.13629292,2.61188441533,-5.36545691263e-08,7.76447939568e-08
7.29e-06,129.312755504,-216.789153346,0,0.275,29.5,2.9775e-08,3.315e-10,4.59e-10,12.4355397701,64.6563777522,-52.2208379821,-544.382654504,-294.734135414,-153.864616074,-158.540911058,2.43202993662,-5.10061202287e-08,7.24136913627e-08
7.291e-06,54.7117751763,-221.727303697,0,0.2725,29.55,2.98225e-08,3.3085e-10,4.581e-10,3.07361566398,27.3558875881,-24.2822719242,-545.306405508,-288.778840197,-147.089826479,-153.594370938,2.01476211792,-4.86646690907e-08,6.00852432618e-08
7.292e-06,-27.5733113841,-226.630440736,0,0.27,29.6,2.987e-08,3.302e-10,4.572e-10,-7.88264779426,-13.7866556921,5.90400789781,-555.864602384,-286.611183632,-141.853626768,-149.75859802,1.41853671852,-4.68400675588e-08,4.23716917821e-08
7.293e-06,-105.985808302,-231.497790202,0,0.2675,29.65,2.99175e-08,3.2955e-10,4.563e-10,-18.8878400978,-52.9929041512,34.1050640534,-574.757399315,-289.244255061,-138.582947316,-147.340651013,0.726786117652,-4.56700102881e-08,2.17436236749e-08
7.294e-06,-169.512913411,-236.328583483,0,0.265,29.7,2.9965e-08,3.289e-10,4.554e-10,-28.3872292329,-84.7564567053,56.3692274724,-599.507932848,-297.013996263,-137.430379841,-146.44925119,0.0362051603903,-4.52008519297e-08,1.0848876311e-09
7.295e-06,-209.232433585,-241.122057741,0,0.2625,29.75,3.00125e-08,3.2825e-10,4.545e-10,-35.0339581541,-104.616216792,69.5822586384,-626.809269523,-309.532879356,-138.252062378,-146.979018049,-0.556806016087,-4.53812394755e-08,-1.67111405578e-08
7.296e-06,-219.565880254,-245.87745603,0,0.26,29.8,3.006e-08,3.276e-10,4.536e-10,-37.8774994335,-109.782940127,71.9054406936,-652.988499358,-325.744957048,-140.627093849,-148.62469827,-0.969641359147,-4.60694359449e-08,-2.9147419256e-08
7.297e-06,-199.061951543,-250.59402742,0,0.2575,29.85,3.01075e-08,3.2695e-10,4.527e-10,-36.4969974254,-99.5309757713,63.0339783458,-674.522835203,-344.07445214,-143.915867996,-150.923473755,-1.14504004066,-4.70532930412e-08,-3.4474293024e-08
7.298e-06,-150.600363304,-255.271027107,0,0.255,29.9,3.0155e-08,3.263e-10,4.518e-10,-31.060791407,-75.3001816522,44.2393902451,-688.535190281,-362.646962864,-147.349249613,-153.319490321,-1.0590740389,-4.80800601489e-08,-3.1936377643e-08
7.299e-06,-80.9874015906,-259.90771654,0,0.2525,29.95,3.02025e-08,3.2565e-10,4.509e-10,-22.3037018082,-40.4937007953,18.1899989872,-693.199510905,-379.552216356,-150.136167153,-155.24161541,-0.724457856883,-4.88918428334e-08,-2.18804384225e-08
7.3e-06,2.3294427447e-11,-264.503363532,0,0.25,30,3.025e-08,3.25e-10,4.5e-10,-11.4251407307,1.16475717959e-11,-11.4251407307,-687.998755283,-393.111521606,-151.574578007,-156.183552577,-0.188722547775,-4.92617378522e-08,-5.70885707019e-09
7.301e-06,80.9874015906,-269.057242376,0,0.2475,30.05,3.02975e-08,3.2435e-10,4.491e-10,0.0778249551244,40.4937007953,-40.4158758402,-673.799069146,-402.112459909,-151.150248117,-155.775079927,0.472483971718,-4.90255829767e-08,1.43150831331e-08
7.302e-06,150.600363304,-273.568633963,0,0.245,30.1,3.0345e-08,3.237e-10,4.482e-10,10.6192216321,75.3001816522,-64.6809600201,-652.729518028,-405.977984944,-148.609454046,-153.834393752,1.16602608398,-4.81048802746e-08,3.53830615184e-08
7.303e-06,199.061951543,-278.036825891,0,0.2425,30.15,3.03925e-08,3.2305e-10,4.473e-10,18.745618237,99.5309757713,-80.7853575342,-627.884070161,-404.846330786,-143.995335538,-150.394161629,1.79434568229,-4.65176931455e-08,5.45346511491e-08
7.304e-06,219.565880254,-282.461112581,0,0.24,30.2,3.044e-08,3.224e-10,4.464e-10,23.3393531212,109.782940127,-86.4435870059,-602.887540708,-399.550646619,-137.642697605,-145.697556918,2.26913063814,-4.43760057079e-08,6.9072336625e-08
7.305e-06,209.232433585,-286.840795387,0,0.2375,30.25,3.04875e-08,3.2175e-10,4.455e-10,23.7751194543,104.616216792,-80.8410973381,-581.386386552,-391.501334231,-130.131875924,-140.164747601,2.52367146836,-4.18699310786e-08,7.69404338917e-08
7.306e-06,169.512913411,-291.175182706,0,0.235,30.3,3.0535e-08,3.211e-10,4.446e-10,20.0079692779,84.7564567053,-64.7484874274,-566.535877546,-382.487687755,-122.20802425,-134.33445876,2.52217720305,-3.92409965867e-08,7.7014680895e-08
7.307e-06,105.985808302,-295.463590089,0,0.2325,30.35,3.05825e-08,3.2045e-10,4.437e-10,12.5803497653,52.9929041512,-40.4125543859,-560.555759714,-374.426716944,-114.677051487,-128.788737906,2.26474944965,-3.6748261149e-08,6.92617000438e-08
7.308e-06,27.5733113842,-299.705340345,0,0.23,30.4,3.063e-08,3.198e-10,4.428e-10,2.54708215373,13.7866556921,-11.2395735384,-564.416974534,-369.094398377,-108.292743537,-124.071431768,1.78732334491,-3.46320193833e-08,5.47457140545e-08
7.309e-06,-54.7117751762,-303.899763654,0,0.2275,30.45,3.06775e-08,3.1915e-10,4.419e-10,-8.67134213162,-27.3558875881,18.6845454565,-577.703638061,-367.877016665,-103.650882646,-120.611794889,1.15658986932,-3.30801791966e-08,3.5481285716e-08
7.31e-06,-129.312755504,-308.046197668,0,0.225,30.5,3.0725e-08,3.185e-10,4.41e-10,-19.4867441834,-64.6563777522,45.1696335688,-598.669886766,-371.577397431,-101.105239723,-118.663962569,0.460616897803,-3.22020188519e-08,1.4152454185e-08
7.311e-06,-185.75214361,-312.143987616,0,0.2225,30.55,3.07725e-08,3.1785e-10,4.401e-10,-28.364923691,-92.8760718052,64.5111481143,-624.483815584,-380.303102602,-100.71728827,-118.270825199,-0.20351207362,-3.20129900767e-08,-6.26257528546e-09
7.312e-06,-216.10319516,-316.192486409,0,0.22,30.6,3.082e-08,3.172e-10,4.392e-10,-34.0400680575,-108.05159758,74.0115295227,-651.624415378,-393.452145177,-102.246790763,-119.25744158,-0.743306489642,-3.243268203e-08,-2.29087060108e-08
7.313e-06,-216.10319516,-320.191054744,0,0.2175,30.65,3.08675e-08,3.1655e-10,4.383e-10,-35.6919383557,-108.05159758,72.3596592244,-676.375863872,-409.798102371,-105.184693965,-121.25499898,-1.0838169829,-3.32962148746e-08,-3.34547207197e-08
7.314e-06,-185.75214361,-324.1390612,0,0.215,30.7,3.0915e-08,3.159e-10,4.374e-10,-33.061028519,-92.8760718052,59.8150432862,-695.349772227,-427.662581456,-108.823837474,-123.75204466,-1.17811054067,-3.43774502581e-08,-3.64212873648e-08
7.315e-06,-129.312755504,-328.03588234,0,0.2125,30.75,3.09625e-08,3.1525e-10,4.365e-10,-26.4855292077,-64.6563777522,38.1708485445,-705.961981116,-445.15077244,-112.357661455,-126.165877882,-1.01380845885,-3.54207527737e-08,-3.13900444073e-08
7.316e-06,-54.7117751763,-331.880902811,0,0.21,30.8,3.101e-08,3.146e-10,4.356e-10,-16.8548330735,-27.3558875881,10.5010545146,-706.796809689,-460.417015484,-114.993142927,-127.924142457,-0.614776239622,-3.61768427648e-08,-1.90642111907e-08
7.317e-06,27.5733113842,-335.673515441,0,0.2075,30.85,3.10575e-08,3.1395e-10,4.347e-10,-5.48597269728,13.7866556921,-19.2726283894,-697.807412204,-471.923148137,-116.062154129,-128.545200136,-0.0377347819908,-3.64377132889e-08,-1.17194799168e-09
7.318e-06,105.985808302,-339.413121331,0,0.205,30.9,3.1105e-08,3.133e-10,4.338e-10,6.0598413479,52.9929041512,-46.9330628033,-680.323885774,-478.653455269,-115.115612593,-127.706003495,0.635726119766,-3.60657214253e-08,1.97742609553e-08
7.319e-06,169.512913411,-343.099129955,0,0.2025,30.95,3.11525e-08,3.1265e-10,4.329e-10,16.195023969,84.7564567053,-68.5614327363,-656.867773944,-480.256168597,-111.9871622,-125.287908525,1.31060754293,-3.50127862618e-08,4.08287014812e-08
7.32e-06,209.232433585,-346.730959249,0,0.2,31,3.12e-08,3.12e-10,4.32e-10,23.5273721426,104.616216792,-81.0888446499,-630.798832265,-477.091788729,-106.817361681,-121.393935009,1.89182492656,-3.33270168444e-08,5.90249377088e-08
7.321e-06,219.565880254,-350.308035705,0,0.1975,31.05,3.12475e-08,3.1135e-10,4.311e-10,27.054796307,109.782940127,-82.7281438201,-605.84353638,-470.181579146,-100.034872473,-116.334970387,2.29752668626,-3.11458575444e-08,7.1791965129e-08
7.322e-06,199.061951543,-353.829794461,0,0.195,31.1,3.1295e-08,3.107e-10,4.302e-10,26.3057862025,99.5309757713,-73.2251895687,-585.571495883,-461.063573314,-92.2971616213,-110.586763363,2.47054236718,-2.86767281157e-08,7.73156233808e-08
7.323e-06,150.600363304,-357.295679392,0,0.1925,31.15,3.13425e-08,3.1005e-10,4.293e-10,21.4059196498,75.3001816522,-53.8942620024,-572.893335223,-451.576382096,-84.3989236211,-104.723657665,2.38635908742,-2.61678862687e-08,7.47944596975e-08
7.324e-06,80.9874015906,-360.705143192,0,0.19,31.2,3.139e-08,3.094e-10,4.284e-10,13.0610322971,40.4937007953,-27.4326684982,-569.650665868,-443.601176605,-77.1609787624,-99.3382975098,2.05651333839,-2.38736068291e-08,6.4553953692e-08
7.325e-06,5.8854085222e-11,-364.057647469,0,0.1875,31.25,3.14375e-08,3.0875e-10,4.275e-10,2.45929937034,2.94271274015e-11,2.45929937031,-576.355903544,-438.798042032,-71.3151823607,-94.9585317324,1.52692881816,-2.20185625539e-08,4.8002824721e-08
7.326e-06,-80.9874015907,-367.352662823,0,0.185,31.3,3.1485e-08,3.081e-10,4.266e-10,-8.8941870154,-40.4937007953,31.5995137799,-592.118679552,-438.373640679,-67.4014843962,-91.9731694187,0.871439527867,-2.07663973425e-08,2.74372735349e-08
7.327e-06,-150.600363304,-370.589668933,0,0.1825,31.35,3.15325e-08,3.0745e-10,4.257e-10,-19.3873132916,-75.3001816521,55.9128683606,-614.76940042,-442.91268983,-65.6916212757,-90.577031876,0.18141151976,-2.01968889612e-08,5.72035874682e-09
7.328e-06,-199.061951543,-373.768154638,0,0.18,31.4,3.158e-08,3.068e-10,4.248e-10,-27.5260396917,-99.5309757713,72.0049360796,-641.162802886,-452.296779479,-66.1502266136,-90.7430685945,-0.447077948358,-2.0294889525e-08,-1.41187216092e-08
7.329e-06,-219.565880254,-376.887618019,0,0.1775,31.45,3.16275e-08,3.0615e-10,4.239e-10,-32.1432639874,-109.782940127,77.6396761397,-667.619025356,-465.721790128,-68.438928542,-92.2255297932,-0.926704765873,-2.09525779731e-08,-2.93093549827e-08
7.33e-06,-209.232433585,-379.947566476,0,0.175,31.5,3.1675e-08,3.055e-10,4.23e-10,-32.5622532558,-104.616216792,72.0539635366,-690.440336009,-481.811344129,-71.9629849954,-94.5938416765,-1.19111886688,-2.19846919161e-08,-3.77286901085e-08
7.331e-06,-169.512913411,-382.947516808,0,0.1725,31.55,3.17225e-08,3.0485e-10,4.221e-10,-28.6917568396,-84.7564567053,56.0646998657,-706.430952724,-498.810274309,-75.9540374791,-97.2925208579,-1.20421128806,-2.31545883255e-08,-3.82005925854e-08
7.332e-06,-105.985808302,-385.886995287,0,0.17,31.6,3.177e-08,3.042e-10,4.212e-10,-21.039432586,-52.9929041512,31.9534715652,-713.346875648,-514.830904619,-79.5774760377,-99.7187963778,-0.965132967738,-2.42074682107e-08,-3.0662274385e-08
7.333e-06,-27.5733113841,-388.765537737,0,0.1675,31.65,3.18175e-08,3.0355e-10,4.203e-10,-10.6416162932,-13.786655692,3.14503939881,-710.212412593,-528.117573969,-82.0494200578,-101.307097978,-0.5083676474,-2.49061014585e-08,-1.61749876211e-08
7.334e-06,54.7117751763,-391.582689601,0,0.165,31.7,3.1865e-08,3.029e-10,4.194e-10,1.08084940625,27.3558875881,-26.2750381819,-697.458749661,-537.292322955,-82.7469254227,-101.60857344,0.101144999526,-2.50640437105e-08,3.22298540989e-09
7.335e-06,129.312755504,-394.33800602,0,0.1625,31.75,3.19125e-08,3.0225e-10,4.185e-10,12.5206683903,64.6563777522,-52.1357093618,-676.864888926,-541.547349725,-81.2959302871,-100.354460106,0.777146454636,-2.45716949293e-08,2.48006862336e-08
7.336e-06,185.75214361,-397.031051896,0,0.16,31.8,3.196e-08,3.016e-10,4.176e-10,22.1084170218,92.8760718052,-70.7676547834,-651.309038075,-540.757342661,-77.6245297039,-97.4943682674,1.42417114818,-2.34115581587e-08,4.5516509896e-08
7.337e-06,216.10319516,-399.661401966,0,0.1575,31.85,3.20075e-08,3.0095e-10,4.167e-10,28.5318311056,108.05159758,-79.5197664745,-624.365193412,-535.496056997,-71.9739981158,-93.2040282344,1.95093234807,-2.1660574733e-08,6.24444671308e-08
7.338e-06,216.10319516,-402.228640868,0,0.155,31.9,3.2055e-08,3.003e-10,4.158e-10,30.9194109812,108.05159758,-77.132186599,-599.801458931,-526.95493764,-64.8658859656,-87.861322245,2.28310520986,-1.94792255555e-08,7.3184937502e-08
7.339e-06,185.75214361,-404.732363205,0,0.1525,31.95,3.21025e-08,2.9965e-10,4.149e-10,28.9626530433,92.8760718052,-63.913418762,-581.050520126,-516.77531634,-57.0296766317,-81.9938699195,2.3737169128,-1.70889426027e-08,7.62022471933e-08
7.34e-06,129.312755504,-407.17217361,0,0.15,32,3.215e-08,2.99e-10,4.14e-10,22.9597624322,64.6563777522,-41.69661532,-570.726682558,-506.817804543,-49.3010388683,-76.205438309,2.2096913476,-1.47410106216e-08,7.10415768254e-08
7.341e-06,54.7117751763,-409.547686808,0,0.1475,32.05,3.21975e-08,2.9835e-10,4.131e-10,13.7746531829,27.3558875881,-13.5812344053,-570.257420369,-498.901271529,-42.5048673105,-71.0914415616,1.81363643704,-1.26813271621e-08,5.83945591816e-08
7.342e-06,-27.5733113842,-411.858527679,0,0.145,32.1,3.2245e-08,2.977e-10,4.122e-10,2.71687117378,-13.7866556921,16.5035268659,-579.681356432,-494.548016535,-37.3394817287,-67.1553576704,1.24062986054,-1.11159637106e-08,4.00041098532e-08
7.343e-06,-105.985808302,-414.104331315,0,0.1425,32.15,3.22925e-08,2.9705e-10,4.113e-10,-8.64087014878,-52.9929041512,44.3520340024,-597.64125606,-494.770828223,-34.2782428402,-64.7377969966,0.570460008889,-1.01823520357e-08,1.8421579837e-08
7.344e-06,-169.512913411,-416.284743076,0,0.14,32.2,3.234e-08,2.964e-10,4.104e-10,-18.6821165914,-84.7564567053,66.0743401139,-621.573233393,-499.931709801,-33.5024474638,-63.9682172622,-0.103584849949,-9.93012542827e-09,-3.34993404734e-09
7.345e-06,-209.232433585,-418.39941865,0,0.1375,32.25,3.23875e-08,2.9575e-10,4.095e-10,-25.9724461497,-104.616216792,78.6437706428,-648.065788622,-509.691968558,-34.8750177551,-64.746131606,-0.68780400882,-1.03142865011e-08,-2.22762523357e-08
7.346e-06,-219.565880254,-420.448024105,0,0.135,32.3,3.2435e-08,2.951e-10,4.086e-10,-29.4600521024,-109.782940127,80.3228880247,-673.33839224,-523.060542109,-37.9588024314,-66.7545376085,-1.10121229087,-1.12016425975e-08,-3.57178206543e-08
7.347e-06,-199.061951543,-422.430235944,0,0.1325,32.35,3.24825e-08,2.9445e-10,4.077e-10,-28.6230860886,-99.5309757713,70.9078896826,-693.772473153,-538.533660912,-42.0770576817,-69.5037809609,-1.28686917994,-1.23895896344e-08,-4.18007281374e-08
7.348e-06,-150.600363304,-424.345741152,0,0.13,32.4,3.253e-08,2.938e-10,4.068e-10,-23.5431197049,-75.3001816521,51.7570619473,-706.420228376,-554.306158614,-46.4077473632,-72.3997900326,-1.21982416601,-1.36345961753e-08,-3.96808801204e-08
7.349e-06,-80.9874015907,-426.194237248,0,0.1275,32.45,3.25775e-08,2.9315e-10,4.059e-10,-14.8943837828,-40.4937007953,25.5993170126,-709.419708734,-568.524728963,-50.0985291542,-74.8271780497,-0.910569529251,-1.46863838216e-08,-2.96640788392e-08
7.35e-06,5.9086236499e-11,-427.975432333,0,0.125,32.5,3.2625e-08,2.925e-10,4.05e-10,-3.85020078506,2.95430346853e-11,-3.85020078509,-702.257731851,-579.547589897,-52.386349034,-76.235593288,-0.403522697469,-1.53230070924e-08,-1.31649280049e-08
7.351e-06,80.9874015906,-429.689045136,0,0.1225,32.55,3.26725e-08,2.9185e-10,4.041e-10,8.08040344303,40.4937007953,-32.4132973523,-685.843500458,-586.174164416,-52.7048697506,-76.217205749,0.229242635795,-1.53819162367e-08,7.48993001801e-09
7.352e-06,150.600363304,-431.334805058,0,0.12,32.6,3.272e-08,2.912e-10,4.032e-10,19.2631539793,75.3001816522,-56.0370276728,-662.382371573,-587.812636989,-50.7646146044,-74.5644253442,0.898132007799,-1.47826557728e-08,2.93868792952e-08
7.353e-06,199.061951543,-432.912452214,0,0.1175,32.65,3.27675e-08,2.9055e-10,4.023e-10,28.1666934301,99.5309757713,-71.3642823412,-635.067301636,-584.561991299,-46.594490887,-71.2996876145,1.50860705155,-1.35380293272e-08,4.94332815617e-08
7.354e-06,219.565880254,-434.421737475,0,0.115,32.7,3.2815e-08,2.899e-10,4.014e-10,33.5766024662,109.782940127,-76.2063376609,-607.631138898,-577.197148801,-40.5387433472,-66.6730385459,1.97443827075,-1.17521816963e-08,6.47911918547e-08
7.355e-06,209.232433585,-435.862422508,0,0.1125,32.75,3.28625e-08,2.8925e-10,4.005e-10,34.7653599707,104.616216792,-69.8508568218,-583.822539886,-567.059420055,-33.2096261343,-61.1277569441,2.2297758768,-9.60588435934e-09,7.32760097512e-08
7.356e-06,169.512913411,-437.234279812,0,0.11,32.8,3.291e-08,2.886e-10,3.996e-10,31.5944540959,84.7564567053,-53.1620026095,-566.879089499,-555.867745484,-25.4022988721,-55.2387404296,2.23834889948,-7.33110345448e-09,7.36640622818e-08
7.357e-06,105.985808302,-438.537092754,0,0.1075,32.85,3.29575e-08,2.8795e-10,3.987e-10,24.5343110194,52.9929041512,-28.4585931317,-559.071676541,-545.477280776,-17.983776072,-49.6322194397,1.99850740506,-5.17842831994e-09,6.58658078021e-08
7.358e-06,27.5733113842,-439.770655606,0,0.105,32.9,3.3005e-08,2.873e-10,3.978e-10,14.5991757219,13.7866556921,0.81252002987,-561.384240995,-537.619225027,-11.7714389237,-44.8980118501,1.54340683432,-3.38193440279e-09,5.09401425668e-08
7.359e-06,-54.7117751763,-440.934773573,0,0.1025,32.95,3.30525e-08,2.8665e-10,3.969e-10,3.20595840031,-27.3558875881,30.5618459884,-573.374051564,-533.658372818,-7.41813283135,-41.5066134525,0.936315115155,-2.12640777611e-09,3.09475553437e-08
7.36e-06,-129.312755504,-442.029262828,0,0.1,33,3.31e-08,2.86e-10,3.96e-10,-8.02330822648,-64.6563777522,56.6330695257,-593.232346996,-534.402339124,-5.32000344934,-39.7427795942,0.261706662467,-1.52152098651e-09,8.66249052765e-09
7.361e-06,-185.75214361,-443.053950538,0,0.0975,33.05,3.31475e-08,2.8535e-10,3.951e-10,-17.4878581892,-92.8760718052,75.388213616,-618.037035233,-539.989119652,-5.56008300939,-39.6649751448,-0.386603124139,-1.58656968673e-09,-1.28149270574e-08
7.362e-06,-216.10319516,-444.008674894,0,0.095,33.1,3.3195e-08,2.847e-10,3.942e-10,-23.8318287635,-108.05159758,84.2197688167,-644.162142391,-549.868636394,-7.89566109032,-41.0964681546,-0.918616204738,-2.24789471241e-09,-3.04934649163e-08
7.363e-06,-216.10319516,-444.893285132,0,0.0925,33.15,3.32425e-08,2.8405e-10,3.933e-10,-26.1338990109,-108.05159758,81.9176985693,-667.786635365,-562.880726933,-11.7913525288,-43.6494184809,-1.26075747574,-3.3493336858e-09,-4.19107303871e-08
7.364e-06,-185.75214361,-445.707641563,0,0.09,33.2,3.329e-08,2.834e-10,3.924e-10,-24.0364051254,-92.8760718052,68.8396666798,-685.431214113,-577.418517871,-16.4933655642,-46.7786846799,-1.36616189128,-4.67421980088e-09,-4.54795293606e-08
7.365e-06,-129.312755504,-446.451615592,0,0.0875,33.25,3.33375e-08,2.8275e-10,3.915e-10,-17.7958377217,-64.6563777522,46.8605400305,-694.447662398,-591.654172446,-21.1346744228,-49.8578896237,-1.22120469658,-5.97582919305e-09,-4.07119115723e-08
7.366e-06,-54.7117751762,-447.125089734,0,0.085,33.3,3.3385e-08,2.821e-10,3.906e-10,-8.24759265637,-27.3558875881,19.1082949318,-693.391932685,-603.795292678,-24.8564284229,-52.2671362218,-0.84736474119,-7.0119984581e-09,-2.82892718846e-08
7.367e-06,27.5733113842,-447.727957642,0,0.0825,33.35,3.34325e-08,2.8145e-10,3.897e-10,3.31018034912,13.7866556921,-10.476475343,-682.228407289,-612.336003462,-26.9286027243,-53.4800947426,-0.29816607154,-7.57905523674e-09,-9.96843718676e-09
7.368e-06,105.985808302,-448.260124114,0,0.08,33.4,3.348e-08,2.808e-10,3.888e-10,15.2974799891,52.9929041512,-37.6954241621,-662.336447864,-616.267540024,-26.8529473766,-53.1382317654,0.348366929364,-7.54030762336e-09,1.16633247951e-08
7.369e-06,169.512913411,-448.721505117,0,0.0775,33.45,3.35275e-08,2.8015e-10,3.879e-10,26.0728943001,84.7564567053,-58.6835624052,-636.318100127,-615.218883108,-24.4337218328,-51.1017165205,1.00067743785,-6.84510717147e-09,3.35502127974e-08
7.37e-06,209.232433585,-449.112027793,0,0.075,33.5,3.3575e-08,2.795e-10,3.87e-10,34.1628211361,104.616216792,-70.4533956564,-607.633763984,-609.507829471,-19.8061781307,-47.4697810086,1.56652542424,-5.53582678753e-09,5.25960911189e-08
7.371e-06,219.565880254,-449.431630473,0,0.0725,33.55,3.36225e-08,2.7885e-10,3.861e-10,38.4674545794,109.782940127,-71.3154855478,-580.116844241,-600.095463863,-13.4186557843,-42.5675756951,1.96591495215,-3.74179216546e-09,6.60989754785e-08
7.372e-06,199.061951543,-449.680262688,0,0.07,33.6,3.367e-08,2.782e-10,3.852e-10,38.4147406504,99.5309757713,-61.1162351209,-557.435458306,-588.450545943,-5.97065141572,-36.9012572687,2.14228776548,-1.66103522385e-09,7.21308290637e-08
7.373e-06,150.600363304,-449.857885177,0,0.0675,33.65,3.37175e-08,2.7755e-10,3.843e-10,34.0407487176,75.3001816521,-41.2594329345,-542.576789615,-576.342941746,1.68458430965,-31.0875112437,2.0704168144,4.67556375144e-10,6.98092789397e-08
7.374e-06,80.9874015907,-449.964469892,0,0.065,33.7,3.3765e-08,2.769e-10,3.834e-10,25.985165739,40.4937007953,-14.5085350563,-537.426573362,-565.595147328,8.65936084301,-25.7673222497,1.75989799461,2.39777701743e-09,5.9422955788e-08
7.375e-06,2.30622761701e-11,-450,0,0.0625,33.75,3.38125e-08,2.7625e-10,3.825e-10,15.4024679843,1.15321086014e-11,15.4024679843,-542.502909354,-557.826785706,14.1560900406,-21.5160490298,1.25375678196,3.91061987372e-09,4.23926511902e-08
7.376e-06,-80.9874015906,-449.964469892,0,0.06,33.8,3.386e-08,2.756e-10,3.816e-10,3.80110532706,-40.4937007953,44.2948061224,-556.88197268,-554.22789506,17.5795844242,-18.762419831,0.622371757606,4.84493346731e-09,2.10735077126e-08
7.377e-06,-150.600363304,-449.857885177,0,0.0575,33.85,3.39075e-08,2.7495e-10,3.807e-10,-7.16689940306,-75.3001816522,68.1332822491,-578.326266546,-555.392741727,18.6213007959,-17.7278530014,-0.046426904364,5.11992665383e-09,-1.57422025972e-09
7.378e-06,-199.061951543,-449.680262688,0,0.055,33.9,3.3955e-08,2.743e-10,3.798e-10,-15.9365871729,-99.5309757713,83.5943885984,-603.597611281,-561.237364966,17.303605721,-18.3946913189,-0.659690989723,4.74637904927e-09,-2.2399807556e-08
7.379e-06,-219.565880254,-449.431630473,0,0.0525,33.95,3.40025e-08,2.7365e-10,3.789e-10,-21.2487346728,-109.782940127,88.5342054543,-628.911085563,-571.012292986,13.9777137557,-20.5079069421,-1.1323878811,3.82500136924e-09,-3.85040189271e-08
7.38e-06,-209.232433585,-449.112027793,0,0.05,34,3.405e-08,2.73e-10,3.78e-10,-22.3260045916,-104.616216792,82.2902122009,-650.466283286,-583.40851501,9.275433824,-23.6101489006,-1.39930657491,2.53219343395e-09,-4.76463888757e-08
7.381e-06,-169.512913411,-448.721505117,0,0.0475,34.05,3.40975e-08,2.7235e-10,3.771e-10,-18.9819318297,-84.7564567053,65.7745248757,-664.981318218,-596.74172618,4.02134638471,-27.1053223771,-1.42416893089,1.09521368788e-09,-4.85606001209e-08
7.382e-06,-105.985808302,-448.260124114,0,0.045,34.1,3.4145e-08,2.717e-10,3.762e-10,-11.6474652532,-52.9929041512,41.345438898,-670.154543938,-609.188912223,-0.882386940333,-30.341866167,-1.20467301832,-2.39744531688e-10,-4.11335602106e-08
7.383e-06,-27.5733113841,-447.727957642,0,0.0425,34.15,3.41925e-08,2.7105e-10,3.753e-10,-1.31128909168,-13.7866556921,12.4753666004,-664.989034551,-619.044040858,-4.58249523023,-32.7040987623,-0.772767346355,-1.24208533215e-09,-2.64228474902e-08
7.384e-06,54.7117751763,-447.125089734,0,0.04,34.2,3.424e-08,2.704e-10,3.744e-10,10.6178104215,27.3558875881,-16.7380771666,-649.934087195,-624.9569952,-6.39462703822,-33.6988312116,-0.190124193794,-1.72910715113e-09,-6.5098523955e-09
7.385e-06,129.312755504,-446.451615592,0,0.0375,34.25,3.42875e-08,2.6975e-10,3.735e-10,22.5073709523,64.6563777522,-42.1490067999,-626.823669658,-626.122283376,-5.90005648929,-33.0250663965,0.4605467791,-1.59154023799e-09,1.57909976884e-08
7.386e-06,185.75214361,-445.707641563,0,0.035,34.3,3.4335e-08,2.691e-10,3.726e-10,32.7290818184,92.8760718052,-60.1469899868,-598.620246456,-622.391145116,-3.00540543658,-30.6169384487,1.08712128538,-8.08754602982e-10,3.73263093337e-08
7.387e-06,216.10319516,-444.893285132,0,0.0325,34.35,3.43825e-08,2.6845e-10,3.717e-10,39.8862142863,108.05159758,-68.1653832939,-568.999771353,-614.291450304,2.04313179806,-26.6537707941,1.60098629136,5.48478731189e-10,5.50459111627e-08
7.388e-06,216.10319516,-444.008674894,0,0.03,34.4,3.443e-08,2.678e-10,3.708e-10,43.008885313,108.05159758,-65.0427122672,-541.835988884,-602.952731217,8.69321361387,-21.5357284461,1.92945539169,2.32804260579e-09,6.64311491359e-08
7.389e-06,185.75214361,-443.053950538,0,0.0275,34.45,3.44775e-08,2.6715e-10,3.699e-10,41.6898539632,92.8760718052,-51.186217842,-520.656395855,-589.946991408,16.1628937545,-15.8283671028,2.02593413569,4.31791706651e-09,6.98491441633e-08
7.39e-06,129.312755504,-442.029262828,0,0.025,34.5,3.4525e-08,2.665e-10,3.69e-10,36.1418354079,64.6563777522,-28.5145423442,-508.146271359,-577.067725045,23.5496774845,-10.1837612816,1.87641358804,6.27598904963e-09,6.4783179127e-08
7.391e-06,54.7117751763,-440.934773573,0,0.0225,34.55,3.45725e-08,2.6585e-10,3.681e-10,27.1682658729,27.3558875882,-0.18762171531,-505.770509996,-566.078210168,29.9568844329,-5.24920954968,1.50138708859,7.9640377265e-09,5.19067051202e-08
7.392e-06,-27.5733113841,-439.770655606,0,0.02,34.6,3.462e-08,2.652e-10,3.672e-10,16.0515356687,-13.7866556921,29.8381913608,-513.56651454,-558.464402425,34.6196280892,-1.5762975714,0.95292800911,9.18112536925e-09,3.29903676754e-08
7.393e-06,-105.985808302,-438.537092754,0,0.0175,34.65,3.46675e-08,2.6455e-10,3.663e-10,4.37423924778,-52.9929041512,57.367143399,-530.137426319,-555.227060875,37.0127147585,0.456906486555,0.307345000749,9.79171368937e-09,1.06548828135e-08
7.394e-06,-169.512913411,-437.234279812,0,0.015,34.7,3.4715e-08,2.639e-10,3.654e-10,-6.2016403438,-84.7564567053,78.5548163615,-552.846855361,-556.742188752,36.9252431565,0.699549994873,-0.345549407929,9.744571669e-09,-1.19957476962e-08
7.395e-06,-209.232433585,-435.862422508,0,0.0125,34.75,3.47625e-08,2.6325e-10,3.645e-10,-14.1668005903,-104.616216792,90.4494162022,-578.187963877,-562.709254165,34.4913103287,-0.750038923892,-0.915047712343,9.07983744403e-09,-3.18093461003e-08
7.396e-06,-219.565880254,-434.421737475,0,0.01,34.8,3.481e-08,2.626e-10,3.636e-10,-18.3755353619,-109.782940127,91.4074047652,-602.275232927,-572.194322721,30.1723582248,-3.55731456693,-1.32226361707,7.92326126984e-09,-4.60279965103e-08
7.397e-06,-199.061951543,-432.912452214,0,0.0075,34.85,3.48575e-08,2.6195e-10,3.627e-10,-18.2060216317,-99.5309757713,81.3249541396,-621.389952408,-583.76191866,24.6934725401,-7.19770575385,-1.51117275307,6.46845513189e-09,-5.26757042403e-08
7.398e-06,-150.600363304,-431.334805058,0,0.005,34.9,3.4905e-08,2.613e-10,3.618e-10,-13.6475517986,-75.3001816522,61.6526298535,-632.50285527,-595.677001369,18.942421776,-11.0296639459,-1.45643258174,4.94965481007e-09,-5.08367792656e-08
7.399e-06,-80.9874015906,-429.689045136,0,0.0025,34.95,3.49525e-08,2.6065e-10,3.609e-10,-5.30247464866,-40.4937007953,35.1912261467,-633.700448339,-606.148641518,13.8454891869,-14.3843997258,-1.16688985912,3.60882675655e-09,-4.07857178009e-08
7.4e-06,-5.16637164408e-12,-427.975432333,0,0,35,3.5e-08,2.6e-10,3.6e-10,5.69748708136,-2.5832669337e-12,5.69748708136,-624.455045334,-613.581175977,10.237459646,-16.6597600354,-0.684290153315,2.66173950796e-09,-2.3950155366e-08
7.401e-06,80.9874015906,-426.194237248,0,0,35,3.5e-08,2.6e-10,3.6e-10,17.8494168165,40.4937007953,-22.6442839788,-605.697585454,-616.799481656,8.72118936207,-17.3623134186,-0.0776506080561,2.26750923414e-09,-2.71777128196e-09
7.402e-06,150.600363304,-424.345741152,0,0,35,3.5e-08,2.6e-10,3.6e-10,29.4876128559,75.3001816522,-45.8125687962,-579.702326904,-615.20421397,9.6446727064,-16.3032599623,0.568830685015,2.50761490366e-09,1.99090739755e-08
7.403e-06,199.061951543,-422.430235944,0,0,35,3.5e-08,2.6e-10,3.6e-10,39.0110770361,99.5309757713,-60.5198987352,-549.766688914,-608.855830999,12.978761272,-13.5052392461,1.16366639918,3.37447793072e-09,4.07283239715e-08
7.404e-06,219.565880254,-420.448024105,0,0,35,3.5e-08,2.6e-10,3.6e-10,45.1096399181,109.782940127,-64.6733002091,-519.73617748,-598.472859384,18.3523298587,-9.23774279825,1.62240628503,4.77160576326e-09,5.6784219976e-08
7.405e-06,209.232433585,-418.39941865,0,0,35,3.5e-08,2.6e-10,3.6e-10,46.9512610542,104.616216792,-57.6649557383,-493.462223538,-585.331747746,25.1040308961,-3.97953764396,1.87971412017,6.52704803298e-09,6.5789994206e-08
7.406e-06,169.512913411,-416.284743076,0,0,35,3.5e-08,2.6e-10,3.6e-10,44.301315573,84.7564567053,-40.4551411323,-474.261546745,-571.087263781,32.3753995631,1.64872833199,1.89863440597,8.41760388642e-09,6.64522042089e-08
7.407e-06,105.985808302,-414.104331315,0,0,35,3.5e-08,2.6e-10,3.6e-10,37.5567108912,52.9929041512,-15.43619326,-464.451451356,-557.539477943,39.2317933362,6.97195589214,1.67577980115,1.02002662674e-08,5.86522930404e-08
7.408e-06,27.5733113842,-411.858527679,0,0,35,3.5e-08,2.6e-10,3.6e-10,27.6903722147,13.7866556921,13.9037165226,-465.02534665,-546.380527323,44.793930473,11.3555991274,1.24176680468,1.1646421923e-08,4.34618381639e-08
7.409e-06,-54.7117751763,-409.547686808,0,0,35,3.5e-08,2.6e-10,3.6e-10,16.1143901034,-27.3558875882,43.4702776915,-475.513742956,-538.956836513,48.3614949927,14.2948602022,0.6568782608,1.25739886981e-08,2.2990739128e-08
7.41e-06,-129.312755504,-407.17217361,0,0,35,3.5e-08,2.6e-10,3.6e-10,4.48140898711,-64.6563777522,69.1377867393,-494.050325175,-536.08010555,49.5114945857,15.4855806111,0.00257698385647,1.28729885923e-08,9.01944349764e-11
7.411e-06,-185.75214361,-404.732363205,0,0,35,3.5e-08,2.6e-10,3.6e-10,-5.54769167119,-92.8760718052,87.328380134,-517.634024504,-537.91348361,48.1576258927,14.8669220136,-0.629939266553,1.25209827321e-08,-2.20478743294e-08
7.412e-06,-216.10319516,-402.228640868,0,0,35,3.5e-08,2.6e-10,3.6e-10,-12.5371774754,-108.05159758,95.5144201048,-542.550438869,-543.948826298,44.5623568483,12.6298764732,-1.15254172501,1.15862127806e-08,-4.03389603755e-08
7.413e-06,-216.10319516,-399.661401966,0,0,35,3.5e-08,2.6e-10,3.6e-10,-15.4781614129,-108.05159758,92.5734361672,-564.893484747,-553.078196186,39.3000473304,9.19042398356,-1.4925419052,1.02180123059e-08,-5.22389666819e-08
7.414e-06,-185.75214361,-397.031051896,0,0,35,3.5e-08,2.6e-10,3.6e-10,-13.930338941,-92.8760718052,78.9457328642,-581.114020129,-563.74956654,33.1762863404,5.13110622101,-1.60289608446,8.62583444851e-09,-5.6101362956e-08
7.415e-06,-129.312755504,-394.33800602,0,0,35,3.5e-08,2.6e-10,3.6e-10,-8.08386900568,-64.6563777522,56.5725087465,-588.51836314,-574.184875569,27.1147660634,1.11921617015,-1.46881036718,7.04983917648e-09,-5.14083628513e-08
7.416e-06,-54.7117751762,-391.582689601,0,0,35,3.5e-08,2.6e-10,3.6e-10,1.26728792823,-27.3558875881,28.6231755163,-585.646668021,-582.629820058,22.0275733826,-2.18691186861,-1.10981789492,5.72716907948e-09,-3.8843626322e-08
7.417e-06,27.5733113841,-388.765537737,0,0,35,3.5e-08,2.6e-10,3.6e-10,12.8368359277,13.7866556921,-0.949819764397,-572.478004777,-587.600312976,18.6871119749,-4.23035352035,-0.577035521174,4.85864911347e-09,-2.01962432411e-08
7.418e-06,105.985808302,-385.886995287,0,0,35,3.5e-08,2.6e-10,3.6e-10,25.0267643342,52.9929041512,-27.966139817,-550.433337837,-588.090992546,17.6176421304,-4.63380305745,0.054015344854,4.5805869539e-09,1.89053706989e-09
7.419e-06,169.512913411,-382.947516808,0,0,35,3.5e-08,2.6e-10,3.6e-10,36.1517579416,84.7564567053,-48.6046987638,-522.175988668,-583.71649734,19.021671647,-3.25255510084,0.694015622222,4.94563462823e-09,2.42905467778e-08
7.42e-06,209.232433585,-379.947566476,0,0,35,3.5e-08,2.6e-10,3.6e-10,44.6758781088,104.616216792,-59.9403386836,-491.23761084,-574.765664388,22.7515366262,-0.19481771058,1.25239341753,5.91539952281e-09,4.38337696135e-08
7.421e-06,219.565880254,-376.887618019,0,0,35,3.5e-08,2.6e-10,3.6e-10,49.4282712643,109.782940127,-60.3546688628,-461.522210913,-562.161037641,28.3301638605,4.19349626324,1.65004486135,7.36584260373e-09,5.77515701473e-08
7.422e-06,199.061951543,-373.768154638,0,0,35,3.5e-08,2.6e-10,3.6e-10,49.7676066172,99.5309757713,-49.7633691541,-436.757874951,-547.329373733,35.0180987204,9.3773635028,1.83044424065,9.1047056673e-09,6.40655484227e-08
7.423e-06,150.600363304,-370.589668933,0,0,35,3.5e-08,2.6e-10,3.6e-10,45.672146315,75.3001816522,-29.6280353371,-419.973203997,-532.001332519,41.9173843995,14.7078050942,1.76758301882,1.08985199439e-08,6.18654056585e-08
7.424e-06,80.9874015906,-367.352662823,0,0,35,3.5e-08,2.6e-10,3.6e-10,37.7427967387,40.4937007953,-2.75090405657,-413.071991145,-517.968485671,48.0977027094,19.5130464685,1.46962274573,1.25054027044e-08,5.14367961006e-08
7.425e-06,-1.27295328819e-11,-364.057647469,0,0,35,3.5e-08,2.6e-10,3.6e-10,27.1187117466,-6.36646291241e-12,27.1187117467,-416.565875182,-506.831771033,52.7270601283,23.1928791295,0.977748843687,1.37090356334e-08,3.4221209529e-08
7.426e-06,-80.9874015907,-360.705143192,0,0,35,3.5e-08,2.6e-10,3.6e-10,15.3173008396,-40.4937007953,55.8110016349,-429.502518566,-499.776721667,55.1886645414,25.3029712734,0.360386273779,1.43490527808e-08,1.26135195823e-08
7.427e-06,-150.600363304,-357.295679392,0,0,35,3.5e-08,2.6e-10,3.6e-10,4.02111247965,-75.3001816521,79.3212941318,-449.599396872,-497.407037975,55.1675776492,25.6172861043,-0.296410512321,1.43435701888e-08,-1.03743679312e-08
7.428e-06,-199.061951543,-353.829794461,0,0,35,3.5e-08,2.6e-10,3.6e-10,-5.15847591332,-99.5309757713,94.372499858,-473.564409383,-499.659877137,52.6949729743,24.1598413785,-0.90104362827,1.37006929733e-08,-3.15365269895e-08
7.429e-06,-219.565880254,-350.308035705,0,0,35,3.5e-08,2.6e-10,3.6e-10,-10.907572295,-109.782940127,98.8753678321,-497.558282011,-505.814757118,48.1437835673,21.2013496501,-1.36923636617,1.25173837275e-08,-4.79232728158e-08
7.43e-06,-209.232433585,-346.730959249,0,0,35,3.5e-08,2.6e-10,3.6e-10,-12.3943035079,-104.616216792,92.2219132845,-517.733819425,-514.594824643,42.1763506813,17.2212110878,-1.63586957166,1.09658511771e-08,-5.72554350082e-08
7.431e-06,-169.512913411,-343.099129955,0,0,35,3.5e-08,2.6e-10,3.6e-10,-9.38565077902,-84.7564567053,75.3708059263,-530.77627,-524.346264306,35.6514260043,12.8401968593,-1.66412739853,9.26937076112e-09,-5.82444589484e-08
7.432e-06,-105.985808302,-339.413121331,0,0,35,3.5e-08,2.6e-10,3.6e-10,-2.28017798502,-52.9929041512,50.7127261662,-534.368910886,-533.270651279,29.5035887017,8.73327749635,-1.45066794903,7.67093306243e-09,-5.0773378216e-08
7.433e-06,-27.5733113841,-335.673515441,0,0,35,3.5e-08,2.6e-10,3.6e-10,7.94794393886,-13.7866556921,21.7345996309,-527.51846314,-539.677614366,24.612012783,5.53483923528,-1.02609259915,6.39912332357e-09,-3.59132409703e-08
7.434e-06,54.7117751762,-331.880902811,0,0,35,3.5e-08,2.6e-10,3.6e-10,19.8857548727,27.3558875881,-7.4701327154,-510.69463329,-542.22232358,21.6770160211,3.74960041232,-0.450648093096,5.63602416548e-09,-1.57726832584e-08
7.435e-06,129.312755504,-328.03588234,0,0,35,3.5e-08,2.6e-10,3.6e-10,31.8799500385,64.6563777522,-32.7764277137,-485.764183143,-540.0944478,21.1217287557,3.68173943744,0.194234964907,5.49164947648e-09,6.79822377175e-09
7.436e-06,185.75214361,-324.1390612,0,0,35,3.5e-08,2.6e-10,3.6e-10,42.2690802521,92.8760718052,-50.6069915531,-455.728787493,-533.132043951,23.0326929016,5.39218810938,0.817378827853,5.98850015443e-09,2.86082589749e-08
7.437e-06,216.10319516,-320.191054744,0,0,35,3.5e-08,2.6e-10,3.6e-10,49.6168960834,108.05159758,-58.4347014968,-424.303496866,-521.844382301,27.1477338498,8.69008829557,1.33066427932,7.05841080095e-09,4.65732497763e-08
7.438e-06,216.10319516,-316.192486409,0,0,35,3.5e-08,2.6e-10,3.6e-10,52.9140634342,108.05159758,-55.1375341459,-395.39500892,-507.340502105,32.8928086122,13.1596118577,1.6614067442,8.55213023918e-09,5.8149236047e-08
7.439e-06,185.75214361,-312.143987616,0,0,35,3.5e-08,2.6e-10,3.6e-10,51.7199201845,92.8760718052,-41.1561516207,-372.553023758,-491.173531766,39.4626549941,18.2183770412,1.76256464888,1.02602902985e-08,6.16897627108e-08
7.44e-06,129.312755504,-308.046197668,0,0,35,3.5e-08,2.6e-10,3.6e-10,46.2243646019,64.6563777521,-18.4320131502,-358.471738649,-475.122638254,45.9339148528,23.1992569172,1.61934629723,1.19428178617e-08,5.66771204032e-08
7.441e-06,54.7117751763,-303.899763654,0,0,35,3.5e-08,2.6e-10,3.6e-10,37.2211834695,27.3558875881,9.86529588134,-354.611495752,-460.943230371,51.3948436151,27.4440901231,1.25128734644,1.33626593399e-08,4.37950571254e-08
7.442e-06,-27.5733113841,-299.705340345,0,0,35,3.5e-08,2.6e-10,3.6e-10,25.9965659069,-13.7866556921,39.783221599,-360.993721296,-450.120499051,55.0733887343,30.3961325042,0.709507107603,1.43190810709e-08,2.48327487661e-08
7.443e-06,-105.985808302,-295.463590089,0,0,35,3.5e-08,2.6e-10,3.6e-10,14.1484607839,-52.9929041512,67.1413649351,-376.197956399,-443.660909259,56.4456488466,31.6782650976,0.0695290157926,1.46758687001e-08,2.43351555274e-09
7.444e-06,-169.512913411,-291.175182706,0,0,35,3.5e-08,2.6e-10,3.6e-10,3.36214842887,-84.7564567053,88.1186051342,-397.561396546,-441.95092782,55.309480861,31.1459743788,-0.57932638661,1.43804650239e-08,-2.02764235313e-08
7.445e-06,-209.232433585,-286.840795387,0,0,35,3.5e-08,2.6e-10,3.6e-10,-4.82645308623,-104.616216792,99.7897637062,-421.552914996,-444.702828466,51.8129170843,28.9076638537,-1.14648622908,1.34713584419e-08,-4.01270180176e-08
7.446e-06,-219.565880254,-282.461112581,0,0,35,3.5e-08,2.6e-10,3.6e-10,-9.2465041644,-109.782940127,100.536435963,-444.269039654,-450.995185621,46.433401284,25.3094442933,-1.55284597744,1.20726843338e-08,-5.43496092105e-08
7.447e-06,-199.061951542,-278.036825891,0,0,35,3.5e-08,2.6e-10,3.6e-10,-9.25668571102,-99.5309757712,90.2742900602,-461.982224933,-459.402369712,39.9107599217,20.8865387795,-1.74187940406,1.03767975796e-08,-6.0965779142e-08
7.448e-06,-150.600363304,-273.568633963,0,0,35,3.5e-08,2.6e-10,3.6e-10,-4.83527158267,-75.3001816522,70.4649100695,-471.664415454,-468.194856792,33.1433225525,16.2881275802,-1.68757750107,8.61726386366e-09,-5.90652125374e-08
7.449e-06,-80.9874015906,-269.057242376,0,0,35,3.5e-08,2.6e-10,3.6e-10,3.41681894458,-40.4937007953,43.9105197399,-471.412368627,-475.582219597,27.0617809745,12.1861881716,-1.39810133993,7.03606305337e-09,-4.89335468976e-08
7.45e-06,3.06254374079e-11,-264.503363532,0,0,35,3.5e-08,2.6e-10,3.6e-10,14.3604173908,1.5313084134e-11,14.3604173908,-460.715000835,-479.964672685,22.4985032387,9.18113355641,-0.914635843705,5.84961084206e-09,-3.20122545297e-08
7.451e-06,80.9874015906,-259.90771654,0,0,35,3.5e-08,2.6e-10,3.6e-10,26.47809777,40.4937007953,-14.0156030253,-440.525209233,-480.157842911,20.0706569849,7.71750170097,-0.305605456296,5.21837081607e-09,-1.06961909704e-08
7.452e-06,150.600363304,-255.271027107,0,0,35,3.5e-08,2.6e-10,3.6e-10,38.0872934073,75.3001816522,-37.2128882449,-413.126082027,-475.559196911,20.0935570863,8.02153726182,0.342935899439,5.22432484244e-09,1.20027564804e-08
7.453e-06,199.061951543,-250.59402742,0,0,35,3.5e-08,2.6e-10,3.6e-10,47.5766072451,99.5309757713,-51.9543685262,-381.810287603,-466.232751362,22.5364076756,10.0694320672,0.939390872986,5.85946599566e-09,3.28786805545e-08
7.454e-06,219.565880254,-245.87745603,0,0,35,3.5e-08,2.6e-10,3.6e-10,53.6321265591,109.782940127,-56.150813568,-350.417671361,-452.900168749,27.0266544585,13.5906848878,1.39948329697,7.02693015922e-09,4.89819153941e-08
7.455e-06,209.232433585,-241.122057741,0,0,35,3.5e-08,2.6e-10,3.6e-10,55.4219568464,104.616216792,-49.1942599461,-322.796003402,-436.839489224,32.9023360513,18.1061086308,1.65809456122,8.55460737334e-09,5.80333096428e-08
7.456e-06,169.512913411,-236.328583483,0,0,35,3.5e-08,2.6e-10,3.6e-10,52.7130576502,84.7564567053,-32.0433990551,-302.260613478,-419.705721383,39.3050817589,22.9951469658,1.67840936651,1.02193212573e-08,5.87443278279e-08
7.457e-06,105.985808302,-231.497790202,0,0,35,3.5e-08,2.6e-10,3.6e-10,45.9039710733,52.9929041512,-7.08893307788,-291.128805864,-403.298489484,45.3006945386,27.5830459659,1.45708636423,1.177818058e-08,5.0998022748e-08
7.458e-06,27.5733113842,-226.630440736,0,0,35,3.5e-08,2.6e-10,3.6e-10,35.9688463555,13.7866556921,22.1821906634,-290.394444216,-389.309370384,50.0103836373,31.2356377722,1.02472748094,1.30026997457e-08,3.58654618328e-08
7.459e-06,-54.7117751762,-221.727303697,0,0,35,3.5e-08,2.6e-10,3.6e-10,24.3206220949,-27.3558875881,51.676509683,-299.588410008,-379.084405981,52.7342156741,33.4484242022,0.441580012651,1.37108960753e-08,1.54553004428e-08
7.46e-06,-129.312755504,-216.789153346,0,0,35,3.5e-08,2.6e-10,3.6e-10,12.6125817635,-64.6563777522,77.2689595157,-316.844532759,-373.435145616,53.0494458397,33.9174487798,-0.210924883047,1.37928559183e-08,-7.38237090664e-09
7.461e-06,-185.75214361,-211.816769474,0,0,35,3.5e-08,2.6e-10,3.6e-10,2.50615345225,-92.8760718052,95.3822252575,-339.16173235,-372.524756981,50.8699188919,32.5820034254,-0.84160890344,1.32261789119e-08,-2.94563116204e-08
7.462e-06,-216.10319516,-206.81093728,0,0,35,3.5e-08,2.6e-10,3.6e-10,-4.56243431808,-108.05159758,103.489163262,-362.825556324,-375.845200945,46.4581972635,29.6331717845,-1.3623522728,1.20791312885e-08,-4.76823295478e-08
7.463e-06,-216.10319516,-201.772447241,0,0,35,3.5e-08,2.6e-10,3.6e-10,-7.58386822283,-108.05159758,100.467729357,-383.929908534,-382.288676027,40.3887129306,25.4870093142,-1.70046985161,1.05010653619e-08,-5.95164448064e-08
7.464e-06,-185.75214361,-196.702094993,0,0,35,3.5e-08,2.6e-10,3.6e-10,-6.11750683637,-92.8760718052,86.7585649688,-398.925693886,-390.303298395,33.4671182602,20.7261269105,-1.80891949523,8.70145074765e-09,-6.3312182333e-08
7.465e-06,-129.312755504,-191.600681204,0,0,35,3.5e-08,2.6e-10,3.6e-10,-0.353269104185,-64.6563777522,64.303108648,-405.119323672,-398.111152595,26.617162777,16.0178824865,-1.67290892823,6.92046232201e-09,-5.85518124882e-08
7.466e-06,-54.7117751763,-186.469011447,0,0,35,3.5e-08,2.6e-10,3.6e-10,8.91503746937,-27.3558875881,36.2709250575,-401.051067908,-403.95808846,20.7509836772,12.0206702582,-1.31197321878,5.39525575606e-09,-4.59190626574e-08
7.467e-06,27.5733113842,-181.307896071,0,0,35,3.5e-08,2.6e-10,3.6e-10,20.4012029399,13.7866556921,6.6145472478,-386.700116219,-406.360180978,16.6410274088,9.29146913142,-0.777231077838,4.32666712628e-09,-2.72030877243e-08
7.468e-06,105.985808302,-176.118150077,0,0,35,3.5e-08,2.6e-10,3.6e-10,32.507257457,52.9929041512,-20.4856466942,-363.487547083,-404.312238575,14.8115905567,8.20763475114,-0.144205327959,3.85101354473e-09,-5.04718647855e-09
7.469e-06,169.512913411,-170.900592985,0,0,35,3.5e-08,2.6e-10,3.6e-10,43.5478995071,84.7564567054,-41.2085571983,-334.076788423,-397.429075467,15.4652127994,8.91391929123,0.497784114443,4.02095532785e-09,1.74224440055e-08
7.47e-06,209.232433585,-165.656048708,0,0,35,3.5e-08,2.6e-10,3.6e-10,51.9871895865,104.616216792,-52.629027206,-301.999594265,-385.999706797,18.4542598337,11.3021599017,1.05816501921,4.79810755677e-09,3.70357756722e-08
7.471e-06,219.565880254,-160.385345421,0,0,35,3.5e-08,2.6e-10,3.6e-10,56.654266384,109.782940127,-53.1286737431,-271.160067935,-370.94685504,23.3016873655,15.0264885156,1.45783350772,6.05843871502e-09,5.10241727702e-08
7.472e-06,199.061951543,-155.089315429,0,0,35,3.5e-08,2.6e-10,3.6e-10,56.9077887782,99.5309757713,-42.6231869931,-245.28639027,-353.697454871,29.2680699315,19.5519268467,1.64026402368,7.6096981822e-09,5.74092408289e-08
7.473e-06,150.600363304,-149.768795035,0,0,35,3.5e-08,2.6e-10,3.6e-10,52.7260082608,75.3001816522,-22.5741733913,-227.407255983,-335.982343728,35.4554805584,24.2295415591,1.57944824689,9.21842494519e-09,5.5280688641e-08
7.474e-06,80.9874015906,-144.424624413,0,0,35,3.5e-08,2.6e-10,3.6e-10,44.7098213863,40.4937007953,4.21612059096,-219.426551149,-319.593270938,40.9336316722,28.3876042922,1.28354795305,1.06427442348e-08,4.49241783568e-08
7.475e-06,5.15230752611e-11,-139.057647469,0,0,35,3.5e-08,2.6e-10,3.6e-10,33.9983735401,2.5760726885e-11,33.99837354,-221.856007096,-306.13135275,44.8705611479,31.4259533883,0.793748786315,1.16663458985e-08,2.7781207521e-08
7.476e-06,-80.9874015906,-133.66871171,0,0,35,3.5e-08,2.6e-10,3.6e-10,22.1090672301,-40.4937007953,62.6027680254,-233.74337866,-296.782302034,46.6495090351,32.9003045037,0.178475928552,1.21288723491e-08,6.24665749932e-09
7.477e-06,-150.600363304,-128.258668111,0,0,35,3.5e-08,2.6e-10,3.6e-10,10.724445264,-75.3001816521,86.0246269162,-252.806233981,-292.150000962,45.9555699725,32.5846689292,-0.476215942581,1.19484481929e-08,-1.66675579903e-08
7.478e-06,-199.061951543,-122.828370983,0,0,35,3.5e-08,2.6e-10,3.6e-10,1.4558804382,-99.5309757713,100.986856209,-275.752565425,-292.171790907,42.8199512225,30.5031131555,-1.0787287051,1.11331873179e-08,-3.77555046786e-08
7.479e-06,-219.565880254,-117.37867783,0,0,35,3.5e-08,2.6e-10,3.6e-10,-4.38273917613,-109.782940127,105.400200951,-298.743192818,-296.127376821,37.6156204158,26.9263991493,-1.54478540379,9.7800613081e-09,-5.40674891327e-08
7.48e-06,-209.232433585,-111.910449224,0,0,35,3.5e-08,2.6e-10,3.6e-10,-5.95954411792,-104.616216792,98.6566726745,-317.931015804,-302.740095525,31.0049542711,22.3339772044,-1.80926662461,8.06128811049e-09,-6.33243318612e-08
7.481e-06,-169.512913411,-106.424548661,0,0,35,3.5e-08,2.6e-10,3.6e-10,-3.04151935394,-84.7564567053,81.7149373514,-330.001378955,-310.356325056,23.846740873,17.3466693604,-1.83535624894,6.20015262697e-09,-6.4237468713e-08
7.482e-06,-105.985808302,-100.921842427,0,0,35,3.5e-08,2.6e-10,3.6e-10,3.97276721794,-52.9929041512,56.9656713691,-332.637656938,-317.177837568,17.0755967608,12.6394978043,-1.61971209385,4.43965515781e-09,-5.66899232849e-08
7.483e-06,-27.5733113842,-95.4031994649,0,0,35,3.5e-08,2.6e-10,3.6e-10,14.1091402046,-13.7866556921,27.8957958967,-324.846669704,-321.51446251,11.5707343431,8.84690124707,-1.19293523726,3.0083909292e-09,-4.17527333039e-08
7.484e-06,54.7117751763,-89.8694912315,0,0,35,3.5e-08,2.6e-10,3.6e-10,25.9546345108,27.3558875881,-1.4012530773,-307.098224086,-322.021574274,8.03251086199,6.47365135445,-0.61527211297,2.08845282412e-09,-2.15345239539e-08
7.485e-06,129.312755504,-84.3215915636,0,0,35,3.5e-08,2.6e-10,3.6e-10,37.8559398432,64.6563777522,-26.800437909,-281.259183607,-317.88904988,6.88409723971,5.82398075402,0.0318469963693,1.78986528232e-09,1.11464487293e-09
7.486e-06,185.75214361,-78.7603765389,0,0,35,3.5e-08,2.6e-10,3.6e-10,48.1516009846,92.8760718052,-44.7244708207,-250.33132619,-308.955158133,8.21207712384,6.95887637949,0.657244674851,2.1351400522e-09,2.30035636198e-08
7.487e-06,216.10319516,-73.1867243377,0,0,35,3.5e-08,2.6e-10,3.6e-10,55.4053620064,108.05159758,-52.6462355738,-218.029806874,-295.729384861,11.7543188179,9.6875361743,1.17280204446,3.05612289264e-09,4.10480715563e-08
7.488e-06,216.10319516,-67.6015151043,0,0,35,3.5e-08,2.6e-10,3.6e-10,58.6078819194,108.05159758,-49.4437156607,-188.26142919,-279.320988475,16.9368234464,13.5941890342,1.50583487333,4.40357409607e-09,5.27042205666e-08
7.489e-06,185.75214361,-62.0056308081,0,0,35,3.5e-08,2.6e-10,3.6e-10,57.3184914036,92.8760718052,-35.5575804017,-164.576000421,-261.283320003,22.954374138,18.0965112068,1.60930193327,5.96813727587e-09,5.63255676644e-08
7.49e-06,129.312755504,-56.3999551039,0,0,35,3.5e-08,2.6e-10,3.6e-10,51.7270813082,64.6563777522,-12.9292964439,-149.667826278,-243.395772369,28.8836592836,22.5274347355,1.46841187305,7.50975141374e-09,5.13944155569e-08
7.491e-06,54.7117751763,-50.7853731931,0,0,35,3.5e-08,2.6e-10,3.6e-10,42.627430871,27.3558875881,15.2715432828,-144.997358552,-227.413983486,33.8129820447,26.2288581953,1.10270069163,8.79137533161e-09,3.85945242069e-08
7.492e-06,-27.5733113842,-45.162771683,0,0,35,3.5e-08,2.6e-10,3.6e-10,31.3057216297,-13.7866556921,45.0923773218,-150.586134228,-214.823376364,36.9703387889,28.6440983216,0.563288036106,9.61228808512e-09,1.97150812637e-08
7.493e-06,-105.985808302,-39.5330384478,0,0,35,3.5e-08,2.6e-10,3.6e-10,19.3598949224,-52.9929041512,72.3527990736,-165.01380622,-206.630650797,37.8318782178,29.3960979743,-0.0743023306286,9.83628833664e-09,-2.600581572e-09
7.494e-06,-169.512913411,-33.8970624876,0,0,35,3.5e-08,2.6e-10,3.6e-10,8.47522367784,-84.7564567053,93.2316803832,-185.617682761,-203.222510957,36.1955084168,28.3404063588,-0.720749548945,9.41083218836e-09,-2.52262342131e-08
7.495e-06,-209.232433585,-28.2557337882,0,0,35,3.5e-08,2.6e-10,3.6e-10,0.187618778569,-104.616216792,104.803835571,-208.866750712,-204.311470195,32.2093139329,25.5854905841,-1.28548044384,8.37442162256e-09,-4.49918155343e-08
7.496e-06,-219.565880254,-22.6099431809,0,0,35,3.5e-08,2.6e-10,3.6e-10,-4.33208708596,-109.782940127,105.450853041,-230.857652331,-208.976344557,26.3507917819,21.4775258591,-1.68939019152,6.85120586329e-09,-5.9128656703e-08
7.497e-06,-199.061951543,-16.9605822015,0,0,35,3.5e-08,2.6e-10,3.6e-10,-4.4425813794,-99.5309757713,95.0883943919,-247.862957025,-215.791747814,19.3598226179,16.5518004941,-1.87595229149,5.03355388066e-09,-6.56583302021e-08
7.498e-06,-150.600363304,-11.3085429495,0,0,35,3.5e-08,2.6e-10,3.6e-10,-0.122144104943,-75.3001816521,75.1780375472,-256.85472493,-223.02840079,12.134791063,11.4575607259,-1.81915748165,3.15504567637e-09,-6.36705118577e-08
7.499e-06,-80.9874015906,-5.65471794751,0,0,35,3.5e-08,2.6e-10,3.6e-10,8.0282997839,-40.4937007953,48.5220005792,-255.929829375,-228.896122108,5.60644477896,6.86685068528,-1.52716659944,1.45767564253e-09,-5.34508309804e-08
7.5e-06,-3.36271707352e-11,-4.85071548977e-12,0,0,35,3.5e-08,2.6e-10,3.6e-10,18.8695766526,-1.68132174849e-11,18.8695766527,-244.577302929,-231.795373019,0.607208395614,3.38015065656,-1.04116435567,1.5787418286e-10,-3.64407524486e-08
